0.000000000000000000e+00 -7.342931390000000187e-06
3.008523779999999759e-01 -7.166048409999999720e-06
6.017047559999999518e-01 -6.990657629999999659e-06
9.025571340000000387e-01 -6.818898840000000081e-06
1.203409509999999960e+00 -6.652763979999999425e-06
1.504261889999999990e+00 -6.494209810000000233e-06
1.805114270000000021e+00 -6.345171999999999903e-06
2.105966640000000112e+00 -6.207494679999999619e-06
2.406819019999999920e+00 -6.082972720000000180e-06
2.707671400000000173e+00 -5.973288370000000004e-06
3.008523779999999981e+00 -5.880039439999999527e-06
3.309376159999999789e+00 -5.804718119999999329e-06
3.610228530000000102e+00 -5.748689920000000399e-06
3.911080909999999911e+00 -5.713193660000000076e-06
4.211933290000000163e+00 -5.699327389999999414e-06
4.512785670000000415e+00 -5.708069479999999860e-06
4.813638049999999780e+00 -5.740222340000000685e-06
5.114490420000000093e+00 -5.796440580000000346e-06
5.415342800000000345e+00 -5.877223950000000089e-06
5.716195179999999709e+00 -5.982903260000000317e-06
6.017047559999999962e+00 -6.113647450000000181e-06
6.317899930000000275e+00 -6.269449469999999732e-06
6.618752309999999639e+00 -6.450140400000000312e-06
6.919604689999999891e+00 -6.655382379999999875e-06
7.220457070000000144e+00 -6.884668620000000433e-06
7.521309450000000396e+00 -7.137330439999999717e-06
7.822161819999999821e+00 -7.412544309999999767e-06
8.123014200000000073e+00 -7.709296660000000199e-06
8.423866580000000326e+00 -8.026461299999999947e-06
8.724718960000000578e+00 -8.362700860000000572e-06
9.025571340000000831e+00 -8.716748369999998975e-06
9.326423710000000256e+00 -9.086844160000000074e-06
9.627276090000000508e+00 -9.471510099999999656e-06
9.928128470000000760e+00 -9.868845729999999934e-06
1.022898080000000043e+01 -1.027702100000000082e-05
1.052983320000000056e+01 -1.069399459999999949e-05
1.083068560000000069e+01 -1.111779589999999962e-05
1.113153800000000082e+01 -1.154631300000000046e-05
1.143239039999999918e+01 -1.197743449999999924e-05
1.173324269999999991e+01 -1.240883749999999976e-05
1.203409510000000004e+01 -1.283834009999999974e-05
1.233494750000000018e+01 -1.326376020000000043e-05
1.263579990000000031e+01 -1.368277510000000041e-05
1.293665219999999927e+01 -1.409327310000000049e-05
1.323750459999999940e+01 -1.449307230000000009e-05
1.353835699999999953e+01 -1.487999060000000046e-05
1.383920939999999966e+01 -1.525198690000000017e-05
1.414006179999999979e+01 -1.560701979999999965e-05
1.444091410000000053e+01 -1.594325939999999788e-05
1.474176650000000066e+01 -1.625880509999999953e-05
1.504261890000000079e+01 -1.655196770000000108e-05
1.534347129999999915e+01 -1.682126910000000119e-05
1.564432359999999989e+01 -1.706516060000000075e-05
1.594517600000000002e+01 -1.728237550000000209e-05
1.624602840000000015e+01 -1.747185779999999976e-05
1.654688080000000028e+01 -1.763262209999999966e-05
1.684773320000000041e+01 -1.776375339999999875e-05
1.714858549999999937e+01 -1.786482940000000123e-05
1.744943789999999950e+01 -1.793528689999999699e-05
1.775029029999999963e+01 -1.797498530000000031e-05
1.805114269999999976e+01 -1.798385409999999813e-05
1.835199499999999873e+01 -1.796210450000000102e-05
1.865284739999999886e+01 -1.791008829999999848e-05
1.895369979999999899e+01 -1.782843920000000017e-05
1.925455219999999912e+01 -1.771800169999999941e-05
1.955540459999999925e+01 -1.757962049999999961e-05
1.985625690000000176e+01 -1.741463300000000122e-05
2.015710929999999834e+01 -1.722444679999999930e-05
2.045796169999999847e+01 -1.701061059999999973e-05
2.075881409999999860e+01 -1.677502469999999802e-05
2.105966640000000112e+01 -1.651958959999999974e-05
2.136051880000000125e+01 -1.624648730000000031e-05
2.166137120000000138e+01 -1.595804070000000273e-05
2.196222360000000151e+01 -1.565671320000000083e-05
2.226307600000000164e+01 -1.534524990000000192e-05
2.256392830000000060e+01 -1.502639599999999802e-05
2.286478070000000073e+01 -1.470303729999999902e-05
2.316563310000000087e+01 -1.437820040000000043e-05
2.346648550000000100e+01 -1.405498250000000058e-05
2.376733779999999996e+01 -1.373662129999999882e-05
2.406819020000000009e+01 -1.342642500000000080e-05
2.436904260000000022e+01 -1.312763140000000072e-05
2.466989500000000035e+01 -1.284361910000000041e-05
2.497074740000000048e+01 -1.257790750000000084e-05
2.527159969999999944e+01 -1.233373439999999960e-05
2.557245209999999958e+01 -1.211454869999999985e-05
2.587330449999999971e+01 -1.192372909999999997e-05
2.617415689999999984e+01 -1.176458369999999888e-05
2.647500929999999997e+01 -1.164020950000000011e-05
2.677586159999999893e+01 -1.155398520000000035e-05
2.707671399999999906e+01 -1.150879660000000104e-05
2.737756639999999919e+01 -1.150774079999999888e-05
2.767841879999999932e+01 -1.155349250000000160e-05
2.797927109999999828e+01 -1.164872640000000001e-05
2.828012349999999842e+01 -1.179611710000000022e-05
2.858097589999999855e+01 -1.199777640000000135e-05
2.888182829999999868e+01 -1.225595660000000017e-05
2.918268069999999881e+01 -1.257255809999999890e-05
2.948353300000000132e+01 -1.294934070000000052e-05
2.978438540000000145e+01 -1.338764160000000050e-05
3.008523780000000158e+01 -1.388879839999999918e-05
3.038609020000000172e+01 -1.445379629999999929e-05
3.068694250000000068e+01 -1.508333919999999828e-05
3.098779490000000081e+01 -1.577784950000000205e-05
3.128864730000000094e+01 -1.653746789999999966e-05
3.158949970000000107e+01 -1.736219449999999950e-05
3.189035210000000120e+01 -1.825153649999999950e-05
3.219120439999999661e+01 -1.920486049999999830e-05
3.249205680000000029e+01 -2.022111059999999889e-05
3.279290919999999687e+01 -2.129909029999999819e-05
3.309376160000000056e+01 -2.243718059999999748e-05
3.339461390000000307e+01 -2.363355150000000086e-05
3.369546629999999965e+01 -2.488602099999999935e-05
3.399631870000000333e+01 -2.619219589999999712e-05
3.429717109999999991e+01 -2.754933110000000040e-05
3.459802349999999649e+01 -2.895440000000000183e-05
3.489887579999999900e+01 -3.040430550000000132e-05
3.519972820000000269e+01 -3.189545789999999998e-05
3.550058059999999927e+01 -3.342405629999999848e-05
3.580143300000000295e+01 -3.498622939999999963e-05
3.610228529999999836e+01 -3.657775389999999653e-05
3.640313770000000204e+01 -3.819419549999999866e-05
3.670399009999999862e+01 -3.983104939999999910e-05
3.700484250000000230e+01 -4.148345880000000148e-05
3.730569489999999888e+01 -4.314663749999999708e-05
3.760654720000000140e+01 -4.481544710000000481e-05
3.790739959999999797e+01 -4.648474949999999769e-05
3.820825200000000166e+01 -4.814919509999999423e-05
3.850910439999999824e+01 -4.980364579999999454e-05
3.880995670000000075e+01 -5.144247049999999677e-05
3.911080909999999733e+01 -5.306031980000000238e-05
3.941166150000000101e+01 -5.465177399999999964e-05
3.971251389999999759e+01 -5.621134270000000455e-05
4.001336630000000127e+01 -5.773353589999999895e-05
4.031421859999999668e+01 -5.921307439999999925e-05
4.061507100000000037e+01 -6.064460889999999838e-05
4.091592339999999695e+01 -6.202286019999999917e-05
4.121677580000000063e+01 -6.334290140000000215e-05
4.151762810000000314e+01 -6.459959409999999915e-05
4.181848049999999972e+01 -6.578822240000000137e-05
4.211933290000000341e+01 -6.690414080000000436e-05
4.242018529999999998e+01 -6.794291480000000079e-05
4.272103769999999656e+01 -6.890039160000000699e-05
4.302188999999999908e+01 -6.977255909999998936e-05
4.332274240000000276e+01 -7.055540540000000563e-05
4.362359479999999934e+01 -7.124660750000000038e-05
4.392444720000000302e+01 -7.184137910000000049e-05
4.422529949999999843e+01 -7.233831260000000074e-05
4.452615190000000212e+01 -7.273388860000000184e-05
4.482700429999999869e+01 -7.302669930000000209e-05
4.512785670000000238e+01 -7.321392909999999805e-05
4.542870909999999895e+01 -7.329487439999999036e-05
4.572956140000000147e+01 -7.326883109999999524e-05
4.603041379999999805e+01 -7.313368779999999806e-05
4.633126620000000173e+01 -7.289014809999999817e-05
4.663211859999999831e+01 -7.253750829999999121e-05
4.693297090000000082e+01 -7.207717619999999244e-05
4.723382329999999740e+01 -7.150915159999999182e-05
4.753467570000000109e+01 -7.083413860000000025e-05
4.783552809999999766e+01 -7.005495250000000611e-05
4.813638050000000135e+01 -6.917271959999999752e-05
4.843723279999999676e+01 -6.818983299999999918e-05
4.873808520000000044e+01 -6.710917860000000738e-05
4.903893759999999702e+01 -6.593371270000000274e-05
4.933979000000000070e+01 -6.466695469999999809e-05
4.964064230000000322e+01 -6.331249419999999408e-05
4.994149469999999980e+01 -6.187462479999999727e-05
5.024234710000000348e+01 -6.035771070000000177e-05
5.054319950000000006e+01 -5.876646769999999814e-05
5.084405189999999664e+01 -5.710589339999999880e-05
5.114490419999999915e+01 -5.538133709999999726e-05
5.144575660000000283e+01 -5.359835939999999926e-05
5.174660899999999941e+01 -5.176266179999999774e-05
5.204746140000000310e+01 -4.988036780000000027e-05
5.234831369999999851e+01 -4.795760119999999561e-05
5.264916610000000219e+01 -4.600069679999999674e-05
5.295001849999999877e+01 -4.401627109999999964e-05
5.325087090000000245e+01 -4.201086990000000090e-05
5.355172329999999903e+01 -3.999118019999999940e-05
5.385257560000000154e+01 -3.796409979999999465e-05
5.415342799999999812e+01 -3.593652669999999622e-05
5.445428040000000180e+01 -3.391514759999999471e-05
5.475513279999999838e+01 -3.190693099999999580e-05
5.505598510000000090e+01 -2.991870430000000114e-05
5.535683749999999748e+01 -2.795729520000000035e-05
5.565768990000000116e+01 -2.602924960000000179e-05
5.595854229999999774e+01 -2.414125419999999946e-05
5.625939470000000142e+01 -2.229964399999999943e-05
5.656024699999999683e+01 -2.051082430000000068e-05
5.686109940000000051e+01 -1.878084810000000109e-05
5.716195179999999709e+01 -1.711548749999999814e-05
5.746280420000000078e+01 -1.552051399999999985e-05
5.776365650000000329e+01 -1.400127709999999962e-05
5.806450889999999987e+01 -1.256284469999999933e-05
5.836536130000000355e+01 -1.121007339999999884e-05
5.866621370000000013e+01 -9.947468209999999717e-06
5.896706609999999671e+01 -8.779181799999999781e-06
5.926791839999999922e+01 -7.708944729999999418e-06
5.956877080000000291e+01 -6.740325630000000512e-06
5.986962319999999949e+01 -5.876266680000000222e-06
6.017047560000000317e+01 -5.119470760000000516e-06
6.047132789999999858e+01 -4.472183219999999837e-06
6.077218030000000226e+01 -3.936248190000000216e-06
6.107303269999999884e+01 -3.513073420000000016e-06
6.137388510000000252e+01 -3.203637299999999906e-06
6.167473749999999910e+01 -3.008495890000000205e-06
6.197558980000000162e+01 -2.927754749999999702e-06
6.227644219999999819e+01 -2.961083079999999939e-06
6.257729460000000188e+01 -3.107713659999999909e-06
6.287814699999999846e+01 -3.366442849999999870e-06
6.317899930000000097e+01 -3.735630649999999870e-06
6.347985169999999755e+01 -4.213221740000000254e-06
6.378070410000000123e+01 -4.796724430000000063e-06
6.408155650000000492e+01 -5.483245789999999738e-06
6.438240890000000149e+01 -6.269498739999999947e-06
6.468326120000000401e+01 -7.151830200000000148e-06
6.498411360000000059e+01 -8.126129540000000013e-06
6.528496599999999717e+01 -9.187990540000000788e-06
6.558581839999999374e+01 -1.033269720000000020e-05
6.588667069999999626e+01 -1.155518179999999997e-05
6.618752310000000705e+01 -1.284995399999999979e-05
6.648837550000000363e+01 -1.421152360000000028e-05
6.678922790000000020e+01 -1.563376690000000077e-05
6.709008029999999678e+01 -1.711070109999999968e-05
6.739093259999999930e+01 -1.863578020000000054e-05
6.769178499999999588e+01 -2.020245800000000023e-05
6.799263740000000666e+01 -2.180404790000000303e-05
6.829348980000000324e+01 -2.343365189999999936e-05
6.859434210000000576e+01 -2.508423129999999909e-05
6.889519450000000234e+01 -2.674867690000000241e-05
6.919604689999999891e+01 -2.841980929999999794e-05
6.949689929999999549e+01 -3.009051949999999931e-05
6.979775170000000628e+01 -3.175362770000000217e-05
7.009860399999999458e+01 -3.340188430000000055e-05
7.039945640000000537e+01 -3.502810969999999675e-05
7.070030880000000195e+01 -3.662540599999999978e-05
7.100116119999999853e+01 -3.818673439999999754e-05
7.130201350000000105e+01 -3.970526750000000194e-05
7.160286589999999762e+01 -4.117431830000000054e-05
7.190371829999999420e+01 -4.258741130000000318e-05
7.220457070000000499e+01 -4.393835249999999938e-05
7.250542310000000157e+01 -4.522094770000000251e-05
7.280627540000000408e+01 -4.642942520000000470e-05
7.310712780000000066e+01 -4.755829469999999984e-05
7.340798019999999724e+01 -4.860234780000000196e-05
7.370883259999999382e+01 -4.955651640000000252e-05
7.400968500000000461e+01 -5.041629579999999959e-05
7.431053729999999291e+01 -5.117746279999999806e-05
7.461138970000000370e+01 -5.183607559999999783e-05
7.491224210000000028e+01 -5.238861500000000290e-05
7.521309449999999686e+01 -5.283205420000000265e-05
7.551394679999999937e+01 -5.316357779999999691e-05
7.581479919999999595e+01 -5.338086309999999951e-05
7.611565160000000674e+01 -5.348215020000000078e-05
7.641650400000000332e+01 -5.346589080000000474e-05
7.671735639999999989e+01 -5.333102890000000258e-05
7.701820870000000241e+01 -5.307714240000000177e-05
7.731906109999999899e+01 -5.270387920000000112e-05
7.761991349999999557e+01 -5.221159119999999856e-05
7.792076590000000635e+01 -5.160105279999999784e-05
7.822161819999999466e+01 -5.087331979999999774e-05
7.852247060000000545e+01 -5.003008129999999675e-05
7.882332300000000203e+01 -4.907323800000000031e-05
7.912417539999999860e+01 -4.800518299999999923e-05
7.942502779999999518e+01 -4.682880200000000010e-05
7.972588009999999770e+01 -4.554726259999999574e-05
8.002673249999999427e+01 -4.416415450000000538e-05
8.032758490000000506e+01 -4.268334899999999912e-05
8.062843730000000164e+01 -4.110921019999999994e-05
8.092928960000000416e+01 -3.944638340000000226e-05
8.123014200000000073e+01 -3.769972549999999389e-05
8.153099439999999731e+01 -3.587451560000000085e-05
8.183184679999999389e+01 -3.397617330000000273e-05
8.213269920000000468e+01 -3.201061129999999968e-05
8.243355149999999298e+01 -2.998374209999999873e-05
8.273440390000000377e+01 -2.790175970000000017e-05
8.303525630000000035e+01 -2.577106939999999959e-05
8.333610869999999693e+01 -2.359821709999999857e-05
8.363696099999999944e+01 -2.138988970000000114e-05
8.393781339999999602e+01 -1.915291479999999867e-05
8.423866580000000681e+01 -1.689419020000000084e-05
8.453951820000000339e+01 -1.462068429999999985e-05
8.484037059999999997e+01 -1.233936539999999982e-05
8.514122290000000248e+01 -1.005720179999999979e-05
8.544207529999999906e+01 -7.781232360000000636e-06
8.574292769999999564e+01 -5.518418260000000138e-06
8.604378010000000643e+01 -3.275608199999999705e-06
8.634463239999999473e+01 -1.059622690000000131e-06
8.664548480000000552e+01 1.122858529999999999e-06
8.694633720000000210e+01 3.265289440000000124e-06
8.724718959999999868e+01 5.361285919999999560e-06
8.754804199999999526e+01 7.404660950000000454e-06
8.784889429999999777e+01 9.389368259999999897e-06
8.814974669999999435e+01 1.130974170000000124e-05
8.845059910000000514e+01 1.316007989999999994e-05
8.875145150000000172e+01 1.493531490000000023e-05
8.905230380000000423e+01 1.663037899999999841e-05
8.935315620000000081e+01 1.824062649999999862e-05
8.965400859999999739e+01 1.976162309999999849e-05
8.995486099999999396e+01 2.118942709999999956e-05
9.025571340000000475e+01 2.252037820000000180e-05
9.055656569999999306e+01 2.375095730000000065e-05
9.085741810000000385e+01 2.487841920000000072e-05
9.115827050000000042e+01 2.590001869999999985e-05
9.145912289999999700e+01 2.681364429999999872e-05
9.175997519999999952e+01 2.761739550000000195e-05
9.206082759999999610e+01 2.830986459999999927e-05
9.236168000000000688e+01 2.889006609999999833e-05
9.266253240000000346e+01 2.935722579999999862e-05
9.296338480000000004e+01 2.971127329999999890e-05
9.326423710000000256e+01 2.995220859999999914e-05
9.356508949999999913e+01 3.008066520000000235e-05
9.386594189999999571e+01 3.009762860000000088e-05
9.416679430000000650e+01 3.000429519999999616e-05
9.446764659999999481e+01 2.980242469999999801e-05
9.476849900000000559e+01 2.949412890000000046e-05
9.506935140000000217e+01 2.908173039999999821e-05
9.537020379999999875e+01 2.856811510000000111e-05
9.567105619999999533e+01 2.795638020000000071e-05
9.597190849999999784e+01 2.724997440000000029e-05
9.627276089999999442e+01 2.645255809999999815e-05
9.657361330000000521e+01 2.556821350000000053e-05
9.687446570000000179e+01 2.460137519999999945e-05
9.717531800000000430e+01 2.355647750000000235e-05
9.747617040000000088e+01 2.243844760000000005e-05
9.777702279999999746e+01 2.125228280000000008e-05
9.807787519999999404e+01 2.000326229999999959e-05
9.837872760000000483e+01 1.869687619999999803e-05
9.867957989999999313e+01 1.733875559999999724e-05
9.898043230000000392e+01 1.593453139999999920e-05
9.928128470000000050e+01 1.449018639999999872e-05
9.958213709999999708e+01 1.301163329999999932e-05
9.988298939999999959e+01 1.150499570000000003e-05
1.001838419999999985e+02 9.976397339999999137e-06
1.004846940000000046e+02 8.431891450000000648e-06
1.007855469999999940e+02 6.877756599999999723e-06
1.010863990000000001e+02 5.320088299999999592e-06
1.013872510000000062e+02 3.765031370000000032e-06
1.016881039999999956e+02 2.218653180000000026e-06
1.019889560000000017e+02 6.869422749999999764e-07
1.022898079999999936e+02 -8.241916450000000616e-07
1.025906609999999972e+02 -2.308952900000000077e-06
1.028915130000000033e+02 -3.761709099999999891e-06
1.031923660000000069e+02 -5.176941900000000308e-06
1.034932179999999988e+02 -6.549344090000000610e-06
1.037940700000000049e+02 -7.873791499999999134e-06
1.040949229999999943e+02 -9.145265520000000629e-06
1.043957750000000004e+02 -1.035923320000000085e-05
1.046966270000000065e+02 -1.151111939999999901e-05
1.049974799999999959e+02 -1.259670089999999863e-05
1.052983320000000020e+02 -1.361210640000000085e-05
1.055991850000000056e+02 -1.455367570000000046e-05
1.059000369999999975e+02 -1.541795980000000116e-05
1.062008890000000036e+02 -1.620200260000000017e-05
1.065017419999999930e+02 -1.690298859999999739e-05
1.068025939999999991e+02 -1.751852449999999873e-05
1.071034470000000027e+02 -1.804642830000000199e-05
1.074042989999999946e+02 -1.848494039999999900e-05
1.077051510000000007e+02 -1.883265309999999982e-05
1.080060040000000043e+02 -1.908851050000000068e-05
1.083068559999999962e+02 -1.925159759999999854e-05
1.086077080000000024e+02 -1.932170319999999977e-05
1.089085610000000059e+02 -1.929854589999999918e-05
1.092094129999999979e+02 -1.918254779999999947e-05
1.095102660000000014e+02 -1.897420170000000273e-05
1.098111179999999933e+02 -1.867456350000000259e-05
1.101119699999999995e+02 -1.828475929999999746e-05
1.104128230000000030e+02 -1.780647840000000264e-05
1.107136749999999950e+02 -1.724162129999999999e-05
1.110145270000000011e+02 -1.659229960000000061e-05
1.113153800000000047e+02 -1.586111750000000086e-05
1.116162319999999966e+02 -1.505089070000000075e-05
1.119170850000000002e+02 -1.416471610000000047e-05
1.122179370000000063e+02 -1.320583160000000096e-05
1.125187889999999982e+02 -1.217782679999999949e-05
1.128196420000000018e+02 -1.108471389999999911e-05
1.131204939999999937e+02 -9.930364129999999937e-06
1.134213459999999998e+02 -8.719211920000000349e-06
1.137221990000000034e+02 -7.455550879999999937e-06
1.140230509999999953e+02 -6.144160290000000134e-06
1.143239039999999989e+02 -4.789798329999999947e-06
1.146247560000000050e+02 -3.397406170000000010e-06
1.149256079999999969e+02 -1.972065780000000100e-06
1.152264610000000005e+02 -5.189660860000000371e-07
1.155273130000000066e+02 9.566251249999998494e-07
1.158281649999999985e+02 2.449368279999999923e-06
1.161290180000000021e+02 3.953866099999999803e-06
1.164298699999999940e+02 5.464677650000000410e-06
1.167307229999999976e+02 6.976376070000000466e-06
1.170315750000000037e+02 8.483485260000000493e-06
1.173324269999999956e+02 9.980690960000000245e-06
1.176332799999999992e+02 1.146248189999999993e-05
1.179341320000000053e+02 1.292364929999999992e-05
1.182349839999999972e+02 1.435891430000000049e-05
1.185358370000000008e+02 1.576313860000000186e-05
1.188366890000000069e+02 1.713132460000000177e-05
1.191375419999999963e+02 1.845861560000000044e-05
1.194383940000000024e+02 1.974015500000000142e-05
1.197392459999999943e+02 2.097150830000000076e-05
1.200400989999999979e+02 2.214817079999999993e-05
1.203409510000000040e+02 2.326598960000000006e-05
1.206418039999999934e+02 2.432102309999999756e-05
1.209426559999999995e+02 2.530947020000000000e-05
1.212435080000000056e+02 2.622774139999999818e-05
1.215443609999999950e+02 2.707266909999999930e-05
1.218452130000000011e+02 2.784122669999999938e-05
1.221460649999999930e+02 2.853059880000000163e-05
1.224469179999999966e+02 2.913839210000000182e-05
1.227477700000000027e+02 2.966235420000000323e-05
1.230486230000000063e+02 3.010072559999999933e-05
1.233494749999999982e+02 3.045181680000000205e-05
1.236503270000000043e+02 3.071443140000000316e-05
1.239511799999999937e+02 3.088758390000000354e-05
1.242520319999999998e+02 3.097064070000000194e-05
1.245528840000000059e+02 3.096332050000000159e-05
1.248537369999999953e+02 3.086562309999999924e-05
1.251545890000000014e+02 3.067790050000000459e-05
1.254554420000000050e+02 3.040071580000000242e-05
1.257562939999999969e+02 3.003512470000000342e-05
1.260571460000000030e+02 2.958239439999999989e-05
1.263579990000000066e+02 2.904407319999999796e-05
1.266588509999999985e+02 2.842213209999999929e-05
1.269597030000000046e+02 2.771875299999999770e-05
1.272605559999999940e+02 2.693639950000000044e-05
1.275614080000000001e+02 2.607788709999999917e-05
1.278622610000000037e+02 2.514624240000000124e-05
1.281631130000000098e+02 2.414477359999999873e-05
1.284639650000000017e+02 2.307714080000000198e-05
1.287648179999999911e+02 2.194707469999999876e-05
1.290656700000000114e+02 2.075865749999999870e-05
1.293665220000000033e+02 1.951618299999999807e-05
1.296673749999999927e+02 1.822401520000000127e-05
1.299682270000000130e+02 1.688694030000000013e-05
1.302690800000000024e+02 1.550974469999999986e-05
1.305699319999999943e+02 1.409735559999999978e-05
1.308707839999999862e+02 1.265491109999999977e-05
1.311716370000000040e+02 1.118761990000000087e-05
1.314724889999999959e+02 9.700831530000001023e-06
1.317733409999999878e+02 8.199965699999999932e-06
1.320741940000000056e+02 6.690449269999999719e-06
1.323750459999999975e+02 5.177863970000000390e-06
1.326758989999999869e+02 3.667728140000000063e-06
1.329767510000000073e+02 2.165581250000000028e-06
1.332776029999999992e+02 6.769465920000000619e-07
1.335784559999999885e+02 -7.926722660000000309e-07
1.338793080000000089e+02 -2.237847769999999843e-06
1.341801609999999982e+02 -3.653214300000000226e-06
1.344810129999999901e+02 -5.033499860000000089e-06
1.347818650000000105e+02 -6.373566189999999807e-06
1.350827179999999998e+02 -7.668401709999999775e-06
1.353835699999999918e+02 -8.913128599999998978e-06
1.356844220000000121e+02 -1.010302390000000039e-05
1.359852750000000015e+02 -1.123358279999999892e-05
1.362861269999999934e+02 -1.230058199999999952e-05
1.365869800000000112e+02 -1.329986879999999982e-05
1.368878320000000031e+02 -1.422764220000000056e-05
1.371886839999999950e+02 -1.508031249999999945e-05
1.374895370000000128e+02 -1.585457150000000101e-05
1.377903890000000047e+02 -1.654732210000000177e-05
1.380912409999999966e+02 -1.715588970000000069e-05
1.383920939999999860e+02 -1.767781059999999903e-05
1.386929460000000063e+02 -1.811097329999999749e-05
1.389937989999999957e+02 -1.845354780000000019e-05
1.392946509999999876e+02 -1.870412609999999874e-05
1.395955030000000079e+02 -1.886151190000000014e-05
1.398963559999999973e+02 -1.892500110000000025e-05
1.401972079999999892e+02 -1.889410110000000026e-05
1.404980600000000095e+02 -1.876888230000000143e-05
1.407989129999999989e+02 -1.854948549999999952e-05
1.410997649999999908e+02 -1.823661450000000053e-05
1.414006180000000086e+02 -1.783125469999999858e-05
1.417014700000000005e+02 -1.733481390000000217e-05
1.420023219999999924e+02 -1.674898139999999951e-05
1.423031750000000102e+02 -1.607579840000000044e-05
1.426040270000000021e+02 -1.531772849999999867e-05
1.429048789999999940e+02 -1.447751669999999989e-05
1.432057320000000118e+02 -1.355818980000000117e-05
1.435065840000000037e+02 -1.256319659999999894e-05
1.438074369999999931e+02 -1.149619729999999840e-05
1.441082890000000134e+02 -1.036127440000000053e-05
1.444091410000000053e+02 -9.162580769999999650e-06
1.447099939999999947e+02 -7.904691479999999477e-06
1.450108459999999866e+02 -6.592526630000000235e-06
1.453116990000000044e+02 -5.231027400000000690e-06
1.456125509999999963e+02 -3.825486920000000036e-06
1.459134029999999882e+02 -2.381360189999999985e-06
1.462142560000000060e+02 -9.042992950000000543e-07
1.465151079999999979e+02 5.998895230000000766e-07
1.468159599999999898e+02 2.125263470000000054e-06
1.471168130000000076e+02 3.665750260000000108e-06
1.474176649999999995e+02 5.215197329999999903e-06
1.477185179999999889e+02 6.767354299999999603e-06
1.480193700000000092e+02 8.315963770000000163e-06
1.483202220000000011e+02 9.854627520000000361e-06
1.486210749999999905e+02 1.137717259999999981e-05
1.489219270000000108e+02 1.287719380000000136e-05
1.492227790000000027e+02 1.434842659999999879e-05
1.495236319999999921e+02 1.578474739999999983e-05
1.498244840000000124e+02 1.718010290000000168e-05
1.501253370000000018e+02 1.852843969999999824e-05
1.504261889999999937e+02 1.982391579999999892e-05
1.507270410000000140e+02 2.106097049999999975e-05
1.510278940000000034e+02 2.223404319999999838e-05
1.513287459999999953e+02 2.333792530000000219e-05
1.516295979999999872e+02 2.436754899999999738e-05
1.519304510000000050e+02 2.531812790000000243e-05
1.522313029999999969e+02 2.618515720000000021e-05
1.525321559999999863e+02 2.696448400000000202e-05
1.528330080000000066e+02 2.765209639999999786e-05
1.531338599999999985e+02 2.824447490000000038e-05
1.534347129999999879e+02 2.873845209999999968e-05
1.537355650000000082e+02 2.913107179999999984e-05
1.540364170000000001e+02 2.941987040000000036e-05
1.543372699999999895e+02 2.960266590000000243e-05
1.546381220000000098e+02 2.967783940000000216e-05
1.549389749999999992e+02 2.964405360000000074e-05
1.552398269999999911e+02 2.950039330000000203e-05
1.555406790000000115e+02 2.924636599999999869e-05
1.558415320000000008e+02 2.888190119999999798e-05
1.561423839999999927e+02 2.840742119999999909e-05
1.564432360000000131e+02 2.782370030000000076e-05
1.567440890000000024e+02 2.713200550000000218e-05
1.570449409999999943e+02 2.633388530000000256e-05
1.573457940000000121e+02 2.543152159999999910e-05
1.576466460000000041e+02 2.442744849999999859e-05
1.579474979999999960e+02 2.332441099999999992e-05
1.582483510000000138e+02 2.212585809999999771e-05
1.585492030000000057e+02 2.083537950000000105e-05
1.588500559999999950e+02 1.945719860000000152e-05
1.591509079999999869e+02 1.799560879999999901e-05
1.594517600000000073e+02 1.645546690000000004e-05
1.597526129999999966e+02 1.484184079999999970e-05
1.600534649999999885e+02 1.316029100000000041e-05
1.603543170000000089e+02 1.141644870000000056e-05
1.606551699999999983e+02 9.616366920000001079e-06
1.609560219999999902e+02 7.766310279999999677e-06
1.612568750000000080e+02 5.872754360000000373e-06
1.615577269999999999e+02 3.942385949999999794e-06
1.618585789999999918e+02 1.982095949999999967e-06
1.621594320000000096e+02 -1.099863040000000064e-09
1.624602840000000015e+02 -2.000044679999999779e-06
1.627611359999999934e+02 -4.007487049999999570e-06
1.630619890000000112e+02 -6.016118969999999871e-06
1.633628410000000031e+02 -8.018577929999999115e-06
1.636636939999999925e+02 -1.000750850000000024e-05
1.639645460000000128e+02 -1.197546360000000089e-05
1.642653980000000047e+02 -1.391533429999999990e-05
1.645662509999999941e+02 -1.581972990000000081e-05
1.648671029999999860e+02 -1.768154119999999871e-05
1.651679550000000063e+02 -1.949387029999999924e-05
1.654688079999999957e+02 -2.124988960000000085e-05
1.657696599999999876e+02 -2.294291249999999766e-05
1.660705130000000054e+02 -2.456653360000000263e-05
1.663713649999999973e+02 -2.611469959999999943e-05
1.666722169999999892e+02 -2.758142760000000006e-05
1.669730700000000070e+02 -2.896122749999999833e-05
1.672739219999999989e+02 -3.024874979999999744e-05
1.675747739999999908e+02 -3.143906739999999803e-05
1.678756270000000086e+02 -3.252781629999999569e-05
1.681764790000000005e+02 -3.351063249999999615e-05
1.684773319999999899e+02 -3.438385589999999587e-05
1.687781840000000102e+02 -3.514410779999999984e-05
1.690790360000000021e+02 -3.578857280000000113e-05
1.693798889999999915e+02 -3.631471699999999961e-05
1.696807410000000118e+02 -3.672063989999999989e-05
1.699815930000000037e+02 -3.700479290000000448e-05
1.702824459999999931e+02 -3.716612029999999932e-05
1.705832980000000134e+02 -3.720412939999999749e-05
1.708841510000000028e+02 -3.711874980000000112e-05
1.711850029999999947e+02 -3.691040370000000099e-05
1.714858549999999866e+02 -3.658000630000000339e-05
1.717867080000000044e+02 -3.612896519999999999e-05
1.720875599999999963e+02 -3.555918100000000475e-05
1.723884130000000141e+02 -3.487311719999999961e-05
1.726892650000000060e+02 -3.407344840000000252e-05
1.729901169999999979e+02 -3.316355330000000169e-05
1.732909699999999873e+02 -3.214709209999999895e-05
1.735918220000000076e+02 -3.102835819999999754e-05
1.738926739999999995e+02 -2.981178619999999628e-05
1.741935269999999889e+02 -2.850244389999999879e-05
1.744943790000000092e+02 -2.710561030000000236e-05
1.747952319999999986e+02 -2.562691640000000043e-05
1.750960839999999905e+02 -2.407241559999999741e-05
1.753969360000000108e+02 -2.244844249999999967e-05
1.756977890000000002e+02 -2.076147300000000050e-05
1.759986409999999921e+02 -1.901847530000000072e-05
1.762994930000000124e+02 -1.722627690000000020e-05
1.766003460000000018e+02 -1.539226850000000220e-05
1.769011979999999937e+02 -1.352370009999999889e-05
1.772020510000000115e+02 -1.162810289999999961e-05
1.775029030000000034e+02 -9.713008519999999574e-06
1.778037549999999953e+02 -7.786089080000000072e-06
1.781046080000000131e+02 -5.854946410000000055e-06
1.784054600000000050e+02 -3.927175280000000393e-06
1.787063119999999969e+02 -2.010356400000000080e-06
1.790071649999999863e+02 -1.119648869999999974e-07
1.793080170000000066e+02 1.760643799999999989e-06
1.796088699999999960e+02 3.600262019999999942e-06
1.799097219999999879e+02 5.399886249999999633e-06
1.802105740000000083e+02 7.152745230000000103e-06
1.805114269999999976e+02 8.852243690000000437e-06
1.808122789999999895e+02 1.049219459999999915e-05
1.811131310000000099e+02 1.206661500000000000e-05
1.814139839999999992e+02 1.357001480000000000e-05
1.817148359999999911e+02 1.499704450000000064e-05
1.820156890000000089e+02 1.634298819999999960e-05
1.823165410000000008e+02 1.760341140000000143e-05
1.826173929999999928e+02 1.877437250000000250e-05
1.829182460000000106e+02 1.985242259999999968e-05
1.832190980000000025e+02 2.083453489999999929e-05
1.835199499999999944e+02 2.171831630000000033e-05
1.838208030000000122e+02 2.250165530000000012e-05
1.841216550000000041e+02 2.318328469999999958e-05
1.844225079999999934e+02 2.376221930000000108e-05
1.847233600000000138e+02 2.423810700000000005e-05
1.850242120000000057e+02 2.461137020000000070e-05
1.853250649999999951e+02 2.488264239999999922e-05
1.856259169999999870e+02 2.505333129999999910e-05
1.859267700000000048e+02 2.512540780000000037e-05
1.862276219999999967e+02 2.510133539999999852e-05
1.865284739999999886e+02 2.498421109999999877e-05
1.868293270000000064e+02 2.477769509999999954e-05
1.871301789999999983e+02 2.448586990000000183e-05
1.874310309999999902e+02 2.411345129999999955e-05
1.877318840000000080e+02 2.366571840000000179e-05
1.880327359999999999e+02 2.314837270000000150e-05
1.883335889999999893e+02 2.256753769999999946e-05
1.886344410000000096e+02 2.192997059999999933e-05
1.889352930000000015e+02 2.124271009999999802e-05
1.892361459999999909e+02 2.051328779999999954e-05
1.895369980000000112e+02 1.974972770000000009e-05
1.898378500000000031e+02 1.896019470000000001e-05
1.901387029999999925e+02 1.815341680000000135e-05
1.904395550000000128e+02 1.733826290000000018e-05
1.907404080000000022e+02 1.652402400000000204e-05
1.910412599999999941e+02 1.572013199999999967e-05
1.913421119999999860e+02 1.493630039999999937e-05
1.916429650000000038e+02 1.418231290000000035e-05
1.919438169999999957e+02 1.346830529999999961e-05
1.922446689999999876e+02 1.280434309999999960e-05
1.925455220000000054e+02 1.220070260000000004e-05
1.928463739999999973e+02 1.166766050000000040e-05
1.931472269999999867e+02 1.121542290000000071e-05
1.934480790000000070e+02 1.085426629999999887e-05
1.937489309999999989e+02 1.059453759999999913e-05
1.940497839999999883e+02 1.044623180000000104e-05
1.943506360000000086e+02 1.041941430000000034e-05
1.946514880000000005e+02 1.052400960000000047e-05
1.949523409999999899e+02 1.076973130000000087e-05
1.952531930000000102e+02 1.116601110000000121e-05
1.955540459999999996e+02 1.172228099999999925e-05
1.958548979999999915e+02 1.244740969999999965e-05
1.961557500000000118e+02 1.335026599999999853e-05
1.964566030000000012e+02 1.443929649999999956e-05
1.967574549999999931e+02 1.572266589999999980e-05
1.970583070000000134e+02 1.720818739999999987e-05
1.973591600000000028e+02 1.890346259999999852e-05
1.976600119999999947e+02 2.081545999999999806e-05
1.979608650000000125e+02 2.295114779999999927e-05
1.982617170000000044e+02 2.531679049999999858e-05
1.985625689999999963e+02 2.791851180000000005e-05
1.988634220000000141e+02 3.076201309999999499e-05
1.991642740000000060e+02 3.385250309999999460e-05
1.994651269999999954e+02 3.719497909999999963e-05
1.997659789999999873e+02 4.079401639999999960e-05
2.000668310000000076e+02 4.465383820000000316e-05
2.003676839999999970e+02 4.877831569999999573e-05
2.006685359999999889e+02 5.317103889999999803e-05
2.009693880000000092e+02 5.783524539999999425e-05
2.012702409999999986e+02 6.277403220000000994e-05
2.015710929999999905e+02 6.799000380000000572e-05
2.018719460000000083e+02 7.348562370000000417e-05
2.021727980000000002e+02 7.926370729999999867e-05
2.024736499999999921e+02 8.532545119999999732e-05
2.027745030000000099e+02 9.167367100000000356e-05
2.030753550000000018e+02 9.831047819999999635e-05
2.033762069999999937e+02 1.052365770000000052e-04
2.036770600000000115e+02 1.124547819999999968e-04
2.039779120000000034e+02 1.199665019999999961e-04
2.042787649999999928e+02 1.277745520000000035e-04
2.045796170000000131e+02 1.358796359999999977e-04
2.048804690000000051e+02 1.442852730000000121e-04
2.051813219999999944e+02 1.529935739999999870e-04
2.054821739999999863e+02 1.620066529999999864e-04
2.057830260000000067e+02 1.713280269999999973e-04
2.060838789999999960e+02 1.809612169999999911e-04
2.063847309999999879e+02 1.909097410000000050e-04
2.066855840000000057e+02 2.011785260000000029e-04
2.069864359999999976e+02 2.117725009999999949e-04
2.072872879999999896e+02 2.226965910000000071e-04
2.075881410000000074e+02 2.339571320000000110e-04
2.078889929999999993e+02 2.455611630000000423e-04
2.081898449999999912e+02 2.575164249999999880e-04
2.084906980000000090e+02 2.698306619999999941e-04
2.087915500000000009e+02 2.825144319999999942e-04
2.090924029999999902e+02 2.955775889999999700e-04
2.093932550000000106e+02 3.090306909999999637e-04
2.096941070000000025e+02 3.228864069999999847e-04
2.099949599999999919e+02 3.371588150000000500e-04
2.102958120000000122e+02 3.518612900000000045e-04
2.105966640000000041e+02 3.670107219999999590e-04
2.108975169999999935e+02 3.826225990000000428e-04
2.111983690000000138e+02 3.987166280000000070e-04
2.114992220000000032e+02 4.153118129999999720e-04
2.118000739999999951e+02 4.324292710000000178e-04
2.121009259999999870e+02 4.500901190000000077e-04
2.124017790000000048e+02 4.683196940000000186e-04
2.127026309999999967e+02 4.871426340000000474e-04
2.130034839999999861e+02 5.065849810000000106e-04
2.133043360000000064e+02 5.266762980000000123e-04
2.136051879999999983e+02 5.474454429999999925e-04
2.139060409999999877e+02 5.689240910000000189e-04
2.142068930000000080e+02 5.911453230000000706e-04
2.145077449999999999e+02 6.141443349999999154e-04
2.148085979999999893e+02 6.379570210000000017e-04
2.151094500000000096e+02 6.626213930000000125e-04
2.154103029999999990e+02 6.881775699999999937e-04
2.157111549999999909e+02 7.146691930000000125e-04
2.160120070000000112e+02 7.421342709999999808e-04
2.163128600000000006e+02 7.706199630000000033e-04
2.166137119999999925e+02 8.001755399999999855e-04
2.169145640000000128e+02 8.308502729999999413e-04
2.172154170000000022e+02 8.626863940000000387e-04
2.175162689999999941e+02 8.957472530000000878e-04
2.178171220000000119e+02 9.300750800000000479e-04
2.181179740000000038e+02 9.657332259999999420e-04
2.184188259999999957e+02 1.002777999999999959e-03
2.187196790000000135e+02 1.041272750000000026e-03
2.190205310000000054e+02 1.081266740000000077e-03
2.193213829999999973e+02 1.122837410000000107e-03
2.196222359999999867e+02 1.166034020000000174e-03
2.199230880000000070e+02 1.210934010000000059e-03
2.202239409999999964e+02 1.257607750000000035e-03
2.205247929999999883e+02 1.306118590000000020e-03
2.208256450000000086e+02 1.356536929999999953e-03
2.211264979999999980e+02 1.408940179999999950e-03
2.214273499999999899e+02 1.463412820000000066e-03
2.217282020000000102e+02 1.520018190000000042e-03
2.220290549999999996e+02 1.578840759999999973e-03
2.223299069999999915e+02 1.639964980000000036e-03
2.226307600000000093e+02 1.703468299999999968e-03
2.229316120000000012e+02 1.769442199999999828e-03
2.232324639999999931e+02 1.837978199999999946e-03
2.235333170000000109e+02 1.909153720000000181e-03
2.238341690000000028e+02 1.983067289999999958e-03
2.241350209999999947e+02 2.059803399999999944e-03
2.244358740000000125e+02 2.139474650000000155e-03
2.247367260000000044e+02 2.222165500000000075e-03
2.250375789999999938e+02 2.307981550000000152e-03
2.253384310000000141e+02 2.397014299999999931e-03
2.256392830000000060e+02 2.489383400000000097e-03
2.259401359999999954e+02 2.585187390000000252e-03
2.262409879999999873e+02 2.684538890000000115e-03
2.265418410000000051e+02 2.787543490000000176e-03
2.268426929999999970e+02 2.894320840000000252e-03
2.271435449999999889e+02 3.004990599999999689e-03
2.274443980000000067e+02 3.119658360000000276e-03
2.277452499999999986e+02 3.238457839999999820e-03
2.280461019999999905e+02 3.361515750000000288e-03
2.283469550000000083e+02 3.488951739999999763e-03
2.286478070000000002e+02 3.620906579999999975e-03
2.289486599999999896e+02 3.757506979999999854e-03
2.292495120000000099e+02 3.898886670000000203e-03
2.295503640000000019e+02 4.045193469999999736e-03
2.298512169999999912e+02 4.196575170000000320e-03
2.301520690000000116e+02 4.353172570000000095e-03
2.304529210000000035e+02 4.515140509999999649e-03
2.307537739999999928e+02 4.682633849999999487e-03
2.310546260000000132e+02 4.855807430000000195e-03
2.313554790000000025e+02 5.034830179999999836e-03
2.316563309999999944e+02 5.219863999999999407e-03
2.319571829999999864e+02 5.411091889999999731e-03
2.322580360000000042e+02 5.608675740000000111e-03
2.325588879999999961e+02 5.812805599999999219e-03
2.328597399999999880e+02 6.023671519999999197e-03
2.331605930000000058e+02 6.241456490000000037e-03
2.334614449999999977e+02 6.466350569999999506e-03
2.337622979999999870e+02 6.698571950000000060e-03
2.340631500000000074e+02 6.938310689999999462e-03
2.343640019999999993e+02 7.185756819999999934e-03
2.346648549999999886e+02 7.441191899999999651e-03
2.349657070000000090e+02 7.704862269999999611e-03
2.352665590000000009e+02 7.976838339999998626e-03
2.355674119999999903e+02 8.257542409999998889e-03
2.358682640000000106e+02 8.547044880000000122e-03
2.361691170000000000e+02 8.845768070000000968e-03
2.364699689999999919e+02 9.153782370000000321e-03
2.367708210000000122e+02 9.471510100000000293e-03
2.370716740000000016e+02 9.799162429999999299e-03
2.373725259999999935e+02 1.013702089999999993e-02
2.376733780000000138e+02 1.048529670000000052e-02
2.379742310000000032e+02 1.084441199999999945e-02
2.382750829999999951e+02 1.121450779999999883e-02
2.385759360000000129e+02 1.159607669999999924e-02
2.388767880000000048e+02 1.198925950000000011e-02
2.391776399999999967e+02 1.239447849999999844e-02
2.394784929999999861e+02 1.281208570000000151e-02
2.397793450000000064e+02 1.324229210000000059e-02
2.400801979999999958e+02 1.368559060000000029e-02
2.403810499999999877e+02 1.414219219999999881e-02
2.406819020000000080e+02 1.461258970000000115e-02
2.409827549999999974e+02 1.509713510000000071e-02
2.412836069999999893e+02 1.559618020000000035e-02
2.415844590000000096e+02 1.611007700000000042e-02
2.418853119999999990e+02 1.663924779999999964e-02
2.421861639999999909e+02 1.718418539999999953e-02
2.424870170000000087e+02 1.774517119999999976e-02
2.427878690000000006e+02 1.832276839999999810e-02
2.430887209999999925e+02 1.891732889999999875e-02
2.433895740000000103e+02 1.952934539999999844e-02
2.436904260000000022e+02 2.015924029999999895e-02
2.439912779999999941e+02 2.080750619999999912e-02
2.442921310000000119e+02 2.147463590000000047e-02
2.445929830000000038e+02 2.216112209999999971e-02
2.448938359999999932e+02 2.286738699999999944e-02
2.451946880000000135e+02 2.359406430000000193e-02
2.454955400000000054e+02 2.434157610000000152e-02
2.457963929999999948e+02 2.511048570000000077e-02
2.460972449999999867e+02 2.590128569999999852e-02
2.463980970000000070e+02 2.671467989999999973e-02
2.466989499999999964e+02 2.755109080000000057e-02
2.469998019999999883e+02 2.841108129999999829e-02
2.473006550000000061e+02 2.929535549999999836e-02
2.476015069999999980e+02 3.020440589999999828e-02
2.479023589999999899e+02 3.113893649999999874e-02
2.482032120000000077e+02 3.209943999999999992e-02
2.485040639999999996e+02 3.308669050000000167e-02
2.488049159999999915e+02 3.410125139999999749e-02
2.491057690000000093e+02 3.514375590000000382e-02
2.494066210000000012e+02 3.621490799999999705e-02
2.497074739999999906e+02 3.731541149999999946e-02
2.500083260000000109e+02 3.844589999999999813e-02
2.503091780000000028e+02 3.960707730000000149e-02
2.506100309999999922e+02 4.079971770000000164e-02
2.509108830000000125e+02 4.202452500000000007e-02
2.512117360000000019e+02 4.328220320000000093e-02
2.515125879999999938e+02 4.457352640000000060e-02
2.518134400000000142e+02 4.589919850000000190e-02
2.521142930000000035e+02 4.726013469999999772e-02
2.524151449999999954e+02 4.865696819999999756e-02
2.527159969999999873e+02 5.009054389999999940e-02
2.530168500000000051e+02 5.156170640000000416e-02
2.533177019999999970e+02 5.307130019999999754e-02
2.536185549999999864e+02 5.462009970000000075e-02
2.539194070000000067e+02 5.620894960000000218e-02
2.542202589999999987e+02 5.783876470000000325e-02
2.545211119999999880e+02 5.951031949999999876e-02
2.548219640000000084e+02 6.122466959999999653e-02
2.551228160000000003e+02 6.298258939999999695e-02
2.554236689999999896e+02 6.478499399999999853e-02
2.557245210000000100e+02 6.663279819999999576e-02
2.560253739999999993e+02 6.852698760000000555e-02
2.563262260000000197e+02 7.046882910000000499e-02
2.566270779999999831e+02 7.245797080000000723e-02
2.569279310000000009e+02 7.449708739999999496e-02
2.572287830000000213e+02 7.658688280000000570e-02
2.575296349999999848e+02 7.872735699999999781e-02
2.578304880000000026e+02 8.091991760000000200e-02
2.581313400000000229e+02 8.316597250000000441e-02
2.584321929999999838e+02 8.546622560000000091e-02
2.587330450000000042e+02 8.782208450000000832e-02
2.590338970000000245e+02 9.023425309999999477e-02
2.593347499999999854e+02 9.270413930000000191e-02
2.596356020000000058e+02 9.523244680000000906e-02
2.599364540000000261e+02 9.781987949999999821e-02
2.602373069999999871e+02 1.004685490000000042e-01
2.605381590000000074e+02 1.031798629999999967e-01
2.608390120000000252e+02 1.059531179999999989e-01
2.611398639999999887e+02 1.087911290000000003e-01
2.614407160000000090e+02 1.116946000000000050e-01
2.617415690000000268e+02 1.146649390000000074e-01
2.620424209999999903e+02 1.177021460000000075e-01
2.623432730000000106e+02 1.208090359999999946e-01
2.626441260000000284e+02 1.239863140000000002e-01
2.629449779999999919e+02 1.272339779999999976e-01
2.632458310000000097e+02 1.305548450000000027e-01
2.635466829999999732e+02 1.339496190000000198e-01
2.638475349999999935e+02 1.374197070000000021e-01
2.641483880000000113e+02 1.409658129999999954e-01
2.644492399999999748e+02 1.445900489999999983e-01
2.647500929999999926e+02 1.482931190000000010e-01
2.650509450000000129e+02 1.520757259999999944e-01
2.653517969999999764e+02 1.559406859999999950e-01
2.656526499999999942e+02 1.598879989999999751e-01
2.659535020000000145e+02 1.639197759999999893e-01
2.662543539999999780e+02 1.680374260000000175e-01
2.665552069999999958e+02 1.722416529999999946e-01
2.668560590000000161e+02 1.765338630000000131e-01
2.671569119999999771e+02 1.809161689999999878e-01
2.674577639999999974e+02 1.853892740000000205e-01
2.677586160000000177e+02 1.899545870000000081e-01
2.680594689999999787e+02 1.946142179999999777e-01
2.683603209999999990e+02 1.993681680000000123e-01
2.686611730000000193e+02 2.042192519999999900e-01
2.689620259999999803e+02 2.091674709999999937e-01
2.692628780000000006e+02 2.142156400000000127e-01
2.695637310000000184e+02 2.193644619999999823e-01
2.698645829999999819e+02 2.246153459999999935e-01
2.701654350000000022e+02 2.299704019999999904e-01
2.704662880000000200e+02 2.354296319999999998e-01
2.707671399999999835e+02 2.409958500000000114e-01
2.710679920000000038e+02 2.466690570000000249e-01
2.713688450000000216e+02 2.524520680000000294e-01
2.716696969999999851e+02 2.583462899999999784e-01
2.719705500000000029e+02 2.643517240000000101e-01
2.722714020000000232e+02 2.704711860000000301e-01
2.725722539999999867e+02 2.767060819999999643e-01
2.728731070000000045e+02 2.830564130000000067e-01
2.731739590000000248e+02 2.895249950000000072e-01
2.734748109999999883e+02 2.961132350000000302e-01
2.737756640000000061e+02 3.028218369999999826e-01
2.740765160000000265e+02 3.096522089999999561e-01
2.743773689999999874e+02 3.166057590000000421e-01
2.746782210000000077e+02 3.236853009999999808e-01
2.749790730000000281e+02 3.308901329999999752e-01
2.752799259999999890e+02 3.382230700000000145e-01
2.755807780000000093e+02 3.456848150000000341e-01
2.758816299999999728e+02 3.532767760000000146e-01
2.761824829999999906e+02 3.610003609999999918e-01
2.764833350000000110e+02 3.688576819999999645e-01
2.767841879999999719e+02 3.768487380000000164e-01
2.770850399999999922e+02 3.849756420000000068e-01
2.773858920000000126e+02 3.932398009999999999e-01
2.776867449999999735e+02 4.016419190000000139e-01
2.779875969999999938e+02 4.101841070000000200e-01
2.782884500000000116e+02 4.188663659999999900e-01
2.785893019999999751e+02 4.276908060000000344e-01
2.788901539999999954e+02 4.366588370000000219e-01
2.791910070000000132e+02 4.457711609999999713e-01
2.794918589999999767e+02 4.550291870000000016e-01
2.797927109999999971e+02 4.644343220000000105e-01
2.800935640000000149e+02 4.739865659999999981e-01
2.803944159999999783e+02 4.836880310000000183e-01
2.806952689999999961e+02 4.935401250000000517e-01
2.809961210000000165e+02 5.035428470000000711e-01
2.812969729999999799e+02 5.136976049999999461e-01
2.815978259999999977e+02 5.240058080000000729e-01
2.818986780000000181e+02 5.344674549999999247e-01
2.821995299999999816e+02 5.450846569999999724e-01
2.825003829999999994e+02 5.558581189999999284e-01
2.828012350000000197e+02 5.667878400000000427e-01
2.831020879999999806e+02 5.778752280000000185e-01
2.834029400000000010e+02 5.891216919999999746e-01
2.837037920000000213e+02 6.005265270000000877e-01
2.840046449999999822e+02 6.120918440000000516e-01
2.843054970000000026e+02 6.238176449999999207e-01
2.846063490000000229e+02 6.357046320000000472e-01
2.849072019999999839e+02 6.477535089999999496e-01
2.852080540000000042e+02 6.599642769999999325e-01
2.855089070000000220e+02 6.723390470000000230e-01
2.858097589999999855e+02 6.848764120000000455e-01
2.861106110000000058e+02 6.975777780000000927e-01
2.864114640000000236e+02 7.104459630000000692e-01
2.867123159999999871e+02 7.234746300000000074e-01
2.870131680000000074e+02 7.366722260000000411e-01
2.873140210000000252e+02 7.500317130000000443e-01
2.876148729999999887e+02 7.635530900000000454e-01
2.879157260000000065e+02 7.772433960000000308e-01
2.882165780000000268e+02 7.911026319999999723e-01
2.885174299999999903e+02 8.051237580000000227e-01
2.888182830000000081e+02 8.193138140000000291e-01
2.891191350000000284e+02 8.336657600000000334e-01
2.894199869999999919e+02 8.481795960000000356e-01
2.897208400000000097e+02 8.628623619999999939e-01
2.900216919999999732e+02 8.777140570000000475e-01
2.903225449999999910e+02 8.927206040000000842e-01
2.906233970000000113e+02 9.079031189999999807e-01
2.909242489999999748e+02 9.232404849999999996e-01
2.912251019999999926e+02 9.387397419999999881e-01
2.915259540000000129e+02 9.544079279999999610e-01
2.918268069999999739e+02 9.702309669999999997e-01
2.921276589999999942e+02 9.862229340000000510e-01
2.924285110000000145e+02 1.002369749999999948e+00
2.927293639999999755e+02 1.018678460000000063e+00
2.930302159999999958e+02 1.035142020000000107e+00
2.933310680000000161e+02 1.051767479999999866e+00
2.936319209999999771e+02 1.068540739999999989e+00
2.939327729999999974e+02 1.085475899999999827e+00
2.942336260000000152e+02 1.102565900000000099e+00
2.945344779999999787e+02 1.119810760000000016e+00
2.948353299999999990e+02 1.137196399999999885e+00
2.951361830000000168e+02 1.154743920000000035e+00
2.954370349999999803e+02 1.172432219999999914e+00
2.957378870000000006e+02 1.190268329999999875e+00
2.960387400000000184e+02 1.208245220000000009e+00
2.963395919999999819e+02 1.226369910000000063e+00
2.966404449999999997e+02 1.244635390000000008e+00
2.969412970000000200e+02 1.263041639999999965e+00
2.972421489999999835e+02 1.281581620000000088e+00
2.975430020000000013e+02 1.300255340000000093e+00
2.978438540000000216e+02 1.319069829999999888e+00
2.981447059999999851e+02 1.338003979999999871e+00
2.984455590000000029e+02 1.357071869999999958e+00
2.987464110000000233e+02 1.376266450000000141e+00
2.990472639999999842e+02 1.395580700000000007e+00
2.993481160000000045e+02 1.415021629999999808e+00
2.996489680000000249e+02 1.434575190000000111e+00
2.999498209999999858e+02 1.454241370000000089e+00
3.002506730000000061e+02 1.474020169999999963e+00
3.005515250000000265e+02 1.493911589999999956e+00
3.008523779999999874e+02 1.513908580000000059e+00
3.011532300000000077e+02 1.534004120000000082e+00
3.014540830000000255e+02 1.554198210000000024e+00
3.017549349999999890e+02 1.574490830000000008e+00
3.020557870000000094e+02 1.594874960000000064e+00
3.023566400000000272e+02 1.615350590000000031e+00
3.026574919999999906e+02 1.635910680000000061e+00
3.029583440000000110e+02 1.656548200000000026e+00
3.032591969999999719e+02 1.677270189999999994e+00
3.035600489999999922e+02 1.698062559999999888e+00
3.038609020000000100e+02 1.718918280000000021e+00
3.041617539999999735e+02 1.739851429999999866e+00
3.044626059999999939e+02 1.760833849999999812e+00
3.047634590000000117e+02 1.781879619999999997e+00
3.050643109999999751e+02 1.802981689999999970e+00
3.053651639999999929e+02 1.824125999999999914e+00
3.056660160000000133e+02 1.845319579999999959e+00
3.059668679999999767e+02 1.866548360000000129e+00
3.062677209999999945e+02 1.887812320000000099e+00
3.065685730000000149e+02 1.909104439999999903e+00
3.068694249999999784e+02 1.930424719999999983e+00
3.071702779999999962e+02 1.951759079999999980e+00
3.074711300000000165e+02 1.973114550000000245e+00
3.077719829999999774e+02 1.994477059999999913e+00
3.080728349999999978e+02 2.015846600000000155e+00
3.083736870000000181e+02 2.037209110000000045e+00
3.086745399999999790e+02 2.058571619999999935e+00
3.089753919999999994e+02 2.079920050000000131e+00
3.092762440000000197e+02 2.101254410000000128e+00
3.095770969999999807e+02 2.122560609999999848e+00
3.098779490000000010e+02 2.143845690000000026e+00
3.101788020000000188e+02 2.165088539999999728e+00
3.104796539999999823e+02 2.186296200000000134e+00
3.107805060000000026e+02 2.207461620000000124e+00
3.110813590000000204e+02 2.228570740000000328e+00
3.113822109999999839e+02 2.249623539999999977e+00
3.116830630000000042e+02 2.270612999999999992e+00
3.119839160000000220e+02 2.291532070000000143e+00
3.122847679999999855e+02 2.312373710000000138e+00
3.125856210000000033e+02 2.333137929999999916e+00
3.128864730000000236e+02 2.353810650000000226e+00
3.131873249999999871e+02 2.374391860000000243e+00
3.134881780000000049e+02 2.394874530000000057e+00
3.137890300000000252e+02 2.415244579999999974e+00
3.140898819999999887e+02 2.435502009999999995e+00
3.143907350000000065e+02 2.455639779999999828e+00
3.146915870000000268e+02 2.475650860000000009e+00
3.149924399999999878e+02 2.495528199999999863e+00
3.152932920000000081e+02 2.515271800000000280e+00
3.155941439999999716e+02 2.534860549999999879e+00
3.158949969999999894e+02 2.554301489999999841e+00
3.161958490000000097e+02 2.573580539999999584e+00
3.164967009999999732e+02 2.592697699999999994e+00
3.167975539999999910e+02 2.611638889999999602e+00
3.170984060000000113e+02 2.630404109999999740e+00
3.173992589999999723e+02 2.648979289999999764e+00
3.177001109999999926e+02 2.667364419999999736e+00
3.180009630000000129e+02 2.685545430000000344e+00
3.183018159999999739e+02 2.703522309999999873e+00
3.186026679999999942e+02 2.721288040000000130e+00
3.189035210000000120e+02 2.738835560000000058e+00
3.192043729999999755e+02 2.756157850000000131e+00
3.195052249999999958e+02 2.773240809999999890e+00
3.198060780000000136e+02 2.790091509999999886e+00
3.201069299999999771e+02 2.806695839999999720e+00
3.204077819999999974e+02 2.823039740000000020e+00
3.207086350000000152e+02 2.839130249999999744e+00
3.210094869999999787e+02 2.854960329999999935e+00
3.213103399999999965e+02 2.870508860000000162e+00
3.216111920000000168e+02 2.885782879999999828e+00
3.219120439999999803e+02 2.900775349999999975e+00
3.222128969999999981e+02 2.915472189999999575e+00
3.225137490000000184e+02 2.929873409999999900e+00
3.228146009999999819e+02 2.943971960000000276e+00
3.231154539999999997e+02 2.957753770000000060e+00
3.234163060000000200e+02 2.971225870000000047e+00
3.237171589999999810e+02 2.984374200000000421e+00
3.240180110000000013e+02 2.997198739999999972e+00
3.243188630000000217e+02 3.009685429999999773e+00
3.246197159999999826e+02 3.021834259999999883e+00
3.249205680000000029e+02 3.033638190000000012e+00
3.252214200000000233e+02 3.045090179999999869e+00
3.255222729999999842e+02 3.056183199999999989e+00
3.258231250000000045e+02 3.066917249999999928e+00
3.261239780000000223e+02 3.077285279999999901e+00
3.264248299999999858e+02 3.087280259999999998e+00
3.267256820000000062e+02 3.096902179999999838e+00
3.270265350000000240e+02 3.106136980000000047e+00
3.273273869999999874e+02 3.114984649999999800e+00
3.276282390000000078e+02 3.123438150000000135e+00
3.279290920000000256e+02 3.131497479999999722e+00
3.282299439999999890e+02 3.139155609999999985e+00
3.285307970000000068e+02 3.146405489999999805e+00
3.288316490000000272e+02 3.153247120000000070e+00
3.291325009999999907e+02 3.159673469999999984e+00
3.294333540000000085e+02 3.165684540000000435e+00
3.297342059999999719e+02 3.171273279999999861e+00
3.300350579999999923e+02 3.176439699999999977e+00
3.303359110000000101e+02 3.181176750000000109e+00
3.306367629999999735e+02 3.185477409999999843e+00
3.309376159999999913e+02 3.189348709999999976e+00
3.312384680000000117e+02 3.192776559999999986e+00
3.315393199999999752e+02 3.195760980000000195e+00
3.318401729999999930e+02 3.198308990000000129e+00
3.321410250000000133e+02 3.200406529999999972e+00
3.324418779999999742e+02 3.202053590000000227e+00
3.327427299999999946e+02 3.203257210000000299e+00
3.330435820000000149e+02 3.204003319999999988e+00
3.333444349999999758e+02 3.204291899999999860e+00
3.336452869999999962e+02 3.204130010000000084e+00
3.339461390000000165e+02 3.203510609999999925e+00
3.342469919999999775e+02 3.202426640000000102e+00
3.345478439999999978e+02 3.200892199999999743e+00
3.348486970000000156e+02 3.198886169999999751e+00
3.351495489999999791e+02 3.196429660000000172e+00
3.354504009999999994e+02 3.193501550000000133e+00
3.357512540000000172e+02 3.190122970000000002e+00
3.360521059999999807e+02 3.186272789999999855e+00
3.363529580000000010e+02 3.181965090000000274e+00
3.366538110000000188e+02 3.177199879999999865e+00
3.369546629999999823e+02 3.171970110000000176e+00
3.372555160000000001e+02 3.166282830000000104e+00
3.375563680000000204e+02 3.160138030000000153e+00
3.378572199999999839e+02 3.153535709999999881e+00
3.381580730000000017e+02 3.146475880000000114e+00
3.384589250000000220e+02 3.138965559999999932e+00
3.387597769999999855e+02 3.130997730000000256e+00
3.390606300000000033e+02 3.122586469999999892e+00
3.393614820000000236e+02 3.113724720000000001e+00
3.396623349999999846e+02 3.104419540000000310e+00
3.399631870000000049e+02 3.094670910000000053e+00
3.402640390000000252e+02 3.084485889999999841e+00
3.405648919999999862e+02 3.073864459999999799e+00
3.408657440000000065e+02 3.062806629999999863e+00
3.411665960000000268e+02 3.051326489999999669e+00
3.414674489999999878e+02 3.039424010000000287e+00
3.417683010000000081e+02 3.027092179999999910e+00
3.420691540000000259e+02 3.014352099999999979e+00
3.423700059999999894e+02 3.001196739999999696e+00
3.426708580000000097e+02 2.987640159999999767e+00
3.429717110000000275e+02 2.973682390000000009e+00
3.432725629999999910e+02 2.959323400000000159e+00
3.435734160000000088e+02 2.944577289999999792e+00
3.438742679999999723e+02 2.929444039999999916e+00
3.441751199999999926e+02 2.913930710000000257e+00
3.444759730000000104e+02 2.898044319999999896e+00
3.447768249999999739e+02 2.881791919999999951e+00
3.450776769999999942e+02 2.865180550000000270e+00
3.453785300000000120e+02 2.848217239999999872e+00
3.456793819999999755e+02 2.830909029999999937e+00
3.459802349999999933e+02 2.813255929999999960e+00
3.462810870000000136e+02 2.795272000000000201e+00
3.465819389999999771e+02 2.776964299999999941e+00
3.468827919999999949e+02 2.758339850000000038e+00
3.471836440000000152e+02 2.739398659999999985e+00
3.474844959999999787e+02 2.720161840000000275e+00
3.477853489999999965e+02 2.700636440000000249e+00
3.480862010000000168e+02 2.680822449999999968e+00
3.483870539999999778e+02 2.660726909999999723e+00
3.486879059999999981e+02 2.640370930000000005e+00
3.489887580000000185e+02 2.619754529999999804e+00
3.492896109999999794e+02 2.598884730000000420e+00
3.495904629999999997e+02 2.577775620000000156e+00
3.498913150000000201e+02 2.556434220000000312e+00
3.501921679999999810e+02 2.534874630000000018e+00
3.504930200000000013e+02 2.513096839999999776e+00
3.507938730000000191e+02 2.491121959999999635e+00
3.510947249999999826e+02 2.468949999999999978e+00
3.513955770000000030e+02 2.446595030000000115e+00
3.516964300000000208e+02 2.424064090000000338e+00
3.519972819999999842e+02 2.401371269999999836e+00
3.522981340000000046e+02 2.378530629999999757e+00
3.525989870000000224e+02 2.355542170000000102e+00
3.528998389999999858e+02 2.332419980000000059e+00
3.532006920000000036e+02 2.309178140000000212e+00
3.535015440000000240e+02 2.285830710000000376e+00
3.538023959999999875e+02 2.262370660000000200e+00
3.541032490000000053e+02 2.238826149999999959e+00
3.544041010000000256e+02 2.215204210000000007e+00
3.547049529999999891e+02 2.191511890000000129e+00
3.550058060000000069e+02 2.167763250000000141e+00
3.553066580000000272e+02 2.143965350000000214e+00
3.556075109999999881e+02 2.120125209999999871e+00
3.559083630000000085e+02 2.096270989999999834e+00
3.562092149999999720e+02 2.072395659999999751e+00
3.565100679999999898e+02 2.048513290000000264e+00
3.568109200000000101e+02 2.024645000000000028e+00
3.571117730000000279e+02 2.000790789999999930e+00
3.574126249999999914e+02 1.976964720000000009e+00
3.577134770000000117e+02 1.953180899999999998e+00
3.580143299999999726e+02 1.929446339999999926e+00
3.583151819999999930e+02 1.905768090000000026e+00
3.586160340000000133e+02 1.882167269999999837e+00
3.589168869999999743e+02 1.858650909999999934e+00
3.592177389999999946e+02 1.835226059999999881e+00
3.595185920000000124e+02 1.811899750000000031e+00
3.598194439999999759e+02 1.788693100000000147e+00
3.601202959999999962e+02 1.765606099999999845e+00
3.604211490000000140e+02 1.742652840000000092e+00
3.607220009999999775e+02 1.719847389999999976e+00
3.610228529999999978e+02 1.697196799999999950e+00
3.613237060000000156e+02 1.674708100000000144e+00
3.616245579999999791e+02 1.652395359999999869e+00
3.619254109999999969e+02 1.630265630000000021e+00
3.622262630000000172e+02 1.608332990000000073e+00
3.625271149999999807e+02 1.586597419999999925e+00
3.628279679999999985e+02 1.565080059999999884e+00
3.631288200000000188e+02 1.543780899999999789e+00
3.634296719999999823e+02 1.522714020000000001e+00
3.637305250000000001e+02 1.501879409999999915e+00
3.640313770000000204e+02 1.481298200000000120e+00
3.643322299999999814e+02 1.460970389999999952e+00
3.646330820000000017e+02 1.440910039999999892e+00
3.649339340000000220e+02 1.421117159999999879e+00
3.652347869999999830e+02 1.401605840000000214e+00
3.655356390000000033e+02 1.382383099999999976e+00
3.658364910000000236e+02 1.363455989999999840e+00
3.661373439999999846e+02 1.344824500000000089e+00
3.664381960000000049e+02 1.326502719999999913e+00
3.667390490000000227e+02 1.308504710000000015e+00
3.670399009999999862e+02 1.290823460000000145e+00
3.673407530000000065e+02 1.273465980000000108e+00
3.676416060000000243e+02 1.256446359999999984e+00
3.679424579999999878e+02 1.239764590000000055e+00
3.682433100000000081e+02 1.223427729999999825e+00
3.685441630000000259e+02 1.207442799999999927e+00
3.688450149999999894e+02 1.191809810000000081e+00
3.691458680000000072e+02 1.176542830000000039e+00
3.694467200000000275e+02 1.161634830000000118e+00
3.697475719999999910e+02 1.147092830000000063e+00
3.700484250000000088e+02 1.132930930000000114e+00
3.703492769999999723e+02 1.119135050000000131e+00
3.706501299999999901e+02 1.105719250000000153e+00
3.709509820000000104e+02 1.092690579999999967e+00
3.712518339999999739e+02 1.080034969999999817e+00
3.715526869999999917e+02 1.067773520000000032e+00
3.718535390000000120e+02 1.055899200000000038e+00
3.721543909999999755e+02 1.044412019999999997e+00
3.724552439999999933e+02 1.033319000000000099e+00
3.727560960000000136e+02 1.022613109999999992e+00
3.730569489999999746e+02 1.012308420000000098e+00
3.733578009999999949e+02 1.002390869999999934e+00
3.736586530000000153e+02 9.928674839999999113e-01
3.739595059999999762e+02 9.837382660000000278e-01
3.742603579999999965e+02 9.749961790000000184e-01
3.745612100000000169e+02 9.666552979999999407e-01
3.748620629999999778e+02 9.587015460000000155e-01
3.751629149999999981e+02 9.511349249999999644e-01
3.754637680000000159e+02 9.439554319999999832e-01
3.757646199999999794e+02 9.371630690000000152e-01
3.760654719999999998e+02 9.307507969999999631e-01
3.763663250000000176e+02 9.247186159999999377e-01
3.766671769999999810e+02 9.190665250000000785e-01
3.769680290000000014e+02 9.137874870000000094e-01
3.772688820000000192e+02 9.088744620000001051e-01
3.775697339999999826e+02 9.043274499999999216e-01
3.778705870000000004e+02 9.001464510000000141e-01
3.781714390000000208e+02 8.963244280000000064e-01
3.784722909999999843e+02 8.928473009999999821e-01
3.787731440000000021e+02 8.897221100000000105e-01
3.790739960000000224e+02 8.869418159999999940e-01
3.793748479999999859e+02 8.844923430000000142e-01
3.796757010000000037e+02 8.823736879999999339e-01
3.799765530000000240e+02 8.805788150000000147e-01
3.802774059999999849e+02 8.791006850000000483e-01
3.805782580000000053e+02 8.779322570000001047e-01
3.808791100000000256e+02 8.770664950000000015e-01
3.811799629999999866e+02 8.764963590000000027e-01
3.814808150000000069e+02 8.762148100000000106e-01
3.817816670000000272e+02 8.762148100000000106e-01
3.820825199999999882e+02 8.764822820000000014e-01
3.823833720000000085e+02 8.770172239999999286e-01
3.826842250000000263e+02 8.778055599999999847e-01
3.829850769999999898e+02 8.788402519999999329e-01
3.832859290000000101e+02 8.801072209999999396e-01
3.835867820000000279e+02 8.816064679999999765e-01
3.838876339999999914e+02 8.833239150000000706e-01
3.841884870000000092e+02 8.852454849999999986e-01
3.844893389999999727e+02 8.873711779999999827e-01
3.847901909999999930e+02 8.896798779999999240e-01
3.850910440000000108e+02 8.921715840000000730e-01
3.853918959999999743e+02 8.948251809999999695e-01
3.856927479999999946e+02 8.976406680000000859e-01
3.859936010000000124e+02 9.005969289999999905e-01
3.862944529999999759e+02 9.036939649999999880e-01
3.865953059999999937e+02 9.069176979999999944e-01
3.868961580000000140e+02 9.102470120000000220e-01
3.871970099999999775e+02 9.136819059999999881e-01
3.874978629999999953e+02 9.172083039999999743e-01
3.877987150000000156e+02 9.208121270000000358e-01
3.880995669999999791e+02 9.244863380000000186e-01
3.884004199999999969e+02 9.282098200000000743e-01
3.887012720000000172e+02 9.319825729999999808e-01
3.890021249999999782e+02 9.357834809999999726e-01
3.893029769999999985e+02 9.396125430000000778e-01
3.896038290000000188e+02 9.434416060000000437e-01
3.899046819999999798e+02 9.472706680000000379e-01
3.902055340000000001e+02 9.510856540000000026e-01
3.905063860000000204e+02 9.548724839999999103e-01
3.908072389999999814e+02 9.586170820000000647e-01
3.911080910000000017e+02 9.623124090000000352e-01
3.914089440000000195e+02 9.659443870000000709e-01
3.917097959999999830e+02 9.694989400000000312e-01
3.920106480000000033e+02 9.729690279999999580e-01
3.923115010000000211e+02 9.763405739999999611e-01
3.926123529999999846e+02 9.795994999999999564e-01
3.929132050000000049e+02 9.827317300000000255e-01
3.932140580000000227e+02 9.857302239999999882e-01
3.935149099999999862e+02 9.885879430000000800e-01
3.938157630000000040e+02 9.912837720000000630e-01
3.941166150000000243e+02 9.938106720000000616e-01
3.944174669999999878e+02 9.961616039999999783e-01
3.947183200000000056e+02 9.983154509999999648e-01
3.950191720000000259e+02 1.000265179999999976e+00
3.953200239999999894e+02 1.002003740000000143e+00
3.956208770000000072e+02 1.003517060000000072e+00
3.959217290000000276e+02 1.004798110000000078e+00
3.962225819999999885e+02 1.005832799999999860e+00
3.965234340000000088e+02 1.006607060000000109e+00
3.968242859999999723e+02 1.007120889999999935e+00
3.971251389999999901e+02 1.007353170000000020e+00
3.974259910000000104e+02 1.007303890000000202e+00
3.977268440000000282e+02 1.006958999999999937e+00
3.980276959999999917e+02 1.006311439999999946e+00
3.983285480000000121e+02 1.005347130000000089e+00
3.986294009999999730e+02 1.004059050000000175e+00
3.989302529999999933e+02 1.002447179999999882e+00
3.992311050000000137e+02 1.000490419999999991e+00
3.995319579999999746e+02 9.981817160000000522e-01
3.998328099999999949e+02 9.955281190000000446e-01
4.001336630000000127e+02 9.925014700000001078e-01
4.004345149999999762e+02 9.891158469999998815e-01
4.007353669999999966e+02 9.853430939999998639e-01
4.010362200000000144e+02 9.811902499999999305e-01
4.013370719999999778e+02 9.766502770000000666e-01
4.016379239999999982e+02 9.717161359999999526e-01
4.019387770000000160e+02 9.663737490000000596e-01
4.022396289999999794e+02 9.606301550000000411e-01
4.025404819999999972e+02 9.544712770000000068e-01
4.028413340000000176e+02 9.478900759999999703e-01
4.031421859999999810e+02 9.408935899999999464e-01
4.034430389999999989e+02 9.334747810000000312e-01
4.037438910000000192e+02 9.256195720000000016e-01
4.040447429999999827e+02 9.173350009999999832e-01
4.043455960000000005e+02 9.086140289999999897e-01
4.046464480000000208e+02 8.994566569999999928e-01
4.049473009999999817e+02 8.898558460000000059e-01
4.052481530000000021e+02 8.798115949999999463e-01
4.055490050000000224e+02 8.693239050000000079e-01
4.058498579999999833e+02 8.583857379999999537e-01
4.061507100000000037e+02 8.470111690000000637e-01
4.064515620000000240e+02 8.351790839999999605e-01
4.067524149999999850e+02 8.229035599999999784e-01
4.070532670000000053e+02 8.101845970000000063e-01
4.073541200000000231e+02 7.970151549999999752e-01
4.076549719999999866e+02 7.834022749999999258e-01
4.079558240000000069e+02 7.693389159999999283e-01
4.082566770000000247e+02 7.548391570000000383e-01
4.085575289999999882e+02 7.399029969999999512e-01
4.088583810000000085e+02 7.245233989999999569e-01
4.091592340000000263e+02 7.087073990000000157e-01
4.094600859999999898e+02 6.924641499999999450e-01
4.097609390000000076e+02 6.757915380000000249e-01
4.100617910000000279e+02 6.586944919999999648e-01
4.103626429999999914e+02 6.411786429999999370e-01
4.106634960000000092e+02 6.232475089999999218e-01
4.109643479999999727e+02 6.049067210000000916e-01
4.112652009999999905e+02 5.861626149999999980e-01
4.115660530000000108e+02 5.670194139999999994e-01
4.118669049999999743e+02 5.474848600000000731e-01
4.121677579999999921e+02 5.275645839999999476e-01
4.124686100000000124e+02 5.072656250000000533e-01
4.127694619999999759e+02 4.865964300000000242e-01
4.130703149999999937e+02 4.655626290000000056e-01
4.133711670000000140e+02 4.441740760000000288e-01
4.136720199999999750e+02 4.224378109999999964e-01
4.139728719999999953e+02 4.003636879999999953e-01
4.142737240000000156e+02 3.779594479999999757e-01
4.145745769999999766e+02 3.552349470000000231e-01
4.148754289999999969e+02 3.322007419999999933e-01
4.151762810000000172e+02 3.088652809999999915e-01
4.154771339999999782e+02 2.852391200000000127e-01
4.157779859999999985e+02 2.613335220000000403e-01
4.160788390000000163e+02 2.371590450000000128e-01
4.163796909999999798e+02 2.127262470000000072e-01
4.166805430000000001e+02 1.880477980000000160e-01
4.169813960000000179e+02 1.631335520000000150e-01
4.172822479999999814e+02 1.379975859999999777e-01
4.175831000000000017e+02 1.126504579999999950e-01
4.178839530000000195e+02 8.710483909999999774e-02
4.181848049999999830e+02 6.137417200000000461e-02
4.184856580000000008e+02 3.547084510000000218e-02
4.187865100000000211e+02 9.408091250000000239e-03
4.190873619999999846e+02 -1.680064560000000054e-02
4.193882150000000024e+02 -4.314192150000000642e-02
4.196890670000000227e+02 -6.960187019999999891e-02
4.199899189999999862e+02 -9.616648469999999893e-02
4.202907720000000040e+02 -1.228221099999999982e-01
4.205916240000000244e+02 -1.495537529999999837e-01
4.208924769999999853e+02 -1.763473369999999929e-01
4.211933290000000056e+02 -2.031880800000000209e-01
4.214941810000000260e+02 -2.300612019999999924e-01
4.217950339999999869e+02 -2.569526240000000183e-01
4.220958860000000072e+02 -2.838461580000000151e-01
4.223967380000000276e+02 -3.107270219999999639e-01
4.226975909999999885e+02 -3.375811389999999745e-01
4.229984430000000089e+02 -3.643916150000000020e-01
4.232992960000000267e+02 -3.911436710000000261e-01
4.236001479999999901e+02 -4.178225240000000285e-01
4.239010000000000105e+02 -4.444119850000000094e-01
4.242018530000000283e+02 -4.708965689999999871e-01
4.245027049999999917e+02 -4.972607909999999798e-01
4.248035580000000095e+02 -5.234884619999999877e-01
4.251044099999999730e+02 -5.495655049999998987e-01
4.254052619999999933e+02 -5.754750260000000006e-01
4.257061150000000112e+02 -6.012022439999999968e-01
4.260069669999999746e+02 -6.267302659999999248e-01
4.263078189999999950e+02 -6.520457189999999681e-01
4.266086720000000128e+02 -6.771310059999999797e-01
4.269095239999999762e+02 -7.019713459999999960e-01
4.272103769999999940e+02 -7.265505490000000455e-01
4.275112290000000144e+02 -7.508552430000000610e-01
4.278120809999999778e+02 -7.748713480000000153e-01
4.281129339999999956e+02 -7.985777510000000579e-01
4.284137860000000160e+02 -8.219674110000000367e-01
4.287146379999999795e+02 -8.450192120000000751e-01
4.290154909999999973e+02 -8.677261159999999363e-01
4.293163430000000176e+02 -8.900599690000000619e-01
4.296171959999999785e+02 -9.120207689999999534e-01
4.299180479999999989e+02 -9.335803620000000524e-01
4.302189000000000192e+02 -9.547387480000000259e-01
4.305197529999999801e+02 -9.754748109999999972e-01
4.308206050000000005e+02 -9.957744739999998540e-01
4.311214570000000208e+02 -1.015623659999999928e+00
4.314223099999999818e+02 -1.035015330000000011e+00
4.317231620000000021e+02 -1.053928360000000009e+00
4.320240150000000199e+02 -1.072355729999999951e+00
4.323248669999999834e+02 -1.090283340000000045e+00
4.326257190000000037e+02 -1.107697130000000030e+00
4.329265720000000215e+02 -1.124583009999999827e+00
4.332274239999999850e+02 -1.140933960000000136e+00
4.335282760000000053e+02 -1.156735880000000050e+00
4.338291290000000231e+02 -1.171981739999999883e+00
4.341299809999999866e+02 -1.186657470000000103e+00
4.344308340000000044e+02 -1.200748979999999966e+00
4.347316860000000247e+02 -1.214256279999999855e+00
4.350325379999999882e+02 -1.227158250000000006e+00
4.353333910000000060e+02 -1.239447849999999907e+00
4.356342430000000263e+02 -1.251125089999999940e+00
4.359350959999999873e+02 -1.262168830000000019e+00
4.362359480000000076e+02 -1.272579099999999963e+00
4.365368000000000279e+02 -1.282341799999999976e+00
4.368376529999999889e+02 -1.291456939999999998e+00
4.371385050000000092e+02 -1.299910440000000111e+00
4.374393569999999727e+02 -1.307695260000000026e+00
4.377402099999999905e+02 -1.314811410000000125e+00
4.380410620000000108e+02 -1.321244789999999947e+00
4.383419149999999718e+02 -1.326995430000000198e+00
4.386427669999999921e+02 -1.332056270000000042e+00
4.389436190000000124e+02 -1.336427309999999924e+00
4.392444719999999734e+02 -1.340087440000000019e+00
4.395453239999999937e+02 -1.343057780000000090e+00
4.398461760000000140e+02 -1.345310169999999861e+00
4.401470289999999750e+02 -1.346858690000000136e+00
4.404478809999999953e+02 -1.347696299999999958e+00
4.407487340000000131e+02 -1.347815949999999985e+00
4.410495859999999766e+02 -1.347217659999999873e+00
4.413504379999999969e+02 -1.345908459999999973e+00
4.416512910000000147e+02 -1.343874269999999926e+00
4.419521429999999782e+02 -1.341129169999999871e+00
4.422529949999999985e+02 -1.337659080000000111e+00
4.425538480000000163e+02 -1.333478090000000060e+00
4.428546999999999798e+02 -1.328572099999999923e+00
4.431555529999999976e+02 -1.322955199999999998e+00
4.434564050000000179e+02 -1.316627400000000003e+00
4.437572569999999814e+02 -1.309588680000000060e+00
4.440581099999999992e+02 -1.301839049999999887e+00
4.443589620000000195e+02 -1.293392590000000064e+00
4.446598139999999830e+02 -1.284242249999999919e+00
4.449606670000000008e+02 -1.274395090000000064e+00
4.452615190000000212e+02 -1.263858130000000024e+00
4.455623719999999821e+02 -1.252631370000000022e+00
4.458632240000000024e+02 -1.240728900000000134e+00
4.461640760000000228e+02 -1.228157750000000048e+00
4.464649289999999837e+02 -1.214917919999999985e+00
4.467657810000000040e+02 -1.201016450000000013e+00
4.470666330000000244e+02 -1.186467419999999828e+00
4.473674859999999853e+02 -1.171270830000000096e+00
4.476683380000000056e+02 -1.155440750000000127e+00
4.479691910000000235e+02 -1.138984229999999931e+00
4.482700429999999869e+02 -1.121915339999999928e+00
4.485708950000000073e+02 -1.104241119999999965e+00
4.488717480000000251e+02 -1.085968610000000112e+00
4.491725999999999885e+02 -1.067111880000000124e+00
4.494734530000000063e+02 -1.047677980000000009e+00
4.497743050000000267e+02 -1.027688020000000035e+00
4.500751569999999901e+02 -1.007141999999999982e+00
4.503760100000000079e+02 -9.860610429999999704e-01
4.506768620000000283e+02 -9.644592180000000070e-01
4.509777139999999918e+02 -9.423435660000000214e-01
4.512785670000000096e+02 -9.197281649999999864e-01
4.515794189999999730e+02 -8.966341310000000009e-01
4.518802719999999908e+02 -8.730614650000000365e-01
4.521811240000000112e+02 -8.490383200000000130e-01
4.524819759999999746e+02 -8.245787749999999861e-01
4.527828289999999924e+02 -7.996898679999999704e-01
4.530836810000000128e+02 -7.743927160000000365e-01
4.533845329999999763e+02 -7.487084339999999782e-01
4.536853859999999941e+02 -7.226370219999999067e-01
4.539862380000000144e+02 -6.962136749999999763e-01
4.542870909999999753e+02 -6.694447259999999345e-01
4.545879429999999957e+02 -6.423491810000000468e-01
4.548887950000000160e+02 -6.149453410000000897e-01
4.551896479999999769e+02 -5.872500970000000819e-01
4.554904999999999973e+02 -5.592810470000000311e-01
4.557913520000000176e+02 -5.310571960000000091e-01
4.560922049999999786e+02 -5.025954360000000065e-01
4.563930569999999989e+02 -4.739154749999999749e-01
4.566939100000000167e+02 -4.450349110000000330e-01
4.569947619999999802e+02 -4.159727490000000305e-01
4.572956140000000005e+02 -3.867486950000000312e-01
4.575964670000000183e+02 -3.573803480000000143e-01
4.578973189999999818e+02 -3.278881200000000051e-01
4.581981710000000021e+02 -2.982910149999999927e-01
4.584990240000000199e+02 -2.686073330000000037e-01
4.587998759999999834e+02 -2.388581909999999975e-01
4.591007290000000012e+02 -2.090611870000000094e-01
4.594015810000000215e+02 -1.792374350000000005e-01
4.597024329999999850e+02 -1.494052359999999968e-01
4.600032860000000028e+02 -1.195842989999999911e-01
4.603041380000000231e+02 -8.979503710000000249e-02
4.606049899999999866e+02 -6.005659440000000321e-02
4.609058430000000044e+02 -3.038797570000000003e-02
4.612066950000000247e+02 -8.089317050000000399e-04
4.615075479999999857e+02 2.866123740000000100e-02
4.618084000000000060e+02 5.800332989999999744e-02
4.621092520000000263e+02 8.719845409999998909e-02
4.624101049999999873e+02 1.162268309999999888e-01
4.627109570000000076e+02 1.450700900000000126e-01
4.630118100000000254e+02 1.737092249999999949e-01
4.633126619999999889e+02 2.021259380000000050e-01
4.636135140000000092e+02 2.303012219999999999e-01
4.639143670000000270e+02 2.582181850000000445e-01
4.642152189999999905e+02 2.858571189999999929e-01
4.645160710000000108e+02 3.132018349999999840e-01
4.648169239999999718e+02 3.402340309999999923e-01
4.651177759999999921e+02 3.669361119999999810e-01
4.654186290000000099e+02 3.932918880000000339e-01
4.657194809999999734e+02 4.192844649999999951e-01
4.660203329999999937e+02 4.448969520000000122e-01
4.663211860000000115e+02 4.701138639999999924e-01
4.666220379999999750e+02 4.949190099999999926e-01
4.669228899999999953e+02 5.192976099999999651e-01
4.672237430000000131e+02 5.432341780000000675e-01
4.675245949999999766e+02 5.667146370000000211e-01
4.678254479999999944e+02 5.897249099999999356e-01
4.681263000000000147e+02 6.122502159999999582e-01
4.684271519999999782e+02 6.342778839999999585e-01
4.687280049999999960e+02 6.557945410000000086e-01
4.690288570000000163e+02 6.767882210000000232e-01
4.693297089999999798e+02 6.972469589999999995e-01
4.696305619999999976e+02 7.171608999999999901e-01
4.699314140000000179e+02 7.365103349999999605e-01
4.702322669999999789e+02 7.552966740000000012e-01
4.705331189999999992e+02 7.735058369999999739e-01
4.708339710000000196e+02 7.911237479999999600e-01
4.711348239999999805e+02 8.081433680000000841e-01
4.714356760000000008e+02 8.245646979999999848e-01
4.717365280000000212e+02 8.403666189999999814e-01
4.720373809999999821e+02 8.555491340000000999e-01
4.723382330000000024e+02 8.701052029999999382e-01
4.726390860000000202e+02 8.840207479999999673e-01
4.729399379999999837e+02 8.973028090000000345e-01
4.732407900000000041e+02 9.099373079999999447e-01
4.735416430000000219e+02 9.219242449999999200e-01
4.738424949999999853e+02 9.332636199999999604e-01
4.741433470000000057e+02 9.439413549999999820e-01
4.744442000000000235e+02 9.539574509999999563e-01
4.747450519999999869e+02 9.633189450000000376e-01
4.750459050000000047e+02 9.720117620000000569e-01
4.753467570000000251e+02 9.800429389999999463e-01
4.756476089999999886e+02 9.874124770000000106e-01
4.759484620000000064e+02 9.941203750000000561e-01
4.762493140000000267e+02 1.000159599999999926e+00
4.765501669999999876e+02 1.005544210000000049e+00
4.768510190000000080e+02 1.010267189999999982e+00
4.771518710000000283e+02 1.014335570000000075e+00
4.774527239999999892e+02 1.017756389999999955e+00
4.777535760000000096e+02 1.020522609999999997e+00
4.780544279999999731e+02 1.022648299999999955e+00
4.783552809999999909e+02 1.024133469999999990e+00
4.786561330000000112e+02 1.024992190000000081e+00
4.789569859999999721e+02 1.025224469999999943e+00
4.792578379999999925e+02 1.024837339999999930e+00
4.795586900000000128e+02 1.023837839999999888e+00
4.798595429999999737e+02 1.022240049999999956e+00
4.801603949999999941e+02 1.020043969999999911e+00
4.804612470000000144e+02 1.017263679999999892e+00
4.807620999999999754e+02 1.013913250000000099e+00
4.810629519999999957e+02 1.009999720000000156e+00
4.813638050000000135e+02 1.005537180000000141e+00
4.816646569999999770e+02 1.000525610000000176e+00
4.819655089999999973e+02 9.949931759999999237e-01
4.822663620000000151e+02 9.889398790000000217e-01
4.825672139999999786e+02 9.823797940000000839e-01
4.828680659999999989e+02 9.753410760000000845e-01
4.831689190000000167e+02 9.678166860000000371e-01
4.834697709999999802e+02 9.598418189999999850e-01
4.837706239999999980e+02 9.514164729999999848e-01
4.840714760000000183e+02 9.425547269999999811e-01
4.843723279999999818e+02 9.332847360000000592e-01
4.846731809999999996e+02 9.236135370000000400e-01
4.849740330000000199e+02 9.135622479999999657e-01
4.852748849999999834e+02 9.031519839999999633e-01
4.855757380000000012e+02 8.923827450000000328e-01
4.858765900000000215e+02 8.812897259999999955e-01
4.861774429999999825e+02 8.698799640000000055e-01
4.864782950000000028e+02 8.581816150000000087e-01
4.867791470000000231e+02 8.462017170000000199e-01
4.870799999999999841e+02 8.339684250000000132e-01
4.873808520000000044e+02 8.214958159999999898e-01
4.876817040000000247e+02 8.088050079999999920e-01
4.879825569999999857e+02 7.959100769999999381e-01
4.882834090000000060e+02 7.828391769999999417e-01
4.885842620000000238e+02 7.696063870000000584e-01
4.888851139999999873e+02 7.562257840000000675e-01
4.891859660000000076e+02 7.427255230000000541e-01
4.894868190000000254e+02 7.291267200000000059e-01
4.897876709999999889e+02 7.154434520000000353e-01
4.900885240000000067e+02 7.016989479999999890e-01
4.903893760000000270e+02 6.879108029999999596e-01
4.906902279999999905e+02 6.741001340000000175e-01
4.909910810000000083e+02 6.602866499999999750e-01
4.912919329999999718e+02 6.464900590000000058e-01
4.915927849999999921e+02 6.327293659999999598e-01
4.918936380000000099e+02 6.190256849999999922e-01
4.921944899999999734e+02 6.053973200000000165e-01
4.924953429999999912e+02 5.918639769999999301e-01
4.927961950000000115e+02 5.784446609999999156e-01
4.930970469999999750e+02 5.651576729999999715e-01
4.933978999999999928e+02 5.520227210000000495e-01
4.936987520000000131e+02 5.390574030000000461e-01
4.939996039999999766e+02 5.262807219999999786e-01
4.943004569999999944e+02 5.137095710000000315e-01
4.946013090000000147e+02 5.013622519999999527e-01
4.949021619999999757e+02 4.892563609999999730e-01
4.952030139999999960e+02 4.774073830000000185e-01
4.955038660000000164e+02 4.658336189999999766e-01
4.958047189999999773e+02 4.545498500000000330e-01
4.961055709999999976e+02 4.435722659999999928e-01
4.964064230000000180e+02 4.329163509999999770e-01
4.967072759999999789e+02 4.225968860000000049e-01
4.970081279999999992e+02 4.126279499999999656e-01
4.973089810000000170e+02 4.030236189999999996e-01
4.976098329999999805e+02 3.937972679999999781e-01
4.979106850000000009e+02 3.849622689999999681e-01
4.982115380000000187e+02 3.765305879999999994e-01
4.985123899999999821e+02 3.685134889999999719e-01
4.988132420000000025e+02 3.609236390000000183e-01
4.991140950000000203e+02 3.537701899999999844e-01
4.994149469999999837e+02 3.470636990000000033e-01
4.997158000000000015e+02 3.408140219999999943e-01
5.000166520000000219e+02 3.350296030000000091e-01
5.003175039999999854e+02 3.297188910000000139e-01
5.006183570000000032e+02 3.248896260000000424e-01
5.009192090000000235e+02 3.205481450000000065e-01
5.012200609999999870e+02 3.167007820000000140e-01
5.015209140000000048e+02 3.133538710000000060e-01
5.018217660000000251e+02 3.105116370000000070e-01
5.021226189999999860e+02 3.081783019999999595e-01
5.024234710000000064e+02 3.063580890000000001e-01
5.027243230000000267e+02 3.050531109999999879e-01
5.030251759999999877e+02 3.042661819999999961e-01
5.033260280000000080e+02 3.039980070000000145e-01
5.036268810000000258e+02 3.042506969999999589e-01
5.039277329999999893e+02 3.050221409999999689e-01
5.042285850000000096e+02 3.063137450000000261e-01
5.045294380000000274e+02 3.081233999999999917e-01
5.048302899999999909e+02 3.104482880000000167e-01
5.051311420000000112e+02 3.132870030000000083e-01
5.054319949999999722e+02 3.166353210000000251e-01
5.057328469999999925e+02 3.204890200000000133e-01
5.060337000000000103e+02 3.248431709999999861e-01
5.063345519999999738e+02 3.296928470000000111e-01
5.066354039999999941e+02 3.350317149999999522e-01
5.069362570000000119e+02 3.408520309999999998e-01
5.072371089999999754e+02 3.471474600000000188e-01
5.075379609999999957e+02 3.539088530000000232e-01
5.078388140000000135e+02 3.611270580000000008e-01
5.081396659999999770e+02 3.687943330000000297e-01
5.084405189999999948e+02 3.768987129999999963e-01
5.087413710000000151e+02 3.854303430000000086e-01
5.090422229999999786e+02 3.943772580000000083e-01
5.093430759999999964e+02 4.037288989999999744e-01
5.096439280000000167e+02 4.134711879999999895e-01
5.099447799999999802e+02 4.235921609999999671e-01
5.102456329999999980e+02 4.340777390000000180e-01
5.105464850000000183e+02 4.449138449999999745e-01
5.108473379999999793e+02 4.560864029999999736e-01
5.111481899999999996e+02 4.675799250000000074e-01
5.114490420000000199e+02 4.793789279999999819e-01
5.117498949999999809e+02 4.914665189999999351e-01
5.120507470000000012e+02 5.038279150000000151e-01
5.123515989999999647e+02 5.164455209999999630e-01
5.126524520000000393e+02 5.293024430000000669e-01
5.129533040000000028e+02 5.423803809999999670e-01
5.132541569999999638e+02 5.556617380000000717e-01
5.135550090000000409e+02 5.691282140000000211e-01
5.138558610000000044e+02 5.827622100000000582e-01
5.141567139999999654e+02 5.965433159999999901e-01
5.144575660000000425e+02 6.104539350000000031e-01
5.147584180000000060e+02 6.244743569999999799e-01
5.150592709999999670e+02 6.385848749999999407e-01
5.153601230000000442e+02 6.527657799999999622e-01
5.156609760000000051e+02 6.669980679999999440e-01
5.159618279999999686e+02 6.812613260000000004e-01
5.162626800000000458e+02 6.955351419999999951e-01
5.165635330000000067e+02 7.097984010000000232e-01
5.168643849999999702e+02 7.240377270000000198e-01
5.171652380000000448e+02 7.382207440000000398e-01
5.174660900000000083e+02 7.523404120000000139e-01
5.177669419999999718e+02 7.663685769999999398e-01
5.180677950000000465e+02 7.802911610000000664e-01
5.183686470000000099e+02 7.940800100000000583e-01
5.186694989999999734e+02 8.077210449999999708e-01
5.189703520000000481e+02 8.211931520000000928e-01
5.192712040000000115e+02 8.344752119999999662e-01
5.195720569999999725e+02 8.475531509999999491e-01
5.198729090000000497e+02 8.603988109999999301e-01
5.201737610000000132e+02 8.730051549999999772e-01
5.204746139999999741e+02 8.853510660000000199e-01
5.207754660000000513e+02 8.974083899999999447e-01
5.210763180000000148e+02 9.091630490000000009e-01
5.213771709999999757e+02 9.206080050000000625e-01
5.216780230000000529e+02 9.317151019999999617e-01
5.219788760000000138e+02 9.424702629999999193e-01
5.222797279999999773e+02 9.528523720000000585e-01
5.225805800000000545e+02 9.628543900000000599e-01
5.228814330000000155e+02 9.724552009999999358e-01
5.231822849999999789e+02 9.816407279999999069e-01
5.234831370000000561e+02 9.903968940000000831e-01
5.237839900000000171e+02 9.987096200000000756e-01
5.240848419999999805e+02 1.006564830000000077e+00
5.243856950000000552e+02 1.013948440000000062e+00
5.246865470000000187e+02 1.020853430000000062e+00
5.249873989999999822e+02 1.027258659999999990e+00
5.252882520000000568e+02 1.033157110000000101e+00
5.255891040000000203e+02 1.038534690000000094e+00
5.258899559999999838e+02 1.043391399999999969e+00
5.261908089999999447e+02 1.047706139999999841e+00
5.264916610000000219e+02 1.051478889999999833e+00
5.267925139999999828e+02 1.054695580000000188e+00
5.270933659999999463e+02 1.057349179999999889e+00
5.273942180000000235e+02 1.059432640000000037e+00
5.276950709999999845e+02 1.060945959999999966e+00
5.279959229999999479e+02 1.061875070000000143e+00
5.282967760000000226e+02 1.062219969999999902e+00
5.285976279999999861e+02 1.061973620000000063e+00
5.288984799999999495e+02 1.061136010000000018e+00
5.291993330000000242e+02 1.059700110000000084e+00
5.295001849999999877e+02 1.057665920000000037e+00
5.298010369999999511e+02 1.055026400000000031e+00
5.301018900000000258e+02 1.051795629999999981e+00
5.304027419999999893e+02 1.047959529999999972e+00
5.307035949999999502e+02 1.043525140000000073e+00
5.310044470000000274e+02 1.038485419999999992e+00
5.313052989999999909e+02 1.032854439999999929e+00
5.316061519999999518e+02 1.026632210000000045e+00
5.319070040000000290e+02 1.019818729999999896e+00
5.322078559999999925e+02 1.012413999999999925e+00
5.325087089999999534e+02 1.004432100000000050e+00
5.328095610000000306e+02 9.958730159999998888e-01
5.331104139999999916e+02 9.867437990000000880e-01
5.334112659999999551e+02 9.770444459999999554e-01
5.337121180000000322e+02 9.667960719999999508e-01
5.340129709999999932e+02 9.559986790000000179e-01
5.343138229999999567e+02 9.446593039999999775e-01
5.346146750000000338e+02 9.327849870000000099e-01
5.349155279999999948e+02 9.203968430000000200e-01
5.352163799999999583e+02 9.074948729999999797e-01
5.355172330000000329e+02 8.940861150000000146e-01
5.358180849999999964e+02 8.801987250000000707e-01
5.361189369999999599e+02 8.658256619999999959e-01
5.364197900000000345e+02 8.509950840000000127e-01
5.367206419999999980e+02 8.357069879999999840e-01
5.370214939999999615e+02 8.199754529999999653e-01
5.373223470000000361e+02 8.038286340000000418e-01
5.376231989999999996e+02 7.872594920000000052e-01
5.379240519999999606e+02 7.703032199999999552e-01
5.382249040000000377e+02 7.529598189999999747e-01
5.385257560000000012e+02 7.352433659999999538e-01
5.388266089999999622e+02 7.171820159999999778e-01
5.391274610000000393e+02 6.987821029999999878e-01
5.394283130000000028e+02 6.800619289999999539e-01
5.397291659999999638e+02 6.610376820000000153e-01
5.400300180000000410e+02 6.417255509999999497e-01
5.403308710000000019e+02 6.221431339999999865e-01
5.406317229999999654e+02 6.023059149999999695e-01
5.409325750000000426e+02 5.822314910000000454e-01
5.412334280000000035e+02 5.619374590000000280e-01
5.415342799999999670e+02 5.414414159999999532e-01
5.418351330000000416e+02 5.207595510000000427e-01
5.421359850000000051e+02 4.999101650000000174e-01
5.424368369999999686e+02 4.789101490000000072e-01
5.427376900000000433e+02 4.577771030000000185e-01
5.430385420000000067e+02 4.365293250000000236e-01
5.433393939999999702e+02 4.151837079999999847e-01
5.436402470000000449e+02 3.937578509999999921e-01
5.439410990000000083e+02 3.722693490000000272e-01
5.442419519999999693e+02 3.507343910000000342e-01
5.445428040000000465e+02 3.291719819999999741e-01
5.448436560000000100e+02 3.075969040000000043e-01
5.451445089999999709e+02 2.860281599999999758e-01
5.454453610000000481e+02 2.644812369999999802e-01
5.457462130000000116e+02 2.429730260000000086e-01
5.460470659999999725e+02 2.215197170000000049e-01
5.463479180000000497e+02 2.001374999999999960e-01
5.466487710000000106e+02 1.788418589999999919e-01
5.469496229999999741e+02 1.576489830000000203e-01
5.472504750000000513e+02 1.365736529999999893e-01
5.475513280000000123e+02 1.156313549999999912e-01
5.478521799999999757e+02 9.483546309999998924e-02
5.481530320000000529e+02 7.420216520000000315e-02
5.484538850000000139e+02 5.374363859999999743e-02
5.487547369999999773e+02 3.347466470000000360e-02
5.490555900000000520e+02 1.340812429999999923e-02
5.493564420000000155e+02 -6.443045369999999931e-03
5.496572939999999790e+02 -2.606641399999999956e-02
5.499581470000000536e+02 -4.544991720000000207e-02
5.502589990000000171e+02 -6.458185660000000106e-02
5.505598509999999806e+02 -8.345104059999999824e-02
5.508607040000000552e+02 -1.020466299999999993e-01
5.511615560000000187e+02 -1.203578549999999997e-01
5.514624089999999796e+02 -1.383755650000000059e-01
5.517632610000000568e+02 -1.560899060000000005e-01
5.520641130000000203e+02 -1.734917289999999834e-01
5.523649659999999812e+02 -1.905725860000000160e-01
5.526658179999999447e+02 -2.073247350000000100e-01
5.529666700000000219e+02 -2.237397289999999983e-01
5.532675229999999829e+02 -2.398105299999999940e-01
5.535683749999999463e+02 -2.555300990000000105e-01
5.538692280000000210e+02 -2.708928050000000143e-01
5.541700799999999845e+02 -2.858930169999999715e-01
5.544709319999999479e+02 -3.005244000000000248e-01
5.547717850000000226e+02 -3.147827309999999823e-01
5.550726369999999861e+02 -3.286637869999999850e-01
5.553734899999999470e+02 -3.421619359999999999e-01
5.556743420000000242e+02 -3.552750680000000272e-01
5.559751939999999877e+02 -3.679996620000000052e-01
5.562760469999999486e+02 -3.803329040000000272e-01
5.565768990000000258e+02 -3.922719770000000494e-01
5.568777509999999893e+02 -4.038154750000000348e-01
5.571786039999999502e+02 -4.149619889999999756e-01
5.574794560000000274e+02 -4.257094070000000396e-01
5.577803089999999884e+02 -4.360577300000000323e-01
5.580811609999999519e+02 -4.460062539999999909e-01
5.583820130000000290e+02 -4.555549789999999710e-01
5.586828659999999900e+02 -4.647039049999999727e-01
5.589837179999999535e+02 -4.734537350000000422e-01
5.592845700000000306e+02 -4.818051740000000027e-01
5.595854229999999916e+02 -4.897603329999999922e-01
5.598862749999999551e+02 -4.973199159999999730e-01
5.601871280000000297e+02 -5.044853310000000368e-01
5.604879799999999932e+02 -5.112593939999999781e-01
5.607888319999999567e+02 -5.176442149999999076e-01
5.610896850000000313e+02 -5.236426100000000083e-01
5.613905369999999948e+02 -5.292559880000000661e-01
5.616913889999999583e+02 -5.344885709999999124e-01
5.619922420000000329e+02 -5.393424709999999900e-01
5.622930939999999964e+02 -5.438219109999999912e-01
5.625939469999999574e+02 -5.479304099999999789e-01
5.628947990000000345e+02 -5.516707849999999969e-01
5.631956509999999980e+02 -5.550465539999999143e-01
5.634965039999999590e+02 -5.580626450000000238e-01
5.637973560000000361e+02 -5.607225770000000553e-01
5.640982079999999996e+02 -5.630298680000000999e-01
5.643990609999999606e+02 -5.649887439999999872e-01
5.646999130000000378e+02 -5.666034249999999384e-01
5.650007659999999987e+02 -5.678788409999999676e-01
5.653016179999999622e+02 -5.688178059999999814e-01
5.656024700000000394e+02 -5.694252469999999677e-01
5.659033230000000003e+02 -5.697060919999999973e-01
5.662041749999999638e+02 -5.696631560000000594e-01
5.665050270000000410e+02 -5.693020699999999934e-01
5.668058800000000019e+02 -5.686256490000000108e-01
5.671067319999999654e+02 -5.676388209999999601e-01
5.674075850000000401e+02 -5.663458080000000061e-01
5.677084370000000035e+02 -5.647501309999999330e-01
5.680092889999999670e+02 -5.628560120000000166e-01
5.683101420000000417e+02 -5.606669710000000695e-01
5.686109940000000051e+02 -5.581865259999999607e-01
5.689118469999999661e+02 -5.554196059999999546e-01
5.692126990000000433e+02 -5.523683220000000782e-01
5.695135510000000068e+02 -5.490376009999999862e-01
5.698144039999999677e+02 -5.454295540000000386e-01
5.701152560000000449e+02 -5.415477009999999369e-01
5.704161080000000084e+02 -5.373955609999999661e-01
5.707169609999999693e+02 -5.329759499999999761e-01
5.710178130000000465e+02 -5.282909789999999939e-01
5.713186660000000074e+02 -5.233448720000000165e-01
5.716195179999999709e+02 -5.181390369999999690e-01
5.719203700000000481e+02 -5.126769910000000818e-01
5.722212230000000091e+02 -5.069601449999999732e-01
5.725220749999999725e+02 -5.009913119999999109e-01
5.728229270000000497e+02 -4.947719009999999584e-01
5.731237800000000107e+02 -4.883054299999999848e-01
5.734246319999999741e+02 -4.815919009999999889e-01
5.737254850000000488e+02 -4.746348320000000065e-01
5.740263370000000123e+02 -4.674349280000000273e-01
5.743271889999999757e+02 -4.599942990000000509e-01
5.746280420000000504e+02 -4.523143539999999740e-01
5.749288940000000139e+02 -4.443957960000000096e-01
5.752297459999999774e+02 -4.362414410000000076e-01
5.755305990000000520e+02 -4.278512890000000235e-01
5.758314510000000155e+02 -4.192274520000000004e-01
5.761323039999999764e+02 -4.103713370000000027e-01
5.764331560000000536e+02 -4.012829440000000303e-01
5.767340080000000171e+02 -3.919650889999999888e-01
5.770348609999999780e+02 -3.824177720000000447e-01
5.773357130000000552e+02 -3.726424010000000120e-01
5.776365650000000187e+02 -3.626410860000000014e-01
5.779374179999999797e+02 -3.524145329999999743e-01
5.782382700000000568e+02 -3.419634440000000053e-01
5.785391230000000178e+02 -3.312899320000000092e-01
5.788399749999999813e+02 -3.203961090000000400e-01
5.791408269999999447e+02 -3.092819730000000433e-01
5.794416800000000194e+02 -2.979510450000000255e-01
5.797425319999999829e+02 -2.864033240000000147e-01
5.800433839999999464e+02 -2.746423299999999901e-01
5.803442370000000210e+02 -2.626694709999999877e-01
5.806450889999999845e+02 -2.504875610000000252e-01
5.809459419999999454e+02 -2.380980099999999988e-01
5.812467940000000226e+02 -2.255050400000000177e-01
5.815476459999999861e+02 -2.127107619999999977e-01
5.818484989999999470e+02 -1.997179919999999831e-01
5.821493510000000242e+02 -1.865316580000000168e-01
5.824502039999999852e+02 -1.731538709999999870e-01
5.827510559999999487e+02 -1.595895569999999930e-01
5.830519080000000258e+02 -1.458436449999999940e-01
5.833527609999999868e+02 -1.319189490000000076e-01
5.836536129999999503e+02 -1.178225080000000063e-01
5.839544650000000274e+02 -1.035585460000000013e-01
5.842553179999999884e+02 -8.913269379999999575e-02
5.845561699999999519e+02 -7.455128560000000293e-02
5.848570230000000265e+02 -5.982107889999999789e-02
5.851578749999999900e+02 -4.494861969999999762e-02
5.854587269999999535e+02 -2.994122819999999949e-02
5.857595800000000281e+02 -1.480657680000000039e-02
5.860604319999999916e+02 4.471380799999999790e-04
5.863612839999999551e+02 1.581142420000000021e-02
5.866621370000000297e+02 3.127724730000000508e-02
5.869629889999999932e+02 4.683513689999999757e-02
5.872638419999999542e+02 6.247523860000000345e-02
5.875646940000000313e+02 7.818678340000000115e-02
5.878655459999999948e+02 9.395984659999999378e-02
5.881663989999999558e+02 1.097828849999999967e-01
5.884672510000000329e+02 1.256432279999999957e-01
5.887681029999999964e+02 1.415296139999999980e-01
5.890689559999999574e+02 1.574286710000000200e-01
5.893698080000000346e+02 1.733277269999999870e-01
5.896706609999999955e+02 1.892134099999999985e-01
5.899715129999999590e+02 2.050702329999999907e-01
5.902723650000000362e+02 2.208855289999999971e-01
5.905732179999999971e+02 2.366431070000000192e-01
5.908740699999999606e+02 2.523281859999999543e-01
5.911749220000000378e+02 2.679238740000000063e-01
5.914757749999999987e+02 2.834153879999999903e-01
5.917766269999999622e+02 2.987851329999999805e-01
5.920774800000000369e+02 3.140155110000000249e-01
5.923783320000000003e+02 3.290903330000000127e-01
5.926791839999999638e+02 3.439912989999999726e-01
5.929800370000000385e+02 3.587001080000000175e-01
5.932808890000000019e+02 3.731984589999999824e-01
5.935817409999999654e+02 3.874666449999999984e-01
5.938825940000000401e+02 4.014870670000000308e-01
5.941834460000000036e+02 4.152393140000000260e-01
5.944842989999999645e+02 4.287043819999999950e-01
5.947851510000000417e+02 4.418625609999999870e-01
5.950860030000000052e+02 4.546927360000000418e-01
5.953868559999999661e+02 4.671759030000000035e-01
5.956877080000000433e+02 4.792909439999999965e-01
5.959885610000000042e+02 4.910181519999999855e-01
5.962894129999999677e+02 5.023364110000000382e-01
5.965902650000000449e+02 5.132253070000000195e-01
5.968911180000000058e+02 5.236644299999999586e-01
5.971919699999999693e+02 5.336333659999999979e-01
5.974928220000000465e+02 5.431102959999999369e-01
5.977936750000000075e+02 5.520769189999999993e-01
5.980945269999999709e+02 5.605107110000000503e-01
5.983953800000000456e+02 5.683926679999999898e-01
5.986962320000000091e+02 5.757023759999999601e-01
5.989970839999999725e+02 5.824208330000000267e-01
5.992979370000000472e+02 5.885269200000000644e-01
5.995987890000000107e+02 5.940023389999999903e-01
5.998996409999999742e+02 5.988287880000000563e-01
6.002004940000000488e+02 6.029858550000000150e-01
6.005013460000000123e+02 6.064573509999999779e-01
6.008021989999999732e+02 6.092242709999999839e-01
6.011030510000000504e+02 6.112690179999999973e-01
6.014039030000000139e+02 6.125761079999999525e-01
6.017047559999999748e+02 6.131286479999999983e-01
6.020056080000000520e+02 6.129111510000000429e-01
6.023064600000000155e+02 6.119088379999999550e-01
6.026073129999999765e+02 6.101069260000000494e-01
6.029081650000000536e+02 6.074920419999999543e-01
6.032090180000000146e+02 6.040508129999999642e-01
6.035098699999999781e+02 5.997726800000000580e-01
6.038107220000000552e+02 5.946442699999999748e-01
6.041115750000000162e+02 5.886571369999999970e-01
6.044124269999999797e+02 5.818000180000000299e-01
6.047132790000000568e+02 5.740658739999999760e-01
6.050141320000000178e+02 5.654455560000000158e-01
6.053149839999999813e+02 5.559327290000000144e-01
6.056158370000000559e+02 5.455217609999999384e-01
6.059166890000000194e+02 5.342084299999999564e-01
6.062175409999999829e+02 5.219878079999999976e-01
6.065183939999999438e+02 5.088591909999999885e-01
6.068192460000000210e+02 4.948190600000000328e-01
6.071200979999999845e+02 4.798681189999999819e-01
6.074209509999999455e+02 4.640077759999999829e-01
6.077218030000000226e+02 4.472380300000000086e-01
6.080226559999999836e+02 4.295645130000000367e-01
6.083235079999999471e+02 4.109893360000000384e-01
6.086243600000000242e+02 3.915195380000000003e-01
6.089252129999999852e+02 3.711614540000000018e-01
6.092260649999999487e+02 3.499235310000000099e-01
6.095269180000000233e+02 3.278142130000000209e-01
6.098277699999999868e+02 3.048447650000000175e-01
6.101286219999999503e+02 2.810271509999999751e-01
6.104294750000000249e+02 2.563733370000000344e-01
6.107303269999999884e+02 2.308988089999999826e-01
6.110311789999999519e+02 2.046190519999999957e-01
6.113320320000000265e+02 1.775502539999999907e-01
6.116328839999999900e+02 1.497114199999999840e-01
6.119337369999999510e+02 1.211222590000000099e-01
6.122345890000000281e+02 9.180177559999999626e-02
6.125354409999999916e+02 6.177333769999999308e-02
6.128362939999999526e+02 3.105946939999999767e-02
6.131371460000000297e+02 -3.154901219999999766e-04
6.134379979999999932e+02 -3.232601630000000309e-02
6.137388509999999542e+02 -6.494540630000000814e-02
6.140397030000000314e+02 -9.814577220000000879e-02
6.143405559999999923e+02 -1.318985370000000101e-01
6.146414079999999558e+02 -1.661742780000000086e-01
6.149422600000000330e+02 -2.009406180000000153e-01
6.152431129999999939e+02 -2.361658820000000214e-01
6.155439649999999574e+02 -2.718176919999999996e-01
6.158448170000000346e+02 -3.078622629999999694e-01
6.161456699999999955e+02 -3.442629939999999888e-01
6.164465219999999590e+02 -3.809860969999999680e-01
6.167473750000000337e+02 -4.179935650000000114e-01
6.170482269999999971e+02 -4.552487950000000394e-01
6.173490789999999606e+02 -4.927130750000000003e-01
6.176499320000000353e+02 -5.303469889999999909e-01
6.179507839999999987e+02 -5.681125270000000338e-01
6.182516359999999622e+02 -6.059688640000000515e-01
6.185524890000000369e+02 -6.438751759999999935e-01
6.188533410000000003e+02 -6.817906379999999489e-01
6.191541939999999613e+02 -7.196737220000000157e-01
6.194550460000000385e+02 -7.574786760000000729e-01
6.197558980000000020e+02 -7.951710109999999831e-01
6.200567509999999629e+02 -8.327014559999998955e-01
6.203576030000000401e+02 -8.700348159999999886e-01
6.206584560000000010e+02 -9.071147820000000639e-01
6.209593079999999645e+02 -9.439132000000000078e-01
6.212601600000000417e+02 -9.803737590000001223e-01
6.215610130000000026e+02 -1.016461269999999972e+00
6.218618649999999661e+02 -1.052133490000000116e+00
6.221627170000000433e+02 -1.087348199999999876e+00
6.224635700000000043e+02 -1.122056109999999940e+00
6.227644219999999677e+02 -1.156222050000000001e+00
6.230652750000000424e+02 -1.189803770000000149e+00
6.233661270000000059e+02 -1.222752010000000000e+00
6.236669789999999693e+02 -1.255038609999999943e+00
6.239678320000000440e+02 -1.286607260000000030e+00
6.242686840000000075e+02 -1.317436849999999993e+00
6.245695359999999710e+02 -1.347471059999999943e+00
6.248703890000000456e+02 -1.376681739999999987e+00
6.251712410000000091e+02 -1.405026649999999933e+00
6.254720939999999700e+02 -1.432477660000000208e+00
6.257729460000000472e+02 -1.458985470000000007e+00
6.260737980000000107e+02 -1.484521940000000040e+00
6.263746509999999716e+02 -1.509058910000000031e+00
6.266755030000000488e+02 -1.532561190000000018e+00
6.269763550000000123e+02 -1.554993580000000097e+00
6.272772079999999733e+02 -1.576327929999999933e+00
6.275780600000000504e+02 -1.596536090000000074e+00
6.278789130000000114e+02 -1.615582869999999893e+00
6.281797649999999749e+02 -1.633461209999999886e+00
6.284806170000000520e+02 -1.650121849999999890e+00
6.287814700000000130e+02 -1.665564800000000067e+00
6.290823219999999765e+02 -1.679754859999999850e+00
6.293831740000000536e+02 -1.692670899999999978e+00
6.296840270000000146e+02 -1.704305909999999979e+00
6.299848789999999781e+02 -1.714624670000000073e+00
6.302857320000000527e+02 -1.723634230000000045e+00
6.305865840000000162e+02 -1.731299389999999994e+00
6.308874359999999797e+02 -1.737627199999999927e+00
6.311882890000000543e+02 -1.742596529999999921e+00
6.314891410000000178e+02 -1.746200360000000007e+00
6.317899929999999813e+02 -1.748438670000000084e+00
6.320908460000000559e+02 -1.749297390000000174e+00
6.323916980000000194e+02 -1.748776529999999996e+00
6.326925509999999804e+02 -1.746883109999999961e+00
6.329934029999999439e+02 -1.743603070000000033e+00
6.332942550000000210e+02 -1.738957510000000095e+00
6.335951079999999820e+02 -1.732939409999999958e+00
6.338959599999999455e+02 -1.725555799999999973e+00
6.341968130000000201e+02 -1.716820750000000118e+00
6.344976649999999836e+02 -1.706734259999999948e+00
6.347985169999999471e+02 -1.695324499999999901e+00
6.350993700000000217e+02 -1.682591460000000039e+00
6.354002219999999852e+02 -1.668556259999999902e+00
6.357010739999999487e+02 -1.653240009999999982e+00
6.360019270000000233e+02 -1.636656790000000194e+00
6.363027789999999868e+02 -1.618827709999999920e+00
6.366036319999999478e+02 -1.599780940000000040e+00
6.369044840000000249e+02 -1.579530549999999867e+00
6.372053359999999884e+02 -1.558118770000000097e+00
6.375061889999999494e+02 -1.535566720000000052e+00
6.378070410000000265e+02 -1.511895509999999998e+00
6.381078929999999900e+02 -1.487147380000000130e+00
6.384087459999999510e+02 -1.461357519999999965e+00
6.387095980000000282e+02 -1.434547039999999996e+00
6.390104509999999891e+02 -1.406758179999999969e+00
6.393113029999999526e+02 -1.378033170000000140e+00
6.396121550000000298e+02 -1.348400169999999898e+00
6.399130079999999907e+02 -1.317908440000000070e+00
6.402138599999999542e+02 -1.286586149999999984e+00
6.405147120000000314e+02 -1.254489589999999932e+00
6.408155649999999923e+02 -1.221653970000000200e+00
6.411164169999999558e+02 -1.188128560000000000e+00
6.414172700000000304e+02 -1.153948550000000184e+00
6.417181219999999939e+02 -1.119163199999999803e+00
6.420189739999999574e+02 -1.083828839999999794e+00
6.423198270000000321e+02 -1.047980649999999958e+00
6.426206789999999955e+02 -1.011667899999999953e+00
6.429215309999999590e+02 -9.749398689999999590e-01
6.432223840000000337e+02 -9.378528640000000083e-01
6.435232359999999971e+02 -9.004420779999999791e-01
6.438240889999999581e+02 -8.627708590000000566e-01
6.441249410000000353e+02 -8.248814400000000768e-01
6.444257929999999988e+02 -7.868230920000000017e-01
6.447266459999999597e+02 -7.486450850000000434e-01
6.450274980000000369e+02 -7.104107689999999975e-01
6.453283500000000004e+02 -6.721490020000000509e-01
6.456292029999999613e+02 -6.339224279999999823e-01
6.459300550000000385e+02 -5.957782079999999203e-01
6.462309079999999994e+02 -5.577642030000000695e-01
6.465317599999999629e+02 -5.199296860000000020e-01
6.468326120000000401e+02 -4.823225200000000323e-01
6.471334650000000011e+02 -4.449898639999999572e-01
6.474343169999999645e+02 -4.079795800000000083e-01
6.477351700000000392e+02 -3.713367180000000101e-01
6.480360220000000027e+02 -3.351070290000000007e-01
6.483368739999999661e+02 -2.993348570000000097e-01
6.486377270000000408e+02 -2.640638409999999658e-01
6.489385790000000043e+02 -2.293355099999999924e-01
6.492394309999999678e+02 -1.951913929999999908e-01
6.495402840000000424e+02 -1.616716099999999934e-01
6.498411360000000059e+02 -1.288155780000000139e-01
6.501419889999999668e+02 -9.665989880000000478e-02
6.504428410000000440e+02 -6.524075089999999133e-02
6.507436930000000075e+02 -3.459297620000000018e-02
6.510445459999999684e+02 -4.749607250000000176e-03
6.513453980000000456e+02 2.425781540000000042e-02
6.516462500000000091e+02 5.239931379999999972e-02
6.519471029999999701e+02 7.964661350000000473e-02
6.522479550000000472e+02 1.059735300000000102e-01
6.525488080000000082e+02 1.313544439999999869e-01
6.528496599999999717e+02 1.557668289999999955e-01
6.531505120000000488e+02 1.791888670000000017e-01
6.534513650000000098e+02 2.016022570000000069e-01
6.537522169999999733e+02 2.229886980000000130e-01
6.540530690000000504e+02 2.433334080000000010e-01
6.543539220000000114e+02 2.626223109999999972e-01
6.546547739999999749e+02 2.808434399999999997e-01
6.549556270000000495e+02 2.979876459999999949e-01
6.552564790000000130e+02 3.140471850000000065e-01
6.555573309999999765e+02 3.290157229999999822e-01
6.558581840000000511e+02 3.428904429999999892e-01
6.561590360000000146e+02 3.556699400000000177e-01
6.564598879999999781e+02 3.673535079999999953e-01
6.567607410000000527e+02 3.779439629999999939e-01
6.570615930000000162e+02 3.874455279999999835e-01
6.573624459999999772e+02 3.958645390000000153e-01
6.576632980000000543e+02 4.032094410000000018e-01
6.579641500000000178e+02 4.094900890000000016e-01
6.582650029999999788e+02 4.147191530000000070e-01
6.585658550000000560e+02 4.189093019999999834e-01
6.588667070000000194e+02 4.220774290000000040e-01
6.591675599999999804e+02 4.242404270000000310e-01
6.594684119999999439e+02 4.254180039999999607e-01
6.597692650000000185e+02 4.256312770000000301e-01
6.600701169999999820e+02 4.249027700000000407e-01
6.603709689999999455e+02 4.232571179999999877e-01
6.606718220000000201e+02 4.207196599999999953e-01
6.609726739999999836e+02 4.173185519999999538e-01
6.612735269999999446e+02 4.130826510000000229e-01
6.615743790000000217e+02 4.080415210000000181e-01
6.618752309999999852e+02 4.022275399999999945e-01
6.621760839999999462e+02 3.956730860000000072e-01
6.624769360000000233e+02 3.884126479999999715e-01
6.627777879999999868e+02 3.804814209999999863e-01
6.630786409999999478e+02 3.719145970000000134e-01
6.633794930000000249e+02 3.627508899999999925e-01
6.636803459999999859e+02 3.530276049999999666e-01
6.639811979999999494e+02 3.427841590000000327e-01
6.642820500000000266e+02 3.320592639999999651e-01
6.645829029999999875e+02 3.208937459999999797e-01
6.648837549999999510e+02 3.093277240000000261e-01
6.651846070000000282e+02 2.974041360000000411e-01
6.654854599999999891e+02 2.851631020000000016e-01
6.657863119999999526e+02 2.726468529999999668e-01
6.660871650000000272e+02 2.598976229999999665e-01
6.663880169999999907e+02 2.469576439999999762e-01
6.666888689999999542e+02 2.338698520000000169e-01
6.669897220000000289e+02 2.206757749999999907e-01
6.672905739999999923e+02 2.074176459999999833e-01
6.675914259999999558e+02 1.941369929999999799e-01
6.678922790000000305e+02 1.808760480000000115e-01
6.681931309999999939e+02 1.676749319999999988e-01
6.684939839999999549e+02 1.545751740000000096e-01
6.687948360000000321e+02 1.416154869999999844e-01
6.690956879999999956e+02 1.288366940000000016e-01
6.693965409999999565e+02 1.162761019999999923e-01
6.696973930000000337e+02 1.039717190000000041e-01
6.699982449999999972e+02 9.196014680000000330e-02
6.702990979999999581e+02 8.027728269999999389e-02
6.705999500000000353e+02 6.895832020000000617e-02
6.709008029999999962e+02 5.803584880000000473e-02
6.712016549999999597e+02 4.754245759999999738e-02
6.715025070000000369e+02 3.750897629999999650e-02
6.718033599999999979e+02 2.796510819999999814e-02
6.721042119999999613e+02 1.893893769999999838e-02
6.724050640000000385e+02 1.045714179999999993e-02
6.727059169999999995e+02 2.544700679999999885e-03
6.730067689999999629e+02 -4.774848090000000447e-03
6.733076220000000376e+02 -1.147972669999999980e-02
6.736084740000000011e+02 -1.754977640000000144e-02
6.739093259999999646e+02 -2.296670330000000204e-02
6.742101790000000392e+02 -2.771396670000000201e-02
6.745110310000000027e+02 -3.177685549999999942e-02
6.748118839999999636e+02 -3.514248890000000458e-02
6.751127360000000408e+02 -3.779995690000000075e-02
6.754135880000000043e+02 -3.974024990000000340e-02
6.757144409999999652e+02 -4.095632920000000232e-02
6.760152930000000424e+02 -4.144298620000000377e-02
6.763161450000000059e+02 -4.119719410000000082e-02
6.766169979999999669e+02 -4.021775650000000008e-02
6.769178500000000440e+02 -3.850551800000000247e-02
6.772187030000000050e+02 -3.606329400000000268e-02
6.775195549999999685e+02 -3.289601170000000518e-02
6.778204070000000456e+02 -2.901042820000000050e-02
6.781212600000000066e+02 -2.441527149999999854e-02
6.784221119999999701e+02 -1.912138130000000033e-02
6.787229640000000472e+02 -1.314128650000000002e-02
6.790238170000000082e+02 -6.489676879999999731e-03
6.793246689999999717e+02 8.170403079999999591e-04
6.796255220000000463e+02 8.760599579999998540e-03
6.799263740000000098e+02 1.732080689999999923e-02
6.802272259999999733e+02 2.647585620000000167e-02
6.805280790000000479e+02 3.620216789999999851e-02
6.808289310000000114e+02 4.647440259999999906e-02
6.811297829999999749e+02 5.726581310000000008e-02
6.814306360000000495e+02 6.854775180000000079e-02
6.817314880000000130e+02 8.029065619999999071e-02
6.820323409999999740e+02 9.246271130000000005e-02
6.823331930000000511e+02 1.050310460000000029e-01
6.826340450000000146e+02 1.179618750000000077e-01
6.829348979999999756e+02 1.312200040000000012e-01
6.832357500000000528e+02 1.447688319999999862e-01
6.835366020000000162e+02 1.585703509999999983e-01
6.838374549999999772e+02 1.725865499999999775e-01
6.841383070000000544e+02 1.867787170000000108e-01
6.844391600000000153e+02 2.011053240000000020e-01
6.847400119999999788e+02 2.155255450000000128e-01
6.850408640000000560e+02 2.299985569999999924e-01
6.853417170000000169e+02 2.444814230000000033e-01
6.856425689999999804e+02 2.589312069999999966e-01
6.859434209999999439e+02 2.733056770000000246e-01
6.862442740000000185e+02 2.875618969999999552e-01
6.865451259999999820e+02 3.016548179999999912e-01
6.868459790000000567e+02 3.155422090000000179e-01
6.871468310000000201e+02 3.291797249999999786e-01
6.874476829999999836e+02 3.425244299999999908e-01
6.877485359999999446e+02 3.555333890000000330e-01
6.880493880000000217e+02 3.681629600000000391e-01
6.883502409999999827e+02 3.803709129999999772e-01
6.886510929999999462e+02 3.921164220000000200e-01
6.889519450000000234e+02 4.033565499999999804e-01
6.892527979999999843e+02 4.140511789999999914e-01
6.895536499999999478e+02 4.241608889999999854e-01
6.898545020000000250e+02 4.336462660000000024e-01
6.901553549999999859e+02 4.424700030000000006e-01
6.904562069999999494e+02 4.505940909999999744e-01
6.907570600000000240e+02 4.579847449999999709e-01
6.910579119999999875e+02 4.646053629999999934e-01
6.913587639999999510e+02 4.704242710000000049e-01
6.916596170000000257e+02 4.754097950000000239e-01
6.919604689999999891e+02 4.795316679999999665e-01
6.922613209999999526e+02 4.827603279999999608e-01
6.925621740000000273e+02 4.850697319999999757e-01
6.928630259999999907e+02 4.864352430000000171e-01
6.931638789999999517e+02 4.868322270000000063e-01
6.934647310000000289e+02 4.862395669999999837e-01
6.937655829999999924e+02 4.846375540000000259e-01
6.940664359999999533e+02 4.820092970000000032e-01
6.943672880000000305e+02 4.783386059999999995e-01
6.946681399999999940e+02 4.736114029999999864e-01
6.949689929999999549e+02 4.678171300000000254e-01
6.952698450000000321e+02 4.609452299999999836e-01
6.955706979999999930e+02 4.529900700000000224e-01
6.958715499999999565e+02 4.439467260000000137e-01
6.961724020000000337e+02 4.338109719999999614e-01
6.964732549999999947e+02 4.225842160000000125e-01
6.967741069999999581e+02 4.102671640000000175e-01
6.970749590000000353e+02 3.968654449999999834e-01
6.973758119999999963e+02 3.823839860000000090e-01
6.976766639999999597e+02 3.668326430000000138e-01
6.979775170000000344e+02 3.502219720000000480e-01
6.982783689999999979e+02 3.325660520000000009e-01
6.985792209999999614e+02 3.138810710000000115e-01
6.988800740000000360e+02 2.941839230000000138e-01
6.991809259999999995e+02 2.734950190000000059e-01
6.994817779999999630e+02 2.518382910000000474e-01
6.997826310000000376e+02 2.292369679999999854e-01
7.000834830000000011e+02 2.057184989999999991e-01
7.003843359999999620e+02 1.813124490000000144e-01
7.006851880000000392e+02 1.560490820000000056e-01
7.009860400000000027e+02 1.299621850000000078e-01
7.012868929999999636e+02 1.030869519999999956e-01
7.015877450000000408e+02 7.545928020000000624e-02
7.018885980000000018e+02 4.711950110000000247e-02
7.021894499999999653e+02 1.810766520000000115e-02
7.024903020000000424e+02 -1.153385450000000111e-02
7.027911550000000034e+02 -4.176078429999999925e-02
7.030920069999999669e+02 -7.252765410000000523e-02
7.033928590000000440e+02 -1.037873049999999964e-01
7.036937120000000050e+02 -1.354910980000000043e-01
7.039945639999999685e+02 -1.675890600000000119e-01
7.042954170000000431e+02 -2.000312149999999844e-01
7.045962690000000066e+02 -2.327640689999999901e-01
7.048971209999999701e+02 -2.657348319999999764e-01
7.051979740000000447e+02 -2.988893060000000212e-01
7.054988260000000082e+02 -3.321725880000000464e-01
7.057996779999999717e+02 -3.655297760000000284e-01
7.061005310000000463e+02 -3.989031540000000375e-01
7.064013830000000098e+02 -4.322371140000000334e-01
7.067022359999999708e+02 -4.654732370000000397e-01
7.070030880000000479e+02 -4.985559149999999606e-01
7.073039400000000114e+02 -5.314253209999999505e-01
7.076047929999999724e+02 -5.640251429999999511e-01
7.079056450000000495e+02 -5.962976650000000323e-01
7.082064970000000130e+02 -6.281851690000000987e-01
7.085073499999999740e+02 -6.596299379999999157e-01
7.088082020000000512e+02 -6.905756619999999790e-01
7.091090550000000121e+02 -7.209688459999999965e-01
7.094099069999999756e+02 -7.507426229999999423e-01
7.097107590000000528e+02 -7.798618000000000494e-01
7.100116120000000137e+02 -8.082489489999999943e-01
7.103124639999999772e+02 -8.358688789999999535e-01
7.106133160000000544e+02 -8.626652779999999243e-01
7.109141690000000153e+02 -8.885818379999999017e-01
7.112150209999999788e+02 -9.135763250000000779e-01
7.115158740000000535e+02 -9.375994699999999904e-01
7.118167260000000169e+02 -9.605949620000000522e-01
7.121175779999999804e+02 -9.825276069999999695e-01
7.124184310000000551e+02 -1.003348130000000005e+00
7.127192830000000185e+02 -1.023021350000000051e+00
7.130201349999999820e+02 -1.041505029999999943e+00
7.133209880000000567e+02 -1.058756919999999990e+00
7.136218400000000202e+02 -1.074741850000000110e+00
7.139226929999999811e+02 -1.089431660000000024e+00
7.142235449999999446e+02 -1.102798179999999961e+00
7.145243970000000218e+02 -1.114799199999999990e+00
7.148252499999999827e+02 -1.125413580000000024e+00
7.151261019999999462e+02 -1.134620229999999896e+00
7.154269550000000208e+02 -1.142398009999999964e+00
7.157278069999999843e+02 -1.148718780000000050e+00
7.160286589999999478e+02 -1.153568449999999856e+00
7.163295120000000225e+02 -1.156939999999999857e+00
7.166303639999999859e+02 -1.158819339999999976e+00
7.169312159999999494e+02 -1.159192390000000072e+00
7.172320690000000241e+02 -1.158052120000000018e+00
7.175329209999999875e+02 -1.155398520000000095e+00
7.178337739999999485e+02 -1.151231600000000022e+00
7.181346260000000257e+02 -1.145551350000000079e+00
7.184354779999999892e+02 -1.138364820000000055e+00
7.187363309999999501e+02 -1.129672009999999949e+00
7.190371830000000273e+02 -1.119494020000000090e+00
7.193380349999999908e+02 -1.107830859999999973e+00
7.196388879999999517e+02 -1.094710690000000097e+00
7.199397400000000289e+02 -1.080147590000000157e+00
7.202405929999999898e+02 -1.064155619999999969e+00
7.205414449999999533e+02 -1.046769990000000039e+00
7.208422970000000305e+02 -1.028011800000000031e+00
7.211431499999999915e+02 -1.007902190000000031e+00
7.214440019999999549e+02 -9.864833660000000837e-01
7.217448540000000321e+02 -9.637905399999999734e-01
7.220457069999999931e+02 -9.398518600000000944e-01
7.223465589999999565e+02 -9.147095590000000609e-01
7.226474120000000312e+02 -8.884058699999999309e-01
7.229482639999999947e+02 -8.609830239999999302e-01
7.232491159999999581e+02 -8.324832549999999776e-01
7.235499690000000328e+02 -8.029628720000000497e-01
7.238508209999999963e+02 -7.724570680000000245e-01
7.241516729999999598e+02 -7.410291920000000587e-01
7.244525260000000344e+02 -7.087355539999999898e-01
7.247533779999999979e+02 -6.756176819999999417e-01
7.250542309999999588e+02 -6.417403320000000244e-01
7.253550830000000360e+02 -6.071605190000000096e-01
7.256559349999999995e+02 -5.719366619999999291e-01
7.259567879999999604e+02 -5.361307039999999580e-01
7.262576400000000376e+02 -4.998031760000000157e-01
7.265584929999999986e+02 -4.630174280000000087e-01
7.268593449999999621e+02 -4.258375119999999736e-01
7.271601970000000392e+02 -3.883281839999999652e-01
7.274610500000000002e+02 -3.505541999999999825e-01
7.277619019999999637e+02 -3.125817240000000052e-01
7.280627540000000408e+02 -2.744769200000000131e-01
7.283636070000000018e+02 -2.363073599999999941e-01
7.286644589999999653e+02 -1.981385040000000208e-01
7.289653120000000399e+02 -1.600379229999999986e-01
7.292661640000000034e+02 -1.220731899999999981e-01
7.295670159999999669e+02 -8.430976419999999805e-02
7.298678690000000415e+02 -4.681387990000000082e-02
7.301687210000000050e+02 -9.652053219999999836e-03
7.304695729999999685e+02 2.711081900000000128e-02
7.307704260000000431e+02 6.341019159999999877e-02
7.310712780000000066e+02 9.918257529999999211e-02
7.313721309999999676e+02 1.343649030000000077e-01
7.316729830000000447e+02 1.688961499999999949e-01
7.319738350000000082e+02 2.027157820000000110e-01
7.322746879999999692e+02 2.357646750000000069e-01
7.325755400000000463e+02 2.679858139999999889e-01
7.328763920000000098e+02 2.993221870000000173e-01
7.331772449999999708e+02 3.297202979999999672e-01
7.334780970000000480e+02 3.591280619999999701e-01
7.337789500000000089e+02 3.874940960000000101e-01
7.340798019999999724e+02 4.147698320000000050e-01
7.343806540000000496e+02 4.409095190000000275e-01
7.346815070000000105e+02 4.658681089999999747e-01
7.349823589999999740e+02 4.896047779999999627e-01
7.352832110000000512e+02 5.120794040000000713e-01
7.355840640000000121e+02 5.332539800000000163e-01
7.358849159999999756e+02 5.530954220000000587e-01
7.361857690000000503e+02 5.715706489999999862e-01
7.364866210000000137e+02 5.886515059999999355e-01
7.367874729999999772e+02 6.043105420000000061e-01
7.370883260000000519e+02 6.185252330000000631e-01
7.373891780000000153e+02 6.312730549999999718e-01
7.376900299999999788e+02 6.425378189999999545e-01
7.379908830000000535e+02 6.523033360000000114e-01
7.382917350000000170e+02 6.605576410000000287e-01
7.385925879999999779e+02 6.672929900000000858e-01
7.388934400000000551e+02 6.725023449999999459e-01
7.391942920000000186e+02 6.761828910000000636e-01
7.394951449999999795e+02 6.783346270000000233e-01
7.397959970000000567e+02 6.789617770000000441e-01
7.400968500000000176e+02 6.780699709999999936e-01
7.403977019999999811e+02 6.756683610000000506e-01
7.406985539999999446e+02 6.717696150000000976e-01
7.409994070000000193e+02 6.663892189999999216e-01
7.413002589999999827e+02 6.595454730000001042e-01
7.416011109999999462e+02 6.512609020000000859e-01
7.419019640000000209e+02 6.415580300000000014e-01
7.422028159999999843e+02 6.304657140000000659e-01
7.425036689999999453e+02 6.180128140000000769e-01
7.428045210000000225e+02 6.042331159999999590e-01
7.431053729999999860e+02 5.891618130000000342e-01
7.434062259999999469e+02 5.728376179999999929e-01
7.437070780000000241e+02 5.553013559999999682e-01
7.440079299999999876e+02 5.365959630000000091e-01
7.443087829999999485e+02 5.167678940000000054e-01
7.446096350000000257e+02 4.958650130000000211e-01
7.449104879999999866e+02 4.739372950000000362e-01
7.452113399999999501e+02 4.510382339999999823e-01
7.455121920000000273e+02 4.272220279999999759e-01
7.458130449999999882e+02 4.025449859999999935e-01
7.461138969999999517e+02 3.770662349999999718e-01
7.464147490000000289e+02 3.508456030000000059e-01
7.467156019999999899e+02 3.239443260000000047e-01
7.470164539999999533e+02 2.964257539999999858e-01
7.473173070000000280e+02 2.683553469999999663e-01
7.476181589999999915e+02 2.397985639999999918e-01
7.479190109999999549e+02 2.108215700000000137e-01
7.482198640000000296e+02 1.814926399999999829e-01
7.485207159999999931e+02 1.518800490000000170e-01
7.488215679999999566e+02 1.220541859999999951e-01
7.491224210000000312e+02 9.208473209999999687e-02
7.494232729999999947e+02 6.204073860000000606e-02
7.497241259999999556e+02 3.199392959999999841e-02
7.500249780000000328e+02 2.014650020000000128e-03
7.503258299999999963e+02 -2.782651579999999986e-02
7.506266829999999572e+02 -5.745909629999999824e-02
7.509275350000000344e+02 -8.681273230000000063e-02
7.512283869999999979e+02 -1.158185850000000017e-01
7.515292399999999589e+02 -1.444070420000000132e-01
7.518300920000000360e+02 -1.725091239999999859e-01
7.521309449999999970e+02 -2.000586659999999961e-01
7.524317969999999605e+02 -2.269888009999999900e-01
7.527326490000000376e+02 -2.532347730000000241e-01
7.530335019999999986e+02 -2.787325290000000066e-01
7.533343539999999621e+02 -3.034194250000000204e-01
7.536352070000000367e+02 -3.272342229999999907e-01
7.539360590000000002e+02 -3.501192069999999879e-01
7.542369109999999637e+02 -3.720166589999999718e-01
7.545377640000000383e+02 -3.928716760000000030e-01
7.548386160000000018e+02 -4.126307650000000105e-01
7.551394679999999653e+02 -4.312425429999999782e-01
7.554403210000000399e+02 -4.486591470000000359e-01
7.557411730000000034e+02 -4.648341210000000445e-01
7.560420259999999644e+02 -4.797245290000000106e-01
7.563428780000000415e+02 -4.932888430000000324e-01
7.566437300000000050e+02 -5.054890530000000215e-01
7.569445829999999660e+02 -5.162899650000000173e-01
7.572454350000000431e+02 -5.256584989999999458e-01
7.575462870000000066e+02 -5.335657950000000094e-01
7.578471399999999676e+02 -5.399851060000000480e-01
7.581479920000000448e+02 -5.448939080000000379e-01
7.584488450000000057e+02 -5.482703810000000288e-01
7.587496969999999692e+02 -5.500997430000000854e-01
7.590505490000000464e+02 -5.503665110000000027e-01
7.593514020000000073e+02 -5.490615320000000743e-01
7.596522539999999708e+02 -5.461777700000000069e-01
7.599531060000000480e+02 -5.417117029999999334e-01
7.602539590000000089e+02 -5.356626289999999457e-01
7.605548109999999724e+02 -5.280347699999999866e-01
7.608556640000000471e+02 -5.188337579999999782e-01
7.611565160000000105e+02 -5.080701499999999982e-01
7.614573679999999740e+02 -4.957580249999999911e-01
7.617582210000000487e+02 -4.819142739999999758e-01
7.620590730000000121e+02 -4.665586070000000141e-01
7.623599249999999756e+02 -4.497149550000000273e-01
7.626607780000000503e+02 -4.314100649999999537e-01
7.629616300000000138e+02 -4.116749070000000343e-01
7.632624829999999747e+02 -3.905418599999999629e-01
7.635633350000000519e+02 -3.680482290000000045e-01
7.638641870000000154e+02 -3.442341349999999967e-01
7.641650399999999763e+02 -3.191411050000000360e-01
7.644658920000000535e+02 -2.928155960000000113e-01
7.647667440000000170e+02 -2.653061740000000057e-01
7.650675969999999779e+02 -2.366642230000000069e-01
7.653684490000000551e+02 -2.069432360000000026e-01
7.656693020000000161e+02 -1.761995239999999963e-01
7.659701539999999795e+02 -1.444929149999999995e-01
7.662710060000000567e+02 -1.118839420000000001e-01
7.665718590000000177e+02 -7.843665789999999804e-02
7.668727109999999811e+02 -4.421680420000000111e-02
7.671735640000000558e+02 -9.291670859999998436e-03
7.674744160000000193e+02 2.626912910000000004e-02
7.677752679999999827e+02 6.239450450000000314e-02
7.680761209999999437e+02 9.901153449999999800e-02
7.683769730000000209e+02 1.360464529999999839e-01
7.686778249999999844e+02 1.734234530000000052e-01
7.689786779999999453e+02 2.110665170000000090e-01
7.692795300000000225e+02 2.488982190000000039e-01
7.695803829999999834e+02 2.868397239999999626e-01
7.698812349999999469e+02 3.248129040000000134e-01
7.701820870000000241e+02 3.627375170000000093e-01
7.704829399999999850e+02 4.005354319999999690e-01
7.707837919999999485e+02 4.381257060000000036e-01
7.710846440000000257e+02 4.754295029999999755e-01
7.713854969999999867e+02 5.123665840000000138e-01
7.716863489999999501e+02 5.488588170000000543e-01
7.719872020000000248e+02 5.848266659999999950e-01
7.722880539999999883e+02 6.201934089999999733e-01
7.725889059999999517e+02 6.548809150000000079e-01
7.728897590000000264e+02 6.888145740000000128e-01
7.731906109999999899e+02 7.219190730000000222e-01
7.734914629999999534e+02 7.541212080000000428e-01
7.737923160000000280e+02 7.853449609999999526e-01
7.740931679999999915e+02 8.155340220000000251e-01
7.743940209999999524e+02 8.446039279999999483e-01
7.746948730000000296e+02 8.724983670000000524e-01
7.749957249999999931e+02 8.991469529999999155e-01
7.752965779999999540e+02 9.244933770000000051e-01
7.755974300000000312e+02 9.484813280000000679e-01
7.758982819999999947e+02 9.710404190000000435e-01
7.761991349999999557e+02 9.921354570000000539e-01
7.764999870000000328e+02 1.011703089999999916e+00
7.768008399999999938e+02 1.029694059999999967e+00
7.771016919999999573e+02 1.046066109999999938e+00
7.774025440000000344e+02 1.060784070000000190e+00
7.777033969999999954e+02 1.073798660000000016e+00
7.780042489999999589e+02 1.085081729999999967e+00
7.783051010000000360e+02 1.094598069999999979e+00
7.786059539999999970e+02 1.102326590000000106e+00
7.789068059999999605e+02 1.108232069999999903e+00
7.792076590000000351e+02 1.112300449999999996e+00
7.795085109999999986e+02 1.114510609999999957e+00
7.798093629999999621e+02 1.114855509999999938e+00
7.801102160000000367e+02 1.113321060000000085e+00
7.804110680000000002e+02 1.109907289999999991e+00
7.807119209999999612e+02 1.104600089999999923e+00
7.810127730000000383e+02 1.097413559999999899e+00
7.813136250000000018e+02 1.088347689999999979e+00
7.816144779999999628e+02 1.077423600000000148e+00
7.819153300000000399e+02 1.064641289999999962e+00
7.822161820000000034e+02 1.050021869999999913e+00
7.825170349999999644e+02 1.033593509999999993e+00
7.828178870000000416e+02 1.015377299999999927e+00
7.831187400000000025e+02 9.954084610000000222e-01
7.834195919999999660e+02 9.737151320000000387e-01
7.837204440000000432e+02 9.503325110000000464e-01
7.840212970000000041e+02 9.253098680000000353e-01
7.843221489999999676e+02 8.986823979999999379e-01
7.846230010000000448e+02 8.705064100000000638e-01
7.849238540000000057e+02 8.408311749999999307e-01
7.852247059999999692e+02 8.097059640000000558e-01
7.855255590000000439e+02 7.771941249999999579e-01
7.858264110000000073e+02 7.433590080000000988e-01
7.861272629999999708e+02 7.082569210000000393e-01
7.864281160000000455e+02 6.719596600000000697e-01
7.867289680000000089e+02 6.345376119999999176e-01
7.870298199999999724e+02 5.960611640000000877e-01
7.873306730000000471e+02 5.566063340000000359e-01
7.876315250000000106e+02 5.162491409999999670e-01
7.879323779999999715e+02 4.750691209999999831e-01
7.882332300000000487e+02 4.331479239999999620e-01
7.885340820000000122e+02 3.905679040000000213e-01
7.888349349999999731e+02 3.474135239999999736e-01
7.891357870000000503e+02 3.037713599999999903e-01
7.894366390000000138e+02 2.597279900000000197e-01
7.897374919999999747e+02 2.153728050000000005e-01
7.900383440000000519e+02 1.707944919999999922e-01
7.903391970000000128e+02 1.260831480000000060e-01
7.906400489999999763e+02 8.132957100000000328e-02
7.909409010000000535e+02 3.662477249999999962e-02
7.912417540000000145e+02 -7.940237000000001030e-03
7.915426059999999779e+02 -5.227437659999999847e-02
7.918434580000000551e+02 -9.628684680000000606e-02
7.921443110000000161e+02 -1.398874820000000074e-01
7.924451629999999795e+02 -1.829855519999999958e-01
7.927460160000000542e+02 -2.254937780000000058e-01
7.930468680000000177e+02 -2.673227669999999612e-01
7.933477199999999812e+02 -3.083866480000000410e-01
7.936485730000000558e+02 -3.485995479999999813e-01
7.939494250000000193e+02 -3.878784100000000068e-01
7.942502779999999802e+02 -4.261401769999999534e-01
7.945511299999999437e+02 -4.633060160000000427e-01
7.948519820000000209e+02 -4.992970919999999424e-01
7.951528349999999818e+02 -5.340387970000000095e-01
7.954536869999999453e+02 -5.674565180000000764e-01
7.957545390000000225e+02 -5.994805730000000166e-01
7.960553919999999835e+02 -6.300440950000000262e-01
7.963562439999999469e+02 -6.590802140000000531e-01
7.966570970000000216e+02 -6.865283989999999559e-01
7.969579489999999851e+02 -7.123323390000000366e-01
7.972588009999999485e+02 -7.364329090000000244e-01
7.975596540000000232e+02 -7.587737999999999428e-01
7.978605059999999867e+02 -7.793198179999999420e-01
7.981613579999999502e+02 -7.980146529999999627e-01
7.984622110000000248e+02 -8.148301510000000025e-01
7.987630629999999883e+02 -8.297170389999999340e-01
7.990639159999999492e+02 -8.426471639999999486e-01
7.993647680000000264e+02 -8.535923709999999609e-01
7.996656199999999899e+02 -8.625245040000000252e-01
7.999664729999999508e+02 -8.694294860000000291e-01
8.002673250000000280e+02 -8.742791630000000813e-01
8.005681769999999915e+02 -8.770805729999999745e-01
8.008690299999999525e+02 -8.778055599999999847e-01
8.011698820000000296e+02 -8.764682040000000285e-01
8.014707349999999906e+02 -8.730544259999999390e-01
8.017715869999999541e+02 -8.675783030000000506e-01
8.020724390000000312e+02 -8.600468749999999885e-01
8.023732919999999922e+02 -8.504742190000000868e-01
8.026741439999999557e+02 -8.388744109999999310e-01
8.029749960000000328e+02 -8.252826469999999803e-01
8.032758489999999938e+02 -8.097059640000000558e-01
8.035767009999999573e+02 -7.921865949999999934e-01
8.038775540000000319e+02 -7.727597330000000042e-01
8.041784059999999954e+02 -7.514605720000000488e-01
8.044792579999999589e+02 -7.283243059999999769e-01
8.047801110000000335e+02 -7.034121720000000577e-01
8.050809629999999970e+02 -6.767635850000000008e-01
8.053818149999999605e+02 -6.484348569999999201e-01
8.056826680000000351e+02 -6.184822959999999314e-01
8.059835199999999986e+02 -5.869657329999999895e-01
8.062843729999999596e+02 -5.539492179999999655e-01
8.065852250000000367e+02 -5.194989169999999490e-01
8.068860770000000002e+02 -4.836838080000000484e-01
8.071869299999999612e+02 -4.465756869999999989e-01
8.074877820000000384e+02 -4.082498670000000440e-01
8.077886349999999993e+02 -3.687823680000000270e-01
8.080894869999999628e+02 -3.282534289999999855e-01
8.083903390000000400e+02 -2.867439979999999999e-01
8.086911920000000009e+02 -2.443378330000000043e-01
8.089920439999999644e+02 -2.011186970000000129e-01
8.092928960000000416e+02 -1.571738689999999938e-01
8.095937490000000025e+02 -1.125906289999999976e-01
8.098946009999999660e+02 -6.745829910000000762e-02
8.101954540000000407e+02 -2.186648130000000065e-02
8.104963060000000041e+02 2.409444670000000094e-02
8.107971579999999676e+02 7.033326339999999843e-02
8.110980110000000423e+02 1.167589580000000099e-01
8.113988630000000057e+02 1.632792529999999853e-01
8.116997149999999692e+02 2.098037710000000000e-01
8.120005680000000439e+02 2.562410090000000196e-01
8.123014200000000073e+02 3.025008720000000317e-01
8.126022729999999683e+02 3.484925589999999795e-01
8.129031250000000455e+02 3.941273829999999978e-01
8.132039770000000090e+02 4.393180650000000353e-01
8.135048299999999699e+02 4.839773229999999593e-01
8.138056820000000471e+02 5.280206929999999854e-01
8.141065340000000106e+02 5.713637099999999691e-01
8.144073869999999715e+02 6.139254299999999942e-01
8.147082390000000487e+02 6.556263150000000151e-01
8.150090920000000096e+02 6.963889389999999846e-01
8.153099439999999731e+02 7.361372830000000311e-01
8.156107960000000503e+02 7.748009610000000658e-01
8.159116490000000113e+02 8.123102899999999904e-01
8.162125009999999747e+02 8.485878420000000366e-01
8.165133530000000519e+02 8.835843479999999639e-01
8.168142060000000129e+02 9.172364589999999485e-01
8.171150579999999763e+02 9.494808260000000555e-01
8.174159110000000510e+02 9.802611399999999753e-01
8.177167630000000145e+02 1.009528129999999857e+00
8.180176149999999780e+02 1.037239560000000171e+00
8.183184680000000526e+02 1.063346169999999979e+00
8.186193200000000161e+02 1.087812750000000106e+00
8.189201729999999770e+02 1.110597080000000014e+00
8.192210250000000542e+02 1.131670999999999871e+00
8.195218770000000177e+02 1.151006360000000006e+00
8.198227299999999786e+02 1.168575000000000141e+00
8.201235820000000558e+02 1.184355810000000009e+00
8.204244340000000193e+02 1.198334699999999975e+00
8.207252869999999803e+02 1.210497610000000002e+00
8.210261389999999437e+02 1.220837480000000141e+00
8.213269920000000184e+02 1.229354330000000051e+00
8.216278439999999819e+02 1.236034069999999874e+00
8.219286959999999453e+02 1.240890789999999910e+00
8.222295490000000200e+02 1.243931520000000068e+00
8.225304009999999835e+02 1.245163290000000034e+00
8.228312529999999470e+02 1.244607229999999953e+00
8.231321060000000216e+02 1.242277419999999966e+00
8.234329579999999851e+02 1.238194959999999956e+00
8.237338109999999460e+02 1.232395059999999987e+00
8.240346630000000232e+02 1.224898820000000166e+00
8.243355149999999867e+02 1.215741449999999890e+00
8.246363679999999476e+02 1.204965170000000141e+00
8.249372200000000248e+02 1.192605179999999931e+00
8.252380719999999883e+02 1.178703720000000121e+00
8.255389249999999493e+02 1.163317079999999892e+00
8.258397770000000264e+02 1.146480469999999974e+00
8.261406299999999874e+02 1.128257219999999839e+00
8.264414819999999509e+02 1.108696630000000072e+00
8.267423340000000280e+02 1.087862019999999985e+00
8.270431869999999890e+02 1.065802680000000002e+00
8.273440389999999525e+02 1.042588990000000049e+00
8.276448910000000296e+02 1.018284289999999981e+00
8.279457439999999906e+02 9.929519480000000842e-01
8.282465959999999541e+02 9.666552979999999407e-01
8.285474490000000287e+02 9.394717689999999566e-01
8.288483009999999922e+02 9.114717490000000533e-01
8.291491529999999557e+02 8.827185860000000828e-01
8.294500060000000303e+02 8.532897059999999811e-01
8.297508579999999938e+02 8.232554960000000310e-01
8.300517099999999573e+02 7.926933820000000575e-01
8.303525630000000319e+02 7.616807909999999682e-01
8.306534149999999954e+02 7.302810699999999766e-01
8.309542679999999564e+02 6.985822029999999572e-01
8.312551200000000335e+02 6.666503549999999167e-01
8.315559719999999970e+02 6.345629520000000134e-01
8.318568249999999580e+02 6.023931949999999924e-01
8.321576770000000352e+02 5.702156959999999941e-01
8.324585299999999961e+02 5.381022490000000325e-01
8.327593819999999596e+02 5.061253529999999445e-01
8.330602340000000368e+02 4.743553949999999575e-01
8.333610869999999977e+02 4.428620590000000301e-01
8.336619389999999612e+02 4.117143239999999649e-01
8.339627910000000384e+02 3.809776500000000010e-01
8.342636439999999993e+02 3.507174980000000164e-01
8.345644959999999628e+02 3.209972150000000024e-01
8.348653490000000374e+02 2.918787429999999961e-01
8.351662010000000009e+02 2.634205020000000008e-01
8.354670529999999644e+02 2.356795059999999831e-01
8.357679060000000391e+02 2.087113620000000114e-01
8.360687580000000025e+02 1.825688599999999995e-01
8.363696099999999660e+02 1.573012699999999930e-01
8.366704630000000407e+02 1.329557520000000104e-01
8.369713150000000041e+02 1.095787620000000101e-01
8.372721679999999651e+02 8.721182759999999978e-02
8.375730200000000423e+02 6.589387359999999971e-02
8.378738720000000058e+02 4.566234570000000242e-02
8.381747249999999667e+02 2.655088889999999979e-02
8.384755770000000439e+02 8.590473769999999037e-03
8.387764290000000074e+02 -8.190815359999999157e-03
8.390772819999999683e+02 -2.376785019999999929e-02
8.393781340000000455e+02 -3.811852929999999529e-02
8.396789870000000064e+02 -5.122356640000000350e-02
8.399798389999999699e+02 -6.306663170000000040e-02
8.402806910000000471e+02 -7.363484449999999071e-02
8.405815440000000081e+02 -8.291680190000000339e-02
8.408823959999999715e+02 -9.090645070000000216e-02
8.411832480000000487e+02 -9.759815990000000885e-02
8.414841010000000097e+02 -1.029905220000000010e-01
8.417849529999999731e+02 -1.070842399999999972e-01
8.420858060000000478e+02 -1.098835380000000028e-01
8.423866580000000113e+02 -1.113947510000000002e-01
8.426875099999999748e+02 -1.116263249999999985e-01
8.429883630000000494e+02 -1.105909290000000045e-01
8.432892150000000129e+02 -1.083026420000000045e-01
8.435900669999999764e+02 -1.047762450000000040e-01
8.438909200000000510e+02 -1.000321490000000008e-01
8.441917720000000145e+02 -9.409076669999999476e-02
8.444926249999999754e+02 -8.697532670000000798e-02
8.447934770000000526e+02 -7.871046399999999388e-02
8.450943290000000161e+02 -6.932362970000000013e-02
8.453951819999999771e+02 -5.884318980000000088e-02
8.456960340000000542e+02 -4.729976260000000321e-02
8.459968870000000152e+02 -3.472537449999999609e-02
8.462977389999999787e+02 -2.115338879999999894e-02
8.465985910000000558e+02 -6.618802160000000247e-03
8.468994440000000168e+02 8.842459869999999555e-03
8.472002959999999803e+02 2.519312019999999860e-02
8.475011479999999437e+02 4.239518390000000109e-02
8.478020010000000184e+02 6.040951569999999937e-02
8.481028529999999819e+02 7.919613559999999497e-02
8.484037060000000565e+02 9.871520450000000058e-02
8.487045580000000200e+02 1.189254750000000027e-01
8.490054099999999835e+02 1.397854199999999936e-01
8.493062629999999444e+02 1.612542140000000068e-01
8.496071150000000216e+02 1.832889209999999935e-01
8.499079669999999851e+02 2.058480119999999969e-01
8.502088199999999460e+02 2.288906629999999942e-01
8.505096720000000232e+02 2.523732340000000018e-01
8.508105249999999842e+02 2.762563080000000060e-01
8.511113769999999477e+02 3.004976529999999757e-01
8.514122290000000248e+02 3.250571480000000180e-01
8.517130819999999858e+02 3.498939679999999997e-01
8.520139339999999493e+02 3.749686970000000175e-01
8.523147860000000264e+02 4.002426219999999923e-01
8.526156389999999874e+02 4.256784370000000206e-01
8.529164909999999509e+02 4.512374299999999949e-01
8.532173440000000255e+02 4.768837029999999921e-01
8.535181959999999890e+02 5.025813579999999225e-01
8.538190479999999525e+02 5.282966099999999443e-01
8.541199010000000271e+02 5.539963780000000115e-01
8.544207529999999906e+02 5.796468740000000341e-01
8.547216049999999541e+02 6.052178320000000111e-01
8.550224580000000287e+02 6.306789870000000242e-01
8.553233099999999922e+02 6.560014789999999429e-01
8.556241629999999532e+02 6.811578569999999777e-01
8.559250150000000303e+02 7.061241900000000404e-01
8.562258669999999938e+02 7.308652839999999484e-01
8.565267199999999548e+02 7.553670610000000618e-01
8.568275720000000319e+02 7.796084060000000315e-01
8.571284239999999954e+02 8.035611630000000227e-01
8.574292769999999564e+02 8.272042170000000194e-01
8.577301290000000336e+02 8.505234900000000486e-01
8.580309819999999945e+02 8.734978650000000400e-01
8.583318339999999580e+02 8.961062269999999774e-01
8.586326860000000352e+02 9.183415369999999855e-01
8.589335389999999961e+02 9.401897179999999521e-01
8.592343909999999596e+02 9.616296529999999176e-01
8.595352440000000342e+02 9.826472649999998810e-01
8.598360959999999977e+02 1.003242550000000177e+00
8.601369479999999612e+02 1.023394400000000148e+00
8.604378010000000359e+02 1.043095780000000028e+00
8.607386529999999993e+02 1.062339629999999868e+00
8.610395049999999628e+02 1.081111889999999853e+00
8.613403580000000375e+02 1.099412559999999983e+00
8.616412100000000009e+02 1.117227549999999958e+00
8.619420629999999619e+02 1.134556880000000101e+00
8.622429150000000391e+02 1.151393489999999797e+00
8.625437670000000026e+02 1.167723320000000120e+00
8.628446199999999635e+02 1.183553389999999927e+00
8.631454720000000407e+02 1.198869640000000070e+00
8.634463240000000042e+02 1.213679109999999950e+00
8.637471769999999651e+02 1.227960659999999926e+00
8.640480290000000423e+02 1.241721359999999885e+00
8.643488820000000032e+02 1.254954150000000102e+00
8.646497339999999667e+02 1.267659030000000131e+00
8.649505860000000439e+02 1.279828980000000005e+00
8.652514390000000049e+02 1.291456939999999998e+00
8.655522909999999683e+02 1.302542920000000048e+00
8.658531430000000455e+02 1.313079879999999866e+00
8.661539960000000065e+02 1.323060780000000047e+00
8.664548479999999699e+02 1.332492669999999935e+00
8.667557010000000446e+02 1.341354409999999886e+00
8.670565530000000081e+02 1.349653059999999849e+00
8.673574049999999716e+02 1.357381570000000037e+00
8.676582580000000462e+02 1.364525870000000030e+00
8.679591100000000097e+02 1.371093000000000117e+00
8.682599619999999732e+02 1.377061830000000153e+00
8.685608150000000478e+02 1.382432370000000077e+00
8.688616670000000113e+02 1.387190539999999972e+00
8.691625199999999722e+02 1.391343389999999847e+00
8.694633720000000494e+02 1.394869780000000059e+00
8.697642240000000129e+02 1.397762699999999914e+00
8.700650769999999739e+02 1.400015089999999907e+00
8.703659290000000510e+02 1.401619919999999908e+00
8.706667810000000145e+02 1.402563099999999841e+00
8.709676339999999755e+02 1.402830569999999888e+00
8.712684860000000526e+02 1.402422329999999828e+00
8.715693390000000136e+02 1.401324290000000028e+00
8.718701909999999771e+02 1.399522380000000066e+00
8.721710430000000542e+02 1.397009560000000095e+00
8.724718960000000152e+02 1.393771740000000037e+00
8.727727479999999787e+02 1.389801910000000085e+00
8.730736010000000533e+02 1.385078930000000152e+00
8.733744530000000168e+02 1.379602809999999957e+00
8.736753049999999803e+02 1.373359460000000087e+00
8.739761580000000549e+02 1.366341859999999908e+00
8.742770100000000184e+02 1.358528880000000161e+00
8.745778619999999819e+02 1.349920529999999896e+00
8.748787150000000565e+02 1.340502730000000087e+00
8.751795670000000200e+02 1.330268429999999835e+00
8.754804199999999810e+02 1.319203569999999992e+00
8.757812719999999445e+02 1.307308130000000013e+00
8.760821240000000216e+02 1.294575089999999928e+00
8.763829769999999826e+02 1.280990369999999823e+00
8.766838289999999461e+02 1.266553959999999979e+00
8.769846810000000232e+02 1.251265859999999952e+00
8.772855339999999842e+02 1.235111999999999988e+00
8.775863859999999477e+02 1.218092380000000086e+00
8.778872390000000223e+02 1.200214040000000093e+00
8.781880909999999858e+02 1.181469930000000002e+00
8.784889429999999493e+02 1.161860059999999972e+00
8.787897960000000239e+02 1.141391469999999853e+00
8.790906479999999874e+02 1.120071199999999934e+00
8.793914999999999509e+02 1.097899229999999893e+00
8.796923530000000255e+02 1.074889659999999969e+00
8.799932049999999890e+02 1.051042490000000162e+00
8.802940579999999500e+02 1.026378820000000136e+00
8.805949100000000271e+02 1.000898660000000051e+00
8.808957619999999906e+02 9.746301649999999928e-01
8.811966149999999516e+02 9.475803720000000041e-01
8.814974670000000287e+02 9.197703970000000728e-01
8.817983189999999922e+02 8.912213569999999363e-01
8.820991719999999532e+02 8.619473290000000398e-01
8.824000240000000304e+02 8.319835060000000393e-01
8.827008769999999913e+02 8.013510060000000879e-01
8.830017289999999548e+02 7.700779819999999942e-01
8.833025810000000320e+02 7.381925889999999546e-01
8.836034339999999929e+02 7.057300220000000124e-01
8.839042859999999564e+02 6.727135069999999883e-01
8.842051380000000336e+02 6.391880930000000127e-01
8.845059909999999945e+02 6.051882699999999726e-01
8.848068429999999580e+02 5.707520460000000684e-01
8.851076960000000327e+02 5.359209499999999515e-01
8.854085479999999961e+02 5.007365099999999680e-01
8.857093999999999596e+02 4.652423669999999900e-01
8.860102530000000343e+02 4.294842720000000003e-01
8.863111049999999977e+02 3.935093839999999621e-01
8.866119579999999587e+02 3.573648630000000326e-01
8.869128100000000359e+02 3.211013879999999876e-01
8.872136619999999994e+02 2.847689330000000019e-01
8.875145149999999603e+02 2.484202899999999881e-01
8.878153670000000375e+02 2.121068399999999909e-01
8.881162190000000010e+02 1.758841889999999963e-01
8.884170719999999619e+02 1.398051290000000002e-01
8.887179240000000391e+02 1.039252639999999894e-01
8.890187770000000000e+02 6.830097439999999187e-02
8.893196289999999635e+02 3.298765580000000142e-02
8.896204810000000407e+02 -1.958241730000000007e-03
8.899213340000000017e+02 -3.648026769999999919e-02
8.902221859999999651e+02 -7.052232340000000321e-02
8.905230380000000423e+02 -1.040273250000000038e-01
8.908238910000000033e+02 -1.369403700000000057e-01
8.911247429999999667e+02 -1.692051499999999986e-01
8.914255960000000414e+02 -2.007681689999999963e-01
8.917264480000000049e+02 -2.315738219999999847e-01
8.920272999999999683e+02 -2.615700229999999848e-01
8.923281530000000430e+02 -2.907039810000000002e-01
8.926290050000000065e+02 -3.189257200000000236e-01
8.929298569999999700e+02 -3.461845640000000279e-01
8.932307100000000446e+02 -3.724340549999999861e-01
8.935315620000000081e+02 -3.976263299999999723e-01
8.938324149999999690e+02 -4.217177500000000023e-01
8.941332670000000462e+02 -4.446653790000000273e-01
8.944341190000000097e+02 -4.664290949999999603e-01
8.947349719999999706e+02 -4.869701849999999999e-01
8.950358240000000478e+02 -5.062527530000000553e-01
8.953366760000000113e+02 -5.242437170000000535e-01
8.956375289999999723e+02 -5.409114009999999029e-01
8.959383810000000494e+02 -5.562276509999999341e-01
8.962392340000000104e+02 -5.701671280000000230e-01
8.965400859999999739e+02 -5.827073079999999239e-01
8.968409380000000510e+02 -5.938277790000000556e-01
8.971417910000000120e+02 -6.035123510000000024e-01
8.974426429999999755e+02 -6.117469470000000964e-01
8.977434950000000526e+02 -6.185217130000000285e-01
8.980443480000000136e+02 -6.238289070000000436e-01
8.983451999999999771e+02 -6.276657119999999868e-01
8.986460530000000517e+02 -6.300293129999999797e-01
8.989469050000000152e+02 -6.309246379999999821e-01
8.992477569999999787e+02 -6.303566139999999818e-01
8.995486100000000533e+02 -6.283343900000000204e-01
8.998494620000000168e+02 -6.248713409999999691e-01
9.001503149999999778e+02 -6.199829510000000043e-01
9.004511670000000549e+02 -6.136882259999999478e-01
9.007520190000000184e+02 -6.060110960000000269e-01
9.010528719999999794e+02 -5.969761970000000417e-01
9.013537240000000565e+02 -5.866137970000000479e-01
9.016545760000000200e+02 -5.749541599999999919e-01
9.019554289999999810e+02 -5.620345939999999985e-01
9.022562809999999445e+02 -5.478916980000000381e-01
9.025571340000000191e+02 -5.325677049999999468e-01
9.028579859999999826e+02 -5.161048469999999222e-01
9.031588379999999461e+02 -4.985509880000000282e-01
9.034596910000000207e+02 -4.799546949999999867e-01
9.037605429999999842e+02 -4.603673509999999802e-01
9.040613949999999477e+02 -4.398424490000000242e-01
9.043622480000000223e+02 -4.184348920000000027e-01
9.046630999999999858e+02 -3.962038050000000200e-01
9.049639529999999468e+02 -3.732083139999999855e-01
9.052648050000000239e+02 -3.495089499999999849e-01
9.055656569999999874e+02 -3.251690630000000359e-01
9.058665099999999484e+02 -3.002527050000000086e-01
9.061673620000000255e+02 -2.748239290000000223e-01
9.064682139999999890e+02 -2.489488980000000296e-01
9.067690669999999500e+02 -2.226944790000000007e-01
9.070699190000000272e+02 -1.961289499999999963e-01
9.073707719999999881e+02 -1.693177690000000069e-01
9.076716239999999516e+02 -1.423306210000000183e-01
9.079724760000000288e+02 -1.152336679999999974e-01
9.082733289999999897e+02 -8.809518669999999441e-02
9.085741809999999532e+02 -6.098169309999999788e-02
9.088750330000000304e+02 -3.395942119999999925e-02
9.091758859999999913e+02 -7.093831160000000323e-03
9.094767379999999548e+02 1.955074310000000024e-02
9.097775910000000295e+02 4.591130510000000081e-02
9.100784429999999929e+02 7.192584379999999999e-02
9.103792949999999564e+02 9.753551530000000025e-02
9.106801480000000311e+02 1.226806320000000117e-01
9.109809999999999945e+02 1.473055859999999884e-01
9.112818529999999555e+02 1.713568859999999860e-01
9.115827050000000327e+02 1.947817389999999815e-01
9.118835569999999962e+02 2.175315799999999744e-01
9.121844099999999571e+02 2.395599519999999927e-01
9.124852620000000343e+02 2.608232149999999971e-01
9.127861139999999978e+02 2.812798409999999749e-01
9.130869669999999587e+02 3.008918210000000037e-01
9.133878190000000359e+02 3.196246650000000300e-01
9.136886719999999968e+02 3.374474030000000346e-01
9.139895239999999603e+02 3.543318799999999880e-01
9.142903760000000375e+02 3.702520519999999982e-01
9.145912289999999985e+02 3.851882119999999743e-01
9.148920809999999619e+02 3.991227620000000198e-01
9.151929330000000391e+02 4.120402170000000419e-01
9.154937860000000001e+02 4.239314269999999718e-01
9.157946379999999635e+02 4.347893529999999895e-01
9.160954910000000382e+02 4.446104770000000039e-01
9.163963430000000017e+02 4.533969079999999874e-01
9.166971949999999651e+02 4.611514640000000109e-01
9.169980480000000398e+02 4.678818860000000246e-01
9.172989000000000033e+02 4.736015480000000388e-01
9.175997519999999668e+02 4.783238240000000085e-01
9.179006050000000414e+02 4.820677179999999784e-01
9.182014570000000049e+02 4.848557549999999994e-01
9.185023099999999658e+02 4.867132719999999746e-01
9.188031620000000430e+02 4.876677219999999702e-01
9.191040140000000065e+02 4.877521870000000037e-01
9.194048669999999674e+02 4.869997480000000101e-01
9.197057190000000446e+02 4.854498220000000308e-01
9.200065710000000081e+02 4.831404190000000431e-01
9.203074239999999691e+02 4.801158819999999938e-01
9.206082760000000462e+02 4.764205549999999678e-01
9.209091290000000072e+02 4.721023010000000020e-01
9.212099809999999707e+02 4.672103920000000299e-01
9.215108330000000478e+02 4.617948030000000315e-01
9.218116860000000088e+02 4.559104350000000028e-01
9.221125379999999723e+02 4.496100779999999686e-01
9.224133900000000494e+02 4.429493389999999975e-01
9.227142430000000104e+02 4.359852320000000003e-01
9.230150949999999739e+02 4.287747690000000000e-01
9.233159480000000485e+02 4.213756690000000082e-01
9.236168000000000120e+02 4.138470559999999909e-01
9.239176519999999755e+02 4.062452399999999519e-01
9.242185050000000501e+02 3.986307550000000033e-01
9.245193570000000136e+02 3.910592059999999925e-01
9.248202099999999746e+02 3.835897189999999957e-01
9.251210620000000517e+02 3.762771950000000087e-01
9.254219140000000152e+02 3.691772400000000176e-01
9.257227669999999762e+02 3.623447559999999901e-01
9.260236190000000533e+02 3.558311270000000248e-01
9.263244710000000168e+02 3.496877330000000006e-01
9.266253239999999778e+02 3.439631439999999984e-01
9.269261760000000550e+02 3.387045180000000100e-01
9.272270290000000159e+02 3.339561990000000091e-01
9.275278809999999794e+02 3.297590109999999908e-01
9.278287330000000566e+02 3.261530759999999862e-01
9.281295860000000175e+02 3.231742910000000024e-01
9.284304379999999810e+02 3.208543289999999937e-01
9.287312899999999445e+02 3.192248659999999960e-01
9.290321430000000191e+02 3.183112399999999953e-01
9.293329949999999826e+02 3.181359759999999870e-01
9.296338479999999436e+02 3.187187820000000338e-01
9.299347000000000207e+02 3.200744389999999884e-01
9.302355519999999842e+02 3.222149129999999917e-01
9.305364049999999452e+02 3.251472429999999747e-01
9.308372570000000223e+02 3.288756520000000183e-01
9.311381089999999858e+02 3.333980280000000129e-01
9.314389619999999468e+02 3.387108529999999784e-01
9.317398140000000240e+02 3.448042709999999955e-01
9.320406669999999849e+02 3.516656130000000435e-01
9.323415189999999484e+02 3.592772830000000028e-01
9.326423710000000256e+02 3.676167559999999890e-01
9.329432239999999865e+02 3.766593970000000069e-01
9.332440759999999500e+02 3.863749390000000283e-01
9.335449280000000272e+02 3.967288939999999986e-01
9.338457809999999881e+02 4.076839539999999595e-01
9.341466329999999516e+02 4.191978889999999902e-01
9.344474860000000263e+02 4.312256509999999876e-01
9.347483379999999897e+02 4.437165590000000104e-01
9.350491899999999532e+02 4.566192330000000132e-01
9.353500430000000279e+02 4.698773629999999923e-01
9.356508949999999913e+02 4.834304139999999750e-01
9.359517469999999548e+02 4.972171510000000239e-01
9.362526000000000295e+02 5.111714099999999927e-01
9.365534519999999929e+02 5.252249139999999317e-01
9.368543049999999539e+02 5.393079809999999918e-01
9.371551570000000311e+02 5.533481120000000031e-01
9.374560089999999946e+02 5.672706960000000187e-01
9.377568619999999555e+02 5.809983079999999633e-01
9.380577140000000327e+02 5.944535209999999292e-01
9.383585669999999936e+02 6.075575020000000270e-01
9.386594189999999571e+02 6.202300099999999983e-01
9.389602710000000343e+02 6.323908029999999458e-01
9.392611239999999952e+02 6.439582320000000193e-01
9.395619759999999587e+02 6.548499450000000444e-01
9.398628280000000359e+02 6.649864020000000320e-01
9.401636809999999969e+02 6.742866610000000094e-01
9.404645329999999603e+02 6.826697739999999515e-01
9.407653860000000350e+02 6.900569080000000799e-01
9.410662379999999985e+02 6.963713420000000598e-01
9.413670899999999619e+02 7.015363529999999459e-01
9.416679430000000366e+02 7.054766279999999945e-01
9.419687950000000001e+02 7.081231860000000156e-01
9.422696469999999636e+02 7.094042320000000235e-01
9.425705000000000382e+02 7.092564189999999158e-01
9.428713520000000017e+02 7.076093589999999933e-01
9.431722049999999626e+02 7.044067430000000574e-01
9.434730570000000398e+02 6.995901479999999673e-01
9.437739090000000033e+02 6.931088960000000299e-01
9.440747619999999642e+02 6.849130130000000705e-01
9.443756140000000414e+02 6.749560430000000055e-01
9.446764660000000049e+02 6.631985680000000993e-01
9.449773189999999659e+02 6.496046919999999281e-01
9.452781710000000430e+02 6.341427400000000381e-01
9.455790240000000040e+02 6.167880769999999346e-01
9.458798759999999675e+02 5.975181790000000381e-01
9.461807280000000446e+02 5.763182639999999690e-01
9.464815810000000056e+02 5.531791820000000470e-01
9.467824329999999691e+02 5.280945989999999979e-01
9.470832850000000462e+02 5.010673300000000330e-01
9.473841380000000072e+02 4.721030050000000200e-01
9.476849899999999707e+02 4.412149989999999966e-01
9.479858430000000453e+02 4.084209080000000269e-01
9.482866950000000088e+02 3.737460719999999847e-01
9.485875469999999723e+02 3.372207560000000104e-01
9.488884000000000469e+02 2.988801549999999807e-01
9.491892520000000104e+02 2.587665010000000376e-01
9.494901039999999739e+02 2.169269540000000052e-01
9.497909570000000485e+02 1.734150070000000099e-01
9.500918090000000120e+02 1.282904900000000070e-01
9.503926619999999730e+02 8.161675070000000420e-02
9.506935140000000501e+02 3.346326200000000056e-02
9.509943660000000136e+02 -1.609423990000000138e-02
9.512952189999999746e+02 -6.697600609999999899e-02
9.515960710000000518e+02 -1.190972200000000036e-01
9.518969240000000127e+02 -1.723683500000000035e-01
9.521977759999999762e+02 -2.266945830000000051e-01
9.524986280000000534e+02 -2.819794899999999993e-01
9.527994810000000143e+02 -3.381188969999999738e-01
9.531003329999999778e+02 -3.950072229999999629e-01
9.534011850000000550e+02 -4.525360729999999831e-01
9.537020380000000159e+02 -5.105914189999999353e-01
9.540028899999999794e+02 -5.690592339999999139e-01
9.543037430000000541e+02 -6.278198600000000074e-01
9.546045950000000175e+02 -6.867536379999999996e-01
9.549054469999999810e+02 -7.457380949999999897e-01
9.552063000000000557e+02 -8.046521639999999476e-01
9.555071520000000191e+02 -8.633691499999999186e-01
9.558080039999999826e+02 -9.217553160000000467e-01
9.561088569999999436e+02 -9.796980419999999912e-01
9.564097090000000208e+02 -1.037063590000000035e+00
9.567105619999999817e+02 -1.093725269999999972e+00
9.570114139999999452e+02 -1.149556390000000095e+00
9.573122660000000224e+02 -1.204430230000000046e+00
9.576131189999999833e+02 -1.258234189999999808e+00
9.579139709999999468e+02 -1.310834529999999942e+00
9.582148230000000240e+02 -1.362118629999999886e+00
9.585156759999999849e+02 -1.411966829999999895e+00
9.588165279999999484e+02 -1.460259470000000004e+00
9.591173810000000231e+02 -1.506890980000000102e+00
9.594182329999999865e+02 -1.551755770000000201e+00
9.597190849999999500e+02 -1.594741219999999959e+00
9.600199380000000247e+02 -1.635755829999999911e+00
9.603207899999999881e+02 -1.674701060000000075e+00
9.606216419999999516e+02 -1.711478360000000087e+00
9.609224950000000263e+02 -1.746010309999999954e+00
9.612233469999999897e+02 -1.778212439999999894e+00
9.615241999999999507e+02 -1.808014379999999921e+00
9.618250520000000279e+02 -1.835338680000000000e+00
9.621259039999999914e+02 -1.860129039999999900e+00
9.624267569999999523e+02 -1.882329160000000057e+00
9.627276090000000295e+02 -1.901875680000000068e+00
9.630284609999999930e+02 -1.918740450000000042e+00
9.633293139999999539e+02 -1.932881230000000006e+00
9.636301660000000311e+02 -1.944262840000000159e+00
9.639310189999999920e+02 -1.952864149999999910e+00
9.642318709999999555e+02 -1.958664059999999818e+00
9.645327230000000327e+02 -1.961669589999999852e+00
9.648335759999999937e+02 -1.961859639999999905e+00
9.651344279999999571e+02 -1.959248270000000014e+00
9.654352810000000318e+02 -1.953849570000000035e+00
9.657361329999999953e+02 -1.945684659999999955e+00
9.660369849999999587e+02 -1.934774650000000040e+00
9.663378380000000334e+02 -1.921161769999999880e+00
9.666386899999999969e+02 -1.904874170000000033e+00
9.669395419999999604e+02 -1.885975219999999952e+00
9.672403950000000350e+02 -1.864514170000000082e+00
9.675412469999999985e+02 -1.840547330000000148e+00
9.678420999999999594e+02 -1.814152140000000024e+00
9.681429520000000366e+02 -1.785398980000000080e+00
9.684438040000000001e+02 -1.754372309999999935e+00
9.687446569999999610e+02 -1.721156600000000036e+00
9.690455090000000382e+02 -1.685850389999999921e+00
9.693463610000000017e+02 -1.648538140000000096e+00
9.696472139999999627e+02 -1.609339520000000023e+00
9.699480660000000398e+02 -1.568353069999999905e+00
9.702489190000000008e+02 -1.525698439999999989e+00
9.705497709999999643e+02 -1.481488250000000173e+00
9.708506230000000414e+02 -1.435849200000000048e+00
9.711514760000000024e+02 -1.388893909999999954e+00
9.714523279999999659e+02 -1.340770200000000134e+00
9.717531800000000430e+02 -1.291590679999999880e+00
9.720540330000000040e+02 -1.241503159999999939e+00
9.723548849999999675e+02 -1.190627300000000055e+00
9.726557380000000421e+02 -1.139117970000000035e+00
9.729565900000000056e+02 -1.087108879999999944e+00
9.732574419999999691e+02 -1.034726739999999978e+00
9.735582950000000437e+02 -9.821334390000000525e-01
9.738591470000000072e+02 -9.294486339999999958e-01
9.741599989999999707e+02 -8.768271789999999566e-01
9.744608520000000453e+02 -8.244028070000000152e-01
9.747617040000000088e+02 -7.723092549999999168e-01
9.750625569999999698e+02 -7.206943359999999910e-01
9.753634090000000469e+02 -6.696840429999999511e-01
9.756642610000000104e+02 -6.194128150000000055e-01
9.759651139999999714e+02 -5.700108689999999756e-01
9.762659660000000486e+02 -5.216049010000000097e-01
9.765668180000000120e+02 -4.743187940000000435e-01
9.768676709999999730e+02 -4.282715009999999989e-01
9.771685230000000502e+02 -3.835791610000000018e-01
9.774693760000000111e+02 -3.403522820000000060e-01
9.777702279999999746e+02 -2.986964449999999771e-01
9.780710800000000518e+02 -2.587137110000000129e-01
9.783719330000000127e+02 -2.204998069999999921e-01
9.786727849999999762e+02 -1.841448290000000099e-01
9.789736380000000509e+02 -1.497325359999999994e-01
9.792744900000000143e+02 -1.173417640000000012e-01
9.795753419999999778e+02 -8.704360229999999476e-02
9.798761950000000525e+02 -5.890372270000000104e-02
9.801770470000000159e+02 -3.298082819999999943e-02
9.804778989999999794e+02 -9.326512510000000908e-03
9.807787520000000541e+02 1.201438779999999991e-02
9.810796040000000175e+02 3.100435619999999948e-02
9.813804569999999785e+02 4.761277440000000194e-02
9.816813090000000557e+02 6.181648500000000435e-02
9.819821610000000192e+02 7.359965089999999377e-02
9.822830139999999801e+02 8.295340319999999767e-02
9.825838659999999436e+02 8.987668630000000825e-02
9.828847180000000208e+02 9.437583480000000247e-02
9.831855709999999817e+02 9.646351859999999223e-02
9.834864229999999452e+02 9.616014979999999712e-02
9.837872760000000198e+02 9.349317960000000372e-02
9.840881279999999833e+02 8.849709750000001041e-02
9.843889799999999468e+02 8.121343220000000473e-02
9.846898330000000215e+02 7.169075060000000554e-02
9.849906849999999849e+02 5.998184320000000264e-02
9.852915369999999484e+02 4.614872110000000499e-02
9.855923900000000231e+02 3.025790019999999997e-02
9.858932419999999865e+02 1.238202000000000053e-02
9.861940949999999475e+02 -7.400508109999999647e-03
9.864949470000000247e+02 -2.900620489999999885e-02
9.867957989999999882e+02 -5.234631229999999608e-02
9.870966519999999491e+02 -7.732735589999999160e-02
9.873975040000000263e+02 -1.038520609999999955e-01
9.876983559999999898e+02 -1.318168869999999937e-01
9.879992089999999507e+02 -1.611176629999999943e-01
9.883000610000000279e+02 -1.916445830000000072e-01
9.886009139999999888e+02 -2.232857319999999868e-01
9.889017659999999523e+02 -2.559256750000000191e-01
9.892026180000000295e+02 -2.894475690000000156e-01
9.895034709999999905e+02 -3.237310529999999908e-01
9.898043229999999539e+02 -3.586571719999999686e-01
9.901051750000000311e+02 -3.941020439999999847e-01
9.904060279999999921e+02 -4.299438999999999900e-01
9.907068799999999555e+02 -4.660595619999999828e-01
9.910077330000000302e+02 -5.023251490000000263e-01
9.913085849999999937e+02 -5.386181870000000815e-01
9.916094369999999572e+02 -5.748162019999999428e-01
9.919102900000000318e+02 -6.107988319999999582e-01
9.922111419999999953e+02 -6.464464189999999943e-01
9.925119949999999562e+02 -6.816400089999999912e-01
9.928128470000000334e+02 -7.162669819999999410e-01
9.931136989999999969e+02 -7.502076810000000151e-01
9.934145519999999578e+02 -7.833670809999999651e-01
9.937154040000000350e+02 -8.156184869999999476e-01
9.940162559999999985e+02 -8.468774340000000400e-01
9.943171089999999595e+02 -8.770313020000000126e-01
9.946179610000000366e+02 -9.059885869999999564e-01
9.949188139999999976e+02 -9.336648269999999750e-01
9.952196659999999611e+02 -9.599614770000000075e-01
9.955205180000000382e+02 -9.848151900000000625e-01
9.958213709999999992e+02 -1.008134459999999955e+00
9.961222229999999627e+02 -1.029848909999999895e+00
9.964230750000000398e+02 -1.049909250000000016e+00
9.967239280000000008e+02 -1.068238079999999979e+00
9.970247799999999643e+02 -1.084793139999999934e+00
9.973256330000000389e+02 -1.099518140000000033e+00
9.976264850000000024e+02 -1.112384919999999999e+00
9.979273369999999659e+02 -1.123344200000000015e+00
9.982281900000000405e+02 -1.132374870000000033e+00
9.985290420000000040e+02 -1.139448790000000100e+00
9.988298939999999675e+02 -1.144551859999999976e+00
9.991307470000000421e+02 -1.147677049999999976e+00
9.994315990000000056e+02 -1.148824359999999878e+00
9.997324519999999666e+02 -1.147979709999999987e+00
1.000033300000000054e+03 -1.145164230000000005e+00
1.000334159999999997e+03 -1.140391970000000033e+00
1.000635009999999966e+03 -1.133677040000000025e+00
1.000935860000000048e+03 -1.125054610000000066e+00
1.001236710000000016e+03 -1.114552840000000211e+00
1.001537569999999960e+03 -1.102206930000000140e+00
1.001838420000000042e+03 -1.088059109999999885e+00
1.002139270000000010e+03 -1.072165680000000121e+00
1.002440119999999979e+03 -1.054568890000000092e+00
1.002740980000000036e+03 -1.035332070000000160e+00
1.003041830000000004e+03 -1.014518579999999837e+00
1.003342679999999973e+03 -9.921988049999999060e-01
1.003643530000000055e+03 -9.684360929999999978e-01
1.003944380000000024e+03 -9.433078699999999372e-01
1.004245239999999967e+03 -9.168915619999999933e-01
1.004546090000000049e+03 -8.892645929999999366e-01
1.004846940000000018e+03 -8.605184689999999526e-01
1.005147789999999986e+03 -8.307376530000000203e-01
1.005448650000000043e+03 -8.000066099999999514e-01
1.005749500000000012e+03 -7.684168440000000988e-01
1.006050349999999980e+03 -7.360598569999999841e-01
1.006351199999999949e+03 -7.030334890000000669e-01
1.006652060000000006e+03 -6.694264260000000188e-01
1.006952909999999974e+03 -6.353343949999999962e-01
1.007253760000000057e+03 -6.008524189999999709e-01
1.007554610000000025e+03 -5.660748180000000351e-01
1.007855469999999968e+03 -5.310959090000000327e-01
1.008156320000000051e+03 -4.960086029999999924e-01
1.008457170000000019e+03 -4.609051089999999795e-01
1.008758019999999988e+03 -4.258769289999999597e-01
1.009058880000000045e+03 -3.910120470000000292e-01
1.009359730000000013e+03 -3.563984470000000071e-01
1.009660579999999982e+03 -3.221198909999999915e-01
1.009961429999999950e+03 -2.882587300000000186e-01
1.010262280000000032e+03 -2.548952069999999570e-01
1.010563139999999976e+03 -2.221039310000000044e-01
1.010863989999999944e+03 -1.899595139999999960e-01
1.011164840000000027e+03 -1.585302299999999942e-01
1.011465689999999995e+03 -1.278822440000000060e-01
1.011766550000000052e+03 -9.807679269999999838e-02
1.012067400000000021e+03 -6.917131190000000429e-02
1.012368249999999989e+03 -4.121978839999999866e-02
1.012669099999999958e+03 -1.427078960000000007e-02
1.012969960000000015e+03 1.163148150000000054e-02
1.013270809999999983e+03 3.644711529999999922e-02
1.013571659999999952e+03 6.014127010000000495e-02
1.013872510000000034e+03 8.268382030000000216e-02
1.014173369999999977e+03 1.040491449999999957e-01
1.014474219999999946e+03 1.242171840000000083e-01
1.014775070000000028e+03 1.431724509999999784e-01
1.015075919999999996e+03 1.609036859999999902e-01
1.015376780000000053e+03 1.774052560000000112e-01
1.015677630000000022e+03 1.926764589999999944e-01
1.015978479999999990e+03 2.067208130000000033e-01
1.016279329999999959e+03 2.195474689999999951e-01
1.016580180000000041e+03 2.311683920000000003e-01
1.016881039999999985e+03 2.416011799999999987e-01
1.017181889999999953e+03 2.508683560000000146e-01
1.017482740000000035e+03 2.589959639999999674e-01
1.017783590000000004e+03 2.660128620000000166e-01
1.018084449999999947e+03 2.719542429999999844e-01
1.018385300000000029e+03 2.768567109999999776e-01
1.018686149999999998e+03 2.807617910000000383e-01
1.018986999999999966e+03 2.837138300000000002e-01
1.019287860000000023e+03 2.857592809999999761e-01
1.019588709999999992e+03 2.869495280000000093e-01
1.019889559999999960e+03 2.873359540000000045e-01
1.020190410000000043e+03 2.869734600000000135e-01
1.020491269999999986e+03 2.859197640000000207e-01
1.020792119999999954e+03 2.842332870000000011e-01
1.021092970000000037e+03 2.819738589999999934e-01
1.021393820000000005e+03 2.792027149999999902e-01
1.021694679999999948e+03 2.759825019999999629e-01
1.021995530000000031e+03 2.723758629999999958e-01
1.022296379999999999e+03 2.684454430000000058e-01
1.022597229999999968e+03 2.642559979999999920e-01
1.022898080000000050e+03 2.598687650000000016e-01
1.023198939999999993e+03 2.553477960000000158e-01
1.023499789999999962e+03 2.507543289999999980e-01
1.023800640000000044e+03 2.461495990000000245e-01
1.024101490000000013e+03 2.415927330000000040e-01
1.024402350000000069e+03 2.371414480000000047e-01
1.024703199999999924e+03 2.328520530000000033e-01
1.025004050000000007e+03 2.287787470000000045e-01
1.025304900000000089e+03 2.249729119999999971e-01
1.025605759999999918e+03 2.214845240000000159e-01
1.025906610000000001e+03 2.183593329999999888e-01
1.026207460000000083e+03 2.156416840000000001e-01
1.026508309999999938e+03 2.133716969999999991e-01
1.026809169999999995e+03 2.115859750000000095e-01
1.027110020000000077e+03 2.103197089999999936e-01
1.027410869999999932e+03 2.096017599999999981e-01
1.027711720000000014e+03 2.094595780000000074e-01
1.028012580000000071e+03 2.099149829999999994e-01
1.028313429999999926e+03 2.109876840000000087e-01
1.028614280000000008e+03 2.126910529999999910e-01
1.028915130000000090e+03 2.150370580000000031e-01
1.029215979999999945e+03 2.180320330000000140e-01
1.029516840000000002e+03 2.216780889999999948e-01
1.029817690000000084e+03 2.259731140000000027e-01
1.030118539999999939e+03 2.309121829999999931e-01
1.030419390000000021e+03 2.364854399999999912e-01
1.030720250000000078e+03 2.426781039999999778e-01
1.031021099999999933e+03 2.494725780000000004e-01
1.031321950000000015e+03 2.568470429999999971e-01
1.031622800000000097e+03 2.647754549999999929e-01
1.031923659999999927e+03 2.732282510000000331e-01
1.032224510000000009e+03 2.821730539999999787e-01
1.032525360000000092e+03 2.915718540000000192e-01
1.032826209999999946e+03 3.013866430000000096e-01
1.033127070000000003e+03 3.115737790000000507e-01
1.033427920000000086e+03 3.220868089999999739e-01
1.033728769999999940e+03 3.328771629999999759e-01
1.034029620000000023e+03 3.438948690000000474e-01
1.034330480000000080e+03 3.550843189999999816e-01
1.034631329999999934e+03 3.663920189999999577e-01
1.034932180000000017e+03 3.777595490000000278e-01
1.035233030000000099e+03 3.891277819999999776e-01
1.035533879999999954e+03 4.004361860000000273e-01
1.035834740000000011e+03 4.116242290000000081e-01
1.036135590000000093e+03 4.226285600000000420e-01
1.036436439999999948e+03 4.333879449999999967e-01
1.036737290000000030e+03 4.438376249999999579e-01
1.037038150000000087e+03 4.539156619999999975e-01
1.037338999999999942e+03 4.635594089999999778e-01
1.037639850000000024e+03 4.727062230000000365e-01
1.037940700000000106e+03 4.812948670000000151e-01
1.038241559999999936e+03 4.892662150000000598e-01
1.038542410000000018e+03 4.965604390000000201e-01
1.038843260000000100e+03 5.031219319999999939e-01
1.039144109999999955e+03 5.088943839999999774e-01
1.039444970000000012e+03 5.138264139999999536e-01
1.039745820000000094e+03 5.178673420000000638e-01
1.040046669999999949e+03 5.209693050000000492e-01
1.040347520000000031e+03 5.230879589999999357e-01
1.040648370000000114e+03 5.241817760000000437e-01
1.040949229999999943e+03 5.242134499999999697e-01
1.041250080000000025e+03 5.231484919999999095e-01
1.041550930000000108e+03 5.209566350000000012e-01
1.041851779999999962e+03 5.176104289999999830e-01
1.042152640000000019e+03 5.130887560000000347e-01
1.042453490000000102e+03 5.073726130000000278e-01
1.042754339999999956e+03 5.004486270000000347e-01
1.043055190000000039e+03 4.923083490000000340e-01
1.043356050000000096e+03 4.829468539999999810e-01
1.043656899999999951e+03 4.723641419999999869e-01
1.043957750000000033e+03 4.605651390000000123e-01
1.044258599999999888e+03 4.475604029999999955e-01
1.044559459999999945e+03 4.333647170000000104e-01
1.044860310000000027e+03 4.179970840000000187e-01
1.045161160000000109e+03 4.014828440000000054e-01
1.045462009999999964e+03 3.838508549999999908e-01
1.045762870000000021e+03 3.651349039999999824e-01
1.046063720000000103e+03 3.453751110000000124e-01
1.046364569999999958e+03 3.246137080000000008e-01
1.046665420000000040e+03 3.028999669999999922e-01
1.046966269999999895e+03 2.802852700000000308e-01
1.047267129999999952e+03 2.568273349999999899e-01
1.047567980000000034e+03 2.325873980000000008e-01
1.047868829999999889e+03 2.076295109999999888e-01
1.048169679999999971e+03 1.820233589999999957e-01
1.048470540000000028e+03 1.558407360000000075e-01
1.048771390000000110e+03 1.291583639999999977e-01
1.049072239999999965e+03 1.020543720000000043e-01
1.049373090000000047e+03 7.461111469999999468e-02
1.049673950000000104e+03 4.691319619999999996e-02
1.049974799999999959e+03 1.904754519999999826e-02
1.050275650000000041e+03 -8.896657999999999997e-03
1.050576499999999896e+03 -3.682833229999999541e-02
1.050877359999999953e+03 -6.465498880000000725e-02
1.051178210000000036e+03 -9.228252010000000116e-02
1.051479059999999890e+03 -1.196166780000000041e-01
1.051779909999999973e+03 -1.465615940000000172e-01
1.052080770000000030e+03 -1.730215429999999999e-01
1.052381620000000112e+03 -1.989015010000000083e-01
1.052682469999999967e+03 -2.241050390000000059e-01
1.052983320000000049e+03 -2.485371330000000212e-01
1.053284169999999904e+03 -2.721055760000000157e-01
1.053585029999999961e+03 -2.947167540000000252e-01
1.053885880000000043e+03 -3.162798660000000206e-01
1.054186729999999898e+03 -3.367055219999999793e-01
1.054487579999999980e+03 -3.559085519999999891e-01
1.054788440000000037e+03 -3.738030850000000349e-01
1.055089289999999892e+03 -3.903088789999999975e-01
1.055390139999999974e+03 -4.053478040000000338e-01
1.055690990000000056e+03 -4.188445460000000398e-01
1.055991850000000113e+03 -4.307287170000000387e-01
1.056292699999999968e+03 -4.409327470000000138e-01
1.056593550000000050e+03 -4.493939889999999937e-01
1.056894399999999905e+03 -4.560547280000000203e-01
1.057195259999999962e+03 -4.608607650000000056e-01
1.057496110000000044e+03 -4.637635319999999783e-01
1.057796959999999899e+03 -4.647193900000000100e-01
1.058097809999999981e+03 -4.636896259999999659e-01
1.058398670000000038e+03 -4.606418609999999858e-01
1.058699519999999893e+03 -4.555486440000000026e-01
1.059000369999999975e+03 -4.483881570000000094e-01
1.059301220000000058e+03 -4.391442080000000359e-01
1.059602069999999912e+03 -4.278069449999999940e-01
1.059902929999999969e+03 -4.143728480000000158e-01
1.060203780000000052e+03 -3.988447319999999796e-01
1.060504629999999906e+03 -3.812289329999999921e-01
1.060805479999999989e+03 -3.615409350000000077e-01
1.061106340000000046e+03 -3.398011499999999963e-01
1.061407189999999900e+03 -3.160349189999999697e-01
1.061708039999999983e+03 -2.902753230000000295e-01
1.062008890000000065e+03 -2.625610740000000054e-01
1.062309749999999894e+03 -2.329358140000000188e-01
1.062610599999999977e+03 -2.014488129999999766e-01
1.062911450000000059e+03 -1.681570850000000117e-01
1.063212299999999914e+03 -1.331204580000000248e-01
1.063513159999999971e+03 -9.640509719999999783e-02
1.063814010000000053e+03 -5.808314900000000058e-02
1.064114859999999908e+03 -1.823070190000000007e-02
1.064415709999999990e+03 2.307115790000000000e-02
1.064716570000000047e+03 6.573676940000000579e-02
1.065017419999999902e+03 1.096758959999999949e-01
1.065318269999999984e+03 1.547954860000000099e-01
1.065619120000000066e+03 2.009976310000000099e-01
1.065919969999999921e+03 2.481802699999999806e-01
1.066220829999999978e+03 2.962406360000000016e-01
1.066521680000000060e+03 3.450703340000000341e-01
1.066822529999999915e+03 3.945609680000000119e-01
1.067123379999999997e+03 4.445999190000000101e-01
1.067424240000000054e+03 4.950731579999999576e-01
1.067725089999999909e+03 5.458659539999999311e-01
1.068025939999999991e+03 5.968621699999999697e-01
1.068326790000000074e+03 6.479435550000000044e-01
1.068627649999999903e+03 6.989925609999999567e-01
1.068928499999999985e+03 7.498909379999999514e-01
1.069229350000000068e+03 8.005204369999999736e-01
1.069530199999999923e+03 8.507698449999999690e-01
1.069831059999999979e+03 9.005124650000000397e-01
1.070131910000000062e+03 9.496356780000000386e-01
1.070432759999999917e+03 9.980339030000000555e-01
1.070733609999999999e+03 1.045587480000000014e+00
1.071034470000000056e+03 1.092190830000000057e+00
1.071335319999999911e+03 1.137731339999999980e+00
1.071636169999999993e+03 1.182110460000000085e+00
1.071937020000000075e+03 1.225229640000000009e+00
1.072237869999999930e+03 1.266983320000000024e+00
1.072538729999999987e+03 1.307287019999999966e+00
1.072839580000000069e+03 1.346042200000000078e+00
1.073140429999999924e+03 1.383178470000000049e+00
1.073441280000000006e+03 1.418597300000000061e+00
1.073742140000000063e+03 1.452235340000000097e+00
1.074042989999999918e+03 1.484015150000000061e+00
1.074343840000000000e+03 1.513873389999999874e+00
1.074644690000000082e+03 1.541753749999999812e+00
1.074945549999999912e+03 1.567592890000000017e+00
1.075246399999999994e+03 1.591348559999999912e+00
1.075547250000000076e+03 1.612978539999999850e+00
1.075848099999999931e+03 1.632440590000000080e+00
1.076148959999999988e+03 1.649706569999999983e+00
1.076449810000000070e+03 1.664755350000000078e+00
1.076750659999999925e+03 1.677558780000000027e+00
1.077051510000000007e+03 1.688109819999999983e+00
1.077352370000000064e+03 1.696408460000000007e+00
1.077653219999999919e+03 1.702440650000000000e+00
1.077954070000000002e+03 1.706220440000000060e+00
1.078254920000000084e+03 1.707754879999999975e+00
1.078555769999999939e+03 1.707072119999999860e+00
1.078856629999999996e+03 1.704186250000000014e+00
1.079157480000000078e+03 1.699132450000000016e+00
1.079458329999999933e+03 1.691945919999999992e+00
1.079759180000000015e+03 1.682661850000000126e+00
1.080060040000000072e+03 1.671336549999999921e+00
1.080360889999999927e+03 1.658012260000000015e+00
1.080661740000000009e+03 1.642752320000000044e+00
1.080962590000000091e+03 1.625620080000000023e+00
1.081263449999999921e+03 1.606678889999999971e+00
1.081564300000000003e+03 1.585999130000000035e+00
1.081865150000000085e+03 1.563651200000000019e+00
1.082165999999999940e+03 1.539726599999999834e+00
1.082466859999999997e+03 1.514302749999999920e+00
1.082767710000000079e+03 1.487457079999999987e+00
1.083068559999999934e+03 1.459295169999999864e+00
1.083369410000000016e+03 1.429894450000000150e+00
1.083670270000000073e+03 1.399353449999999999e+00
1.083971119999999928e+03 1.367777759999999843e+00
1.084271970000000010e+03 1.335251840000000190e+00
1.084572820000000092e+03 1.301881279999999919e+00
1.084873669999999947e+03 1.267771650000000028e+00
1.085174530000000004e+03 1.233021499999999993e+00
1.085475380000000087e+03 1.197729370000000015e+00
1.085776229999999941e+03 1.162000839999999924e+00
1.086077080000000024e+03 1.125941489999999989e+00
1.086377940000000081e+03 1.089649859999999970e+00
1.086678789999999935e+03 1.053231529999999916e+00
1.086979640000000018e+03 1.016778010000000121e+00
1.087280490000000100e+03 9.803948750000001100e-01
1.087581349999999929e+03 9.441806710000000269e-01
1.087882200000000012e+03 9.082198609999999617e-01
1.088183050000000094e+03 8.726180250000000749e-01
1.088483899999999949e+03 8.374525899999999412e-01
1.088784760000000006e+03 8.028220979999999285e-01
1.089085610000000088e+03 7.688039740000000011e-01
1.089386459999999943e+03 7.354826829999999704e-01
1.089687310000000025e+03 7.029293159999999707e-01
1.089988160000000107e+03 6.712212989999999380e-01
1.090289019999999937e+03 6.404262039999999434e-01
1.090589870000000019e+03 6.106080830000000237e-01
1.090890720000000101e+03 5.818288759999999948e-01
1.091191569999999956e+03 5.541427829999999721e-01
1.091492430000000013e+03 5.276011849999999725e-01
1.091793280000000095e+03 5.022498349999999778e-01
1.092094129999999950e+03 4.781295560000000111e-01
1.092394980000000032e+03 4.552769500000000136e-01
1.092695840000000089e+03 4.337215799999999954e-01
1.092996689999999944e+03 4.134901930000000059e-01
1.093297540000000026e+03 3.946017929999999785e-01
1.093598390000000109e+03 3.770718659999999778e-01
1.093899249999999938e+03 3.609102650000000079e-01
1.094200100000000020e+03 3.461212150000000376e-01
1.094500950000000103e+03 3.327026030000000412e-01
1.094801799999999957e+03 3.206495019999999752e-01
1.095102660000000014e+03 3.099499470000000034e-01
1.095403510000000097e+03 3.005884520000000060e-01
1.095704359999999951e+03 2.925417899999999682e-01
1.096005210000000034e+03 2.857853240000000072e-01
1.096306059999999889e+03 2.802880859999999918e-01
1.096606919999999946e+03 2.760134719999999819e-01
1.096907770000000028e+03 2.729220669999999904e-01
1.097208620000000110e+03 2.709702310000000058e-01
1.097509469999999965e+03 2.701086920000000391e-01
1.097810330000000022e+03 2.702867710000000367e-01
1.098111180000000104e+03 2.714474559999999759e-01
1.098412029999999959e+03 2.735323239999999934e-01
1.098712880000000041e+03 2.764794349999999956e-01
1.099013740000000098e+03 2.802226259999999747e-01
1.099314589999999953e+03 2.846957310000000074e-01
1.099615440000000035e+03 2.898276599999999870e-01
1.099916289999999890e+03 2.955459149999999924e-01
1.100217149999999947e+03 3.017765880000000123e-01
1.100518000000000029e+03 3.084450690000000161e-01
1.100818850000000111e+03 3.154732289999999661e-01
1.101119699999999966e+03 3.227843459999999998e-01
1.101420560000000023e+03 3.302988809999999886e-01
1.101721410000000105e+03 3.379387049999999504e-01
1.102022259999999960e+03 3.456249849999999957e-01
1.102323110000000042e+03 3.532788869999999859e-01
1.102623959999999897e+03 3.608222810000000225e-01
1.102924819999999954e+03 3.681777419999999745e-01
1.103225670000000036e+03 3.752692499999999987e-01
1.103526519999999891e+03 3.820221960000000361e-01
1.103827369999999974e+03 3.883633769999999541e-01
1.104128230000000030e+03 3.942217020000000072e-01
1.104429080000000113e+03 3.995281920000000042e-01
1.104729929999999968e+03 4.042159779999999758e-01
1.105030780000000050e+03 4.082217119999999588e-01
1.105331640000000107e+03 4.114855660000000248e-01
1.105632489999999962e+03 4.139484130000000150e-01
1.105933340000000044e+03 4.155574639999999875e-01
1.106234189999999899e+03 4.162613359999999818e-01
1.106535049999999956e+03 4.160142769999999879e-01
1.106835900000000038e+03 4.147726469999999943e-01
1.107136749999999893e+03 4.124991410000000136e-01
1.107437599999999975e+03 4.091585660000000013e-01
1.107738460000000032e+03 4.047220619999999935e-01
1.108039309999999887e+03 3.991642900000000327e-01
1.108340159999999969e+03 3.924655420000000006e-01
1.108641010000000051e+03 3.846089249999999904e-01
1.108941859999999906e+03 3.755852889999999888e-01
1.109242719999999963e+03 3.653875940000000377e-01
1.109543570000000045e+03 3.540165450000000158e-01
1.109844419999999900e+03 3.414749570000000234e-01
1.110145269999999982e+03 3.277733890000000261e-01
1.110446130000000039e+03 3.129259169999999979e-01
1.110746979999999894e+03 2.969508429999999644e-01
1.111047829999999976e+03 2.798742089999999849e-01
1.111348680000000058e+03 2.617234669999999874e-01
1.111649539999999888e+03 2.425345140000000066e-01
1.111950389999999970e+03 2.223446550000000022e-01
1.112251240000000053e+03 2.011975310000000128e-01
1.112552089999999907e+03 1.791424120000000009e-01
1.112852949999999964e+03 1.562299769999999921e-01
1.113153800000000047e+03 1.325172400000000084e-01
1.113454649999999901e+03 1.080661409999999906e-01
1.113755499999999984e+03 8.293932580000000498e-02
1.114056360000000041e+03 5.720696939999999481e-02
1.114357209999999895e+03 3.093981119999999682e-02
1.114658059999999978e+03 4.213242859999999888e-03
1.114958910000000060e+03 -2.289448609999999995e-02
1.115259759999999915e+03 -5.030233900000000147e-02
1.115560619999999972e+03 -7.792635080000000214e-02
1.115861470000000054e+03 -1.056814240000000099e-01
1.116162319999999909e+03 -1.334787290000000182e-01
1.116463169999999991e+03 -1.612281709999999757e-01
1.116764030000000048e+03 -1.888382460000000151e-01
1.117064879999999903e+03 -2.162174510000000049e-01
1.117365729999999985e+03 -2.432707640000000004e-01
1.117666580000000067e+03 -2.699052730000000011e-01
1.117967439999999897e+03 -2.960245470000000267e-01
1.118268289999999979e+03 -3.215349730000000017e-01
1.118569140000000061e+03 -3.463422310000000004e-01
1.118869989999999916e+03 -3.703512979999999954e-01
1.119170849999999973e+03 -3.934692630000000135e-01
1.119471700000000055e+03 -4.156046239999999781e-01
1.119772549999999910e+03 -4.366665800000000264e-01
1.120073399999999992e+03 -4.565657390000000260e-01
1.120374260000000049e+03 -4.752155259999999992e-01
1.120675109999999904e+03 -4.925307729999999773e-01
1.120975959999999986e+03 -5.084305329999999623e-01
1.121276810000000069e+03 -5.228338610000000664e-01
1.121577659999999923e+03 -5.356661480000000086e-01
1.121878519999999980e+03 -5.468541900000000178e-01
1.122179370000000063e+03 -5.563283049999999674e-01
1.122480219999999917e+03 -5.640237349999999150e-01
1.122781070000000000e+03 -5.698799490000000523e-01
1.123081930000000057e+03 -5.738392279999999790e-01
1.123382779999999912e+03 -5.758487820000000035e-01
1.123683629999999994e+03 -5.758628590000000047e-01
1.123984480000000076e+03 -5.738371159999999804e-01
1.124285339999999906e+03 -5.697349510000000450e-01
1.124586189999999988e+03 -5.635239859999999767e-01
1.124887040000000070e+03 -5.551774749999999203e-01
1.125187889999999925e+03 -5.446728920000000196e-01
1.125488749999999982e+03 -5.319961610000000229e-01
1.125789600000000064e+03 -5.171360189999999468e-01
1.126090449999999919e+03 -5.000896519999999956e-01
1.126391300000000001e+03 -4.808577629999999936e-01
1.126692160000000058e+03 -4.594480939999999736e-01
1.126993009999999913e+03 -4.358754279999999537e-01
1.127293859999999995e+03 -4.101587680000000069e-01
1.127594710000000077e+03 -3.823241569999999978e-01
1.127895559999999932e+03 -3.524039749999999804e-01
1.128196419999999989e+03 -3.204348209999999808e-01
1.128497270000000071e+03 -2.864617449999999899e-01
1.128798119999999926e+03 -2.505340169999999977e-01
1.129098970000000008e+03 -2.127072419999999908e-01
1.129399830000000065e+03 -1.730419549999999973e-01
1.129700679999999920e+03 -1.316064299999999965e-01
1.130001530000000002e+03 -8.847246200000000171e-02
1.130302380000000085e+03 -4.371740710000000113e-02
1.130603239999999914e+03 2.575248720000000192e-03
1.130904089999999997e+03 5.031761300000000409e-02
1.131204940000000079e+03 9.941696460000000457e-02
1.131505789999999934e+03 1.497754729999999923e-01
1.131806649999999991e+03 2.012904419999999861e-01
1.132107500000000073e+03 2.538569960000000014e-01
1.132408349999999928e+03 3.073639220000000116e-01
1.132709200000000010e+03 3.616971939999999996e-01
1.133010050000000092e+03 4.167399689999999879e-01
1.133310909999999922e+03 4.723704770000000108e-01
1.133611760000000004e+03 5.284648360000000489e-01
1.133912610000000086e+03 5.848977570000000181e-01
1.134213459999999941e+03 6.415390250000000405e-01
1.134514319999999998e+03 6.982584219999999897e-01
1.134815170000000080e+03 7.549236220000000719e-01
1.135116019999999935e+03 8.114022950000000511e-01
1.135416870000000017e+03 8.675501479999999654e-01
1.135717730000000074e+03 9.232404849999999996e-01
1.136018579999999929e+03 9.783325309999999497e-01
1.136319430000000011e+03 1.032692549999999931e+00
1.136620280000000093e+03 1.086186810000000058e+00
1.136921139999999923e+03 1.138667490000000004e+00
1.137221990000000005e+03 1.190007899999999896e+00
1.137522840000000087e+03 1.240074300000000074e+00
1.137823689999999942e+03 1.288732959999999927e+00
1.138124549999999999e+03 1.335850130000000080e+00
1.138425400000000081e+03 1.381299140000000092e+00
1.138726249999999936e+03 1.424960299999999958e+00
1.139027100000000019e+03 1.466699900000000056e+00
1.139327950000000101e+03 1.506398270000000039e+00
1.139628809999999930e+03 1.543949829999999857e+00
1.139929660000000013e+03 1.579234930000000148e+00
1.140230510000000095e+03 1.612147970000000097e+00
1.140531359999999950e+03 1.642576350000000129e+00
1.140832220000000007e+03 1.670428559999999951e+00
1.141133070000000089e+03 1.695606049999999865e+00
1.141433919999999944e+03 1.718024369999999967e+00
1.141734770000000026e+03 1.737592000000000025e+00
1.142035630000000083e+03 1.754238570000000053e+00
1.142336479999999938e+03 1.767886649999999893e+00
1.142637330000000020e+03 1.778465839999999965e+00
1.142938180000000102e+03 1.785926879999999883e+00
1.143239039999999932e+03 1.790213459999999923e+00
1.143539890000000014e+03 1.791269270000000136e+00
1.143840740000000096e+03 1.789059109999999952e+00
1.144141589999999951e+03 1.783554830000000146e+00
1.144442450000000008e+03 1.774728279999999936e+00
1.144743300000000090e+03 1.762558340000000001e+00
1.145044149999999945e+03 1.747030919999999821e+00
1.145345000000000027e+03 1.728146039999999939e+00
1.145645850000000110e+03 1.705910730000000042e+00
1.145946709999999939e+03 1.680332029999999977e+00
1.146247560000000021e+03 1.651424020000000104e+00
1.146548410000000104e+03 1.619221880000000002e+00
1.146849259999999958e+03 1.583746740000000042e+00
1.147150120000000015e+03 1.545054909999999948e+00
1.147450970000000098e+03 1.503181579999999906e+00
1.147751819999999952e+03 1.458190089999999994e+00
1.148052670000000035e+03 1.410136759999999878e+00
1.148353530000000092e+03 1.359099019999999935e+00
1.148654379999999946e+03 1.305147250000000092e+00
1.148955230000000029e+03 1.248372950000000037e+00
1.149256080000000111e+03 1.188860589999999995e+00
1.149556939999999940e+03 1.126715750000000016e+00
1.149857790000000023e+03 1.062029929999999789e+00
1.150158640000000105e+03 9.949227889999999741e-01
1.150459489999999960e+03 9.255069519999999939e-01
1.150760350000000017e+03 8.539091130000000529e-01
1.151061200000000099e+03 7.802559680000000775e-01
1.151362049999999954e+03 7.046742139999999655e-01
1.151662900000000036e+03 6.273060329999999851e-01
1.151963749999999891e+03 5.482943120000000059e-01
1.152264609999999948e+03 4.677854559999999884e-01
1.152565460000000030e+03 3.859300920000000024e-01
1.152866310000000112e+03 3.028830740000000299e-01
1.153167159999999967e+03 2.188041799999999870e-01
1.153468020000000024e+03 1.338531890000000113e-01
1.153768870000000106e+03 4.819522830000000368e-02
1.154069719999999961e+03 -3.800351660000000215e-02
1.154370570000000043e+03 -1.245740469999999933e-01
1.154671430000000100e+03 -2.113473620000000108e-01
1.154972279999999955e+03 -2.981502400000000108e-01
1.155273130000000037e+03 -3.848116399999999548e-01
1.155573979999999892e+03 -4.711584090000000002e-01
1.155874839999999949e+03 -5.570173950000000263e-01
1.156175690000000031e+03 -6.422161499999999856e-01
1.156476540000000114e+03 -7.265857430000000061e-01
1.156777389999999968e+03 -8.099452799999999897e-01
1.157078250000000025e+03 -8.921434289999999878e-01
1.157379100000000108e+03 -9.729901440000000568e-01
1.157679949999999963e+03 -1.052337609999999923e+00
1.157980800000000045e+03 -1.130023939999999838e+00
1.158281649999999900e+03 -1.205880209999999897e+00
1.158582509999999957e+03 -1.279751549999999849e+00
1.158883360000000039e+03 -1.351490170000000157e+00
1.159184209999999894e+03 -1.420948230000000034e+00
1.159485059999999976e+03 -1.487977950000000105e+00
1.159785920000000033e+03 -1.552445560000000002e+00
1.160086769999999888e+03 -1.614217349999999884e+00
1.160387619999999970e+03 -1.673159580000000091e+00
1.160688470000000052e+03 -1.729159619999999897e+00
1.160989330000000109e+03 -1.782097819999999944e+00
1.161290179999999964e+03 -1.831861549999999950e+00
1.161591030000000046e+03 -1.878352290000000036e+00
1.161891879999999901e+03 -1.921471469999999959e+00
1.162192739999999958e+03 -1.961127610000000132e+00
1.162493590000000040e+03 -1.997250309999999862e+00
1.162794439999999895e+03 -2.029755109999999974e+00
1.163095289999999977e+03 -2.058585700000000074e+00
1.163396150000000034e+03 -2.083678729999999923e+00
1.163696999999999889e+03 -2.104984930000000087e+00
1.163997849999999971e+03 -2.122469099999999997e+00
1.164298700000000053e+03 -2.136089020000000005e+00
1.164599549999999908e+03 -2.145823570000000124e+00
1.164900409999999965e+03 -2.151658669999999773e+00
1.165201260000000048e+03 -2.153594309999999901e+00
1.165502109999999902e+03 -2.151616429999999802e+00
1.165802959999999985e+03 -2.145746139999999968e+00
1.166103820000000042e+03 -2.136004559999999941e+00
1.166404669999999896e+03 -2.122412790000000271e+00
1.166705519999999979e+03 -2.105006039999999690e+00
1.167006370000000061e+03 -2.083826540000000005e+00
1.167307229999999890e+03 -2.058937629999999963e+00
1.167608079999999973e+03 -2.030388589999999827e+00
1.167908930000000055e+03 -1.998256849999999973e+00
1.168209779999999910e+03 -1.962619819999999793e+00
1.168510639999999967e+03 -1.923554930000000107e+00
1.168811490000000049e+03 -1.881160729999999948e+00
1.169112339999999904e+03 -1.835535759999999961e+00
1.169413189999999986e+03 -1.786785599999999974e+00
1.169714050000000043e+03 -1.735022869999999884e+00
1.170014899999999898e+03 -1.680367230000000101e+00
1.170315749999999980e+03 -1.622945360000000115e+00
1.170616600000000062e+03 -1.562898059999999978e+00
1.170917449999999917e+03 -1.500352009999999847e+00
1.171218309999999974e+03 -1.435455029999999965e+00
1.171519160000000056e+03 -1.368354929999999969e+00
1.171820009999999911e+03 -1.299206569999999950e+00
1.172120859999999993e+03 -1.228164789999999895e+00
1.172421720000000050e+03 -1.155391480000000026e+00
1.172722569999999905e+03 -1.081055580000000127e+00
1.173023419999999987e+03 -1.005311939999999904e+00
1.173324270000000070e+03 -9.283435560000000697e-01
1.173625129999999899e+03 -8.503123280000000062e-01
1.173925979999999981e+03 -7.714012599999999775e-01
1.174226830000000064e+03 -6.917799860000000134e-01
1.174527679999999918e+03 -6.116237700000000110e-01
1.174828539999999975e+03 -5.311106899999999964e-01
1.175129390000000058e+03 -4.504160110000000050e-01
1.175430239999999912e+03 -3.697164060000000529e-01
1.175731089999999995e+03 -2.891864329999999650e-01
1.176031950000000052e+03 -2.089999499999999899e-01
1.176332799999999907e+03 -1.293287009999999904e-01
1.176633649999999989e+03 -5.034133350000000173e-02
1.176934500000000071e+03 2.779434890000000158e-02
1.177235349999999926e+03 1.049149070000000017e-01
1.177536209999999983e+03 1.808591549999999937e-01
1.177837060000000065e+03 2.554716780000000353e-01
1.178137909999999920e+03 3.285997339999999767e-01
1.178438760000000002e+03 4.000955119999999865e-01
1.178739620000000059e+03 4.698161260000000006e-01
1.179040469999999914e+03 5.376243200000000444e-01
1.179341319999999996e+03 6.033884700000000656e-01
1.179642170000000078e+03 6.669832870000000913e-01
1.179943029999999908e+03 7.282891129999999880e-01
1.180243879999999990e+03 7.871891050000000556e-01
1.180544730000000072e+03 8.435833139999999730e-01
1.180845579999999927e+03 8.973731969999999558e-01
1.181146439999999984e+03 9.484602119999999692e-01
1.181447290000000066e+03 9.967669329999999661e-01
1.181748139999999921e+03 1.042215939999999952e+00
1.182048990000000003e+03 1.084729790000000138e+00
1.182349840000000086e+03 1.124259230000000054e+00
1.182650699999999915e+03 1.160740909999999904e+00
1.182951549999999997e+03 1.194139620000000068e+00
1.183252400000000080e+03 1.224420190000000019e+00
1.183553249999999935e+03 1.251547410000000138e+00
1.183854109999999991e+03 1.275507200000000063e+00
1.184154960000000074e+03 1.296278459999999910e+00
1.184455809999999929e+03 1.313868220000000031e+00
1.184756660000000011e+03 1.328283509999999890e+00
1.185057520000000068e+03 1.339531379999999938e+00
1.185358369999999923e+03 1.347639990000000010e+00
1.185659220000000005e+03 1.352630439999999989e+00
1.185960070000000087e+03 1.354544970000000070e+00
1.186260929999999917e+03 1.353432849999999910e+00
1.186561779999999999e+03 1.349336320000000145e+00
1.186862630000000081e+03 1.342325749999999873e+00
1.187163479999999936e+03 1.332464509999999880e+00
1.187464339999999993e+03 1.319822969999999929e+00
1.187765190000000075e+03 1.304485609999999962e+00
1.188066039999999930e+03 1.286536879999999883e+00
1.188366890000000012e+03 1.266068279999999824e+00
1.188667740000000094e+03 1.243185410000000157e+00
1.188968599999999924e+03 1.217986800000000036e+00
1.189269450000000006e+03 1.190585070000000023e+00
1.189570300000000088e+03 1.161085810000000107e+00
1.189871149999999943e+03 1.129608659999999931e+00
1.190172010000000000e+03 1.096287369999999983e+00
1.190472860000000082e+03 1.061227509999999929e+00
1.190773709999999937e+03 1.024576909999999952e+00
1.191074560000000019e+03 9.864552120000000812e-01
1.191375420000000076e+03 9.469961580000000323e-01
1.191676269999999931e+03 9.063405230000000090e-01
1.191977120000000014e+03 8.646220420000000351e-01
1.192277970000000096e+03 8.219814879999999269e-01
1.192578829999999925e+03 7.785525979999999846e-01
1.192879680000000008e+03 7.344761459999999964e-01
1.193180530000000090e+03 6.898929059999999724e-01
1.193481379999999945e+03 6.449401339999999427e-01
1.193782240000000002e+03 5.997550830000000222e-01
1.194083090000000084e+03 5.544743069999999996e-01
1.194383939999999939e+03 5.092308349999999928e-01
1.194684790000000021e+03 4.641577000000000064e-01
1.194985640000000103e+03 4.193844150000000104e-01
1.195286499999999933e+03 3.750369720000000240e-01
1.195587350000000015e+03 3.312399570000000293e-01
1.195888200000000097e+03 2.881130279999999932e-01
1.196189049999999952e+03 2.457716199999999962e-01
1.196489910000000009e+03 2.043283530000000181e-01
1.196790760000000091e+03 1.638909179999999965e-01
1.197091609999999946e+03 1.245613769999999870e-01
1.197392460000000028e+03 8.643827249999999629e-02
1.197693320000000085e+03 4.961289650000000329e-02
1.197994169999999940e+03 1.417323300000000036e-02
1.198295020000000022e+03 -1.979949140000000080e-02
1.198595870000000104e+03 -5.222989189999999865e-02
1.198896729999999934e+03 -8.304842590000000024e-02
1.199197580000000016e+03 -1.121908300000000053e-01
1.199498430000000099e+03 -1.396010059999999997e-01
1.199799279999999953e+03 -1.652268660000000000e-01
1.200100140000000010e+03 -1.890247719999999798e-01
1.200400990000000093e+03 -2.109560089999999999e-01
1.200701839999999947e+03 -2.309896090000000124e-01
1.201002690000000030e+03 -2.490995259999999878e-01
1.201303540000000112e+03 -2.652674610000000377e-01
1.201604399999999941e+03 -2.794807449999999749e-01
1.201905250000000024e+03 -2.917337450000000443e-01
1.202206100000000106e+03 -3.020264619999999955e-01
1.202506949999999961e+03 -3.103645279999999729e-01
1.202807810000000018e+03 -3.167613149999999878e-01
1.203108660000000100e+03 -3.212344200000000205e-01
1.203409509999999955e+03 -3.238084790000000379e-01
1.203710360000000037e+03 -3.245116470000000142e-01
1.204011220000000094e+03 -3.233798210000000117e-01
1.204312069999999949e+03 -3.204531219999999792e-01
1.204612920000000031e+03 -3.157744860000000209e-01
1.204913770000000113e+03 -3.093952960000000418e-01
1.205214629999999943e+03 -3.013683419999999558e-01
1.205515480000000025e+03 -2.917513420000000246e-01
1.205816330000000107e+03 -2.806062360000000089e-01
1.206117179999999962e+03 -2.679977799999999633e-01
1.206418040000000019e+03 -2.539949549999999667e-01
1.206718890000000101e+03 -2.386681459999999977e-01
1.207019739999999956e+03 -2.220919650000000023e-01
1.207320590000000038e+03 -2.043424300000000193e-01
1.207621439999999893e+03 -1.854969659999999854e-01
1.207922299999999950e+03 -1.656358159999999913e-01
1.208223150000000032e+03 -1.448392199999999908e-01
1.208523999999999887e+03 -1.231895309999999910e-01
1.208824849999999969e+03 -1.007691019999999993e-01
1.209125710000000026e+03 -7.766028730000000546e-02
1.209426560000000109e+03 -5.394579059999999454e-02
1.209727409999999963e+03 -2.970803550000000043e-02
1.210028260000000046e+03 -5.028579800000000308e-03
1.210329120000000103e+03 2.001206070000000059e-02
1.210629969999999958e+03 4.533455260000000125e-02
1.210930820000000040e+03 7.086088570000000086e-02
1.211231669999999895e+03 9.651560510000001258e-02
1.211532529999999952e+03 1.222252259999999924e-01
1.211833380000000034e+03 1.479172509999999996e-01
1.212134229999999889e+03 1.735234029999999927e-01
1.212435079999999971e+03 1.989775189999999916e-01
1.212735940000000028e+03 2.242176579999999864e-01
1.213036790000000110e+03 2.491818790000000228e-01
1.213337639999999965e+03 2.738159839999999567e-01
1.213638490000000047e+03 2.980657760000000045e-01
1.213939339999999902e+03 3.218826859999999734e-01
1.214240199999999959e+03 3.452209629999999918e-01
1.214541050000000041e+03 3.680390789999999912e-01
1.214841899999999896e+03 3.903004320000000305e-01
1.215142749999999978e+03 4.119698299999999813e-01
1.215443610000000035e+03 4.330191159999999817e-01
1.215744459999999890e+03 4.534222480000000277e-01
1.216045309999999972e+03 4.731581089999999934e-01
1.216346160000000054e+03 4.922098069999999992e-01
1.216647020000000111e+03 5.105639680000000347e-01
1.216947869999999966e+03 5.282114419999999200e-01
1.217248720000000048e+03 5.451458940000000197e-01
1.217549569999999903e+03 5.613666190000000666e-01
1.217850429999999960e+03 5.768757300000000310e-01
1.218151280000000042e+03 5.916781540000000117e-01
1.218452129999999897e+03 6.057830410000000221e-01
1.218752979999999980e+03 6.192023570000000365e-01
1.219053840000000037e+03 6.319515869999999813e-01
1.219354689999999891e+03 6.440483280000000033e-01
1.219655539999999974e+03 6.555129920000000165e-01
1.219956390000000056e+03 6.663695099999999982e-01
1.220257239999999911e+03 6.766418159999999515e-01
1.220558099999999968e+03 6.863566540000000105e-01
1.220858950000000050e+03 6.955442929999999802e-01
1.221159799999999905e+03 7.042307749999999755e-01
1.221460649999999987e+03 7.124519970000000590e-01
1.221761510000000044e+03 7.202438580000000146e-01
1.222062359999999899e+03 7.276274729999999691e-01
1.222363209999999981e+03 7.346380359999999943e-01
1.222664060000000063e+03 7.413107409999999398e-01
1.222964919999999893e+03 7.476878200000000030e-01
1.223265769999999975e+03 7.537833489999999914e-01
1.223566620000000057e+03 7.596395630000000176e-01
1.223867469999999912e+03 7.652846150000000014e-01
1.224168329999999969e+03 7.707396210000000414e-01
1.224469180000000051e+03 7.760468139999999737e-01
1.224770029999999906e+03 7.812132330000000069e-01
1.225070879999999988e+03 7.862740719999999905e-01
1.225371730000000071e+03 7.912434069999999542e-01
1.225672589999999900e+03 7.961493929999999830e-01
1.225973439999999982e+03 8.009920310000000487e-01
1.226274290000000065e+03 8.057853979999999305e-01
1.226575139999999919e+03 8.105435710000000737e-01
1.226875999999999976e+03 8.152735899999999925e-01
1.227176850000000059e+03 8.199754529999999653e-01
1.227477699999999913e+03 8.246421230000000602e-01
1.227778549999999996e+03 8.292665609999999576e-01
1.228079410000000053e+03 8.338487669999999907e-01
1.228380259999999907e+03 8.383676239999999780e-01
1.228681109999999990e+03 8.428090550000000292e-01
1.228981960000000072e+03 8.471449050000000591e-01
1.229282819999999901e+03 8.513540579999999691e-01
1.229583669999999984e+03 8.554083599999999787e-01
1.229884520000000066e+03 8.592726160000000446e-01
1.230185369999999921e+03 8.629116330000000668e-01
1.230486229999999978e+03 8.662761399999999723e-01
1.230787080000000060e+03 8.693309439999999944e-01
1.231087929999999915e+03 8.720197339999999908e-01
1.231388779999999997e+03 8.743002790000000690e-01
1.231689630000000079e+03 8.761021909999999746e-01
1.231990489999999909e+03 8.773761989999999678e-01
1.232291339999999991e+03 8.780589540000000026e-01
1.232592190000000073e+03 8.780871090000000878e-01
1.232893039999999928e+03 8.773973149999999555e-01
1.233193899999999985e+03 8.759191840000000173e-01
1.233494750000000067e+03 8.735752910000000870e-01
1.233795599999999922e+03 8.703093259999999942e-01
1.234096450000000004e+03 8.660297850000000519e-01
1.234397310000000061e+03 8.606803600000000332e-01
1.234698159999999916e+03 8.541695449999999745e-01
1.234999009999999998e+03 8.464410330000000648e-01
1.235299860000000081e+03 8.374103579999999658e-01
1.235600719999999910e+03 8.270000939999999634e-01
1.235901569999999992e+03 8.151539319999999700e-01
1.236202420000000075e+03 8.017803669999999938e-01
1.236503269999999929e+03 7.868230920000000017e-01
1.236804129999999986e+03 7.702187560000000044e-01
1.237104980000000069e+03 7.518899340000000375e-01
1.237405829999999924e+03 7.317873559999999999e-01
1.237706680000000006e+03 7.098406329999999986e-01
1.238007530000000088e+03 6.860089409999999832e-01
1.238308389999999918e+03 6.602345640000000238e-01
1.238609240000000000e+03 6.324745640000000169e-01
1.238910090000000082e+03 6.026881169999999122e-01
1.239210939999999937e+03 5.708400299999999428e-01
1.239511799999999994e+03 5.369007390000000157e-01
1.239812650000000076e+03 5.008484259999999022e-01
1.240113499999999931e+03 4.626647879999999935e-01
1.240414350000000013e+03 4.223392690000000171e-01
1.240715210000000070e+03 3.798697560000000029e-01
1.241016059999999925e+03 3.352583620000000320e-01
1.241316910000000007e+03 2.885170509999999688e-01
1.241617760000000089e+03 2.396648289999999959e-01
1.241918619999999919e+03 1.887277380000000060e-01
1.242219470000000001e+03 1.357402689999999967e-01
1.242520320000000083e+03 8.074535740000000905e-02
1.242821169999999938e+03 2.379333039999999982e-02
1.243122029999999995e+03 -3.505612379999999834e-02
1.243422880000000077e+03 -9.573571509999999340e-02
1.243723729999999932e+03 -1.581698480000000018e-01
1.244024580000000014e+03 -2.222735639999999790e-01
1.244325430000000097e+03 -2.879553610000000208e-01
1.244626289999999926e+03 -3.551131770000000021e-01
1.244927140000000009e+03 -4.236393199999999859e-01
1.245227990000000091e+03 -4.934162429999999766e-01
1.245528839999999946e+03 -5.643193610000000193e-01
1.245829700000000003e+03 -6.362156429999999974e-01
1.246130550000000085e+03 -7.089678320000000200e-01
1.246431399999999940e+03 -7.824238930000000369e-01
1.246732250000000022e+03 -8.564360129999999405e-01
1.247033110000000079e+03 -9.308423009999999831e-01
1.247333959999999934e+03 -1.005473829999999902e+00
1.247634810000000016e+03 -1.080161659999999912e+00
1.247935660000000098e+03 -1.154722800000000049e+00
1.248236519999999928e+03 -1.228981279999999954e+00
1.248537370000000010e+03 -1.302754080000000148e+00
1.248838220000000092e+03 -1.375837090000000096e+00
1.249139069999999947e+03 -1.448054339999999884e+00
1.249439930000000004e+03 -1.519194659999999919e+00
1.249740780000000086e+03 -1.589060979999999956e+00
1.250041629999999941e+03 -1.657456199999999935e+00
1.250342480000000023e+03 -1.724183250000000056e+00
1.250643330000000105e+03 -1.789030949999999898e+00
1.250944189999999935e+03 -1.851802240000000044e+00
1.251245040000000017e+03 -1.912300019999999989e+00
1.251545890000000099e+03 -1.970313139999999796e+00
1.251846739999999954e+03 -2.025651539999999695e+00
1.252147600000000011e+03 -2.078118140000000391e+00
1.252448450000000093e+03 -2.127522900000000217e+00
1.252749299999999948e+03 -2.173682819999999793e+00
1.253050150000000031e+03 -2.216407829999999635e+00
1.253351010000000088e+03 -2.255514949999999796e+00
1.253651859999999942e+03 -2.290849320000000411e+00
1.253952710000000025e+03 -2.322234959999999848e+00
1.254253560000000107e+03 -2.349517029999999895e+00
1.254554419999999936e+03 -2.372547709999999643e+00
1.254855270000000019e+03 -2.391186240000000129e+00
1.255156120000000101e+03 -2.405298870000000200e+00
1.255456969999999956e+03 -2.414758910000000203e+00
1.255757830000000013e+03 -2.419460770000000149e+00
1.256058680000000095e+03 -2.419305919999999777e+00
1.256359529999999950e+03 -2.414195809999999831e+00
1.256660380000000032e+03 -2.404053020000000096e+00
1.256961229999999887e+03 -2.388821230000000018e+00
1.257262089999999944e+03 -2.368430060000000115e+00
1.257562940000000026e+03 -2.342851359999999605e+00
1.257863790000000108e+03 -2.312049929999999698e+00
1.258164639999999963e+03 -2.276018740000000040e+00
1.258465500000000020e+03 -2.234743689999999727e+00
1.258766350000000102e+03 -2.188252959999999803e+00
1.259067199999999957e+03 -2.136560620000000021e+00
1.259368050000000039e+03 -2.079708890000000032e+00
1.259668910000000096e+03 -2.017761130000000236e+00
1.259969759999999951e+03 -1.950780689999999984e+00
1.260270610000000033e+03 -1.878845000000000098e+00
1.260571459999999888e+03 -1.802066659999999931e+00
1.260872319999999945e+03 -1.720537189999999939e+00
1.261173170000000027e+03 -1.634404399999999979e+00
1.261474020000000110e+03 -1.543794979999999928e+00
1.261774869999999964e+03 -1.448856750000000027e+00
1.262075730000000021e+03 -1.349765679999999968e+00
1.262376580000000104e+03 -1.246704770000000018e+00
1.262677429999999958e+03 -1.139849990000000091e+00
1.262978280000000041e+03 -1.029419549999999850e+00
1.263279129999999896e+03 -9.156175540000000002e-01
1.263579989999999952e+03 -7.986762929999999816e-01
1.263880840000000035e+03 -6.788385989999999870e-01
1.264181689999999890e+03 -5.563423820000000797e-01
1.264482539999999972e+03 -4.314480740000000147e-01
1.264783400000000029e+03 -3.044210339999999793e-01
1.265084250000000111e+03 -1.755364769999999963e-01
1.265385099999999966e+03 -4.507426080000000168e-02
1.265685950000000048e+03 8.667618119999999371e-02
1.265986810000000105e+03 2.194221789999999950e-01
1.266287659999999960e+03 3.528621949999999896e-01
1.266588510000000042e+03 4.866942679999999855e-01
1.266889359999999897e+03 6.206101010000000251e-01
1.267190219999999954e+03 7.542971760000000137e-01
1.267491070000000036e+03 8.874486039999999187e-01
1.267791919999999891e+03 1.019748349999999970e+00
1.268092769999999973e+03 1.150886700000000040e+00
1.268393630000000030e+03 1.280546930000000083e+00
1.268694480000000112e+03 1.408412279999999850e+00
1.268995329999999967e+03 1.534187129999999843e+00
1.269296180000000049e+03 1.657561779999999985e+00
1.269597029999999904e+03 1.778233560000000102e+00
1.269897889999999961e+03 1.895899809999999963e+00
1.270198740000000043e+03 2.010286020000000118e+00
1.270499589999999898e+03 2.121103589999999706e+00
1.270800439999999981e+03 2.228078029999999821e+00
1.271101300000000037e+03 2.330934810000000024e+00
1.271402149999999892e+03 2.429427599999999909e+00
1.271702999999999975e+03 2.523310019999999820e+00
1.272003850000000057e+03 2.612335719999999917e+00
1.272304709999999886e+03 2.696286510000000192e+00
1.272605559999999969e+03 2.774951219999999719e+00
1.272906410000000051e+03 2.848125739999999961e+00
1.273207259999999906e+03 2.915627039999999948e+00
1.273508119999999963e+03 2.977293250000000224e+00
1.273808970000000045e+03 3.032948390000000050e+00
1.274109819999999900e+03 3.082458739999999864e+00
1.274410669999999982e+03 3.125704620000000045e+00
1.274711520000000064e+03 3.162573420000000191e+00
1.275012379999999894e+03 3.192959569999999747e+00
1.275313229999999976e+03 3.216799710000000090e+00
1.275614080000000058e+03 3.234023450000000022e+00
1.275914929999999913e+03 3.244588569999999894e+00
1.276215789999999970e+03 3.248473940000000226e+00
1.276516640000000052e+03 3.245672529999999778e+00
1.276817489999999907e+03 3.236184339999999882e+00
1.277118339999999989e+03 3.220044559999999834e+00
1.277419200000000046e+03 3.197295419999999666e+00
1.277720049999999901e+03 3.167986200000000085e+00
1.278020899999999983e+03 3.132208389999999731e+00
1.278321750000000065e+03 3.090053509999999726e+00
1.278622609999999895e+03 3.041634170000000026e+00
1.278923459999999977e+03 2.987077070000000223e+00
1.279224310000000060e+03 2.926522980000000107e+00
1.279525159999999914e+03 2.860133789999999898e+00
1.279826019999999971e+03 2.788085469999999955e+00
1.280126870000000054e+03 2.710575109999999732e+00
1.280427719999999908e+03 2.627792749999999788e+00
1.280728569999999991e+03 2.539970659999999825e+00
1.281029420000000073e+03 2.447320020000000262e+00
1.281330279999999902e+03 2.350101240000000313e+00
1.281631129999999985e+03 2.248560700000000079e+00
1.281931980000000067e+03 2.142965849999999950e+00
1.282232829999999922e+03 2.033591209999999982e+00
1.282533689999999979e+03 1.920725369999999987e+00
1.282834540000000061e+03 1.804649869999999989e+00
1.283135389999999916e+03 1.685674420000000007e+00
1.283436239999999998e+03 1.564101679999999828e+00
1.283737100000000055e+03 1.440248399999999984e+00
1.284037949999999910e+03 1.314431319999999959e+00
1.284338799999999992e+03 1.186967169999999960e+00
1.284639650000000074e+03 1.058186789999999933e+00
1.284940509999999904e+03 9.284209820000000057e-01
1.285241359999999986e+03 7.979935369999999750e-01
1.285542210000000068e+03 6.672254189999999863e-01
1.285843059999999923e+03 5.364551880000000272e-01
1.286143919999999980e+03 4.060052200000000000e-01
1.286444770000000062e+03 2.761992939999999841e-01
1.286745619999999917e+03 1.473576729999999946e-01
1.287046469999999999e+03 1.979498660000000160e-02
1.287347320000000082e+03 -1.061769489999999927e-01
1.287648179999999911e+03 -2.302554699999999899e-01
1.287949029999999993e+03 -3.521421339999999955e-01
1.288249880000000076e+03 -4.715476499999999849e-01
1.288550729999999930e+03 -5.881925810000000476e-01
1.288851589999999987e+03 -7.018045290000000103e-01
1.289152440000000070e+03 -8.121202440000000466e-01
1.289453289999999924e+03 -9.188975959999999832e-01
1.289754140000000007e+03 -1.021888120000000066e+00
1.290055000000000064e+03 -1.120873610000000076e+00
1.290355849999999919e+03 -1.215635870000000063e+00
1.290656700000000001e+03 -1.305970779999999998e+00
1.290957550000000083e+03 -1.391702360000000027e+00
1.291258409999999913e+03 -1.472647620000000046e+00
1.291559259999999995e+03 -1.548651700000000186e+00
1.291860110000000077e+03 -1.619573820000000053e+00
1.292160959999999932e+03 -1.685287289999999993e+00
1.292461819999999989e+03 -1.745679489999999889e+00
1.292762670000000071e+03 -1.800658919999999830e+00
1.293063519999999926e+03 -1.850134069999999964e+00
1.293364370000000008e+03 -1.894055670000000191e+00
1.293665220000000090e+03 -1.932367410000000119e+00
1.293966079999999920e+03 -1.965034100000000006e+00
1.294266930000000002e+03 -1.992055740000000075e+00
1.294567780000000084e+03 -2.013418250000000409e+00
1.294868629999999939e+03 -2.029142739999999723e+00
1.295169489999999996e+03 -2.039264419999999856e+00
1.295470340000000078e+03 -2.043832550000000303e+00
1.295771189999999933e+03 -2.042903429999999965e+00
1.296072040000000015e+03 -2.036568590000000345e+00
1.296372900000000072e+03 -2.024905430000000006e+00
1.296673749999999927e+03 -2.008026589999999612e+00
1.296974600000000009e+03 -1.986058749999999762e+00
1.297275450000000092e+03 -1.959128609999999826e+00
1.297576309999999921e+03 -1.927391029999999894e+00
1.297877160000000003e+03 -1.890993820000000047e+00
1.298178010000000086e+03 -1.850112949999999978e+00
1.298478859999999941e+03 -1.804931419999999953e+00
1.298779719999999998e+03 -1.755639280000000024e+00
1.299080570000000080e+03 -1.702433610000000153e+00
1.299381419999999935e+03 -1.645525569999999993e+00
1.299682270000000017e+03 -1.585126330000000028e+00
1.299983120000000099e+03 -1.521475209999999967e+00
1.300283979999999929e+03 -1.454797430000000169e+00
1.300584830000000011e+03 -1.385325279999999992e+00
1.300885680000000093e+03 -1.313305120000000104e+00
1.301186529999999948e+03 -1.238976260000000051e+00
1.301487390000000005e+03 -1.162599130000000036e+00
1.301788240000000087e+03 -1.084420090000000059e+00
1.302089089999999942e+03 -1.004692530000000028e+00
1.302389940000000024e+03 -9.236768860000000858e-01
1.302690800000000081e+03 -8.416195109999999868e-01
1.302991649999999936e+03 -7.587808390000000403e-01
1.303292500000000018e+03 -6.754107440000000073e-01
1.303593350000000100e+03 -5.917612110000000092e-01
1.303894209999999930e+03 -5.080785970000000207e-01
1.304195060000000012e+03 -4.246085520000000280e-01
1.304495910000000094e+03 -3.415896880000000024e-01
1.304796759999999949e+03 -2.592563960000000001e-01
1.305097620000000006e+03 -1.778374339999999887e-01
1.305398470000000088e+03 -9.755522369999999888e-02
1.305699319999999943e+03 -1.862550360000000266e-02
1.306000170000000026e+03 5.874478849999999891e-02
1.306301020000000108e+03 1.343557530000000222e-01
1.306601879999999937e+03 2.080166410000000021e-01
1.306902730000000020e+03 2.795455010000000295e-01
1.307203580000000102e+03 3.487698850000000017e-01
1.307504429999999957e+03 4.155279020000000045e-01
1.307805290000000014e+03 4.796675160000000160e-01
1.308106140000000096e+03 5.410479519999999987e-01
1.308406989999999951e+03 5.995375869999999274e-01
1.308707840000000033e+03 6.550181700000000662e-01
1.309008700000000090e+03 7.073841199999999496e-01
1.309309549999999945e+03 7.565284489999999362e-01
1.309610400000000027e+03 8.023856969999999533e-01
1.309911250000000109e+03 8.448643600000000919e-01
1.310212109999999939e+03 8.839081290000000424e-01
1.310512960000000021e+03 9.194747710000000795e-01
1.310813810000000103e+03 9.515220540000000060e-01
1.311114659999999958e+03 9.800288619999999451e-01
1.311415520000000015e+03 1.004967039999999923e+00
1.311716370000000097e+03 1.026343629999999951e+00
1.312017219999999952e+03 1.044172699999999843e+00
1.312318070000000034e+03 1.058454259999999980e+00
1.312618919999999889e+03 1.069237569999999860e+00
1.312919779999999946e+03 1.076543759999999850e+00
1.313220630000000028e+03 1.080436169999999807e+00
1.313521480000000111e+03 1.080971120000000063e+00
1.313822329999999965e+03 1.078218979999999938e+00
1.314123190000000022e+03 1.072250149999999902e+00
1.314424040000000105e+03 1.063156119999999927e+00
1.314724889999999959e+03 1.051028410000000024e+00
1.315025740000000042e+03 1.035965550000000013e+00
1.315326600000000099e+03 1.018080169999999951e+00
1.315627449999999953e+03 9.974848830000000444e-01
1.315928300000000036e+03 9.742993460000000105e-01
1.316229149999999890e+03 9.486502570000000523e-01
1.316530009999999947e+03 9.206713529999999146e-01
1.316830860000000030e+03 8.904893300000000789e-01
1.317131710000000112e+03 8.582449630000000829e-01
1.317432559999999967e+03 8.240860650000000343e-01
1.317733410000000049e+03 7.881463710000000678e-01
1.318034270000000106e+03 7.505807330000000555e-01
1.318335119999999961e+03 7.115299250000000075e-01
1.318635970000000043e+03 6.711445769999999644e-01
1.318936819999999898e+03 6.295717969999999886e-01
1.319237679999999955e+03 5.869608060000000016e-01
1.319538530000000037e+03 5.434580089999999641e-01
1.319839379999999892e+03 4.992098120000000305e-01
1.320140229999999974e+03 4.543598049999999500e-01
1.320441090000000031e+03 4.090494660000000282e-01
1.320741940000000113e+03 3.634181610000000173e-01
1.321042789999999968e+03 3.176017369999999951e-01
1.321343640000000050e+03 2.717332279999999933e-01
1.321644500000000107e+03 2.259400320000000129e-01
1.321945349999999962e+03 1.803460329999999889e-01
1.322246200000000044e+03 1.350708870000000006e-01
1.322547049999999899e+03 9.022862219999999711e-02
1.322847909999999956e+03 4.592819799999999647e-02
1.323148760000000038e+03 2.273062470000000029e-03
1.323449609999999893e+03 -4.063930529999999763e-02
1.323750459999999975e+03 -8.271760620000000175e-02
1.324051310000000058e+03 -1.238758059999999911e-01
1.324352169999999887e+03 -1.640352110000000141e-01
1.324653019999999970e+03 -2.031226199999999760e-01
1.324953870000000052e+03 -2.410732760000000030e-01
1.325254719999999907e+03 -2.778259420000000479e-01
1.325555579999999964e+03 -3.133278280000000304e-01
1.325856430000000046e+03 -3.475338860000000141e-01
1.326157279999999901e+03 -3.804018829999999962e-01
1.326458129999999983e+03 -4.119001460000000225e-01
1.326758990000000040e+03 -4.420005200000000078e-01
1.327059839999999895e+03 -4.706825920000000107e-01
1.327360689999999977e+03 -4.979315810000000120e-01
1.327661540000000059e+03 -5.237376329999999802e-01
1.327962399999999889e+03 -5.480993399999999349e-01
1.328263249999999971e+03 -5.710174049999999779e-01
1.328564100000000053e+03 -5.925009810000000376e-01
1.328864949999999908e+03 -6.125620309999999513e-01
1.329165809999999965e+03 -6.312174490000000970e-01
1.329466660000000047e+03 -6.484904630000000170e-01
1.329767509999999902e+03 -6.644071160000000198e-01
1.330068359999999984e+03 -6.789962669999999312e-01
1.330369210000000066e+03 -6.922924049999999996e-01
1.330670069999999896e+03 -7.043293170000000103e-01
1.330970919999999978e+03 -7.151548650000000285e-01
1.331271770000000060e+03 -7.247979089999999625e-01
1.331572619999999915e+03 -7.333147570000000393e-01
1.331873479999999972e+03 -7.407476439999999274e-01
1.332174330000000054e+03 -7.471458380000000066e-01
1.332475179999999909e+03 -7.525515740000000564e-01
1.332776029999999992e+03 -7.570141209999999843e-01
1.333076890000000049e+03 -7.605897899999999323e-01
1.333377739999999903e+03 -7.633208119999999042e-01
1.333678589999999986e+03 -7.652634980000000420e-01
1.333979440000000068e+03 -7.664600799999999881e-01
1.334280299999999897e+03 -7.669668680000000238e-01
1.334581149999999980e+03 -7.668190549999999162e-01
1.334882000000000062e+03 -7.660659119999999600e-01
1.335182849999999917e+03 -7.647496719999999915e-01
1.335483709999999974e+03 -7.629125670000000969e-01
1.335784560000000056e+03 -7.605968280000000581e-01
1.336085409999999911e+03 -7.578235730000000281e-01
1.336386259999999993e+03 -7.546420729999999688e-01
1.336687110000000075e+03 -7.510804819999999937e-01
1.336987969999999905e+03 -7.471528769999999930e-01
1.337288819999999987e+03 -7.428944530000000102e-01
1.337589670000000069e+03 -7.383192860000000746e-01
1.337890519999999924e+03 -7.334555320000000211e-01
1.338191379999999981e+03 -7.282961510000000027e-01
1.338492230000000063e+03 -7.228693000000000479e-01
1.338793079999999918e+03 -7.171749769999999913e-01
1.339093930000000000e+03 -7.112131829999999155e-01
1.339394790000000057e+03 -7.049839169999999600e-01
1.339695639999999912e+03 -6.984780299999999720e-01
1.339996489999999994e+03 -6.916948179999999891e-01
1.340297340000000077e+03 -6.846194989999999647e-01
1.340598199999999906e+03 -6.772365870000000010e-01
1.340899049999999988e+03 -6.695291909999999680e-01
1.341199900000000071e+03 -6.614747859999999813e-01
1.341500749999999925e+03 -6.530508480000000171e-01
1.341801609999999982e+03 -6.442299270000000355e-01
1.342102460000000065e+03 -6.349838669999999796e-01
1.342403309999999919e+03 -6.252816979999999969e-01
1.342704160000000002e+03 -6.150896340000000517e-01
1.343005010000000084e+03 -6.043738899999999692e-01
1.343305869999999913e+03 -5.930985680000000482e-01
1.343606719999999996e+03 -5.812263619999999964e-01
1.343907570000000078e+03 -5.687192640000000576e-01
1.344208419999999933e+03 -5.555399680000000506e-01
1.344509279999999990e+03 -5.416483550000000813e-01
1.344810130000000072e+03 -5.270078209999999874e-01
1.345110979999999927e+03 -5.115789510000000595e-01
1.345411830000000009e+03 -4.953258480000000130e-01
1.345712690000000066e+03 -4.782126130000000086e-01
1.346013539999999921e+03 -4.602033490000000393e-01
1.346314390000000003e+03 -4.412670859999999751e-01
1.346615240000000085e+03 -4.213721489999999736e-01
1.346916099999999915e+03 -4.004896809999999863e-01
1.347216949999999997e+03 -3.785957480000000097e-01
1.347517800000000079e+03 -3.556664209999999549e-01
1.347818649999999934e+03 -3.316826930000000284e-01
1.348119509999999991e+03 -3.066283759999999803e-01
1.348420360000000073e+03 -2.804922080000000206e-01
1.348721209999999928e+03 -2.532657429999999876e-01
1.349022060000000010e+03 -2.249454609999999855e-01
1.349322910000000093e+03 -1.955320670000000038e-01
1.349623769999999922e+03 -1.650311899999999943e-01
1.349924620000000004e+03 -1.334519820000000245e-01
1.350225470000000087e+03 -1.008113350000000019e-01
1.350526319999999942e+03 -6.712846470000000121e-02
1.350827179999999998e+03 -3.242920389999999486e-02
1.351128030000000081e+03 3.255632309999999686e-03
1.351428879999999936e+03 3.988989300000000265e-02
1.351729730000000018e+03 7.743223280000000042e-02
1.352030590000000075e+03 1.158354780000000056e-01
1.352331439999999930e+03 1.550467679999999737e-01
1.352632290000000012e+03 1.950097940000000141e-01
1.352933140000000094e+03 2.356612060000000120e-01
1.353233999999999924e+03 2.769334330000000066e-01
1.353534850000000006e+03 3.187525680000000139e-01
1.353835700000000088e+03 3.610411860000000139e-01
1.354136549999999943e+03 4.037176370000000181e-01
1.354437410000000000e+03 4.466939369999999854e-01
1.354738260000000082e+03 4.898785839999999503e-01
1.355039109999999937e+03 5.331779609999999225e-01
1.355339960000000019e+03 5.764914159999999788e-01
1.355640810000000101e+03 6.197168880000000213e-01
1.355941669999999931e+03 6.627494979999999369e-01
1.356242520000000013e+03 7.054766279999999945e-01
1.356543370000000095e+03 7.478004390000000390e-01
1.356844219999999950e+03 7.895893080000000452e-01
1.357145080000000007e+03 8.307446920000000068e-01
1.357445930000000089e+03 8.711398949999999974e-01
1.357746779999999944e+03 9.106622960000000377e-01
1.358047630000000026e+03 9.491922379999999659e-01
1.358348490000000083e+03 9.866171019999999681e-01
1.358649339999999938e+03 1.022817230000000022e+00
1.358950190000000021e+03 1.057680000000000176e+00
1.359251040000000103e+03 1.091085749999999965e+00
1.359551899999999932e+03 1.122921880000000039e+00
1.359852750000000015e+03 1.153075740000000016e+00
1.360153600000000097e+03 1.181448819999999955e+00
1.360454449999999952e+03 1.207921430000000074e+00
1.360755310000000009e+03 1.232409129999999964e+00
1.361056160000000091e+03 1.254799299999999951e+00
1.361357009999999946e+03 1.275014490000000000e+00
1.361657860000000028e+03 1.292949150000000103e+00
1.361958710000000110e+03 1.308532870000000070e+00
1.362259569999999940e+03 1.321681200000000000e+00
1.362560420000000022e+03 1.332330779999999937e+00
1.362861270000000104e+03 1.340411220000000014e+00
1.363162119999999959e+03 1.345866229999999941e+00
1.363462980000000016e+03 1.348639480000000113e+00
1.363763830000000098e+03 1.348702829999999908e+00
1.364064679999999953e+03 1.345999970000000046e+00
1.364365530000000035e+03 1.340523840000000133e+00
1.364666390000000092e+03 1.332239270000000086e+00
1.364967239999999947e+03 1.321139210000000119e+00
1.365268090000000029e+03 1.307223670000000171e+00
1.365568940000000111e+03 1.290492639999999858e+00
1.365869799999999941e+03 1.270967229999999892e+00
1.366170650000000023e+03 1.248668569999999978e+00
1.366471500000000106e+03 1.223624810000000007e+00
1.366772349999999960e+03 1.195885230000000021e+00
1.367073200000000043e+03 1.165492039999999951e+00
1.367374060000000100e+03 1.132508609999999916e+00
1.367674909999999954e+03 1.096998279999999992e+00
1.367975760000000037e+03 1.059045509999999801e+00
1.368276609999999891e+03 1.018727729999999942e+00
1.368577469999999948e+03 9.761364510000000161e-01
1.368878320000000031e+03 9.313842820000000078e-01
1.369179170000000113e+03 8.845697679999999785e-01
1.369480019999999968e+03 8.358125690000000052e-01
1.369780880000000025e+03 7.852323410000000559e-01
1.370081730000000107e+03 7.329698599999999731e-01
1.370382579999999962e+03 6.791581570000000401e-01
1.370683430000000044e+03 6.239394149999999417e-01
1.370984290000000101e+03 5.674649649999999879e-01
1.371285139999999956e+03 5.098896589999999396e-01
1.371585990000000038e+03 4.513725729999999992e-01
1.371886839999999893e+03 3.920791160000000053e-01
1.372187699999999950e+03 3.321775150000000343e-01
1.372488550000000032e+03 2.718381049999999965e-01
1.372789399999999887e+03 2.112368540000000017e-01
1.373090249999999969e+03 1.505497319999999917e-01
1.373391100000000051e+03 8.995481600000000688e-02
1.373691960000000108e+03 2.963314359999999828e-02
1.373992809999999963e+03 -3.023629129999999901e-02
1.374293660000000045e+03 -8.947266389999999903e-02
1.374594509999999900e+03 -1.478975429999999924e-01
1.374895369999999957e+03 -2.053313699999999853e-01
1.375196220000000039e+03 -2.615988819999999770e-01
1.375497069999999894e+03 -3.165255169999999785e-01
1.375797919999999976e+03 -3.699409410000000231e-01
1.376098780000000033e+03 -4.216769260000000075e-01
1.376399629999999888e+03 -4.715722860000000072e-01
1.376700479999999970e+03 -5.194672430000000229e-01
1.377001330000000053e+03 -5.652097590000000338e-01
1.377302190000000110e+03 -6.086527270000000600e-01
1.377603039999999964e+03 -6.496567779999999903e-01
1.377903890000000047e+03 -6.880874750000000040e-01
1.378204739999999902e+03 -7.238195269999999626e-01
1.378505599999999959e+03 -7.567325719999999922e-01
1.378806450000000041e+03 -7.867245499999999669e-01
1.379107299999999896e+03 -8.136898780000000331e-01
1.379408149999999978e+03 -8.375300159999999883e-01
1.379709000000000060e+03 -8.581745760000000223e-01
1.380009859999999890e+03 -8.755461319999999770e-01
1.380310709999999972e+03 -8.895813360000000003e-01
1.380611560000000054e+03 -9.002379550000000341e-01
1.380912409999999909e+03 -9.074667180000000055e-01
1.381213269999999966e+03 -9.112394709999999121e-01
1.381514120000000048e+03 -9.115350970000000164e-01
1.381814969999999903e+03 -9.083535969999999571e-01
1.382115819999999985e+03 -9.016949690000000128e-01
1.382416680000000042e+03 -8.915732929999999890e-01
1.382717529999999897e+03 -8.780167219999999162e-01
1.383018379999999979e+03 -8.610674889999999637e-01
1.383319230000000061e+03 -8.407678259999999959e-01
1.383620089999999891e+03 -8.171881210000000451e-01
1.383920939999999973e+03 -7.903917220000000743e-01
1.384221790000000055e+03 -7.604630930000000344e-01
1.384522639999999910e+03 -7.274937380000000564e-01
1.384823499999999967e+03 -6.915906450000000039e-01
1.385124350000000049e+03 -6.528692489999999848e-01
1.385425199999999904e+03 -6.114499129999999560e-01
1.385726049999999987e+03 -5.674677799999999772e-01
1.386026900000000069e+03 -5.210643280000000210e-01
1.386327759999999898e+03 -4.723894810000000000e-01
1.386628609999999981e+03 -4.216037229999999858e-01
1.386929460000000063e+03 -3.688724629999999838e-01
1.387230309999999918e+03 -3.143702620000000114e-01
1.387531169999999975e+03 -2.582773110000000094e-01
1.387832020000000057e+03 -2.007801349999999985e-01
1.388132869999999912e+03 -1.420708919999999764e-01
1.388433719999999994e+03 -8.234525800000000451e-02
1.388734580000000051e+03 -2.180566680000000160e-02
1.389035429999999906e+03 3.934404050000000347e-02
1.389336279999999988e+03 1.008957989999999943e-01
1.389637130000000070e+03 1.626408410000000082e-01
1.389937989999999900e+03 2.243668789999999913e-01
1.390238839999999982e+03 2.858620459999999808e-01
1.390539690000000064e+03 3.469137750000000353e-01
1.390840539999999919e+03 4.073101980000000122e-01
1.391141399999999976e+03 4.668408599999999686e-01
1.391442250000000058e+03 5.252967089999999173e-01
1.391743099999999913e+03 5.824722150000000154e-01
1.392043949999999995e+03 6.381646640000000481e-01
1.392344800000000077e+03 6.921741550000000132e-01
1.392645659999999907e+03 7.443092350000000135e-01
1.392946509999999989e+03 7.943756360000000516e-01
1.393247360000000072e+03 8.421966859999999722e-01
1.393548209999999926e+03 8.875893790000000116e-01
1.393849069999999983e+03 9.303918230000000067e-01
1.394149920000000066e+03 9.704421279999999594e-01
1.394450769999999920e+03 1.007578400000000096e+00
1.394751620000000003e+03 1.041666919999999941e+00
1.395052480000000060e+03 1.072566890000000051e+00
1.395353329999999914e+03 1.100151620000000108e+00
1.395654179999999997e+03 1.124315540000000002e+00
1.395955030000000079e+03 1.144946019999999898e+00
1.396255889999999908e+03 1.161951569999999823e+00
1.396556739999999991e+03 1.175254739999999964e+00
1.396857590000000073e+03 1.184785170000000054e+00
1.397158439999999928e+03 1.190472450000000126e+00
1.397459299999999985e+03 1.192288440000000005e+00
1.397760150000000067e+03 1.190190899999999941e+00
1.398060999999999922e+03 1.184165759999999956e+00
1.398361850000000004e+03 1.174191900000000066e+00
1.398662700000000086e+03 1.160290430000000095e+00
1.398963559999999916e+03 1.142468399999999829e+00
1.399264409999999998e+03 1.120753950000000110e+00
1.399565260000000080e+03 1.095196370000000030e+00
1.399866109999999935e+03 1.065844910000000034e+00
1.400166969999999992e+03 1.032777009999999995e+00
1.400467820000000074e+03 9.960630619999999436e-01
1.400768669999999929e+03 9.558086329999999631e-01
1.401069520000000011e+03 9.120981950000000005e-01
1.401370380000000068e+03 8.650584420000000385e-01
1.401671229999999923e+03 8.148160730000000296e-01
1.401972080000000005e+03 7.615118619999999838e-01
1.402272930000000088e+03 7.052865820000000507e-01
1.402573789999999917e+03 6.462993099999999602e-01
1.402874639999999999e+03 5.847189740000000580e-01
1.403175490000000082e+03 5.207208380000000192e-01
1.403476339999999936e+03 4.544893170000000038e-01
1.403777199999999993e+03 3.862172720000000004e-01
1.404078050000000076e+03 3.161038980000000498e-01
1.404378899999999931e+03 2.443554299999999846e-01
1.404679750000000013e+03 1.711844369999999949e-01
1.404980600000000095e+03 9.680841579999999169e-02
1.405281459999999925e+03 2.144936689999999910e-02
1.405582310000000007e+03 -5.466634409999999999e-02
1.405883160000000089e+03 -1.313093959999999949e-01
1.406184009999999944e+03 -2.082468070000000060e-01
1.406484870000000001e+03 -2.852454550000000366e-01
1.406785720000000083e+03 -3.620702459999999845e-01
1.407086569999999938e+03 -4.384846800000000155e-01
1.407387420000000020e+03 -5.142550719999999798e-01
1.407688280000000077e+03 -5.891456240000000344e-01
1.407989129999999932e+03 -6.629261699999999813e-01
1.408289980000000014e+03 -7.353630239999999763e-01
1.408590830000000096e+03 -8.062358759999999069e-01
1.408891689999999926e+03 -8.753208929999999333e-01
1.409192540000000008e+03 -9.423928369999999832e-01
1.409493390000000090e+03 -1.007240549999999901e+00
1.409794239999999945e+03 -1.069666940000000066e+00
1.410095090000000027e+03 -1.129467879999999980e+00
1.410395950000000084e+03 -1.186446310000000004e+00
1.410696799999999939e+03 -1.240419200000000055e+00
1.410997650000000021e+03 -1.291217620000000066e+00
1.411298500000000104e+03 -1.338658579999999931e+00
1.411599359999999933e+03 -1.382594260000000075e+00
1.411900210000000015e+03 -1.422876839999999810e+00
1.412201060000000098e+03 -1.459372600000000020e+00
1.412501909999999953e+03 -1.491940739999999987e+00
1.412802770000000010e+03 -1.520482749999999994e+00
1.413103620000000092e+03 -1.544885979999999881e+00
1.413404469999999947e+03 -1.565051909999999991e+00
1.413705320000000029e+03 -1.580917179999999922e+00
1.414006180000000086e+03 -1.592397329999999833e+00
1.414307029999999941e+03 -1.599457160000000044e+00
1.414607880000000023e+03 -1.602033330000000033e+00
1.414908730000000105e+03 -1.600118799999999952e+00
1.415209589999999935e+03 -1.593678370000000122e+00
1.415510440000000017e+03 -1.582726129999999953e+00
1.415811290000000099e+03 -1.567255029999999882e+00
1.416112139999999954e+03 -1.547307299999999941e+00
1.416412990000000036e+03 -1.522904070000000054e+00
1.416713850000000093e+03 -1.494101629999999847e+00
1.417014699999999948e+03 -1.460963349999999883e+00
1.417315550000000030e+03 -1.423559599999999925e+00
1.417616400000000112e+03 -1.381981889999999824e+00
1.417917259999999942e+03 -1.336328770000000166e+00
1.418218110000000024e+03 -1.286698769999999881e+00
1.418518960000000106e+03 -1.233232660000000092e+00
1.418819809999999961e+03 -1.176050119999999977e+00
1.419120670000000018e+03 -1.115291910000000053e+00
1.419421520000000100e+03 -1.051126950000000004e+00
1.419722369999999955e+03 -9.836960339999999414e-01
1.420023220000000038e+03 -9.131962350000000228e-01
1.420324080000000095e+03 -8.397894450000000788e-01
1.420624929999999949e+03 -7.636657089999999704e-01
1.420925780000000032e+03 -6.850326710000000929e-01
1.421226629999999886e+03 -6.040853029999999624e-01
1.421527489999999943e+03 -5.210333570000000858e-01
1.421828340000000026e+03 -4.360936280000000109e-01
1.422129190000000108e+03 -3.494850179999999806e-01
1.422430039999999963e+03 -2.614320639999999640e-01
1.422730890000000045e+03 -1.721621150000000044e-01
1.423031750000000102e+03 -8.190815360000000545e-02
1.423332599999999957e+03 9.098950760000000179e-03
1.423633450000000039e+03 1.006226970000000109e-01
1.423934299999999894e+03 1.924279919999999922e-01
1.424235159999999951e+03 2.842790389999999556e-01
1.424536010000000033e+03 3.759393360000000128e-01
1.424836859999999888e+03 4.671759030000000035e-01
1.425137709999999970e+03 5.577543489999999826e-01
1.425438570000000027e+03 6.474459169999999819e-01
1.425739420000000109e+03 7.360246639999999951e-01
1.426040269999999964e+03 8.232625350000000175e-01
1.426341120000000046e+03 9.089448490000000547e-01
1.426641980000000103e+03 9.928604450000001469e-01
1.426942829999999958e+03 1.074798160000000058e+00
1.427243680000000040e+03 1.154553869999999982e+00
1.427544529999999895e+03 1.231930500000000039e+00
1.427845389999999952e+03 1.306752069999999932e+00
1.428146240000000034e+03 1.378828550000000153e+00
1.428447089999999889e+03 1.447990990000000089e+00
1.428747939999999971e+03 1.514070470000000057e+00
1.429048790000000054e+03 1.576919190000000137e+00
1.429349650000000111e+03 1.636396349999999833e+00
1.429650499999999965e+03 1.692361199999999899e+00
1.429951350000000048e+03 1.744694069999999986e+00
1.430252199999999903e+03 1.793275300000000128e+00
1.430553059999999959e+03 1.837999319999999992e+00
1.430853910000000042e+03 1.878788689999999928e+00
1.431154759999999897e+03 1.915544869999999955e+00
1.431455609999999979e+03 1.948211560000000064e+00
1.431756470000000036e+03 1.976725410000000016e+00
1.432057319999999891e+03 2.001037140000000214e+00
1.432358169999999973e+03 2.021111560000000029e+00
1.432659020000000055e+03 2.036934599999999929e+00
1.432959880000000112e+03 2.048485139999999927e+00
1.433260729999999967e+03 2.055763170000000084e+00
1.433561580000000049e+03 2.058782779999999590e+00
1.433862429999999904e+03 2.057565079999999824e+00
1.434163289999999961e+03 2.052138230000000174e+00
1.434464140000000043e+03 2.042558539999999923e+00
1.434764989999999898e+03 2.028868230000000050e+00
1.435065839999999980e+03 2.011137699999999917e+00
1.435366690000000062e+03 1.989444370000000184e+00
1.435667549999999892e+03 1.963865669999999897e+00
1.435968399999999974e+03 1.934507179999999993e+00
1.436269250000000056e+03 1.901467440000000009e+00
1.436570099999999911e+03 1.864859059999999902e+00
1.436870959999999968e+03 1.824801719999999960e+00
1.437171810000000050e+03 1.781422099999999897e+00
1.437472659999999905e+03 1.734853940000000039e+00
1.437773509999999987e+03 1.685252100000000031e+00
1.438074370000000044e+03 1.632757339999999946e+00
1.438375219999999899e+03 1.577524519999999875e+00
1.438676069999999982e+03 1.519708489999999967e+00
1.438976920000000064e+03 1.459492250000000046e+00
1.439277779999999893e+03 1.397023629999999850e+00
1.439578629999999976e+03 1.332492669999999935e+00
1.439879480000000058e+03 1.266068279999999824e+00
1.440180329999999913e+03 1.197933490000000045e+00
1.440481189999999970e+03 1.128264259999999908e+00
1.440782040000000052e+03 1.057243600000000061e+00
1.441082889999999907e+03 9.850615449999999829e-01
1.441383739999999989e+03 9.118940720000000555e-01
1.441684590000000071e+03 8.379312230000000028e-01
1.441985449999999901e+03 7.633560059999999758e-01
1.442286299999999983e+03 6.883443879999999737e-01
1.442587150000000065e+03 6.130793770000000364e-01
1.442887999999999920e+03 5.377390509999999679e-01
1.443188859999999977e+03 4.624979710000000077e-01
1.443489710000000059e+03 3.875271780000000277e-01
1.443790559999999914e+03 3.129948970000000497e-01
1.444091409999999996e+03 2.390644259999999965e-01
1.444392270000000053e+03 1.658941369999999971e-01
1.444693119999999908e+03 9.363817719999999178e-02
1.444993969999999990e+03 2.244450090000000078e-02
1.445294820000000072e+03 -4.754414690000000054e-02
1.445595679999999902e+03 -1.161916370000000004e-01
1.445896529999999984e+03 -1.833677539999999939e-01
1.446197380000000067e+03 -2.489503049999999829e-01
1.446498229999999921e+03 -3.128231519999999932e-01
1.446799089999999978e+03 -3.748771940000000247e-01
1.447099940000000061e+03 -4.350117769999999884e-01
1.447400789999999915e+03 -4.931325830000000132e-01
1.447701639999999998e+03 -5.491544440000000193e-01
1.448002490000000080e+03 -6.029999320000000163e-01
1.448303349999999909e+03 -6.545986620000000533e-01
1.448604199999999992e+03 -7.038858769999999376e-01
1.448905050000000074e+03 -7.508200490000001004e-01
1.449205899999999929e+03 -7.953399399999999675e-01
1.449506759999999986e+03 -8.374173969999999523e-01
1.449807610000000068e+03 -8.770242630000000261e-01
1.450108459999999923e+03 -9.141394229999999510e-01
1.450409310000000005e+03 -9.487417609999999613e-01
1.450710170000000062e+03 -9.808383149999999606e-01
1.451011019999999917e+03 -1.010422050000000072e+00
1.451311869999999999e+03 -1.037499990000000150e+00
1.451612720000000081e+03 -1.062100309999999936e+00
1.451913579999999911e+03 -1.084244119999999922e+00
1.452214429999999993e+03 -1.103959570000000001e+00
1.452515280000000075e+03 -1.121281850000000135e+00
1.452816129999999930e+03 -1.136253210000000013e+00
1.453116989999999987e+03 -1.148929940000000149e+00
1.453417840000000069e+03 -1.159368359999999987e+00
1.453718689999999924e+03 -1.167617740000000071e+00
1.454019540000000006e+03 -1.173755499999999952e+00
1.454320390000000089e+03 -1.177844990000000092e+00
1.454621249999999918e+03 -1.179963649999999920e+00
1.454922100000000000e+03 -1.180181850000000088e+00
1.455222950000000083e+03 -1.178591100000000003e+00
1.455523799999999937e+03 -1.175268819999999881e+00
1.455824659999999994e+03 -1.170306529999999956e+00
1.456125510000000077e+03 -1.163781630000000122e+00
1.456426359999999931e+03 -1.155799730000000025e+00
1.456727210000000014e+03 -1.146445270000000072e+00
1.457028070000000071e+03 -1.135816810000000121e+00
1.457328919999999925e+03 -1.123998800000000076e+00
1.457629770000000008e+03 -1.111089790000000077e+00
1.457930620000000090e+03 -1.097181280000000037e+00
1.458231479999999920e+03 -1.082364780000000026e+00
1.458532330000000002e+03 -1.066738830000000027e+00
1.458833180000000084e+03 -1.050387889999999880e+00
1.459134029999999939e+03 -1.033403459999999940e+00
1.459434880000000021e+03 -1.015862979999999860e+00
1.459735740000000078e+03 -9.978649729999999884e-01
1.460036589999999933e+03 -9.794798420000000450e-01
1.460337440000000015e+03 -9.607850070000000242e-01
1.460638290000000097e+03 -9.418578940000000843e-01
1.460939149999999927e+03 -9.227688910000000355e-01
1.461240000000000009e+03 -9.035883849999999384e-01
1.461540850000000091e+03 -8.843726840000000200e-01
1.461841699999999946e+03 -8.651781000000000610e-01
1.462142560000000003e+03 -8.460750200000000110e-01
1.462443410000000085e+03 -8.270915970000000117e-01
1.462744259999999940e+03 -8.082841430000000660e-01
1.463045110000000022e+03 -7.896948889999999555e-01
1.463345970000000079e+03 -7.713519890000000157e-01
1.463646819999999934e+03 -7.532906390000000396e-01
1.463947670000000016e+03 -7.355249150000000569e-01
1.464248520000000099e+03 -7.180829720000000416e-01
1.464549379999999928e+03 -7.009746639999999696e-01
1.464850230000000010e+03 -6.842119569999999262e-01
1.465151080000000093e+03 -6.677976660000000120e-01
1.465451929999999948e+03 -6.517303850000000232e-01
1.465752780000000030e+03 -6.360044810000000659e-01
1.466053640000000087e+03 -6.206086929999999890e-01
1.466354489999999942e+03 -6.055282400000000509e-01
1.466655340000000024e+03 -5.907427090000000325e-01
1.466956190000000106e+03 -5.762295760000000211e-01
1.467257049999999936e+03 -5.619585750000000157e-01
1.467557900000000018e+03 -5.479001439999999779e-01
1.467858750000000100e+03 -5.340169770000000593e-01
1.468159599999999955e+03 -5.202703599999999318e-01
1.468460460000000012e+03 -5.066194710000000434e-01
1.468761310000000094e+03 -4.930192599999999592e-01
1.469062159999999949e+03 -4.794225680000000489e-01
1.469363010000000031e+03 -4.657794209999999713e-01
1.469663870000000088e+03 -4.520398439999999685e-01
1.469964719999999943e+03 -4.381503409999999987e-01
1.470265570000000025e+03 -4.240574199999999627e-01
1.470566420000000107e+03 -4.097068820000000500e-01
1.470867279999999937e+03 -3.950438250000000151e-01
1.471168130000000019e+03 -3.800133459999999741e-01
1.471468980000000101e+03 -3.645598409999999956e-01
1.471769829999999956e+03 -3.486305180000000004e-01
1.472070680000000038e+03 -3.321704759999999923e-01
1.472371540000000095e+03 -3.151297399999999915e-01
1.472672389999999950e+03 -2.974576300000000284e-01
1.472973240000000033e+03 -2.791055809999999915e-01
1.473274089999999887e+03 -2.600292469999999634e-01
1.473574949999999944e+03 -2.401849900000000149e-01
1.473875800000000027e+03 -2.195333910000000222e-01
1.474176650000000109e+03 -1.980371459999999972e-01
1.474477499999999964e+03 -1.756652850000000043e-01
1.474778360000000021e+03 -1.523882449999999777e-01
1.475079210000000103e+03 -1.281806860000000159e-01
1.475380059999999958e+03 -1.030236040000000047e-01
1.475680910000000040e+03 -7.690221740000000028e-02
1.475981770000000097e+03 -4.980456079999999452e-02
1.476282619999999952e+03 -2.172662200000000099e-02
1.476583470000000034e+03 7.331810220000000225e-03
1.476884319999999889e+03 3.736517529999999754e-02
1.477185179999999946e+03 6.836228160000000498e-02
1.477486030000000028e+03 1.003059550000000022e-01
1.477786880000000110e+03 1.331739520000000121e-01
1.478087729999999965e+03 1.669379789999999864e-01
1.478388580000000047e+03 2.015621360000000029e-01
1.478689440000000104e+03 2.370077119999999815e-01
1.478990289999999959e+03 2.732275479999999868e-01
1.479291140000000041e+03 3.101695549999999857e-01
1.479591989999999896e+03 3.477753140000000021e-01
1.479892849999999953e+03 3.859828829999999988e-01
1.480193700000000035e+03 4.247211710000000084e-01
1.480494549999999890e+03 4.639162719999999629e-01
1.480795399999999972e+03 5.034879449999999368e-01
1.481096260000000029e+03 5.433510209999999896e-01
1.481397110000000112e+03 5.834168109999999796e-01
1.481697959999999966e+03 6.235888860000000644e-01
1.481998810000000049e+03 6.637694080000000607e-01
1.482299670000000106e+03 7.038549069999999741e-01
1.482600519999999960e+03 7.437390990000000146e-01
1.482901370000000043e+03 7.833107710000000168e-01
1.483202219999999897e+03 8.224601209999999885e-01
1.483503079999999954e+03 8.610604499999999772e-01
1.483803930000000037e+03 8.990061790000000164e-01
1.484104779999999892e+03 9.361706100000000141e-01
1.484405629999999974e+03 9.724270470000000444e-01
1.484706480000000056e+03 1.007662870000000099e+00
1.485007340000000113e+03 1.041744339999999935e+00
1.485308189999999968e+03 1.074558840000000126e+00
1.485609040000000050e+03 1.105965599999999993e+00
1.485909889999999905e+03 1.135851999999999862e+00
1.486210749999999962e+03 1.164098379999999988e+00
1.486511600000000044e+03 1.190578029999999954e+00
1.486812449999999899e+03 1.215171309999999893e+00
1.487113299999999981e+03 1.237765600000000132e+00
1.487414160000000038e+03 1.258241229999999877e+00
1.487715009999999893e+03 1.276499659999999814e+00
1.488015859999999975e+03 1.292428279999999985e+00
1.488316710000000057e+03 1.305921509999999897e+00
1.488617569999999887e+03 1.316887829999999981e+00
1.488918419999999969e+03 1.325235750000000046e+00
1.489219270000000051e+03 1.330873760000000017e+00
1.489520119999999906e+03 1.333731479999999969e+00
1.489820979999999963e+03 1.333724440000000122e+00
1.490121830000000045e+03 1.330789300000000175e+00
1.490422679999999900e+03 1.324876769999999926e+00
1.490723529999999982e+03 1.315916479999999833e+00
1.491024380000000065e+03 1.303880280000000003e+00
1.491325239999999894e+03 1.288718880000000011e+00
1.491626089999999976e+03 1.270418209999999881e+00
1.491926940000000059e+03 1.248943080000000094e+00
1.492227789999999914e+03 1.224293489999999984e+00
1.492528649999999971e+03 1.196469439999999995e+00
1.492829500000000053e+03 1.165470930000000127e+00
1.493130349999999908e+03 1.131319069999999982e+00
1.493431199999999990e+03 1.094042020000000059e+00
1.493732060000000047e+03 1.053667930000000030e+00
1.494032909999999902e+03 1.010253120000000004e+00
1.494333759999999984e+03 9.638398109999999352e-01
1.494634610000000066e+03 9.144983969999999074e-01
1.494935469999999896e+03 8.623063029999999962e-01
1.495236319999999978e+03 8.073339159999999293e-01
1.495537170000000060e+03 7.496868149999998954e-01
1.495838019999999915e+03 6.894593210000000694e-01
1.496138879999999972e+03 6.267612369999999711e-01
1.496439730000000054e+03 5.617108130000000310e-01
1.496740579999999909e+03 4.944354500000000541e-01
1.497041429999999991e+03 4.250688840000000357e-01
1.497342280000000073e+03 3.537532970000000221e-01
1.497643139999999903e+03 2.806386139999999529e-01
1.497943989999999985e+03 2.058825019999999950e-01
1.498244840000000067e+03 1.296461470000000171e-01
1.498545689999999922e+03 5.210094259999999838e-02
1.498846549999999979e+03 -2.657911420000000011e-02
1.499147400000000061e+03 -1.062135510000000033e-01
1.499448249999999916e+03 -1.866168259999999857e-01
1.499749099999999999e+03 -2.675993890000000208e-01
1.500049960000000056e+03 -3.489697840000000051e-01
1.500350809999999910e+03 -4.305302249999999886e-01
1.500651659999999993e+03 -5.120822199999999214e-01
1.500952510000000075e+03 -5.934258679999999675e-01
1.501253369999999904e+03 -6.743591589999999858e-01
1.501554219999999987e+03 -7.546772669999999295e-01
1.501855070000000069e+03 -8.341795860000000840e-01
1.502155919999999924e+03 -9.126683309999999993e-01
1.502456770000000006e+03 -9.899323379999999117e-01
1.502757630000000063e+03 -1.065774519999999947e+00
1.503058479999999918e+03 -1.140004840000000019e+00
1.503359330000000000e+03 -1.212419180000000152e+00
1.503660180000000082e+03 -1.282834510000000039e+00
1.503961039999999912e+03 -1.351067840000000020e+00
1.504261889999999994e+03 -1.416922089999999912e+00
1.504562740000000076e+03 -1.480235360000000000e+00
1.504863589999999931e+03 -1.540838719999999995e+00
1.505164449999999988e+03 -1.598556209999999922e+00
1.505465300000000070e+03 -1.653240009999999982e+00
1.505766149999999925e+03 -1.704742310000000094e+00
1.506067000000000007e+03 -1.752922330000000084e+00
1.506367860000000064e+03 -1.797646340000000009e+00
1.506668709999999919e+03 -1.838787649999999996e+00
1.506969560000000001e+03 -1.876247709999999902e+00
1.507270410000000084e+03 -1.909906859999999984e+00
1.507571269999999913e+03 -1.939680640000000178e+00
1.507872119999999995e+03 -1.965484579999999815e+00
1.508172970000000078e+03 -1.987248290000000139e+00
1.508473819999999932e+03 -2.004915470000000255e+00
1.508774670000000015e+03 -2.018429810000000213e+00
1.509075530000000072e+03 -2.027763150000000181e+00
1.509376379999999926e+03 -2.032894380000000112e+00
1.509677230000000009e+03 -2.033802370000000082e+00
1.509978080000000091e+03 -2.030487139999999968e+00
1.510278939999999920e+03 -2.022969790000000323e+00
1.510579790000000003e+03 -2.011264399999999952e+00
1.510880640000000085e+03 -1.995413200000000220e+00
1.511181489999999940e+03 -1.975465479999999774e+00
1.511482349999999997e+03 -1.951477530000000016e+00
1.511783200000000079e+03 -1.923526779999999992e+00
1.512084049999999934e+03 -1.891697689999999987e+00
1.512384900000000016e+03 -1.856081780000000014e+00
1.512685760000000073e+03 -1.816784619999999961e+00
1.512986609999999928e+03 -1.773932900000000146e+00
1.513287460000000010e+03 -1.727653329999999876e+00
1.513588310000000092e+03 -1.678086680000000053e+00
1.513889169999999922e+03 -1.625373720000000022e+00
1.514190020000000004e+03 -1.569676349999999942e+00
1.514490870000000086e+03 -1.511163480000000003e+00
1.514791719999999941e+03 -1.450018140000000066e+00
1.515092570000000023e+03 -1.386409250000000037e+00
1.515393430000000080e+03 -1.320533879999999938e+00
1.515694279999999935e+03 -1.252596180000000059e+00
1.515995130000000017e+03 -1.182793210000000039e+00
1.516295980000000100e+03 -1.111336149999999856e+00
1.516596839999999929e+03 -1.038443180000000021e+00
1.516897690000000011e+03 -9.643254819999999006e-01
1.517198540000000094e+03 -8.892082839999999599e-01
1.517499389999999948e+03 -8.133238649999999792e-01
1.517800250000000005e+03 -7.368904259999999873e-01
1.518101100000000088e+03 -6.601332059999999169e-01
1.518401949999999943e+03 -5.832901139999999707e-01
1.518702800000000025e+03 -5.065856850000000078e-01
1.519003660000000082e+03 -4.302493800000000146e-01
1.519304509999999937e+03 -3.545071439999999963e-01
1.519605360000000019e+03 -2.795828059999999615e-01
1.519906210000000101e+03 -2.056980870000000017e-01
1.520207069999999931e+03 -1.330697789999999991e-01
1.520507920000000013e+03 -6.191200040000000709e-02
1.520808770000000095e+03 7.568029589999999800e-03
1.521109619999999950e+03 7.516787730000000500e-02
1.521410470000000032e+03 1.406920070000000078e-01
1.521711330000000089e+03 2.039524849999999889e-01
1.522012179999999944e+03 2.647677119999999884e-01
1.522313030000000026e+03 3.229645369999999960e-01
1.522613880000000108e+03 3.783803640000000246e-01
1.522914739999999938e+03 4.308610449999999981e-01
1.523215590000000020e+03 4.802608789999999739e-01
1.523516440000000102e+03 5.264475389999999644e-01
1.523817289999999957e+03 5.692964390000000430e-01
1.524118150000000014e+03 6.086956629999999979e-01
1.524419000000000096e+03 6.445452609999999805e-01
1.524719849999999951e+03 6.767565469999999861e-01
1.525020700000000033e+03 7.052513890000000618e-01
1.525321560000000090e+03 7.299713660000000104e-01
1.525622409999999945e+03 7.508622809999999648e-01
1.525923260000000028e+03 7.678819009999999778e-01
1.526224110000000110e+03 7.810020719999999361e-01
1.526524969999999939e+03 7.902227920000000072e-01
1.526825820000000022e+03 7.955370250000000087e-01
1.527126670000000104e+03 7.969518070000000121e-01
1.527427519999999959e+03 7.945093720000000470e-01
1.527728370000000041e+03 7.882308350000000186e-01
1.528029230000000098e+03 7.781795460000000553e-01
1.528330079999999953e+03 7.644118140000000228e-01
1.528630930000000035e+03 7.470121030000000939e-01
1.528931779999999890e+03 7.260648779999999691e-01
1.529232639999999947e+03 7.016722010000000509e-01
1.529533490000000029e+03 6.739424670000000450e-01
1.529834340000000111e+03 6.429981510000000178e-01
1.530135189999999966e+03 6.089729879999999929e-01
1.530436050000000023e+03 5.720098649999999507e-01
1.530736900000000105e+03 5.322594090000000167e-01
1.531037749999999960e+03 4.898842150000000117e-01
1.531338600000000042e+03 4.450532120000000313e-01
1.531639460000000099e+03 3.979430719999999533e-01
1.531940309999999954e+03 3.487382099999999929e-01
1.532241160000000036e+03 2.976300789999999918e-01
1.532542009999999891e+03 2.448143549999999835e-01
1.532842869999999948e+03 1.904937519999999884e-01
1.533143720000000030e+03 1.348738029999999866e-01
1.533444570000000112e+03 7.816496339999999543e-02
1.533745419999999967e+03 2.057917020000000000e-02
1.534046270000000050e+03 -3.766784019999999678e-02
1.534347130000000107e+03 -9.636004940000000851e-02
1.534647979999999961e+03 -1.552797499999999942e-01
1.534948830000000044e+03 -2.142093050000000165e-01
1.535249679999999898e+03 -2.729340329999999648e-01
1.535550539999999955e+03 -3.312371419999999844e-01
1.535851390000000038e+03 -3.889081739999999954e-01
1.536152239999999892e+03 -4.457359679999999824e-01
1.536453089999999975e+03 -5.015163999999999733e-01
1.536753950000000032e+03 -5.560467560000000864e-01
1.537054799999999886e+03 -6.091327670000000749e-01
1.537355649999999969e+03 -6.605829800000000418e-01
1.537656500000000051e+03 -7.102136850000000390e-01
1.537957360000000108e+03 -7.578517280000000023e-01
1.538258209999999963e+03 -8.033288849999999925e-01
1.538559060000000045e+03 -8.464762270000000255e-01
1.538859909999999900e+03 -8.871529780000000365e-01
1.539160769999999957e+03 -9.252042880000000968e-01
1.539461620000000039e+03 -9.605175360000000051e-01
1.539762469999999894e+03 -9.929519480000000842e-01
1.540063319999999976e+03 -1.022408980000000023e+00
1.540364170000000058e+03 -1.048783059999999878e+00
1.540665029999999888e+03 -1.071989709999999985e+00
1.540965879999999970e+03 -1.091951519999999842e+00
1.541266730000000052e+03 -1.108598090000000091e+00
1.541567579999999907e+03 -1.121880149999999965e+00
1.541868439999999964e+03 -1.131762509999999944e+00
1.542169290000000046e+03 -1.138209970000000126e+00
1.542470139999999901e+03 -1.141208470000000030e+00
1.542770989999999983e+03 -1.140765030000000069e+00
1.543071850000000040e+03 -1.136872620000000111e+00
1.543372699999999895e+03 -1.129566430000000121e+00
1.543673549999999977e+03 -1.118874609999999992e+00
1.543974400000000060e+03 -1.104846449999999924e+00
1.544275259999999889e+03 -1.087538239999999989e+00
1.544576109999999971e+03 -1.067027420000000060e+00
1.544876960000000054e+03 -1.043384359999999900e+00
1.545177809999999909e+03 -1.016707620000000034e+00
1.545478669999999966e+03 -9.871027740000000161e-01
1.545779520000000048e+03 -9.546754000000000628e-01
1.546080369999999903e+03 -9.195592360000000021e-01
1.546381219999999985e+03 -8.818739399999999673e-01
1.546682070000000067e+03 -8.417743629999999699e-01
1.546982929999999897e+03 -7.994012809999999636e-01
1.547283779999999979e+03 -7.549236220000000719e-01
1.547584630000000061e+03 -7.084891990000000694e-01
1.547885479999999916e+03 -6.602845390000000592e-01
1.548186339999999973e+03 -6.104792740000000162e-01
1.548487190000000055e+03 -5.592571150000000824e-01
1.548788039999999910e+03 -5.068045890000000275e-01
1.549088889999999992e+03 -4.533124439999999811e-01
1.549389750000000049e+03 -3.989742450000000051e-01
1.549690599999999904e+03 -3.439863719999999847e-01
1.549991449999999986e+03 -2.885459100000000165e-01
1.550292300000000068e+03 -2.328520530000000033e-01
1.550593159999999898e+03 -1.771025910000000037e-01
1.550894009999999980e+03 -1.214960149999999989e-01
1.551194860000000062e+03 -6.622877580000000042e-02
1.551495709999999917e+03 -1.149598619999999891e-02
1.551796559999999999e+03 4.251061889999999815e-02
1.552097420000000056e+03 9.560268339999999920e-02
1.552398269999999911e+03 1.475955820000000029e-01
1.552699119999999994e+03 1.983102489999999940e-01
1.552999970000000076e+03 2.475721239999999768e-01
1.553300829999999905e+03 2.952136869999999469e-01
1.553601679999999988e+03 3.410730469999999626e-01
1.553902530000000070e+03 3.849974619999999570e-01
1.554203379999999925e+03 4.268398250000000060e-01
1.554504239999999982e+03 4.664628809999999959e-01
1.554805090000000064e+03 5.037371159999999293e-01
1.555105939999999919e+03 5.385428720000000613e-01
1.555406790000000001e+03 5.707710499999999465e-01
1.555707650000000058e+03 6.003209959999999956e-01
1.556008499999999913e+03 6.271040220000000387e-01
1.556309349999999995e+03 6.510398870000000393e-01
1.556610200000000077e+03 6.720624259999999905e-01
1.556911059999999907e+03 6.901139219999999908e-01
1.557211909999999989e+03 7.051528470000000270e-01
1.557512760000000071e+03 7.171327450000000159e-01
1.557813609999999926e+03 7.260507999999999962e-01
1.558114460000000008e+03 7.318788589999999372e-01
1.558415320000000065e+03 7.346309979999999795e-01
1.558716169999999920e+03 7.343072170000000121e-01
1.559017020000000002e+03 7.309427090000000238e-01
1.559317870000000084e+03 7.245726699999999187e-01
1.559618729999999914e+03 7.152322910000000755e-01
1.559919579999999996e+03 7.029870329999999834e-01
1.560220430000000079e+03 6.879044680000000467e-01
1.560521279999999933e+03 6.700620220000000904e-01
1.560822139999999990e+03 6.495476780000000172e-01
1.561122990000000073e+03 6.264606830000000182e-01
1.561423839999999927e+03 6.009080250000000678e-01
1.561724690000000010e+03 5.730051390000000522e-01
1.562025550000000067e+03 5.428766110000000644e-01
1.562326399999999921e+03 5.106547679999999811e-01
1.562627250000000004e+03 4.764789759999999985e-01
1.562928100000000086e+03 4.404956419999999651e-01
1.563228959999999915e+03 4.028568009999999866e-01
1.563529809999999998e+03 3.637201219999999791e-01
1.563830660000000080e+03 3.232489010000000329e-01
1.564131509999999935e+03 2.816092530000000038e-01
1.564432360000000017e+03 2.389729230000000038e-01
1.564733220000000074e+03 1.955123579999999972e-01
1.565034069999999929e+03 1.514035279999999817e-01
1.565334920000000011e+03 1.068238080000000062e-01
1.565635770000000093e+03 6.195148760000000060e-02
1.565936629999999923e+03 1.696450700000000020e-02
1.566237480000000005e+03 -2.795912530000000187e-02
1.566538330000000087e+03 -7.264308910000000230e-02
1.566839179999999942e+03 -1.169116979999999945e-01
1.567140039999999999e+03 -1.605932780000000060e-01
1.567440890000000081e+03 -2.035189000000000026e-01
1.567741739999999936e+03 -2.455224500000000032e-01
1.568042590000000018e+03 -2.864434439999999915e-01
1.568343450000000075e+03 -3.261263289999999926e-01
1.568644299999999930e+03 -3.644204739999999942e-01
1.568945150000000012e+03 -4.011815870000000062e-01
1.569246000000000095e+03 -4.362724110000000266e-01
1.569546859999999924e+03 -4.695627319999999827e-01
1.569847710000000006e+03 -5.009293710000000122e-01
1.570148560000000089e+03 -5.302583010000000430e-01
1.570449409999999943e+03 -5.574432380000000631e-01
1.570750260000000026e+03 -5.823863430000000285e-01
1.571051120000000083e+03 -6.050003360000000274e-01
1.571351969999999937e+03 -6.252063839999999484e-01
1.571652820000000020e+03 -6.429348029999999437e-01
1.571953670000000102e+03 -6.581278760000000005e-01
1.572254529999999932e+03 -6.707356270000000009e-01
1.572555380000000014e+03 -6.807200490000000492e-01
1.572856230000000096e+03 -6.880529850000000058e-01
1.573157079999999951e+03 -6.927161360000000379e-01
1.573457940000000008e+03 -6.947024619999999651e-01
1.573758790000000090e+03 -6.940147789999999706e-01
1.574059639999999945e+03 -6.906664610000000648e-01
1.574360490000000027e+03 -6.846807350000000403e-01
1.574661350000000084e+03 -6.760906840000000528e-01
1.574962199999999939e+03 -6.649406509999999937e-01
1.575263050000000021e+03 -6.512827220000000361e-01
1.575563900000000103e+03 -6.351795430000000131e-01
1.575864759999999933e+03 -6.167029089999999103e-01
1.576165610000000015e+03 -5.959316519999999784e-01
1.576466460000000097e+03 -5.729558679999999793e-01
1.576767309999999952e+03 -5.478712849999999301e-01
1.577068160000000034e+03 -5.207813709999999929e-01
1.577369020000000091e+03 -4.917973380000000283e-01
1.577669869999999946e+03 -4.610374369999999944e-01
1.577970720000000028e+03 -4.286248440000000048e-01
1.578271570000000111e+03 -3.946883690000000389e-01
1.578572429999999940e+03 -3.593631549999999897e-01
1.578873280000000022e+03 -3.227864570000000266e-01
1.579174130000000105e+03 -2.851025690000000279e-01
1.579474979999999960e+03 -2.464557839999999833e-01
1.579775840000000017e+03 -2.069946189999999908e-01
1.580076690000000099e+03 -1.668697030000000081e-01
1.580377539999999954e+03 -1.262337759999999920e-01
1.580678390000000036e+03 -8.523817109999999586e-02
1.580979250000000093e+03 -4.403640179999999960e-02
1.581280099999999948e+03 -2.780687779999999922e-03
1.581580950000000030e+03 3.837748369999999937e-02
1.581881800000000112e+03 7.928834280000000845e-02
1.582182659999999942e+03 1.198046110000000053e-01
1.582483510000000024e+03 1.597810100000000011e-01
1.582784360000000106e+03 1.990760609999999986e-01
1.583085209999999961e+03 2.375532130000000131e-01
1.583386060000000043e+03 2.750787299999999935e-01
1.583686920000000100e+03 3.115245080000000333e-01
1.583987769999999955e+03 3.467680730000000100e-01
1.584288620000000037e+03 3.806925820000000016e-01
1.584589469999999892e+03 4.131868240000000081e-01
1.584890329999999949e+03 4.441480329999999976e-01
1.585191180000000031e+03 4.734790749999999715e-01
1.585492030000000113e+03 5.010905580000000192e-01
1.585792879999999968e+03 5.269008330000000129e-01
1.586093740000000025e+03 5.508366970000000418e-01
1.586394590000000107e+03 5.728319869999999314e-01
1.586695439999999962e+03 5.928296889999999930e-01
1.586996290000000045e+03 6.107819389999999959e-01
1.587297150000000101e+03 6.266486169999999634e-01
1.587597999999999956e+03 6.403994570000000053e-01
1.587898850000000039e+03 6.520112300000000527e-01
1.588199699999999893e+03 6.614719709999999919e-01
1.588500559999999950e+03 6.687760480000000118e-01
1.588801410000000033e+03 6.739290940000000063e-01
1.589102259999999887e+03 6.769430730000000063e-01
1.589403109999999970e+03 6.778398049999999619e-01
1.589703960000000052e+03 6.766495580000000398e-01
1.590004820000000109e+03 6.734103399999999962e-01
1.590305669999999964e+03 6.681679029999999520e-01
1.590606520000000046e+03 6.609757410000000055e-01
1.590907369999999901e+03 6.518950909999999821e-01
1.591208229999999958e+03 6.409942280000000547e-01
1.591509080000000040e+03 6.283470599999999573e-01
1.591809929999999895e+03 6.140352340000000408e-01
1.592110779999999977e+03 5.981453289999999479e-01
1.592411640000000034e+03 5.807695489999999960e-01
1.592712489999999889e+03 5.620043269999999147e-01
1.593013339999999971e+03 5.419524270000000143e-01
1.593314190000000053e+03 5.207180230000000298e-01
1.593615050000000110e+03 4.984116220000000541e-01
1.593915899999999965e+03 4.751444349999999761e-01
1.594216750000000047e+03 4.510318990000000139e-01
1.594517599999999902e+03 4.261894479999999708e-01
1.594818449999999984e+03 4.007360360000000177e-01
1.595119310000000041e+03 3.747892100000000393e-01
1.595420159999999896e+03 3.484686280000000025e-01
1.595721009999999978e+03 3.218939480000000408e-01
1.596021860000000061e+03 2.951813090000000028e-01
1.596322719999999890e+03 2.684489620000000132e-01
1.596623569999999972e+03 2.418109340000000052e-01
1.596924420000000055e+03 2.153812509999999958e-01
1.597225269999999909e+03 1.892683119999999941e-01
1.597526129999999966e+03 1.635791020000000040e-01
1.597826980000000049e+03 1.384163890000000008e-01
1.598127829999999904e+03 1.138794190000000095e-01
1.598428679999999986e+03 9.006180460000000332e-02
1.598729540000000043e+03 6.705265770000000403e-02
1.599030389999999898e+03 4.493587959999999909e-02
1.599331239999999980e+03 2.378952949999999997e-02
1.599632090000000062e+03 3.685733179999999779e-03
1.599932949999999892e+03 -1.530970440000000050e-02
1.600233799999999974e+03 -3.313743970000000011e-02
1.600534650000000056e+03 -4.974487250000000221e-02
1.600835499999999911e+03 -6.508646220000000038e-02
1.601136349999999993e+03 -7.912363679999999400e-02
1.601437210000000050e+03 -9.182500340000000760e-02
1.601738059999999905e+03 -1.031657859999999954e-01
1.602038909999999987e+03 -1.131304989999999955e-01
1.602339760000000069e+03 -1.217092879999999988e-01
1.602640619999999899e+03 -1.288993390000000017e-01
1.602941469999999981e+03 -1.347062809999999833e-01
1.603242320000000063e+03 -1.391427850000000188e-01
1.603543169999999918e+03 -1.422278550000000141e-01
1.603844029999999975e+03 -1.439875349999999998e-01
1.604144880000000057e+03 -1.444556099999999843e-01
1.604445729999999912e+03 -1.436707919999999916e-01
1.604746579999999994e+03 -1.416795390000000210e-01
1.605047440000000051e+03 -1.385325279999999881e-01
1.605348289999999906e+03 -1.342881810000000065e-01
1.605649139999999989e+03 -1.290077350000000123e-01
1.605949990000000071e+03 -1.227594649999999982e-01
1.606250849999999900e+03 -1.156158700000000095e-01
1.606551699999999983e+03 -1.076529690000000011e-01
1.606852550000000065e+03 -9.895029760000000063e-02
1.607153399999999920e+03 -8.959161820000000054e-02
1.607454250000000002e+03 -7.966280259999999891e-02
1.607755110000000059e+03 -6.925246829999999465e-02
1.608055959999999914e+03 -5.845099239999999863e-02
1.608356809999999996e+03 -4.735008949999999772e-02
1.608657660000000078e+03 -3.604252980000000051e-02
1.608958519999999908e+03 -2.462143559999999815e-02
1.609259369999999990e+03 -1.317971789999999865e-02
1.609560220000000072e+03 -1.809752939999999906e-03
1.609861069999999927e+03 9.397040469999999590e-03
1.610161929999999984e+03 2.035104540000000004e-02
1.610462780000000066e+03 3.096458750000000149e-02
1.610763629999999921e+03 4.115249829999999970e-02
1.611064480000000003e+03 5.083270640000000368e-02
1.611365340000000060e+03 5.992658920000000500e-02
1.611666189999999915e+03 6.835939570000000576e-02
1.611967039999999997e+03 7.606038669999999613e-02
1.612267890000000079e+03 8.296396129999999980e-02
1.612568749999999909e+03 8.901022009999999540e-02
1.612869599999999991e+03 9.414214939999999976e-02
1.613170450000000073e+03 9.831118200000001084e-02
1.613471299999999928e+03 1.014736779999999977e-01
1.613772150000000011e+03 1.035916280000000050e-01
1.614073010000000068e+03 1.046354699999999943e-01
1.614373859999999922e+03 1.045791600000000043e-01
1.614674710000000005e+03 1.034072140000000112e-01
1.614975560000000087e+03 1.011090719999999943e-01
1.615276419999999916e+03 9.768051290000000220e-02
1.615577269999999999e+03 9.312575850000000266e-02
1.615878120000000081e+03 8.745747890000001024e-02
1.616178969999999936e+03 8.069186319999999135e-02
1.616479829999999993e+03 7.285565839999999516e-02
1.616780680000000075e+03 6.398180579999999951e-02
1.617081529999999930e+03 5.410894799999999699e-02
1.617382380000000012e+03 4.328389249999999716e-02
1.617683240000000069e+03 3.155942949999999969e-02
1.617984089999999924e+03 1.899503630000000040e-02
1.618284940000000006e+03 5.656313779999999972e-03
1.618585790000000088e+03 -8.385365529999999276e-03
1.618886649999999918e+03 -2.305306840000000135e-02
1.619187500000000000e+03 -3.826444190000000134e-02
1.619488350000000082e+03 -5.393241699999999639e-02
1.619789199999999937e+03 -6.996549039999999664e-02
1.620090050000000019e+03 -8.626793559999999805e-02
1.620390910000000076e+03 -1.027406470000000044e-01
1.620691759999999931e+03 -1.192816349999999970e-01
1.620992610000000013e+03 -1.357853170000000165e-01
1.621293460000000096e+03 -1.521440010000000009e-01
1.621594319999999925e+03 -1.682507000000000030e-01
1.621895170000000007e+03 -1.839941999999999966e-01
1.622196020000000090e+03 -1.992639949999999993e-01
1.622496869999999944e+03 -2.139495760000000024e-01
1.622797730000000001e+03 -2.279418440000000046e-01
1.623098580000000084e+03 -2.411302899999999971e-01
1.623399429999999938e+03 -2.534093329999999589e-01
1.623700280000000021e+03 -2.646726899999999882e-01
1.624001140000000078e+03 -2.748182980000000164e-01
1.624301989999999932e+03 -2.837469120000000178e-01
1.624602840000000015e+03 -2.913635080000000488e-01
1.624903690000000097e+03 -2.975772890000000226e-01
1.625204549999999927e+03 -3.023009720000000011e-01
1.625505400000000009e+03 -3.054536139999999844e-01
1.625806250000000091e+03 -3.069613069999999611e-01
1.626107099999999946e+03 -3.067543690000000267e-01
1.626407950000000028e+03 -3.047694510000000245e-01
1.626708810000000085e+03 -3.009523539999999775e-01
1.627009659999999940e+03 -2.952552160000000425e-01
1.627310510000000022e+03 -2.876365069999999857e-01
1.627611360000000104e+03 -2.780645549999999910e-01
1.627912219999999934e+03 -2.665161299999999622e-01
1.628213070000000016e+03 -2.529743399999999642e-01
1.628513920000000098e+03 -2.374335550000000183e-01
1.628814769999999953e+03 -2.198951809999999951e-01
1.629115630000000010e+03 -2.003704810000000169e-01
1.629416480000000092e+03 -1.788805720000000155e-01
1.629717329999999947e+03 -1.554529030000000034e-01
1.630018180000000029e+03 -1.301275949999999848e-01
1.630319040000000086e+03 -1.029518090000000052e-01
1.630619889999999941e+03 -7.398255720000000701e-02
1.630920740000000023e+03 -4.328438519999999734e-02
1.631221590000000106e+03 -1.093246639999999846e-02
1.631522449999999935e+03 2.299042379999999969e-02
1.631823300000000017e+03 5.839299340000000255e-02
1.632124150000000100e+03 9.517613710000000227e-02
1.632424999999999955e+03 1.332323739999999868e-01
1.632725850000000037e+03 1.724478869999999942e-01
1.633026710000000094e+03 2.127002040000000038e-01
1.633327559999999949e+03 2.538619230000000448e-01
1.633628410000000031e+03 2.957986050000000477e-01
1.633929260000000113e+03 3.383708830000000112e-01
1.634230119999999943e+03 3.814323520000000300e-01
1.634530970000000025e+03 4.248344949999999787e-01
1.634831820000000107e+03 4.684231640000000030e-01
1.635132669999999962e+03 5.120413950000000103e-01
1.635433530000000019e+03 5.555294100000000013e-01
1.635734380000000101e+03 5.987239109999999975e-01
1.636035229999999956e+03 6.414615989999999934e-01
1.636336080000000038e+03 6.835784719999999925e-01
1.636636940000000095e+03 7.249105279999999984e-01
1.636937789999999950e+03 7.652846150000000014e-01
1.637238640000000032e+03 8.045536219999999128e-01
1.637539489999999887e+03 8.425415830000000383e-01
1.637840349999999944e+03 8.790936459999999508e-01
1.638141200000000026e+03 9.140549580000000285e-01
1.638442050000000108e+03 9.472706680000000379e-01
1.638742899999999963e+03 9.786000020000000799e-01
1.639043750000000045e+03 1.007888109999999893e+00
1.639344610000000102e+03 1.035008289999999942e+00
1.639645459999999957e+03 1.059826810000000119e+00
1.639946310000000040e+03 1.082216969999999945e+00
1.640247159999999894e+03 1.102066149999999967e+00
1.640548019999999951e+03 1.119268780000000074e+00
1.640848870000000034e+03 1.133719270000000057e+00
1.641149719999999888e+03 1.145326120000000003e+00
1.641450569999999971e+03 1.154018929999999887e+00
1.641751430000000028e+03 1.159720290000000098e+00
1.642052280000000110e+03 1.162366849999999951e+00
1.642353129999999965e+03 1.161916370000000143e+00
1.642653980000000047e+03 1.158326629999999913e+00
1.642954840000000104e+03 1.151569459999999934e+00
1.643255689999999959e+03 1.141630790000000006e+00
1.643556540000000041e+03 1.128503580000000062e+00
1.643857389999999896e+03 1.112201910000000016e+00
1.644158239999999978e+03 1.092739850000000068e+00
1.644459100000000035e+03 1.070145570000000212e+00
1.644759949999999890e+03 1.044468329999999945e+00
1.645060799999999972e+03 1.015764429999999940e+00
1.645361650000000054e+03 9.841042799999999424e-01
1.645662510000000111e+03 9.495512130000000051e-01
1.645963359999999966e+03 9.122178529999999119e-01
1.646264210000000048e+03 8.721816249999999604e-01
1.646565059999999903e+03 8.295762649999999239e-01
1.646865919999999960e+03 7.845143919999999493e-01
1.647166770000000042e+03 7.371297430000000039e-01
1.647467619999999897e+03 6.875687209999999938e-01
1.647768469999999979e+03 6.359805490000000061e-01
1.648069330000000036e+03 5.825271169999999277e-01
1.648370179999999891e+03 5.273787620000000009e-01
1.648671029999999973e+03 4.707114510000000029e-01
1.648971880000000056e+03 4.127110069999999631e-01
1.649272740000000113e+03 3.535667710000000019e-01
1.649573589999999967e+03 2.934758279999999941e-01
1.649874440000000050e+03 2.326401879999999978e-01
1.650175289999999904e+03 1.712646790000000030e-01
1.650476139999999987e+03 1.095597569999999937e-01
1.650777000000000044e+03 4.773785239999999569e-02
1.651077849999999899e+03 -1.398684769999999911e-02
1.651378699999999981e+03 -7.539874720000000474e-02
1.651679550000000063e+03 -1.362808420000000131e-01
1.651980409999999893e+03 -1.964182409999999934e-01
1.652281259999999975e+03 -2.555948550000000097e-01
1.652582110000000057e+03 -3.135988189999999731e-01
1.652882959999999912e+03 -3.702203780000000166e-01
1.653183819999999969e+03 -4.252511869999999750e-01
1.653484670000000051e+03 -4.784906420000000216e-01
1.653785519999999906e+03 -5.297409549999999578e-01
1.654086369999999988e+03 -5.788106740000000805e-01
1.654387230000000045e+03 -6.255160869999999429e-01
1.654688079999999900e+03 -6.696784120000000007e-01
1.654988929999999982e+03 -7.111287179999999930e-01
1.655289780000000064e+03 -7.497079320000000768e-01
1.655590639999999894e+03 -7.852675350000000165e-01
1.655891489999999976e+03 -8.176526760000000227e-01
1.656192340000000058e+03 -8.467507370000000311e-01
1.656493189999999913e+03 -8.724350189999999783e-01
1.656794039999999995e+03 -8.945929030000000504e-01
1.657094900000000052e+03 -9.131328859999999770e-01
1.657395749999999907e+03 -9.279634649999999318e-01
1.657696599999999989e+03 -9.390283300000000777e-01
1.657997450000000072e+03 -9.462641319999999245e-01
1.658298309999999901e+03 -9.496145620000000509e-01
1.658599159999999983e+03 -9.490655420000000397e-01
1.658900010000000066e+03 -9.445889170000000279e-01
1.659200859999999921e+03 -9.361917260000000018e-01
1.659501719999999978e+03 -9.238669310000000578e-01
1.659802570000000060e+03 -9.076567640000000603e-01
1.660103419999999915e+03 -8.875964170000000264e-01
1.660404269999999997e+03 -8.637281239999999860e-01
1.660705130000000054e+03 -8.361293109999999862e-01
1.661005979999999909e+03 -8.048774029999999913e-01
1.661306829999999991e+03 -7.700568650000000348e-01
1.661607680000000073e+03 -7.317803170000000135e-01
1.661908539999999903e+03 -6.901660079999999420e-01
1.662209389999999985e+03 -6.453406369999999947e-01
1.662510240000000067e+03 -5.974484949999999683e-01
1.662811089999999922e+03 -5.466416209999999110e-01
1.663111940000000004e+03 -4.930847200000000319e-01
1.663412800000000061e+03 -4.369509440000000078e-01
1.663713649999999916e+03 -3.784247069999999713e-01
1.664014499999999998e+03 -3.176974640000000405e-01
1.664315350000000080e+03 -2.549705210000000055e-01
1.664616209999999910e+03 -1.904515199999999853e-01
1.664917059999999992e+03 -1.243558459999999921e-01
1.665217910000000074e+03 -5.690275599999999878e-02
1.665518759999999929e+03 1.168075250000000058e-02
1.665819619999999986e+03 8.116486500000000270e-02
1.666120470000000068e+03 1.513155439999999963e-01
1.666421319999999923e+03 2.218962889999999966e-01
1.666722170000000006e+03 2.926691909999999952e-01
1.667023030000000063e+03 3.633949330000000311e-01
1.667323879999999917e+03 4.338334959999999851e-01
1.667624730000000000e+03 5.037469700000000161e-01
1.667925580000000082e+03 5.728974470000000041e-01
1.668226439999999911e+03 6.410512420000000766e-01
1.668527289999999994e+03 7.079753730000000189e-01
1.668828140000000076e+03 7.734424890000000108e-01
1.669128989999999931e+03 8.372343899999999950e-01
1.669429840000000013e+03 8.991328760000000253e-01
1.669730700000000070e+03 9.589267850000000593e-01
1.670031549999999925e+03 1.016411999999999871e+00
1.670332400000000007e+03 1.071391419999999872e+00
1.670633250000000089e+03 1.123689099999999996e+00
1.670934109999999919e+03 1.173122009999999937e+00
1.671234960000000001e+03 1.219514199999999882e+00
1.671535810000000083e+03 1.262724889999999878e+00
1.671836659999999938e+03 1.302599229999999997e+00
1.672137519999999995e+03 1.339010519999999982e+00
1.672438370000000077e+03 1.371825019999999951e+00
1.672739219999999932e+03 1.400944199999999862e+00
1.673040070000000014e+03 1.426269510000000018e+00
1.673340930000000071e+03 1.447716479999999972e+00
1.673641779999999926e+03 1.465214730000000021e+00
1.673942630000000008e+03 1.478700919999999863e+00
1.674243480000000091e+03 1.488146879999999950e+00
1.674544339999999920e+03 1.493510380000000026e+00
1.674845190000000002e+03 1.494784389999999963e+00
1.675146040000000085e+03 1.491961859999999973e+00
1.675446889999999939e+03 1.485056879999999913e+00
1.675747740000000022e+03 1.474097589999999958e+00
1.676048600000000079e+03 1.459119199999999950e+00
1.676349449999999933e+03 1.440178010000000119e+00
1.676650300000000016e+03 1.417344409999999888e+00
1.676951150000000098e+03 1.390688790000000008e+00
1.677252009999999927e+03 1.360302640000000007e+00
1.677552860000000010e+03 1.326298590000000166e+00
1.677853710000000092e+03 1.288789270000000098e+00
1.678154559999999947e+03 1.247894310000000173e+00
1.678455420000000004e+03 1.203747470000000153e+00
1.678756270000000086e+03 1.156510640000000034e+00
1.679057119999999941e+03 1.106324579999999891e+00
1.679357970000000023e+03 1.053365259999999859e+00
1.679658830000000080e+03 9.978016250000001364e-01
1.679959679999999935e+03 9.398096270000000363e-01
1.680260530000000017e+03 8.795793170000000272e-01
1.680561380000000099e+03 8.173077789999999565e-01
1.680862239999999929e+03 7.531920970000000048e-01
1.681163090000000011e+03 6.874314660000000465e-01
1.681463940000000093e+03 6.202356409999999487e-01
1.681764789999999948e+03 5.518129669999999320e-01
1.682065640000000030e+03 4.823767180000000376e-01
1.682366500000000087e+03 4.121380550000000031e-01
1.682667349999999942e+03 3.413116589999999895e-01
1.682968200000000024e+03 2.701108030000000104e-01
1.683269050000000107e+03 1.987473530000000155e-01
1.683569909999999936e+03 1.274317660000000019e-01
1.683870760000000018e+03 5.637182550000000014e-02
1.684171610000000101e+03 -1.422785339999999878e-02
1.684472459999999955e+03 -8.416687820000000320e-02
1.684773320000000012e+03 -1.532504880000000180e-01
1.685074170000000095e+03 -2.212874400000000019e-01
1.685375019999999950e+03 -2.880940240000000041e-01
1.685675870000000032e+03 -3.534935679999999802e-01
1.685976730000000089e+03 -4.173157359999999927e-01
1.686277579999999944e+03 -4.793979329999999983e-01
1.686578430000000026e+03 -5.395881219999999479e-01
1.686879280000000108e+03 -5.977406020000000098e-01
1.687180129999999963e+03 -6.537195270000000225e-01
1.687480990000000020e+03 -7.073981980000000336e-01
1.687781840000000102e+03 -7.586682200000000043e-01
1.688082689999999957e+03 -8.074183799999999911e-01
1.688383540000000039e+03 -8.535501380000000138e-01
1.688684400000000096e+03 -8.969860669999999425e-01
1.688985249999999951e+03 -9.376557800000000498e-01
1.689286100000000033e+03 -9.754959280000000676e-01
1.689586949999999888e+03 -1.010450199999999965e+00
1.689887809999999945e+03 -1.042490450000000068e+00
1.690188660000000027e+03 -1.071581469999999925e+00
1.690489510000000109e+03 -1.097709190000000001e+00
1.690790359999999964e+03 -1.120873610000000076e+00
1.691091220000000021e+03 -1.141074730000000148e+00
1.691392070000000103e+03 -1.158326629999999913e+00
1.691692919999999958e+03 -1.172664499999999999e+00
1.691993770000000040e+03 -1.184123530000000146e+00
1.692294630000000097e+03 -1.192752999999999952e+00
1.692595479999999952e+03 -1.198602170000000022e+00
1.692896330000000034e+03 -1.201741440000000161e+00
1.693197179999999889e+03 -1.202248229999999918e+00
1.693498029999999972e+03 -1.200199959999999955e+00
1.693798890000000029e+03 -1.195688139999999899e+00
1.694099740000000111e+03 -1.188818350000000024e+00
1.694400589999999966e+03 -1.179682100000000178e+00
1.694701440000000048e+03 -1.168406070000000074e+00
1.695002300000000105e+03 -1.155088820000000016e+00
1.695303149999999960e+03 -1.139857030000000160e+00
1.695604000000000042e+03 -1.122844449999999883e+00
1.695904849999999897e+03 -1.104170729999999878e+00
1.696205709999999954e+03 -1.083962569999999959e+00
1.696506560000000036e+03 -1.062360750000000076e+00
1.696807409999999891e+03 -1.039506030000000081e+00
1.697108259999999973e+03 -1.015518080000000101e+00
1.697409120000000030e+03 -9.905447070000000798e-01
1.697709970000000112e+03 -9.647126120000000249e-01
1.698010819999999967e+03 -9.381696059999999893e-01
1.698311670000000049e+03 -9.110353480000000781e-01
1.698612530000000106e+03 -8.834435740000000647e-01
1.698913379999999961e+03 -8.555280180000000012e-01
1.699214230000000043e+03 -8.274013009999999779e-01
1.699515079999999898e+03 -7.991971580000000186e-01
1.699815929999999980e+03 -7.710141310000000470e-01
1.700116790000000037e+03 -7.429718779999999745e-01
1.700417639999999892e+03 -7.151759809999999051e-01
1.700718489999999974e+03 -6.877228690000000144e-01
1.701019340000000057e+03 -6.607012309999999999e-01
1.701320200000000114e+03 -6.341976420000000614e-01
1.701621049999999968e+03 -6.082902329999999580e-01
1.701921900000000051e+03 -5.830493900000000007e-01
1.702222749999999905e+03 -5.585363509999999865e-01
1.702523609999999962e+03 -5.348060169999999669e-01
1.702824460000000045e+03 -5.119048440000000255e-01
1.703125309999999899e+03 -4.898708410000000013e-01
1.703426159999999982e+03 -4.687335709999999600e-01
1.703727020000000039e+03 -4.485134459999999823e-01
1.704027869999999893e+03 -4.292245430000000139e-01
1.704328719999999976e+03 -4.108696780000000159e-01
1.704629570000000058e+03 -3.934460359999999990e-01
1.704930429999999888e+03 -3.769409459999999989e-01
1.705231279999999970e+03 -3.613339959999999906e-01
1.705532130000000052e+03 -3.465977359999999896e-01
1.705832979999999907e+03 -3.326969720000000352e-01
1.706133829999999989e+03 -3.195873599999999870e-01
1.706434690000000046e+03 -3.072203319999999849e-01
1.706735539999999901e+03 -2.955388760000000059e-01
1.707036389999999983e+03 -2.844810500000000131e-01
1.707337240000000065e+03 -2.739778749999999818e-01
1.707638099999999895e+03 -2.639554439999999835e-01
1.707938949999999977e+03 -2.543370360000000163e-01
1.708239800000000059e+03 -2.450374820000000009e-01
1.708540649999999914e+03 -2.359723169999999870e-01
1.708841509999999971e+03 -2.270500380000000096e-01
1.709142360000000053e+03 -2.181798459999999829e-01
1.709443209999999908e+03 -2.092660130000000007e-01
1.709744059999999990e+03 -2.002128139999999890e-01
1.710044920000000047e+03 -1.909231140000000049e-01
1.710345769999999902e+03 -1.813011870000000025e-01
1.710646619999999984e+03 -1.712491929999999940e-01
1.710947470000000067e+03 -1.606714080000000155e-01
1.711248329999999896e+03 -1.494749190000000116e-01
1.711549179999999978e+03 -1.375668160000000084e-01
1.711850030000000061e+03 -1.248591150000000066e-01
1.712150879999999916e+03 -1.112652390000000019e-01
1.712451729999999998e+03 -9.670494660000000797e-02
1.712752590000000055e+03 -8.110081269999999676e-02
1.713053439999999910e+03 -6.438118270000001142e-02
1.713354289999999992e+03 -4.648017429999999617e-02
1.713655140000000074e+03 -2.733802880000000060e-02
1.713955999999999904e+03 -6.901420770000000517e-03
1.714256849999999986e+03 1.487569700000000023e-02
1.714557700000000068e+03 3.803195300000000029e-02
1.714858549999999923e+03 6.259806430000000588e-02
1.715159409999999980e+03 8.859634349999999381e-02
1.715460260000000062e+03 1.160417130000000047e-01
1.715761109999999917e+03 1.449377619999999978e-01
1.716061959999999999e+03 1.752823789999999882e-01
1.716362820000000056e+03 2.070614870000000163e-01
1.716663669999999911e+03 2.402532649999999936e-01
1.716964519999999993e+03 2.748260399999999937e-01
1.717265370000000075e+03 3.107382840000000312e-01
1.717566229999999905e+03 3.479393159999999985e-01
1.717867079999999987e+03 3.863700119999999849e-01
1.718167930000000069e+03 4.259599860000000127e-01
1.718468779999999924e+03 4.666311060000000177e-01
1.718769630000000006e+03 5.082953890000000419e-01
1.719070490000000063e+03 5.508571089999999559e-01
1.719371339999999918e+03 5.942106850000000717e-01
1.719672190000000001e+03 6.382427929999999749e-01
1.719973040000000083e+03 6.828330719999999854e-01
1.720273899999999912e+03 7.278527120000000128e-01
1.720574749999999995e+03 7.731679790000000052e-01
1.720875600000000077e+03 8.186310580000000225e-01
1.721176449999999932e+03 8.641011769999999981e-01
1.721477309999999989e+03 9.094234820000000052e-01
1.721778160000000071e+03 9.544290449999999204e-01
1.722079009999999926e+03 9.989700520000001083e-01
1.722379860000000008e+03 1.042870540000000013e+00
1.722680720000000065e+03 1.085968610000000112e+00
1.722981569999999920e+03 1.128088300000000155e+00
1.723282420000000002e+03 1.169046599999999936e+00
1.723583270000000084e+03 1.208688650000000031e+00
1.723884129999999914e+03 1.246824429999999984e+00
1.724184979999999996e+03 1.283284989999999848e+00
1.724485830000000078e+03 1.317894360000000153e+00
1.724786679999999933e+03 1.350490669999999893e+00
1.725087530000000015e+03 1.380897929999999940e+00
1.725388390000000072e+03 1.408961299999999861e+00
1.725689239999999927e+03 1.434504810000000186e+00
1.725990090000000009e+03 1.457387680000000074e+00
1.726290940000000091e+03 1.477462099999999889e+00
1.726591799999999921e+03 1.494573230000000086e+00
1.726892650000000003e+03 1.508594349999999862e+00
1.727193500000000085e+03 1.519398780000000171e+00
1.727494349999999940e+03 1.526866859999999937e+00
1.727795209999999997e+03 1.530893009999999999e+00
1.728096060000000080e+03 1.531364600000000076e+00
1.728396909999999934e+03 1.528204220000000113e+00
1.728697760000000017e+03 1.521327389999999946e+00
1.728998620000000074e+03 1.510670769999999941e+00
1.729299469999999928e+03 1.496171010000000079e+00
1.729600320000000011e+03 1.477799960000000024e+00
1.729901170000000093e+03 1.455508339999999956e+00
1.730202029999999922e+03 1.429296150000000099e+00
1.730502880000000005e+03 1.399142290000000122e+00
1.730803730000000087e+03 1.365067849999999972e+00
1.731104579999999942e+03 1.327093969999999956e+00
1.731405430000000024e+03 1.285248790000000030e+00
1.731706290000000081e+03 1.239595669999999927e+00
1.732007139999999936e+03 1.190183870000000033e+00
1.732307990000000018e+03 1.137090820000000058e+00
1.732608840000000100e+03 1.080422100000000052e+00
1.732909699999999930e+03 1.020269209999999926e+00
1.733210550000000012e+03 9.567518219999999740e-01
1.733511400000000094e+03 8.900106979999999890e-01
1.733812249999999949e+03 8.201725380000000065e-01
1.734113110000000006e+03 7.474062710000000109e-01
1.734413960000000088e+03 6.718744920000000453e-01
1.734714809999999943e+03 5.937587989999999483e-01
1.735015660000000025e+03 5.132492390000000793e-01
1.735316520000000082e+03 4.305464139999999884e-01
1.735617369999999937e+03 3.458621900000000138e-01
1.735918220000000019e+03 2.594154710000000086e-01
1.736219070000000102e+03 1.714371270000000225e-01
1.736519919999999956e+03 8.216225130000000265e-02
1.736820780000000013e+03 -8.164842489999999189e-03
1.737121630000000096e+03 -9.929308320000000687e-02
1.737422479999999950e+03 -1.909674579999999788e-01
1.737723330000000033e+03 -2.829261969999999904e-01
1.738024190000000090e+03 -3.749060519999999896e-01
1.738325039999999944e+03 -4.666388489999999667e-01
1.738625890000000027e+03 -5.578542989999999424e-01
1.738926740000000109e+03 -6.482821169999999356e-01
1.739227599999999939e+03 -7.376506080000000409e-01
1.739528450000000021e+03 -8.256908920000000096e-01
1.739829300000000103e+03 -9.121333880000001004e-01
1.740130149999999958e+03 -9.967106239999999895e-01
1.740431010000000015e+03 -1.079162170000000032e+00
1.740731860000000097e+03 -1.159220540000000188e+00
1.741032709999999952e+03 -1.236646440000000124e+00
1.741333560000000034e+03 -1.311186469999999993e+00
1.741634420000000091e+03 -1.382594260000000075e+00
1.741935269999999946e+03 -1.450644590000000012e+00
1.742236120000000028e+03 -1.515112199999999909e+00
1.742536970000000110e+03 -1.575785949999999991e+00
1.742837819999999965e+03 -1.632454669999999997e+00
1.743138680000000022e+03 -1.684935349999999943e+00
1.743439530000000104e+03 -1.733037950000000160e+00
1.743740379999999959e+03 -1.776607620000000054e+00
1.744041230000000041e+03 -1.815468379999999993e+00
1.744342090000000098e+03 -1.849500580000000172e+00
1.744642939999999953e+03 -1.878563449999999913e+00
1.744943790000000035e+03 -1.902551400000000115e+00
1.745244639999999890e+03 -1.921358850000000063e+00
1.745545499999999947e+03 -1.934915420000000053e+00
1.745846350000000029e+03 -1.943150719999999998e+00
1.746147200000000112e+03 -1.946008439999999950e+00
1.746448049999999967e+03 -1.943460430000000017e+00
1.746748910000000024e+03 -1.935492600000000118e+00
1.747049760000000106e+03 -1.922104959999999974e+00
1.747350609999999961e+03 -1.903311580000000003e+00
1.747651460000000043e+03 -1.879147660000000108e+00
1.747952320000000100e+03 -1.849662469999999947e+00
1.748253169999999955e+03 -1.814926400000000051e+00
1.748554020000000037e+03 -1.775023910000000038e+00
1.748854869999999892e+03 -1.730046500000000043e+00
1.749155719999999974e+03 -1.680113830000000030e+00
1.749456580000000031e+03 -1.625359640000000105e+00
1.749757430000000113e+03 -1.565931750000000067e+00
1.750058279999999968e+03 -1.501984999999999904e+00
1.750359130000000050e+03 -1.433702389999999882e+00
1.750659990000000107e+03 -1.361266949999999865e+00
1.750960839999999962e+03 -1.284882780000000002e+00
1.751261690000000044e+03 -1.204768089999999958e+00
1.751562539999999899e+03 -1.121141080000000123e+00
1.751863399999999956e+03 -1.034255150000000123e+00
1.752164250000000038e+03 -9.443425619999999965e-01
1.752465099999999893e+03 -8.516637620000000464e-01
1.752765949999999975e+03 -7.564932559999999473e-01
1.753066810000000032e+03 -6.590999229999999764e-01
1.753367659999999887e+03 -5.597639030000000071e-01
1.753668509999999969e+03 -4.587723770000000090e-01
1.753969360000000052e+03 -3.564181559999999860e-01
1.754270220000000108e+03 -2.529975680000000060e-01
1.754571069999999963e+03 -1.488104640000000034e-01
1.754871920000000046e+03 -4.415852359999999921e-02
1.755172769999999900e+03 6.065523729999999780e-02
1.755473619999999983e+03 1.653275200000000056e-01
1.755774480000000040e+03 2.695547449999999845e-01
1.756075329999999894e+03 3.730365689999999845e-01
1.756376179999999977e+03 4.754738470000000050e-01
1.756677030000000059e+03 5.765716579999999869e-01
1.756977889999999888e+03 6.760400050000000549e-01
1.757278739999999971e+03 7.735903020000000074e-01
1.757579590000000053e+03 8.689508529999999675e-01
1.757880439999999908e+03 9.618408150000000711e-01
1.758181299999999965e+03 1.052006789999999858e+00
1.758482150000000047e+03 1.139181310000000114e+00
1.758782999999999902e+03 1.223132100000000166e+00
1.759083849999999984e+03 1.303612809999999955e+00
1.759384710000000041e+03 1.380405219999999877e+00
1.759685559999999896e+03 1.453291140000000148e+00
1.759986409999999978e+03 1.522080540000000148e+00
1.760287260000000060e+03 1.586583349999999948e+00
1.760588119999999890e+03 1.646616569999999946e+00
1.760888969999999972e+03 1.702032400000000001e+00
1.761189820000000054e+03 1.752683010000000152e+00
1.761490669999999909e+03 1.798434679999999952e+00
1.761791519999999991e+03 1.839174780000000009e+00
1.762092380000000048e+03 1.874804770000000120e+00
1.762393229999999903e+03 1.905240190000000000e+00
1.762694079999999985e+03 1.930410640000000067e+00
1.762994930000000068e+03 1.950259829999999805e+00
1.763295789999999897e+03 1.964759590000000111e+00
1.763596639999999979e+03 1.973888799999999888e+00
1.763897490000000062e+03 1.977640440000000055e+00
1.764198339999999916e+03 1.976028580000000145e+00
1.764499199999999973e+03 1.969081359999999892e+00
1.764800050000000056e+03 1.956848069999999939e+00
1.765100899999999911e+03 1.939377970000000007e+00
1.765401749999999993e+03 1.916741449999999958e+00
1.765702610000000050e+03 1.889044100000000004e+00
1.766003459999999905e+03 1.856377410000000117e+00
1.766304309999999987e+03 1.818861040000000040e+00
1.766605160000000069e+03 1.776628730000000100e+00
1.766906019999999899e+03 1.729821260000000027e+00
1.767206869999999981e+03 1.678600510000000101e+00
1.767507720000000063e+03 1.623121330000000029e+00
1.767808569999999918e+03 1.563580819999999871e+00
1.768109420000000000e+03 1.500154930000000109e+00
1.768410280000000057e+03 1.433054829999999891e+00
1.768711129999999912e+03 1.362477599999999844e+00
1.769011979999999994e+03 1.288655529999999994e+00
1.769312830000000076e+03 1.211806809999999901e+00
1.769613689999999906e+03 1.132156669999999865e+00
1.769914539999999988e+03 1.049958530000000057e+00
1.770215390000000070e+03 9.654446380000000216e-01
1.770516239999999925e+03 8.788684070000000181e-01
1.770817099999999982e+03 7.904832250000000116e-01
1.771117950000000064e+03 7.005445980000000183e-01
1.771418799999999919e+03 6.093073279999999814e-01
1.771719650000000001e+03 5.170318460000000726e-01
1.772020510000000058e+03 4.239778829999999998e-01
1.772321359999999913e+03 3.304044620000000099e-01
1.772622209999999995e+03 2.365684960000000170e-01
1.772923060000000078e+03 1.427276039999999802e-01
1.773223919999999907e+03 4.913461560000000061e-02
1.773524769999999990e+03 -4.396031329999999793e-02
1.773825620000000072e+03 -1.363111089999999859e-01
1.774126469999999927e+03 -2.276764839999999845e-01
1.774427320000000009e+03 -3.178206419999999865e-01
1.774728180000000066e+03 -4.065134160000000163e-01
1.775029029999999921e+03 -4.935330859999999542e-01
1.775329880000000003e+03 -5.786635650000000464e-01
1.775630730000000085e+03 -6.616972089999999529e-01
1.775931589999999915e+03 -7.424369360000000473e-01
1.776232439999999997e+03 -8.206863640000000570e-01
1.776533290000000079e+03 -8.962681180000000580e-01
1.776834139999999934e+03 -9.690132679999999832e-01
1.777134999999999991e+03 -1.038759929999999887e+00
1.777435850000000073e+03 -1.105360269999999812e+00
1.777736699999999928e+03 -1.168666500000000052e+00
1.778037550000000010e+03 -1.228551920000000131e+00
1.778338410000000067e+03 -1.284910929999999896e+00
1.778639259999999922e+03 -1.337623889999999927e+00
1.778940110000000004e+03 -1.386606329999999998e+00
1.779240960000000086e+03 -1.431766740000000038e+00
1.779541809999999941e+03 -1.473041789999999907e+00
1.779842669999999998e+03 -1.510368109999999930e+00
1.780143520000000080e+03 -1.543703480000000017e+00
1.780444369999999935e+03 -1.573005659999999972e+00
1.780745220000000018e+03 -1.598260580000000042e+00
1.781046080000000075e+03 -1.619447120000000018e+00
1.781346929999999929e+03 -1.636565279999999900e+00
1.781647780000000012e+03 -1.649636180000000119e+00
1.781948630000000094e+03 -1.658666860000000076e+00
1.782249489999999923e+03 -1.663692500000000019e+00
1.782550340000000006e+03 -1.664762389999999925e+00
1.782851190000000088e+03 -1.661918749999999889e+00
1.783152039999999943e+03 -1.655224919999999988e+00
1.783452900000000000e+03 -1.644765390000000105e+00
1.783753750000000082e+03 -1.630603489999999933e+00
1.784054599999999937e+03 -1.612830729999999990e+00
1.784355450000000019e+03 -1.591552680000000164e+00
1.784656310000000076e+03 -1.566860860000000022e+00
1.784957159999999931e+03 -1.538874920000000035e+00
1.785258010000000013e+03 -1.507714510000000008e+00
1.785558860000000095e+03 -1.473492259999999998e+00
1.785859709999999950e+03 -1.436348949999999958e+00
1.786160570000000007e+03 -1.396411260000000043e+00
1.786461420000000089e+03 -1.353827019999999992e+00
1.786762269999999944e+03 -1.308736989999999878e+00
1.787063120000000026e+03 -1.261281960000000035e+00
1.787363980000000083e+03 -1.211616760000000070e+00
1.787664829999999938e+03 -1.159896260000000012e+00
1.787965680000000020e+03 -1.106275310000000012e+00
1.788266530000000103e+03 -1.050901709999999989e+00
1.788567389999999932e+03 -9.939444069999999742e-01
1.788868240000000014e+03 -9.355512030000000534e-01
1.789169090000000097e+03 -8.758910290000000431e-01
1.789469939999999951e+03 -8.151187380000000093e-01
1.789770800000000008e+03 -7.533821419999999769e-01
1.790071650000000091e+03 -6.908459480000000985e-01
1.790372499999999945e+03 -6.276628959999999147e-01
1.790673350000000028e+03 -5.639857259999999650e-01
1.790974210000000085e+03 -4.999629550000000422e-01
1.791275059999999939e+03 -4.357423960000000318e-01
1.791575910000000022e+03 -3.714676390000000161e-01
1.791876760000000104e+03 -3.072801609999999961e-01
1.792177609999999959e+03 -2.433158119999999924e-01
1.792478470000000016e+03 -1.797083250000000021e-01
1.792779320000000098e+03 -1.165865089999999910e-01
1.793080169999999953e+03 -5.407361370000000195e-02
1.793381020000000035e+03 7.709930149999999656e-03
1.793681880000000092e+03 6.864967249999999466e-02
1.793982729999999947e+03 1.286360910000000080e-01
1.794283580000000029e+03 1.875642379999999942e-01
1.794584430000000111e+03 2.453345160000000025e-01
1.794885289999999941e+03 3.018540140000000038e-01
1.795186140000000023e+03 3.570340429999999676e-01
1.795486990000000105e+03 4.107908439999999883e-01
1.795787839999999960e+03 4.630469910000000189e-01
1.796088700000000017e+03 5.137313909999999817e-01
1.796389550000000099e+03 5.627771780000000446e-01
1.796690399999999954e+03 6.101231150000000492e-01
1.796991250000000036e+03 6.557135950000000379e-01
1.797292110000000093e+03 6.994993480000000208e-01
1.797592959999999948e+03 7.414374380000000597e-01
1.797893810000000030e+03 7.814807049999999977e-01
1.798194660000000113e+03 8.196024010000000359e-01
1.798495509999999967e+03 8.557673339999999351e-01
1.798796370000000024e+03 8.899614260000000554e-01
1.799097220000000107e+03 9.221494839999999638e-01
1.799398069999999962e+03 9.523244680000000351e-01
1.799698920000000044e+03 9.804793399999999215e-01
1.799999780000000101e+03 1.006600020000000040e+00
