0.000000000000000000e+00 3.921818820000000380e-06
3.008523779999999759e-01 4.152935120000000002e-06
6.017047559999999518e-01 4.384157010000000004e-06
9.025571340000000387e-01 4.635784140000000218e-06
1.203409509999999960e+00 1.450890940000000034e-05
1.504261889999999990e+00 8.814868099999999989e-05
1.805114270000000021e+00 2.807723490000000027e-04
2.105966640000000112e+00 7.486521239999999796e-04
2.406819019999999920e+00 1.550136869999999912e-03
2.707671400000000173e+00 2.825897459999999854e-03
3.008523779999999981e+00 5.976737340000000571e-03
3.309376159999999789e+00 1.111054600000000066e-02
3.610228530000000102e+00 1.743370789999999781e-02
3.911080909999999911e+00 2.771544479999999908e-02
4.211933290000000163e+00 4.940067919999999863e-02
4.512785670000000415e+00 7.344409520000000358e-02
4.813638049999999780e+00 1.003439639999999938e-01
5.114490420000000093e+00 1.572822649999999767e-01
5.415342800000000345e+00 2.218202709999999855e-01
5.716195179999999709e+00 2.909742670000000087e-01
6.017047559999999962e+00 3.938958100000000129e-01
6.317899930000000275e+00 5.254374830000000385e-01
6.618752309999999639e+00 6.635652850000000047e-01
6.919604689999999891e+00 8.249447879999999289e-01
7.220457070000000144e+00 1.046938920000000106e+00
7.521309450000000396e+00 1.277414700000000014e+00
7.822161819999999821e+00 1.516928190000000010e+00
8.123014200000000073e+00 1.839470410000000111e+00
8.423866580000000326e+00 2.179356019999999727e+00
8.724718960000000578e+00 2.529546320000000126e+00
9.025571340000000831e+00 2.946569250000000029e+00
9.326423710000000256e+00 3.414235750000000014e+00
9.627276090000000508e+00 3.892664449999999832e+00
9.928128470000000760e+00 4.413072060000000185e+00
1.022898080000000043e+01 5.032493320000000381e+00
1.052983320000000056e+01 5.661888450000000184e+00
1.083068560000000069e+01 6.300645069999999848e+00
1.113153800000000082e+01 7.083343469999999975e+00
1.143239039999999918e+01 7.882449130000000359e+00
1.173324269999999991e+01 8.687678469999999820e+00
1.203409510000000004e+01 9.594828439999998793e+00
1.233494750000000018e+01 1.056596039999999981e+01
1.263579990000000031e+01 1.153744419999999948e+01
1.293665219999999927e+01 1.255052689999999949e+01
1.323750459999999940e+01 1.366630450000000074e+01
1.353835699999999953e+01 1.477398750000000049e+01
1.383920939999999966e+01 1.587033820000000084e+01
1.414006179999999979e+01 1.706009279999999961e+01
1.444091410000000053e+01 1.823499560000000130e+01
1.474176650000000066e+01 1.938702250000000049e+01
1.504261890000000079e+01 2.054003490000000198e+01
1.534347129999999915e+01 2.167756209999999939e+01
1.564432359999999989e+01 2.278003650000000135e+01
1.594517600000000002e+01 2.383140990000000059e+01
1.624602840000000015e+01 2.481429639999999992e+01
1.654688080000000028e+01 2.575030519999999967e+01
1.684773320000000041e+01 2.663577589999999873e+01
1.714858549999999937e+01 2.736484629999999996e+01
1.744943789999999950e+01 2.803662150000000253e+01
1.775029029999999963e+01 2.864920119999999670e+01
1.805114269999999976e+01 2.910721050000000076e+01
1.835199499999999873e+01 2.945633099999999871e+01
1.865284739999999886e+01 2.974104709999999940e+01
1.895369979999999899e+01 2.991032829999999976e+01
1.925455219999999912e+01 2.991905630000000116e+01
1.955540459999999925e+01 2.986225379999999774e+01
1.985625690000000176e+01 2.973745740000000026e+01
2.015710929999999834e+01 2.941909610000000086e+01
2.045796169999999847e+01 2.903794960000000103e+01
2.075881409999999860e+01 2.859570689999999971e+01
2.105966640000000112e+01 2.801663160000000019e+01
2.136051880000000125e+01 2.734739030000000071e+01
2.166137120000000138e+01 2.662430279999999883e+01
2.196222360000000151e+01 2.581696180000000140e+01
2.226307600000000164e+01 2.490608130000000031e+01
2.256392830000000060e+01 2.395134960000000035e+01
2.286478070000000073e+01 2.295304819999999779e+01
2.316563310000000087e+01 2.185191119999999998e+01
2.346648550000000100e+01 2.071881839999999997e+01
2.376733779999999996e+01 1.955813380000000024e+01
2.406819020000000009e+01 1.833473419999999976e+01
2.436904260000000022e+01 1.707768949999999819e+01
2.466989500000000035e+01 1.580649710000000141e+01
2.497074740000000048e+01 1.450883900000000004e+01
2.527159969999999944e+01 1.318112559999999966e+01
2.557245209999999958e+01 1.185320109999999971e+01
2.587330449999999971e+01 1.052689550000000018e+01
2.617415689999999984e+01 9.179684849999999230e+00
2.647500929999999997e+01 7.845707019999999865e+00
2.677586159999999893e+01 6.529445640000000495e+00
2.707671399999999906e+01 5.216232020000000524e+00
2.737756639999999919e+01 3.923029479999999403e+00
2.767841879999999932e+01 2.660030069999999913e+00
2.797927109999999828e+01 1.422651600000000016e+00
2.828012349999999842e+01 2.119153869999999829e-01
2.858097589999999855e+01 -9.574908869999999572e-01
2.888182829999999868e+01 -2.083875809999999884e+00
2.918268069999999881e+01 -3.176298919999999804e+00
2.948353300000000132e+01 -4.217972880000000480e+00
2.978438540000000145e+01 -5.206208880000000150e+00
3.008523780000000158e+01 -6.148284979999999678e+00
3.038609020000000172e+01 -7.034910049999999693e+00
3.068694250000000068e+01 -7.861403359999999729e+00
3.098779490000000081e+01 -8.630735239999999919e+00
3.128864730000000094e+01 -9.342138470000000083e+00
3.158949970000000107e+01 -9.988996650000000699e+00
3.189035210000000120e+01 -1.057145060000000036e+01
3.219120439999999661e+01 -1.109492000000000012e+01
3.249205680000000029e+01 -1.155166239999999966e+01
3.279290919999999687e+01 -1.194146660000000004e+01
3.309376160000000056e+01 -1.227031550000000060e+01
3.339461390000000307e+01 -1.253384509999999885e+01
3.369546629999999965e+01 -1.273128119999999974e+01
3.399631870000000333e+01 -1.286656530000000132e+01
3.429717109999999991e+01 -1.294082379999999866e+01
3.459802349999999649e+01 -1.295194500000000026e+01
3.489887579999999900e+01 -1.290246280000000034e+01
3.519972820000000269e+01 -1.279786750000000062e+01
3.550058059999999927e+01 -1.263513230000000043e+01
3.580143300000000295e+01 -1.241629860000000107e+01
3.610228529999999836e+01 -1.214671569999999967e+01
3.640313770000000204e+01 -1.182617239999999903e+01
3.670399009999999862e+01 -1.145663970000000020e+01
3.700484250000000230e+01 -1.104079229999999967e+01
3.730569489999999888e+01 -1.058137520000000009e+01
3.760654720000000140e+01 -1.008120390000000022e+01
3.790739959999999797e+01 -9.543445799999998869e+00
3.820825200000000166e+01 -8.970986869999999058e+00
3.850910439999999824e+01 -8.367135249999998692e+00
3.880995670000000075e+01 -7.734917600000000171e+00
3.911080909999999733e+01 -7.077712499999999629e+00
3.941166150000000101e+01 -6.398771840000000211e+00
3.971251389999999759e+01 -5.701368620000000220e+00
4.001336630000000127e+01 -4.988825120000000446e+00
4.031421859999999668e+01 -4.264435460000000511e+00
4.061507100000000037e+01 -3.531458559999999913e+00
4.091592339999999695e+01 -2.793153349999999868e+00
4.121677580000000063e+01 -2.052715410000000240e+00
4.151762810000000314e+01 -1.313276969999999988e+00
4.181848049999999972e+01 -5.779125339999999778e-01
4.211933290000000341e+01 1.503751710000000019e-01
4.242018529999999998e+01 8.686833819999999484e-01
4.272103769999999656e+01 1.574209280000000044e+00
4.302188999999999908e+01 2.264242960000000249e+00
4.332274240000000276e+01 2.936208249999999964e+00
4.362359479999999934e+01 3.587641599999999986e+00
4.392444720000000302e+01 4.216227280000000022e+00
4.422529949999999843e+01 4.819769189999999703e+00
4.452615190000000212e+01 5.396240190000000325e+00
4.482700429999999869e+01 5.943732799999999372e+00
4.512785670000000238e+01 6.460529550000000398e+00
4.542870909999999895e+01 6.945060819999999246e+00
4.572956140000000147e+01 7.395932939999999789e+00
4.603041379999999805e+01 7.811850790000000266e+00
4.633126620000000173e+01 8.191800779999999449e+00
4.663211859999999831e+01 8.534938289999999483e+00
4.693297090000000082e+01 8.840418649999998379e+00
4.723382329999999740e+01 9.107749159999999122e+00
4.753467570000000109e+01 9.336577880000000107e+00
4.783552809999999766e+01 9.526693649999998570e+00
4.813638050000000135e+01 9.678026089999999471e+00
4.843723279999999676e+01 9.790715959999999995e+00
4.873808520000000044e+01 9.865115210000000801e+00
4.903893759999999702e+01 9.901716549999999728e+00
4.933979000000000070e+01 9.901012670000000071e+00
4.964064230000000322e+01 9.863848240000001155e+00
4.994149469999999980e+01 9.791138289999999245e+00
5.024234710000000348e+01 9.684008999999999645e+00
5.054319950000000006e+01 9.543516190000000066e+00
5.084405189999999664e+01 9.371137980000000312e+00
5.114490419999999915e+01 9.168282129999999697e+00
5.144575660000000283e+01 8.936426759999999803e+00
5.174660899999999941e+01 8.677401939999999314e+00
5.204746140000000310e+01 8.392826569999998654e+00
5.234831369999999851e+01 8.084671489999999849e+00
5.264916610000000219e+01 7.754907559999999478e+00
5.295001849999999877e+01 7.405435210000000268e+00
5.325087090000000245e+01 7.038408300000000395e+00
5.355172329999999903e+01 6.655959549999999503e+00
5.385257560000000154e+01 6.260256910000000730e+00
5.415342799999999812e+01 5.853517550000000291e+00
5.445428040000000180e+01 5.437986829999999827e+00
5.475513279999999838e+01 5.015910110000000088e+00
5.505598510000000090e+01 4.589546799999999926e+00
5.535683749999999748e+01 4.161149309999999879e+00
5.565768990000000116e+01 3.732948900000000236e+00
5.595854229999999774e+01 3.307162770000000140e+00
5.625939470000000142e+01 2.885965879999999650e+00
5.656024699999999683e+01 2.471490969999999621e+00
5.686109940000000051e+01 2.065821499999999755e+00
5.716195179999999709e+01 1.670963500000000046e+00
5.746280420000000078e+01 1.288873729999999940e+00
5.776365650000000329e+01 9.214104189999999805e-01
5.806450889999999987e+01 5.703536540000000432e-01
5.836536130000000355e+01 2.373863959999999995e-01
5.866621370000000013e+01 -7.591257360000000509e-02
5.896706609999999671e+01 -3.680735689999999893e-01
5.926791839999999922e+01 -6.377451560000000352e-01
5.956877080000000291e+01 -8.836969669999999999e-01
5.986962319999999949e+01 -1.104825329999999939e+00
6.017047560000000317e+01 -1.300163830000000020e+00
6.047132789999999858e+01 -1.468874870000000055e+00
6.077218030000000226e+01 -1.610268629999999979e+00
6.107303269999999884e+01 -1.723810190000000020e+00
6.137388510000000252e+01 -1.809091299999999958e+00
6.167473749999999910e+01 -1.865858559999999944e+00
6.197558980000000162e+01 -1.894020470000000067e+00
6.227644219999999819e+01 -1.893633340000000054e+00
6.257729460000000188e+01 -1.864887219999999957e+00
6.287814699999999846e+01 -1.808141070000000017e+00
6.317899930000000097e+01 -1.723901699999999870e+00
6.347985169999999755e+01 -1.612816650000000074e+00
6.378070410000000123e+01 -1.475688339999999821e+00
6.408155650000000492e+01 -1.313438859999999986e+00
6.438240890000000149e+01 -1.127159179999999816e+00
6.468326120000000401e+01 -9.180459109999999923e-01
6.498411360000000059e+01 -6.874378009999999595e-01
6.528496599999999717e+01 -4.367911649999999812e-01
6.558581839999999374e+01 -1.676777479999999876e-01
6.588667069999999626e+01 1.182223079999999982e-01
6.618752310000000705e+01 4.191289100000000212e-01
6.648837550000000363e+01 7.331669439999999316e-01
6.678922790000000020e+01 1.058383869999999893e+00
6.709008029999999678e+01 1.392744090000000101e+00
6.739093259999999930e+01 1.734157109999999946e+00
6.769178499999999588e+01 2.080462029999999629e+00
6.799263740000000666e+01 2.429469829999999941e+00
6.829348980000000324e+01 2.778956249999999795e+00
6.859434210000000576e+01 3.126654849999999985e+00
6.889519450000000234e+01 3.470299139999999838e+00
6.919604689999999891e+01 3.807636730000000025e+00
6.949689929999999549e+01 4.136408209999999919e+00
6.979775170000000628e+01 4.454375259999999948e+00
7.009860399999999458e+01 4.759334759999999775e+00
7.039945640000000537e+01 5.049146930000000033e+00
7.070030880000000195e+01 5.321700169999999730e+00
7.100116119999999853e+01 5.574974360000000573e+00
7.130201350000000105e+01 5.807012740000000228e+00
7.160286589999999762e+01 6.015957080000000623e+00
7.190371829999999420e+01 6.200047709999999768e+00
7.220457070000000499e+01 6.357630529999999780e+00
7.250542310000000157e+01 6.487178130000000209e+00
7.280627540000000408e+01 6.587296860000000365e+00
7.310712780000000066e+01 6.656719739999999774e+00
7.340798019999999724e+01 6.694327610000000206e+00
7.370883259999999382e+01 6.699163200000000096e+00
7.400968500000000461e+01 6.670424119999999846e+00
7.431053729999999291e+01 6.607476860000000229e+00
7.461138970000000370e+01 6.509863919999999915e+00
7.491224210000000028e+01 6.377289670000000577e+00
7.521309449999999686e+01 6.209662599999999699e+00
7.551394679999999937e+01 6.007060140000000104e+00
7.581479919999999595e+01 5.769742729999999931e+00
7.611565160000000674e+01 5.498167869999999624e+00
7.641650400000000332e+01 5.192969060000000248e+00
7.671735639999999989e+01 4.854983899999999686e+00
7.701820870000000241e+01 4.485218919999999443e+00
7.731906109999999899e+01 4.084863679999999775e+00
7.761991349999999557e+01 3.655290719999999993e+00
7.792076590000000635e+01 3.198048560000000151e+00
7.822161819999999466e+01 2.714854649999999925e+00
7.852247060000000545e+01 2.207574240000000021e+00
7.882332300000000203e+01 1.678255609999999898e+00
7.912417539999999860e+01 1.129059639999999920e+00
7.942502779999999518e+01 5.623182540000000174e-01
7.972588009999999770e+01 -1.953603220000000099e-02
8.002673249999999427e+01 -6.139388040000000046e-01
8.032758490000000506e+01 -1.218226119999999968e+00
8.062843730000000164e+01 -1.829637320000000011e+00
8.092928960000000416e+01 -2.445328060000000026e+00
8.123014200000000073e+01 -3.062391349999999957e+00
8.153099439999999731e+01 -3.677877969999999941e+00
8.183184679999999389e+01 -4.288768300000000089e+00
8.213269920000000468e+01 -4.892049779999999792e+00
8.243355149999999298e+01 -5.484688720000000295e+00
8.273440390000000377e+01 -6.063644400000000267e+00
8.303525630000000035e+01 -6.625918310000000311e+00
8.333610869999999693e+01 -7.168511960000000016e+00
8.363696099999999944e+01 -7.688602830000000665e+00
8.393781339999999602e+01 -8.183213549999999614e+00
8.423866580000000681e+01 -8.649598999999998483e+00
8.453951820000000339e+01 -9.085154870000000216e+00
8.484037059999999997e+01 -9.487276830000000771e+00
8.514122290000000248e+01 -9.853501330000000280e+00
8.544207529999999906e+01 -1.018157599999999974e+01
8.574292769999999564e+01 -1.046938920000000017e+01
8.604378010000000643e+01 -1.071497000000000099e+01
8.634463239999999473e+01 -1.091648849999999982e+01
8.664548480000000552e+01 -1.107232570000000038e+01
8.694633720000000210e+01 -1.118107389999999945e+01
8.724718959999999868e+01 -1.124160689999999896e+01
8.754804199999999526e+01 -1.125293919999999837e+01
8.784889429999999777e+01 -1.121422629999999998e+01
8.814974669999999435e+01 -1.112504570000000115e+01
8.845059910000000514e+01 -1.098511599999999966e+01
8.875145150000000172e+01 -1.079436680000000059e+01
8.905230380000000423e+01 -1.055300910000000059e+01
8.935315620000000081e+01 -1.026146539999999874e+01
8.965400859999999739e+01 -9.920369150000000857e+00
8.995486099999999396e+01 -9.530846500000000887e+00
9.025571340000000475e+01 -9.093882879999998892e+00
9.055656569999999306e+01 -8.610956439999998935e+00
9.085741810000000385e+01 -8.083826849999999453e+00
9.115827050000000042e+01 -7.514183400000000290e+00
9.145912289999999700e+01 -6.904257369999999838e+00
9.175997519999999952e+01 -6.256308179999999552e+00
9.206082759999999610e+01 -5.572848669999999949e+00
9.236168000000000688e+01 -4.856595759999999373e+00
9.266253240000000346e+01 -4.110414229999999947e+00
9.296338480000000004e+01 -3.337365909999999936e+00
9.326423710000000256e+01 -2.540639339999999802e+00
9.356508949999999913e+01 -1.723577920000000097e+00
9.386594189999999571e+01 -8.896306070000000732e-01
9.416679430000000650e+01 -4.237216729999999931e-02
9.446764659999999481e+01 8.145556409999999969e-01
9.476849900000000559e+01 1.677417999999999854e+00
9.506935140000000217e+01 2.542462369999999972e+00
9.537020379999999875e+01 3.405859670000000339e+00
9.567105619999999533e+01 4.263809010000000121e+00
9.597190849999999784e+01 5.112481319999999663e+00
9.627276089999999442e+01 5.948082720000000378e+00
9.657361330000000521e+01 6.766875670000000120e+00
9.687446570000000179e+01 7.565143720000000016e+00
9.717531800000000430e+01 8.339332309999999637e+00
9.747617040000000088e+01 9.085929130000000242e+00
9.777702279999999746e+01 9.801485200000000120e+00
9.807787519999999404e+01 1.048283310000000057e+01
9.837872760000000483e+01 1.112680540000000029e+01
9.867957989999999313e+01 1.173051629999999967e+01
9.898043230000000392e+01 1.229122049999999966e+01
9.928128470000000050e+01 1.280631389999999925e+01
9.958213709999999708e+01 1.327361439999999959e+01
9.988298939999999959e+01 1.369079919999999895e+01
1.001838419999999985e+02 1.405617909999999959e+01
1.004846940000000046e+02 1.436806469999999969e+01
1.007855469999999940e+02 1.462504829999999956e+01
1.010863990000000001e+02 1.482614440000000045e+01
1.013872510000000062e+02 1.497036780000000000e+01
1.016881039999999956e+02 1.505729589999999973e+01
1.019889560000000017e+02 1.508657700000000013e+01
1.022898079999999936e+02 1.505821100000000001e+01
1.025906609999999972e+02 1.497247940000000099e+01
1.028915130000000033e+02 1.483001569999999880e+01
1.031923660000000069e+02 1.463152389999999947e+01
1.034932179999999988e+02 1.437820040000000077e+01
1.037940700000000049e+02 1.407131229999999888e+01
1.040949229999999943e+02 1.371261919999999890e+01
1.043957750000000004e+02 1.330395129999999959e+01
1.046966270000000065e+02 1.284734960000000115e+01
1.049974799999999959e+02 1.234527789999999925e+01
1.052983320000000020e+02 1.180026999999999937e+01
1.055991850000000056e+02 1.121500059999999976e+01
1.059000369999999975e+02 1.059249630000000053e+01
1.062008890000000036e+02 9.935924719999999155e+00
1.065017419999999930e+02 9.248453130000001465e+00
1.068025939999999991e+02 8.533600929999998641e+00
1.071034470000000027e+02 7.794887469999999929e+00
1.074042989999999946e+02 7.035909550000000401e+00
1.077051510000000007e+02 6.260390640000000673e+00
1.080060040000000043e+02 5.472117569999999986e+00
1.083068559999999962e+02 4.674898299999999729e+00
1.086077080000000024e+02 3.872575950000000322e+00
1.089085610000000059e+02 3.068979590000000091e+00
1.092094129999999979e+02 2.267910130000000191e+00
1.095102660000000014e+02 1.473140329999999887e+00
1.098111179999999933e+02 6.883669119999999975e-01
1.101119699999999995e+02 -8.278447399999999678e-02
1.104128230000000030e+02 -8.367979890000000198e-01
1.107136749999999950e+02 -1.570281680000000124e+00
1.110145270000000011e+02 -2.279981530000000145e+00
1.113153800000000047e+02 -2.962793489999999696e+00
1.116162319999999966e+02 -3.615789439999999910e+00
1.119170850000000002e+02 -4.236238349999999819e+00
1.122179370000000063e+02 -4.821606290000000072e+00
1.125187889999999982e+02 -5.369563450000000238e+00
1.128196420000000018e+02 -5.878019320000000825e+00
1.131204939999999937e+02 -6.345115690000000086e+00
1.134213459999999998e+02 -6.769247720000000079e+00
1.137221990000000034e+02 -7.149085099999999748e+00
1.140230509999999953e+02 -7.483424199999999971e+00
1.143239039999999989e+02 -7.771589320000000356e+00
1.146247560000000050e+02 -8.012876570000001308e+00
1.149256079999999969e+02 -8.207074800000000891e+00
1.152264610000000005e+02 -8.354113620000001461e+00
1.155273130000000066e+02 -8.454204190000000452e+00
1.158281649999999985e+02 -8.507979999999999876e+00
1.161290180000000021e+02 -8.516004129999998895e+00
1.164298699999999940e+02 -8.479402800000000795e+00
1.167307229999999976e+02 -8.399442960000000014e+00
1.170315750000000037e+02 -8.277532369999999418e+00
1.173324269999999956e+02 -8.115430690000000169e+00
1.176332799999999992e+02 -7.915108779999998845e+00
1.179341320000000053e+02 -7.678607849999999679e+00
1.182349839999999972e+02 -7.408250699999999966e+00
1.185358370000000008e+02 -7.106500849999999758e+00
1.188366890000000069e+02 -6.776082319999999548e+00
1.191375419999999963e+02 -6.419676830000000223e+00
1.194383940000000024e+02 -6.040198430000000229e+00
1.197392459999999943e+02 -5.640631519999999455e+00
1.200400989999999979e+02 -5.224045000000000272e+00
1.203409510000000040e+02 -4.793571079999999540e+00
1.206418039999999934e+02 -4.352384240000000126e+00
1.209426559999999995e+02 -3.903680039999999796e+00
1.212435080000000056e+02 -3.450661109999999976e+00
1.215443609999999950e+02 -2.996508949999999949e+00
1.218452130000000011e+02 -2.544376900000000052e+00
1.221460649999999930e+02 -2.097362000000000393e+00
1.224469179999999966e+02 -1.658476810000000023e+00
1.227477700000000027e+02 -1.230663529999999950e+00
1.230486230000000063e+02 -8.167376430000000687e-01
1.233494749999999982e+02 -4.193999000000000477e-01
1.236503270000000043e+02 -4.120219160000000019e-02
1.239511799999999937e+02 3.154542249999999770e-01
1.242520319999999998e+02 6.483370189999999589e-01
1.245528840000000059e+02 9.554003879999999338e-01
1.248537369999999953e+02 1.234781180000000145e+00
1.251545890000000014e+02 1.484838679999999966e+00
1.254554420000000050e+02 1.704115859999999927e+00
1.257562939999999969e+02 1.891409109999999894e+00
1.260571460000000030e+02 2.045711879999999816e+00
1.263579990000000066e+02 2.166264010000000351e+00
1.266588509999999985e+02 2.252530530000000031e+00
1.269597030000000046e+02 2.304201760000000210e+00
1.272605559999999940e+02 2.321228419999999737e+00
1.275614080000000001e+02 2.303779440000000012e+00
1.278622610000000037e+02 2.252234909999999868e+00
1.281631130000000098e+02 2.167235349999999894e+00
1.284639650000000017e+02 2.049618369999999690e+00
1.287648179999999911e+02 1.900439779999999912e+00
1.290656700000000114e+02 1.720959509999999915e+00
1.293665220000000033e+02 1.512627539999999993e+00
1.296673749999999927e+02 1.277097960000000088e+00
1.299682270000000130e+02 1.016172679999999939e+00
1.302690800000000024e+02 7.318225489999999889e-01
1.305699319999999943e+02 4.261577739999999892e-01
1.308707839999999862e+02 1.014335569999999936e-01
1.311716370000000040e+02 -2.399921289999999985e-01
1.314724889999999959e+02 -5.956578459999999353e-01
1.317733409999999878e+02 -9.630233190000000443e-01
1.320741940000000056e+02 -1.339468039999999860e+00
1.323750459999999975e+02 -1.722346139999999970e+00
1.326758989999999869e+02 -2.108961800000000331e+00
1.329767510000000073e+02 -2.496612159999999747e+00
1.332776029999999992e+02 -2.882594339999999811e+00
1.335784559999999885e+02 -3.264226590000000261e+00
1.338793080000000089e+02 -3.638869389999999981e+00
1.341801609999999982e+02 -4.003932499999999450e+00
1.344810129999999901e+02 -4.356903090000000311e+00
1.347818650000000105e+02 -4.695331690000000613e+00
1.350827179999999998e+02 -5.016895530000000214e+00
1.353835699999999918e+02 -5.319370349999999803e+00
1.356844220000000121e+02 -5.600665680000000535e+00
1.359852750000000015e+02 -5.858824740000000197e+00
1.362861269999999934e+02 -6.092052659999999342e+00
1.365869800000000112e+02 -6.298688310000000179e+00
1.368878320000000031e+02 -6.477274659999999962e+00
1.371886839999999950e+02 -6.626502519999999841e+00
1.374895370000000128e+02 -6.745266810000000390e+00
1.377903890000000047e+02 -6.832638410000000384e+00
1.380912409999999966e+02 -6.887885310000000594e+00
1.383920939999999860e+02 -6.910465519999999806e+00
1.386929460000000063e+02 -6.900041180000000551e+00
1.389937989999999957e+02 -6.856457439999999792e+00
1.392946509999999876e+02 -6.779784680000000563e+00
1.395955030000000079e+02 -6.670241110000000084e+00
1.398963559999999973e+02 -6.528277209999999720e+00
1.401972079999999892e+02 -6.354498299999999489e+00
1.404980600000000095e+02 -6.149699759999999849e+00
1.407989129999999989e+02 -5.914845900000000434e+00
1.410997649999999908e+02 -5.651062900000000333e+00
1.414006180000000086e+02 -5.359624779999999866e+00
1.417014700000000005e+02 -5.041960399999999787e+00
1.420023219999999924e+02 -4.699618270000000209e+00
1.423031750000000102e+02 -4.334273619999999383e+00
1.426040270000000021e+02 -3.947714260000000586e+00
1.429048789999999940e+02 -3.541812510000000191e+00
1.432057320000000118e+02 -3.118539200000000289e+00
1.435065840000000037e+02 -2.679914450000000059e+00
1.438074369999999931e+02 -2.228028759999999941e+00
1.441082890000000134e+02 -1.765014850000000024e+00
1.444091410000000053e+02 -1.293012500000000120e+00
1.447099939999999947e+02 -8.142037049999999443e-01
1.450108459999999866e+02 -3.307458389999999859e-01
1.453116990000000044e+02 1.552051400000000192e-01
1.456125509999999963e+02 6.415228359999999297e-01
1.459134029999999882e+02 1.126124490000000034e+00
1.462142560000000060e+02 1.606967470000000064e+00
1.465151079999999979e+02 2.082087979999999838e+00
1.468159599999999898e+02 2.549585550000000200e+00
1.471168130000000076e+02 3.007644200000000101e+00
1.474176649999999995e+02 3.454553520000000155e+00
1.477185179999999889e+02 3.888687570000000093e+00
1.480193700000000092e+02 4.308547100000000185e+00
1.483202220000000011e+02 4.712731400000000015e+00
1.486210749999999905e+02 5.099973510000000765e+00
1.489219270000000108e+02 5.469133160000000160e+00
1.492227790000000027e+02 5.819189720000000676e+00
1.495236319999999921e+02 6.149263359999999956e+00
1.498244840000000124e+02 6.458600940000000179e+00
1.501253370000000018e+02 6.746583049999999915e+00
1.504261889999999937e+02 7.012731050000000188e+00
1.507270410000000140e+02 7.256707099999999855e+00
1.510278940000000034e+02 7.478215549999999823e+00
1.513287459999999953e+02 7.677200110000000244e+00
1.516295979999999872e+02 7.853731160000000600e+00
1.519304510000000050e+02 8.007879080000000371e+00
1.522313029999999969e+02 8.139855039999998709e+00
1.525321559999999863e+02 8.250010979999998995e+00
1.528330080000000066e+02 8.338839600000000019e+00
1.531338599999999985e+02 8.406833620000000451e+00
1.534347129999999879e+02 8.454485739999999083e+00
1.537355650000000082e+02 8.482570219999999495e+00
1.540364170000000001e+02 8.491790940000001342e+00
1.543372699999999895e+02 8.482851770000001679e+00
1.546381220000000098e+02 8.456667740000000322e+00
1.549389749999999992e+02 8.413872339999999284e+00
1.552398269999999911e+02 8.355521359999999120e+00
1.555406790000000115e+02 8.282318699999999367e+00
1.558415320000000008e+02 8.195179369999999963e+00
1.561423839999999927e+02 8.094948019999998579e+00
1.564432360000000131e+02 7.982469309999999929e+00
1.567440890000000024e+02 7.858447100000000241e+00
1.570449409999999943e+02 7.723796420000000218e+00
1.573457940000000121e+02 7.579009989999999419e+00
1.576466460000000041e+02 7.424932459999999956e+00
1.579474979999999960e+02 7.262126909999999214e+00
1.582483510000000138e+02 7.091156450000000611e+00
1.585492030000000057e+02 6.912457480000000487e+00
1.588500559999999950e+02 6.726466389999999684e+00
1.591509079999999869e+02 6.533521050000000052e+00
1.594517600000000073e+02 6.333895969999999487e+00
1.597526129999999966e+02 6.127788230000000169e+00
1.600534649999999885e+02 5.915317489999999623e+00
1.603543170000000089e+02 5.696533020000000391e+00
1.606551699999999983e+02 5.471420740000000116e+00
1.609560219999999902e+02 5.239896190000000509e+00
1.612568750000000080e+02 5.001797480000000462e+00
1.615577269999999999e+02 4.756934550000000428e+00
1.618585789999999918e+02 4.505032909999999724e+00
1.621594320000000096e+02 4.245789889999999289e+00
1.624602840000000015e+02 3.978860590000000030e+00
1.627611359999999934e+02 3.703864910000000066e+00
1.630619890000000112e+02 3.420415740000000149e+00
1.633628410000000031e+02 3.128083709999999851e+00
1.636636939999999925e+02 2.826460560000000122e+00
1.639645460000000128e+02 2.515123990000000198e+00
1.642653980000000047e+02 2.193679809999999897e+00
1.645662509999999941e+02 1.861754989999999887e+00
1.648671029999999860e+02 1.518997580000000180e+00
1.651679550000000063e+02 1.165126029999999924e+00
1.654688079999999957e+02 7.998869519999999289e-01
1.657696599999999876e+02 4.231071929999999925e-01
1.660705130000000054e+02 3.468525380000000297e-02
1.663713649999999973e+02 -3.654009680000000482e-01
1.666722169999999892e+02 -7.770815060000000329e-01
1.669730700000000070e+02 -1.200185880000000038e+00
1.672739219999999989e+02 -1.634446630000000011e+00
1.675747739999999908e+02 -2.079469570000000100e+00
1.678756270000000086e+02 -2.534740890000000135e+00
1.681764790000000005e+02 -2.999648220000000087e+00
1.684773319999999899e+02 -3.473424330000000282e+00
1.687781840000000102e+02 -3.955189379999999755e+00
1.690790360000000021e+02 -4.443929800000000263e+00
1.693798889999999915e+02 -4.938484210000000374e+00
1.696807410000000118e+02 -5.437592659999999967e+00
1.699815930000000037e+02 -5.939840380000000586e+00
1.702824459999999931e+02 -6.443692940000000036e+00
1.705832980000000134e+02 -6.947496209999999728e+00
1.708841510000000028e+02 -7.449497580000000063e+00
1.711850029999999947e+02 -7.947768429999999995e+00
1.714858549999999866e+02 -8.440337920000001048e+00
1.717867080000000044e+02 -8.925164810000000060e+00
1.720875599999999963e+02 -9.400067110000000170e+00
1.723884130000000141e+02 -9.862792439999999772e+00
1.726892650000000060e+02 -1.031101800000000068e+01
1.729901169999999979e+02 -1.074249140000000047e+01
1.732909699999999873e+02 -1.115481950000000033e+01
1.735918220000000076e+02 -1.154546839999999897e+01
1.738926739999999995e+02 -1.191218559999999904e+01
1.741935269999999889e+02 -1.225250759999999950e+01
1.744943790000000092e+02 -1.256411160000000038e+01
1.747952319999999986e+02 -1.284460450000000087e+01
1.750960839999999905e+02 -1.309180430000000150e+01
1.753969360000000108e+02 -1.330338820000000055e+01
1.756977890000000002e+02 -1.347738529999999990e+01
1.759986409999999921e+02 -1.361175440000000059e+01
1.762994930000000124e+02 -1.370459509999999881e+01
1.766003460000000018e+02 -1.375421809999999923e+01
1.769011979999999937e+02 -1.375900440000000025e+01
1.772020510000000115e+02 -1.371768710000000091e+01
1.775029030000000034e+02 -1.362885849999999976e+01
1.778037549999999953e+02 -1.349160350000000008e+01
1.781046080000000131e+02 -1.330514789999999969e+01
1.784054600000000050e+02 -1.306878770000000145e+01
1.787063119999999969e+02 -1.278224149999999959e+01
1.790071649999999863e+02 -1.244536849999999895e+01
1.793080170000000066e+02 -1.205830940000000062e+01
1.796088699999999960e+02 -1.162141610000000114e+01
1.799097219999999879e+02 -1.113539270000000059e+01
1.802105740000000083e+02 -1.060101320000000058e+01
1.805114269999999976e+02 -1.001954470000000086e+01
1.808122789999999895e+02 -9.392324520000000732e+00
1.811131310000000099e+02 -8.721041989999999799e+00
1.814139839999999992e+02 -8.007738310000000581e+00
1.817148359999999911e+02 -7.254384319999999775e+00
1.820156890000000089e+02 -6.463605470000000075e+00
1.823165410000000008e+02 -5.637949770000000527e+00
1.826173929999999928e+02 -4.780324209999999852e+00
1.829182460000000106e+02 -3.893832879999999719e+00
1.832190980000000025e+02 -2.981755799999999734e+00
1.835199499999999944e+02 -2.047591220000000156e+00
1.838208030000000122e+02 -1.094978169999999862e+00
1.841216550000000041e+02 -1.277161299999999833e-01
1.844225079999999934e+02 8.502560180000000578e-01
1.847233600000000138e+02 1.834902279999999886e+00
1.850242120000000057e+02 2.822075439999999880e+00
1.853250649999999951e+02 3.807559309999999808e+00
1.856259169999999870e+02 4.787102500000000482e+00
1.859267700000000048e+02 5.756418430000000086e+00
1.862276219999999967e+02 6.711213490000000448e+00
1.865284739999999886e+02 7.647215169999999951e+00
1.868293270000000064e+02 8.560207280000000196e+00
1.871301789999999983e+02 9.446029939999998959e+00
1.874310309999999902e+02 1.030060070000000039e+01
1.877318840000000080e+02 1.112004819999999938e+01
1.880327359999999999e+02 1.190043089999999992e+01
1.883335889999999893e+02 1.263815890000000053e+01
1.886344410000000096e+02 1.332978340000000017e+01
1.889352930000000015e+02 1.397192560000000050e+01
1.892361459999999909e+02 1.456169979999999953e+01
1.895369980000000112e+02 1.509614969999999978e+01
1.898378500000000031e+02 1.557288199999999989e+01
1.901387029999999925e+02 1.598943339999999935e+01
1.904395550000000128e+02 1.634390319999999974e+01
1.907404080000000022e+02 1.663467260000000181e+01
1.910412599999999941e+02 1.686019320000000121e+01
1.913421119999999860e+02 1.701954970000000245e+01
1.916429650000000038e+02 1.711196809999999857e+01
1.919438169999999957e+02 1.713709630000000317e+01
1.922446689999999876e+02 1.709479360000000270e+01
1.925455220000000054e+02 1.698534159999999815e+01
1.928463739999999973e+02 1.680937360000000069e+01
1.931472269999999867e+02 1.656794560000000160e+01
1.934480790000000070e+02 1.626218369999999780e+01
1.937489309999999989e+02 1.589384760000000085e+01
1.940497839999999883e+02 1.546476730000000011e+01
1.943506360000000086e+02 1.497726570000000024e+01
1.946514880000000005e+02 1.443373590000000029e+01
1.949523409999999899e+02 1.383713419999999950e+01
1.952531930000000102e+02 1.319055750000000060e+01
1.955540459999999996e+02 1.249717340000000121e+01
1.958548979999999915e+02 1.176064200000000071e+01
1.961557500000000118e+02 1.098476410000000136e+01
1.964566030000000012e+02 1.017348140000000001e+01
1.967574549999999931e+02 9.330876520000000340e+00
1.970583070000000134e+02 8.461242909999999284e+00
1.973591600000000028e+02 7.568944629999999840e+00
1.976600119999999947e+02 6.658458299999999497e+00
1.979608650000000125e+02 5.734373170000000464e+00
1.982617170000000044e+02 4.801250320000000293e+00
1.985625689999999963e+02 3.863707159999999696e+00
1.988634220000000141e+02 2.926325889999999763e+00
1.991642740000000060e+02 1.993674640000000053e+00
1.994651269999999954e+02 1.070244109999999971e+00
1.997659789999999873e+02 1.604391300000000131e-01
2.000668310000000076e+02 -7.314354199999999473e-01
2.003676839999999970e+02 -1.601223880000000044e+00
2.006685359999999889e+02 -2.444926850000000318e+00
2.009693880000000092e+02 -3.258729349999999858e+00
2.012702409999999986e+02 -4.039013470000000439e+00
2.015710929999999905e+02 -4.782379520000000106e+00
2.018719460000000083e+02 -5.485674139999999532e+00
2.021727980000000002e+02 -6.146018510000000212e+00
2.024736499999999921e+02 -6.760766059999999911e+00
2.027745030000000099e+02 -7.327586990000000355e+00
2.030753550000000018e+02 -7.844440050000000220e+00
2.033762069999999937e+02 -8.309628919999999752e+00
2.036770600000000115e+02 -8.721675470000000985e+00
2.039779120000000034e+02 -9.079453510000000449e+00
2.042787649999999928e+02 -9.382259160000000264e+00
2.045796170000000131e+02 -9.629599710000000812e+00
2.048804690000000051e+02 -9.821334390000000525e+00
2.051813219999999944e+02 -9.957674349999999563e+00
2.054821739999999863e+02 -1.003911229999999932e+01
2.057830260000000067e+02 -1.006649290000000008e+01
2.060838789999999960e+02 -1.004087199999999847e+01
2.063847309999999879e+02 -9.963727650000000935e+00
2.066855840000000057e+02 -9.836749179999999981e+00
2.069864359999999976e+02 -9.661837039999999988e+00
2.072872879999999896e+02 -9.441243610000000785e+00
2.075881410000000074e+02 -9.177362079999999978e+00
2.078889929999999993e+02 -8.872937520000000688e+00
2.081898449999999912e+02 -8.530785440000000719e+00
2.084906980000000090e+02 -8.153932479999999927e+00
2.087915500000000009e+02 -7.745616449999999986e+00
2.090924029999999902e+02 -7.309075159999999904e+00
2.093932550000000106e+02 -6.847771660000000260e+00
2.096941070000000025e+02 -6.365260499999999766e+00
2.099949599999999919e+02 -5.865117350000000229e+00
2.102958120000000122e+02 -5.350960119999999876e+00
2.105966640000000041e+02 -4.826427819999999258e+00
2.108975169999999935e+02 -4.295159459999999818e+00
2.111983690000000138e+02 -3.760758870000000087e+00
2.114992220000000032e+02 -3.226780610000000049e+00
2.118000739999999951e+02 -2.696687719999999899e+00
2.121009259999999870e+02 -2.173858779999999769e+00
2.124017790000000048e+02 -1.661566810000000061e+00
2.127026309999999967e+02 -1.162908829999999893e+00
2.130034839999999861e+02 -6.808678619999999349e-01
2.133043360000000064e+02 -2.182241899999999846e-01
2.136051879999999983e+02 2.224213770000000034e-01
2.139060409999999877e+02 6.386721549999999636e-01
2.142068930000000080e+02 1.028349659999999943e+00
2.145077449999999999e+02 1.389506279999999983e+00
2.148085979999999893e+02 1.720438649999999958e+00
2.151094500000000096e+02 2.019668629999999965e+00
2.154103029999999990e+02 2.285985559999999861e+00
2.157111549999999909e+02 2.518446260000000159e+00
2.160120070000000112e+02 2.716346860000000252e+00
2.163128600000000006e+02 2.879250949999999865e+00
2.166137119999999925e+02 3.006989600000000262e+00
2.169145640000000128e+02 3.099640250000000208e+00
2.172154170000000022e+02 3.157533700000000110e+00
2.175162689999999941e+02 3.181254179999999820e+00
2.178171220000000119e+02 3.171618179999999843e+00
2.181179740000000038e+02 3.129660380000000242e+00
2.184188259999999957e+02 3.056661830000000357e+00
2.187196790000000135e+02 2.954086600000000118e+00
2.190205310000000054e+02 2.823595800000000100e+00
2.193213829999999973e+02 2.667026559999999602e+00
2.196222359999999867e+02 2.486391939999999856e+00
2.199230880000000070e+02 2.283824670000000001e+00
2.202239409999999964e+02 2.061612349999999871e+00
2.205247929999999883e+02 1.822141079999999969e+00
2.208256450000000086e+02 1.567874430000000041e+00
2.211264979999999980e+02 1.301381530000000009e+00
2.214273499999999899e+02 1.025252629999999998e+00
2.217282020000000102e+02 7.421272320000000811e-01
2.220290549999999996e+02 4.546533199999999719e-01
2.223299069999999915e+02 1.654809639999999804e-01
2.226307600000000093e+02 -1.227707269999999823e-01
2.229316120000000012e+02 -4.075227680000000352e-01
2.232324639999999931e+02 -6.862559999999999771e-01
2.235333170000000109e+02 -9.565265830000000413e-01
2.238341690000000028e+02 -1.215994840000000021e+00
2.241350209999999947e+02 -1.462420359999999864e+00
2.244358740000000125e+02 -1.693691520000000006e+00
2.247367260000000044e+02 -1.907830440000000127e+00
2.250375789999999938e+02 -2.103021130000000127e+00
2.253384310000000141e+02 -2.277595409999999987e+00
2.256392830000000060e+02 -2.430061079999999762e+00
2.259401359999999954e+02 -2.559108940000000221e+00
2.262409879999999873e+02 -2.663605739999999944e+00
2.265418410000000051e+02 -2.742636469999999882e+00
2.268426929999999970e+02 -2.795447970000000115e+00
2.271435449999999889e+02 -2.821505299999999661e+00
2.274443980000000067e+02 -2.820477649999999947e+00
2.277452499999999986e+02 -2.792217200000000066e+00
2.280461019999999905e+02 -2.736787290000000095e+00
2.283469550000000083e+02 -2.654441330000000043e+00
2.286478070000000002e+02 -2.545622750000000156e+00
2.289486599999999896e+02 -2.410950960000000087e+00
2.292495120000000099e+02 -2.251235410000000048e+00
2.295503640000000019e+02 -2.067447440000000025e+00
2.298512169999999912e+02 -1.860720300000000105e+00
2.301520690000000116e+02 -1.632335009999999809e+00
2.304529210000000035e+02 -1.383699339999999944e+00
2.307537739999999928e+02 -1.116368829999999868e+00
2.310546260000000132e+02 -8.319835060000000393e-01
2.313554790000000025e+02 -5.323023450000000656e-01
2.316563309999999944e+02 -2.191645620000000072e-01
2.319571829999999864e+02 1.055251640000000046e-01
2.322580360000000042e+02 4.398030319999999826e-01
2.325588879999999961e+02 7.816637109999999833e-01
2.328597399999999880e+02 1.129080749999999966e+00
2.331605930000000058e+02 1.480017159999999832e+00
2.334614449999999977e+02 1.832424650000000099e+00
2.337622979999999870e+02 2.184297200000000050e+00
2.340631500000000074e+02 2.533635820000000205e+00
2.343640019999999993e+02 2.878504840000000176e+00
2.346648549999999886e+02 3.217010870000000189e+00
2.349657070000000090e+02 3.547344940000000335e+00
2.352665590000000009e+02 3.867775539999999790e+00
2.355674119999999903e+02 4.176655600000000135e+00
2.358682640000000106e+02 4.472436609999999924e+00
2.361691170000000000e+02 4.753696739999999643e+00
2.364699689999999919e+02 5.019112719999999861e+00
2.367708210000000122e+02 5.267502040000000108e+00
2.370716740000000016e+02 5.497787780000000346e+00
2.373725259999999935e+02 5.709047860000000085e+00
2.376733780000000138e+02 5.900479869999999849e+00
2.379742310000000032e+02 6.071436260000000473e+00
2.382750829999999951e+02 6.221396140000000408e+00
2.385759360000000129e+02 6.349972399999999517e+00
2.388767880000000048e+02 6.456925720000000091e+00
2.391776399999999967e+02 6.542150519999999858e+00
2.394784929999999861e+02 6.605660880000000290e+00
2.397793450000000064e+02 6.647604600000000197e+00
2.400801979999999958e+02 6.668256190000000139e+00
2.403810499999999877e+02 6.667995760000000161e+00
2.406819020000000080e+02 6.647316009999999942e+00
2.409827549999999974e+02 6.606801149999999900e+00
2.412836069999999893e+02 6.547133930000000213e+00
2.415844590000000096e+02 6.469081590000000048e+00
2.418853119999999990e+02 6.373474680000000170e+00
2.421861639999999909e+02 6.261221210000000426e+00
2.424870170000000087e+02 6.133264360000000082e+00
2.427878690000000006e+02 5.990603619999999907e+00
2.430887209999999925e+02 5.834273689999999846e+00
2.433895740000000103e+02 5.665316309999999689e+00
2.436904260000000022e+02 5.484801339999999747e+00
2.439912779999999941e+02 5.293791650000000182e+00
2.442921310000000119e+02 5.093350079999999558e+00
2.445929830000000038e+02 4.884518360000000392e+00
2.448938359999999932e+02 4.668310059999999595e+00
2.451946880000000135e+02 4.445724679999999651e+00
2.454955400000000054e+02 4.217691330000000072e+00
2.457963929999999948e+02 3.985110969999999586e+00
2.460972449999999867e+02 3.748828249999999862e+00
2.463980970000000070e+02 3.509631489999999854e+00
2.466989499999999964e+02 3.268238660000000184e+00
2.469998019999999883e+02 3.025297310000000017e+00
2.473006550000000061e+02 2.781398690000000062e+00
2.476015069999999980e+02 2.537042550000000229e+00
2.479023589999999899e+02 2.292679380000000045e+00
2.482032120000000077e+02 2.048661109999999841e+00
2.485040639999999996e+02 1.805283350000000064e+00
2.488049159999999915e+02 1.562771359999999943e+00
2.491057690000000093e+02 1.321265909999999932e+00
2.494066210000000012e+02 1.080865540000000014e+00
2.497074739999999906e+02 8.415983949999999991e-01
2.500083260000000109e+02 6.034208479999999541e-01
2.503091780000000028e+02 3.662632100000000057e-01
2.506100309999999922e+02 1.300001940000000134e-01
2.509108830000000125e+02 -1.055314990000000008e-01
2.512117360000000019e+02 -3.405219150000000083e-01
2.515125879999999938e+02 -5.751871419999999846e-01
2.518134400000000142e+02 -8.097552350000000176e-01
2.521142930000000035e+02 -1.044461289999999876e+00
2.524151449999999954e+02 -1.279547430000000041e+00
2.527159969999999873e+02 -1.515224820000000028e+00
2.530168500000000051e+02 -1.751704630000000096e+00
2.533177019999999970e+02 -1.989169859999999845e+00
2.536185549999999864e+02 -2.227761290000000116e+00
2.539194070000000067e+02 -2.467584489999999686e+00
2.542202589999999987e+02 -2.708695770000000280e+00
2.545211119999999880e+02 -2.951081059999999923e+00
2.548219640000000084e+02 -3.194684049999999775e+00
2.551228160000000003e+02 -3.439371009999999895e+00
2.554236689999999896e+02 -3.684930759999999861e+00
2.557245210000000100e+02 -3.931081770000000031e+00
2.560253739999999993e+02 -4.177465059999999397e+00
2.563262260000000197e+02 -4.423630140000000210e+00
2.566270779999999831e+02 -4.669042079999999650e+00
2.569279310000000009e+02 -4.913088509999999687e+00
2.572287830000000213e+02 -5.155065559999999714e+00
2.575296349999999848e+02 -5.394191929999999857e+00
2.578304880000000026e+02 -5.629594810000000393e+00
2.581313400000000229e+02 -5.860338060000000127e+00
2.584321929999999838e+02 -6.085394029999999788e+00
2.587330450000000042e+02 -6.303685800000000228e+00
2.590338970000000245e+02 -6.514051960000000641e+00
2.593347499999999854e+02 -6.715288909999999944e+00
2.596356020000000058e+02 -6.906157819999999781e+00
2.599364540000000261e+02 -7.085314310000000226e+00
2.602373069999999871e+02 -7.251568830000000077e+00
2.605381590000000074e+02 -7.403393979999999708e+00
2.608390120000000252e+02 -7.539593169999999844e+00
2.611398639999999887e+02 -7.658758670000000102e+00
2.614407160000000090e+02 -7.759553110000000586e+00
2.617415690000000268e+02 -7.840639139999999507e+00
2.620424209999999903e+02 -7.900820180000000192e+00
2.623432730000000106e+02 -7.938829260000000332e+00
2.626441260000000284e+02 -7.953540179999999182e+00
2.629449779999999919e+02 -7.943756360000000072e+00
2.632458310000000097e+02 -7.908633159999999052e+00
2.635466829999999732e+02 -7.847185149999999609e+00
2.638475349999999935e+02 -7.758638079999999881e+00
2.641483880000000113e+02 -7.642288070000000211e+00
2.644492399999999748e+02 -7.497642410000000091e+00
2.647500929999999926e+02 -7.324208399999999841e+00
2.650509450000000129e+02 -7.121845259999999733e+00
2.653517969999999764e+02 -6.890412210000000037e+00
2.656526499999999942e+02 -6.629951489999999836e+00
2.659535020000000145e+02 -6.340695369999999720e+00
2.662543539999999780e+02 -6.023059149999999917e+00
2.665552069999999958e+02 -5.677619979999999344e+00
2.668560590000000161e+02 -5.305131030000000081e+00
2.671569119999999771e+02 -4.906535469999999677e+00
2.674577639999999974e+02 -4.482938380000000222e+00
2.677586160000000177e+02 -4.035641930000000599e+00
2.680594689999999787e+02 -3.566103130000000121e+00
2.683603209999999990e+02 -3.075969039999999932e+00
2.686611730000000193e+02 -2.567034530000000370e+00
2.689620259999999803e+02 -2.041263410000000000e+00
2.692628780000000006e+02 -1.500746179999999930e+00
2.695637310000000184e+02 -9.477422630000000847e-01
2.698645829999999819e+02 -3.846131480000000158e-01
2.701654350000000022e+02 1.861480479999999826e-01
2.704662880000000200e+02 7.619482619999999873e-01
2.707671399999999835e+02 1.340115600000000073e+00
2.710679920000000038e+02 1.917888759999999859e+00
2.713688450000000216e+02 2.492459310000000094e+00
2.716696969999999851e+02 3.060976569999999786e+00
2.719705500000000029e+02 3.620554649999999874e+00
2.722714020000000232e+02 4.168314719999999696e+00
2.725722539999999867e+02 4.701384990000000208e+00
2.728731070000000045e+02 5.216921809999999660e+00
2.731739590000000248e+02 5.712116739999999915e+00
2.734748109999999883e+02 6.184252829999999257e+00
2.737756640000000061e+02 6.630676479999999984e+00
2.740765160000000265e+02 7.048853750000000140e+00
2.743773689999999874e+02 7.436335179999999490e+00
2.746782210000000077e+02 7.790875409999999945e+00
2.749790730000000281e+02 8.110292430000001218e+00
2.752799259999999890e+02 8.392685789999999812e+00
2.755807780000000093e+02 8.636155050000001054e+00
2.758816299999999728e+02 8.839222060000000880e+00
2.761824829999999906e+02 9.000549480000000102e+00
2.764833350000000110e+02 9.118799940000000603e+00
2.767841879999999719e+02 9.193199189999999632e+00
2.770850399999999922e+02 9.223043360000000135e+00
2.773858920000000126e+02 9.207769340000000469e+00
2.776867449999999735e+02 9.147377139999999685e+00
2.779875969999999938e+02 9.041796370000000138e+00
2.782884500000000116e+02 8.891378959999999054e+00
2.785893019999999751e+02 8.696688019999999852e+00
2.788901539999999954e+02 8.458568189999999376e+00
2.791910070000000132e+02 8.178145669999999257e+00
2.794918589999999767e+02 7.856757810000000397e+00
2.797927109999999971e+02 7.495953120000000247e+00
2.800935640000000149e+02 7.097561680000000095e+00
2.803944159999999783e+02 6.663582490000000469e+00
2.806952689999999961e+02 6.196331269999999947e+00
2.809961210000000165e+02 5.698243430000000664e+00
2.812969729999999799e+02 5.171972559999999497e+00
2.815978259999999977e+02 4.620327109999999848e+00
2.818986780000000181e+02 4.046284469999999800e+00
2.821995299999999816e+02 3.452962770000000070e+00
2.825003829999999994e+02 2.843585759999999851e+00
2.828012350000000197e+02 2.221489790000000131e+00
2.831020879999999806e+02 1.590081590000000045e+00
2.834029400000000010e+02 9.528382940000000856e-01
2.837037920000000213e+02 3.132672950000000012e-01
2.840046449999999822e+02 -3.251148650000000306e-01
2.843054970000000026e+02 -9.587930500000000356e-01
2.846063490000000229e+02 -1.584274650000000007e+00
2.849072019999999839e+02 -2.198121239999999865e+00
2.852080540000000042e+02 -2.796982410000000030e+00
2.855089070000000220e+02 -3.377571060000000180e+00
2.858097589999999855e+02 -3.936747939999999613e+00
2.861106110000000058e+02 -4.471479350000000075e+00
2.864114640000000236e+02 -4.978900529999999769e+00
2.867123159999999871e+02 -5.456315649999999629e+00
2.870131680000000074e+02 -5.901218940000000579e+00
2.873140210000000252e+02 -6.311301689999999631e+00
2.876148729999999887e+02 -6.684487480000000481e+00
2.879157260000000065e+02 -7.018918090000000554e+00
2.882165780000000268e+02 -7.313016840000000407e+00
2.885174299999999903e+02 -7.565354880000000115e+00
2.888182830000000081e+02 -7.774897519999999673e+00
2.891191350000000284e+02 -7.940800099999998807e+00
2.894199869999999919e+02 -8.062499530000000192e+00
2.897208400000000097e+02 -8.139784660000000116e+00
2.900216919999999732e+02 -8.172585079999999280e+00
2.903225449999999910e+02 -8.161182359999999747e+00
2.906233970000000113e+02 -8.106139579999998901e+00
2.909242489999999748e+02 -8.008371789999999990e+00
2.912251019999999926e+02 -7.868794009999999339e+00
2.915259540000000129e+02 -7.688813989999999876e+00
2.918268069999999739e+02 -7.470050640000000186e+00
2.921276589999999942e+02 -7.214334009999999964e+00
2.924285110000000145e+02 -6.923613839999999797e+00
2.927293639999999755e+02 -6.600184749999999489e+00
2.930302159999999958e+02 -6.246475100000000502e+00
2.933310680000000161e+02 -5.865089199999999892e+00
2.936319209999999771e+02 -5.458793280000000081e+00
2.939327729999999974e+02 -5.030487289999999945e+00
2.942336260000000152e+02 -4.583176759999999739e+00
2.945344779999999787e+02 -4.119986879999999907e+00
2.948353299999999990e+02 -3.644092120000000268e+00
2.951361830000000168e+02 -3.158744360000000029e+00
2.954370349999999803e+02 -2.667202529999999960e+00
2.957378870000000006e+02 -2.172746669999999991e+00
2.960387400000000184e+02 -1.678656819999999827e+00
2.963395919999999819e+02 -1.188156710000000116e+00
2.966404449999999997e+02 -7.044137809999999611e-01
2.969412970000000200e+02 -2.305454660000000044e-01
2.972421489999999835e+02 2.304574819999999913e-01
2.975430020000000013e+02 6.757070740000000741e-01
2.978438540000000216e+02 1.102453279999999980e+00
2.981447059999999851e+02 1.508094599999999952e+00
2.984455590000000029e+02 1.890205490000000044e+00
2.987464110000000233e+02 2.246547619999999856e+00
2.990472639999999842e+02 2.575065710000000063e+00
2.993481160000000045e+02 2.873922639999999973e+00
2.996489680000000249e+02 3.141506539999999958e+00
2.999498209999999858e+02 3.376430790000000126e+00
3.002506730000000061e+02 3.577548080000000130e+00
3.005515250000000265e+02 3.743943379999999710e+00
3.008523779999999874e+02 3.874962070000000036e+00
3.011532300000000077e+02 3.970188890000000193e+00
3.014540830000000255e+02 4.029468969999999928e+00
3.017549349999999890e+02 4.052872709999999934e+00
3.020557870000000094e+02 4.040737959999999518e+00
3.023566400000000272e+02 3.993634860000000231e+00
3.026574919999999906e+02 3.912351740000000078e+00
3.029583440000000110e+02 3.797916260000000044e+00
3.032591969999999719e+02 3.651574280000000172e+00
3.035600489999999922e+02 3.474754640000000006e+00
3.038609020000000100e+02 3.269097380000000275e+00
3.041617539999999735e+02 3.036418480000000031e+00
3.044626059999999939e+02 2.778674699999999831e+00
3.047634590000000117e+02 2.497998790000000024e+00
3.050643109999999751e+02 2.196622000000000074e+00
3.053651639999999929e+02 1.876923429999999948e+00
3.056660160000000133e+02 1.541331430000000058e+00
3.059668679999999767e+02 1.192394020000000054e+00
3.062677209999999945e+02 8.326803389999999361e-01
3.065685730000000149e+02 4.648080780000000134e-01
3.068694249999999784e+02 9.141816549999999542e-02
3.071702779999999962e+02 -2.848604370000000219e-01
3.074711300000000165e+02 -6.614156610000000436e-01
3.077719829999999774e+02 -1.035676969999999919e+00
3.080728349999999978e+02 -1.405132240000000143e+00
3.083736870000000181e+02 -1.767344660000000012e+00
3.086745399999999790e+02 -2.119963320000000095e+00
3.089753919999999994e+02 -2.460756930000000064e+00
3.092762440000000197e+02 -2.787613879999999877e+00
3.095770969999999807e+02 -3.098549239999999649e+00
3.098779490000000010e+02 -3.391739999999999977e+00
3.101788020000000188e+02 -3.665510939999999884e+00
3.104796539999999823e+02 -3.918362810000000085e+00
3.107805060000000026e+02 -4.148979360000000227e+00
3.110813590000000204e+02 -4.356220340000000135e+00
3.113822109999999839e+02 -4.539135500000000434e+00
3.116830630000000042e+02 -4.696978749999999536e+00
3.119839160000000220e+02 -4.829179960000000271e+00
3.122847679999999855e+02 -4.935387169999999379e+00
3.125856210000000033e+02 -5.015438510000000072e+00
3.128864730000000236e+02 -5.069348050000000327e+00
3.131873249999999871e+02 -5.097341029999999940e+00
3.134881780000000049e+02 -5.099811620000000545e+00
3.137890300000000252e+02 -5.077329960000000142e+00
3.140898819999999887e+02 -5.030656220000000012e+00
3.143907350000000065e+02 -4.960677279999999634e+00
3.146915870000000268e+02 -4.868448959999999381e+00
3.149924399999999878e+02 -4.755160799999999632e+00
3.152932920000000081e+02 -4.622121990000000125e+00
3.155941439999999716e+02 -4.470754359999999927e+00
3.158949969999999894e+02 -4.302571229999999858e+00
3.161958490000000097e+02 -4.119177429999999696e+00
3.164967009999999732e+02 -3.922234099999999835e+00
3.167975539999999910e+02 -3.713458689999999951e+00
3.170984060000000113e+02 -3.494589749999999828e+00
3.173992589999999723e+02 -3.267408089999999987e+00
3.177001109999999926e+02 -3.033680420000000044e+00
3.180009630000000129e+02 -2.795159379999999860e+00
3.183018159999999739e+02 -2.553583539999999985e+00
3.186026679999999942e+02 -2.310628109999999680e+00
3.189035210000000120e+02 -2.067926079999999889e+00
3.192043729999999755e+02 -1.827040029999999815e+00
3.195052249999999958e+02 -1.589441069999999900e+00
3.198060780000000136e+02 -1.356501730000000183e+00
3.201069299999999771e+02 -1.129503079999999882e+00
3.204077819999999974e+02 -9.095994499999999761e-01
3.207086350000000152e+02 -6.978121680000000104e-01
3.210094869999999787e+02 -4.950513380000000074e-01
3.213103399999999965e+02 -3.020750289999999949e-01
3.216111920000000168e+02 -1.195019459999999978e-01
3.219120439999999803e+02 5.219505019999999551e-02
3.222128969999999981e+02 2.126896460000000100e-01
3.225137490000000184e+02 3.618041830000000014e-01
3.228146009999999819e+02 4.995075500000000224e-01
3.231154539999999997e+02 6.259130710000000430e-01
3.234163060000000200e+02 7.412755469999999791e-01
3.237171589999999810e+02 8.459835159999999910e-01
3.240180110000000013e+02 9.405557310000000060e-01
3.243188630000000217e+02 1.025625679999999873e+00
3.246197159999999826e+02 1.101960569999999917e+00
3.249205680000000029e+02 1.170398030000000089e+00
3.252214200000000233e+02 1.231888270000000007e+00
3.255222729999999842e+02 1.287465990000000060e+00
3.258231250000000045e+02 1.338215139999999970e+00
3.261239780000000223e+02 1.385283049999999960e+00
3.264248299999999858e+02 1.429859250000000026e+00
3.267256820000000062e+02 1.473154410000000025e+00
3.270265350000000240e+02 1.516400289999999984e+00
3.273273869999999874e+02 1.560800520000000136e+00
3.276282390000000078e+02 1.607572800000000024e+00
3.279290920000000256e+02 1.657878520000000133e+00
3.282299439999999890e+02 1.712843869999999935e+00
3.285307970000000068e+02 1.773531700000000155e+00
3.288316490000000272e+02 1.840934459999999939e+00
3.291325009999999907e+02 1.915946080000000107e+00
3.294333540000000085e+02 1.999368960000000195e+00
3.297342059999999719e+02 2.091892909999999883e+00
3.300350579999999923e+02 2.194095100000000187e+00
3.303359110000000101e+02 2.306404880000000102e+00
3.306367629999999735e+02 2.429131970000000251e+00
3.309376159999999913e+02 2.562431210000000181e+00
3.312384680000000117e+02 2.706316680000000030e+00
3.315393199999999752e+02 2.860626499999999961e+00
3.318401729999999930e+02 3.025072069999999780e+00
3.321410250000000133e+02 3.199181799999999853e+00
3.324418779999999742e+02 3.382343319999999931e+00
3.327427299999999946e+02 3.573768289999999848e+00
3.330435820000000149e+02 3.772541690000000170e+00
3.333444349999999758e+02 3.977572499999999955e+00
3.336452869999999962e+02 4.187657120000000788e+00
3.339461390000000165e+02 4.401430020000000276e+00
3.342469919999999775e+02 4.617413090000000331e+00
3.345478439999999978e+02 4.834022590000000008e+00
3.348486970000000156e+02 5.049555179999999588e+00
3.351495489999999791e+02 5.262230040000000386e+00
3.354504009999999994e+02 5.470174890000000012e+00
3.357512540000000172e+02 5.671475179999999838e+00
3.360521059999999807e+02 5.864153050000000533e+00
3.363529580000000010e+02 6.046209489999999853e+00
3.366538110000000188e+02 6.215631430000000179e+00
3.369546629999999823e+02 6.370398759999999605e+00
3.372555160000000001e+02 6.508540640000000543e+00
3.375563680000000204e+02 6.628093269999999926e+00
3.378572199999999839e+02 6.727170260000000290e+00
3.381580730000000017e+02 6.803955639999999860e+00
3.384589250000000220e+02 6.856731950000000353e+00
3.387597769999999855e+02 6.883873240000000671e+00
3.390606300000000033e+02 6.883901400000000059e+00
3.393614820000000236e+02 6.855464979999999819e+00
3.396623349999999846e+02 6.797381479999999421e+00
3.399631870000000049e+02 6.708630279999999502e+00
3.402640390000000252e+02 6.588366739999999666e+00
3.405648919999999862e+02 6.435964419999999464e+00
3.408657440000000065e+02 6.250979880000000044e+00
3.411665960000000268e+02 6.033187859999999958e+00
3.414674489999999878e+02 5.782595419999999820e+00
3.417683010000000081e+02 5.499420760000000463e+00
3.420691540000000259e+02 5.184128429999999454e+00
3.423700059999999894e+02 4.837401179999999634e+00
3.426708580000000097e+02 4.460161090000000605e+00
3.429717110000000275e+02 4.053569540000000693e+00
3.432725629999999910e+02 3.618999089999999974e+00
3.435734160000000088e+02 3.158061609999999853e+00
3.438742679999999723e+02 2.672573069999999884e+00
3.441751199999999926e+02 2.164574710000000124e+00
3.444759730000000104e+02 1.636283729999999936e+00
3.447768249999999739e+02 1.090128490000000117e+00
3.450776769999999942e+02 5.286893710000000191e-01
3.453785300000000120e+02 -4.528718200000000221e-02
3.456793819999999755e+02 -6.289129730000000418e-01
3.459802349999999933e+02 -1.219176339999999970e+00
3.462810870000000136e+02 -1.812969629999999999e+00
3.465819389999999771e+02 -2.407079669999999894e+00
3.468827919999999949e+02 -2.998254549999999963e+00
3.471836440000000152e+02 -3.583179059999999971e+00
3.474844959999999787e+02 -4.158523869999999789e+00
3.477853489999999965e+02 -4.720973740000000696e+00
3.480862010000000168e+02 -5.267227529999999547e+00
3.483870539999999778e+02 -5.794033340000000365e+00
3.486879059999999981e+02 -6.298209669999999427e+00
3.489887580000000185e+02 -6.776673569999999813e+00
3.492896109999999794e+02 -7.226440610000000042e+00
3.495904629999999997e+02 -7.644681230000000660e+00
3.498913150000000201e+02 -8.028784069999998607e+00
3.501921679999999810e+02 -8.376215189999999922e+00
3.504930200000000013e+02 -8.684651819999999134e+00
3.507938730000000191e+02 -8.951982329999999877e+00
3.510947249999999826e+02 -9.176447040000001110e+00
3.513955770000000030e+02 -9.356427059999999685e+00
3.516964300000000208e+02 -9.490585030000000089e+00
3.519972819999999842e+02 -9.577865129999999283e+00
3.522981340000000046e+02 -9.617422729999999476e+00
3.525989870000000224e+02 -9.608765099999999393e+00
3.528998389999999858e+02 -9.551821869999999493e+00
3.532006920000000036e+02 -9.446593039999999775e+00
3.535015440000000240e+02 -9.293500919999999610e+00
3.538023959999999875e+02 -9.093249399999999483e+00
3.541032490000000053e+02 -8.846823880000000528e+00
3.544041010000000256e+02 -8.555632120000000285e+00
3.547049529999999891e+02 -8.221152240000000333e+00
3.550058060000000069e+02 -7.845284699999999667e+00
3.553066580000000272e+02 -7.430211499999999525e+00
3.556075109999999881e+02 -6.978220219999999863e+00
3.559083630000000085e+02 -6.492048930000000162e+00
3.562092149999999720e+02 -5.974506069999999447e+00
3.565100679999999898e+02 -5.428674609999999845e+00
3.568109200000000101e+02 -4.857792339999999598e+00
3.571117730000000279e+02 -4.265287139999999866e+00
3.574126249999999914e+02 -3.654713549999999866e+00
3.577134770000000117e+02 -3.029745779999999833e+00
3.580143299999999726e+02 -2.394163620000000048e+00
3.583151819999999930e+02 -1.751817249999999992e+00
3.586160340000000133e+02 -1.106585009999999869e+00
3.589168869999999743e+02 -4.623776089999999672e-01
3.592177389999999946e+02 1.769062110000000076e-01
3.595185920000000124e+02 8.074043030000001009e-01
3.598194439999999759e+02 1.425312240000000008e+00
3.601202959999999962e+02 2.026925550000000076e+00
3.604211490000000140e+02 2.608633359999999790e+00
3.607220009999999775e+02 3.166986699999999821e+00
3.610228529999999978e+02 3.698670340000000056e+00
3.613237060000000156e+02 4.200580210000000037e+00
3.616245579999999791e+02 4.669802259999999983e+00
3.619254109999999969e+02 5.103654759999999513e+00
3.622262630000000172e+02 5.499702309999999983e+00
3.625271149999999807e+02 5.855769940000000062e+00
3.628279679999999985e+02 6.169957190000000757e+00
3.631288200000000188e+02 6.440659250000000391e+00
3.634296719999999823e+02 6.666566900000000295e+00
3.637305250000000001e+02 6.846694730000000284e+00
3.640313770000000204e+02 6.980345909999999598e+00
3.643322299999999814e+02 7.067154419999999604e+00
3.646330820000000017e+02 7.107134339999999995e+00
3.649339340000000220e+02 7.100588329999999893e+00
3.652347869999999830e+02 7.048009109999999744e+00
3.655356390000000033e+02 6.950480630000000382e+00
3.658364910000000236e+02 6.809143170000000467e+00
3.661373439999999846e+02 6.625559329999999747e+00
3.664381960000000049e+02 6.401566210000000368e+00
3.667390490000000227e+02 6.139261340000000011e+00
3.670399009999999862e+02 5.841016779999999464e+00
3.673407530000000065e+02 5.509429820000000255e+00
3.676416060000000243e+02 5.147344090000000705e+00
3.679424579999999878e+02 4.757793280000000458e+00
3.682433100000000081e+02 4.343987049999999961e+00
3.685441630000000259e+02 3.909303979999999790e+00
3.688450149999999894e+02 3.457249349999999666e+00
3.691458680000000072e+02 2.991434030000000188e+00
3.694467200000000275e+02 2.515553350000000243e+00
3.697475719999999910e+02 2.033358929999999898e+00
3.700484250000000088e+02 1.548623540000000132e+00
3.703492769999999723e+02 1.065119920000000109e+00
3.706501299999999901e+02 5.865891610000000256e-01
3.709509820000000104e+02 1.167237639999999937e-01
3.712518339999999739e+02 -3.408731469999999875e-01
3.715526869999999917e+02 -7.827054420000000290e-01
3.718535390000000120e+02 -1.205408610000000103e+00
3.721543909999999755e+02 -1.605784970000000200e+00
3.724552439999999933e+02 -1.980814899999999934e+00
3.727560960000000136e+02 -2.327682929999999928e+00
3.730569489999999746e+02 -2.643798789999999954e+00
3.733578009999999949e+02 -2.926818600000000270e+00
3.736586530000000153e+02 -3.174658900000000283e+00
3.739595059999999762e+02 -3.385510739999999963e+00
3.742603579999999965e+02 -3.557846710000000190e+00
3.745612100000000169e+02 -3.690463199999999944e+00
3.748620629999999778e+02 -3.782431089999999774e+00
3.751629149999999981e+02 -3.833173200000000058e+00
3.754637680000000159e+02 -3.842393920000000129e+00
3.757646199999999794e+02 -3.810156600000000005e+00
3.760654719999999998e+02 -3.736813150000000139e+00
3.763663250000000176e+02 -3.623046350000000082e+00
3.766671769999999810e+02 -3.469848660000000251e+00
3.769680290000000014e+02 -3.278529260000000001e+00
3.772688820000000192e+02 -3.050657809999999692e+00
3.775697339999999826e+02 -2.788127699999999987e+00
3.778705870000000004e+02 -2.493078719999999748e+00
3.781714390000000208e+02 -2.167889950000000177e+00
3.784722909999999843e+02 -1.815200909999999945e+00
3.787731440000000021e+02 -1.437848200000000132e+00
3.790739960000000224e+02 -1.038858470000000089e+00
3.793748479999999859e+02 -6.214526350000000310e-01
3.796757010000000037e+02 -1.889663510000000046e-01
3.799765530000000240e+02 2.551246690000000261e-01
3.802774059999999849e+02 7.072574230000000517e-01
3.805782580000000053e+02 1.163788669999999970e+00
3.808791100000000256e+02 1.621051950000000019e+00
3.811799629999999866e+02 2.075358959999999975e+00
3.814808150000000069e+02 2.523021430000000009e+00
3.817816670000000272e+02 2.960407360000000043e+00
3.820825199999999882e+02 3.383941100000000368e+00
3.823833720000000085e+02 3.790159599999999962e+00
3.826842250000000263e+02 4.175698339999999398e+00
3.829850769999999898e+02 4.537347669999999944e+00
3.832859290000000101e+02 4.872059829999999536e+00
3.835867820000000279e+02 5.176984130000000128e+00
3.838876339999999914e+02 5.449481060000000099e+00
3.841884870000000092e+02 5.687129289999999671e+00
3.844893389999999727e+02 5.887767949999999750e+00
3.847901909999999930e+02 6.049496569999999629e+00
3.850910440000000108e+02 6.170696259999999711e+00
3.853918959999999743e+02 6.250036689999999950e+00
3.856927479999999946e+02 6.286476130000000495e+00
3.859936010000000124e+02 6.279289599999999361e+00
3.862944529999999759e+02 6.228061809999999809e+00
3.865953059999999937e+02 6.132694220000000307e+00
3.868961580000000140e+02 5.993390950000000217e+00
3.871970099999999775e+02 5.810686950000000017e+00
3.874978629999999953e+02 5.585405740000000563e+00
3.877987150000000156e+02 5.318694639999999474e+00
3.880995669999999791e+02 5.011968420000000535e+00
3.884004199999999969e+02 4.666944539999999364e+00
3.887012720000000172e+02 4.285607920000000348e+00
3.890021249999999782e+02 3.870182779999999934e+00
3.893029769999999985e+02 3.423153799999999691e+00
3.896038290000000188e+02 2.947202729999999882e+00
3.899046819999999798e+02 2.445222479999999976e+00
3.902055340000000001e+02 1.920281930000000026e+00
3.905063860000000204e+02 1.375618889999999928e+00
3.908072389999999814e+02 8.145767569999999846e-01
3.911080910000000017e+02 2.406235020000000169e-01
3.914089440000000195e+02 -3.426912480000000039e-01
3.917097959999999830e+02 -9.317643730000000346e-01
3.920106480000000033e+02 -1.522967409999999910e+00
3.923115010000000211e+02 -2.112657130000000105e+00
3.926123529999999846e+02 -2.697222659999999994e+00
3.929132050000000049e+02 -3.273088329999999768e+00
3.932140580000000227e+02 -3.836769989999999630e+00
3.935149099999999862e+02 -4.384860879999999739e+00
3.938157630000000040e+02 -4.914088009999999507e+00
3.941166150000000243e+02 -5.421326180000000328e+00
3.944174669999999878e+02 -5.903598030000000385e+00
3.947183200000000056e+02 -6.358123240000000287e+00
3.950191720000000259e+02 -6.782339739999999395e+00
3.953200239999999894e+02 -7.173861389999999894e+00
3.956208770000000072e+02 -7.530583609999999872e+00
3.959217290000000276e+02 -7.850704510000000802e+00
3.962225819999999885e+02 -8.132534780000000296e+00
3.965234340000000088e+02 -8.374737059999999289e+00
3.968242859999999723e+02 -8.576255559999999889e+00
3.971251389999999901e+02 -8.736386389999999835e+00
3.974259910000000104e+02 -8.854496079999998770e+00
3.977268440000000282e+02 -8.930514239999999049e+00
3.980276959999999917e+02 -8.964511240000000214e+00
3.983285480000000121e+02 -8.956768659999999826e+00
3.986294009999999730e+02 -8.907919950000000142e+00
3.989302529999999933e+02 -8.818950560000001104e+00
3.992311050000000137e+02 -8.690986660000000086e+00
3.995319579999999746e+02 -8.525365629999999584e+00
3.998328099999999949e+02 -8.323847129999998984e+00
4.001336630000000127e+02 -8.088120469999999784e+00
4.004345149999999762e+02 -7.820367629999999792e+00
4.007353669999999966e+02 -7.522770640000000064e+00
4.010362200000000144e+02 -7.197793029999999703e+00
4.013370719999999778e+02 -6.847820930000000139e+00
4.016379239999999982e+02 -6.475613520000000456e+00
4.019387770000000160e+02 -6.083894789999999553e+00
4.022396289999999794e+02 -5.675494290000000497e+00
4.025404819999999972e+02 -5.253283829999999988e+00
4.028413340000000176e+02 -4.820156320000000605e+00
4.031421859999999810e+02 -4.379032819999999937e+00
4.034430389999999989e+02 -3.932792180000000304e+00
4.037438910000000192e+02 -3.484278030000000026e+00
4.040447429999999827e+02 -3.036270669999999949e+00
4.043455960000000005e+02 -2.591472959999999937e+00
4.046464480000000208e+02 -2.152461080000000138e+00
4.049473009999999817e+02 -1.721705619999999826e+00
4.052481530000000021e+02 -1.301515270000000113e+00
4.055490050000000224e+02 -8.940579600000000404e-01
4.058498579999999833e+02 -5.012996080000000632e-01
4.061507100000000037e+02 -1.250378980000000084e-01
4.064515620000000240e+02 2.331427519999999809e-01
4.067524149999999850e+02 5.718712019999999674e-01
4.070532670000000053e+02 8.899966200000000160e-01
4.073541200000000231e+02 1.186587080000000016e+00
4.076549719999999866e+02 1.460956310000000036e+00
4.079558240000000069e+02 1.712653829999999822e+00
4.082566770000000247e+02 1.941440310000000169e+00
4.085575289999999882e+02 2.147329860000000146e+00
4.088583810000000085e+02 2.330568799999999996e+00
4.091592340000000263e+02 2.491607629999999851e+00
4.094600859999999898e+02 2.631122060000000040e+00
4.097609390000000076e+02 2.750006009999999890e+00
4.100617910000000279e+02 2.849315279999999895e+00
4.103626429999999914e+02 2.930323879999999992e+00
4.106634960000000092e+02 2.994446610000000231e+00
4.109643479999999727e+02 3.043253079999999944e+00
4.112652009999999905e+02 3.078453699999999849e+00
4.115660530000000108e+02 3.101871519999999993e+00
4.118669049999999743e+02 3.115421050000000136e+00
4.121677579999999921e+02 3.121087219999999718e+00
4.124686100000000124e+02 3.120911249999999804e+00
4.127694619999999759e+02 3.116976610000000036e+00
4.130703149999999937e+02 3.111359709999999890e+00
4.133711670000000140e+02 3.106144019999999895e+00
4.136720199999999750e+02 3.103363730000000320e+00
4.139728719999999953e+02 3.105003749999999840e+00
4.142737240000000156e+02 3.112971579999999960e+00
4.145745769999999766e+02 3.129090240000000023e+00
4.148754289999999969e+02 3.155056070000000101e+00
4.151762810000000172e+02 3.192431669999999944e+00
4.154771339999999782e+02 3.242624759999999995e+00
4.157779859999999985e+02 3.306888260000000024e+00
4.160788390000000163e+02 3.386284999999999989e+00
4.163796909999999798e+02 3.481680740000000274e+00
4.166805430000000001e+02 3.593744169999999905e+00
4.169813960000000179e+02 3.722911690000000107e+00
4.172822479999999814e+02 3.869415560000000198e+00
4.175831000000000017e+02 4.033255800000000058e+00
4.178839530000000195e+02 4.214179010000000503e+00
4.181848049999999830e+02 4.411727669999999435e+00
4.184856580000000008e+02 4.625183830000000107e+00
4.187865100000000211e+02 4.853625420000000190e+00
4.190873619999999846e+02 5.095884019999999737e+00
4.193882150000000024e+02 5.350580029999999709e+00
4.196890670000000227e+02 5.616122709999999962e+00
4.199899189999999862e+02 5.890724210000000127e+00
4.202907720000000040e+02 6.172399630000000137e+00
4.205916240000000244e+02 6.459009189999999734e+00
4.208924769999999853e+02 6.748237150000000462e+00
4.211933290000000056e+02 7.037648110000000123e+00
4.214941810000000260e+02 7.324701109999999460e+00
4.217950339999999869e+02 7.606672160000000460e+00
4.220958860000000072e+02 7.880830219999999109e+00
4.223967380000000276e+02 8.144430209999999448e+00
4.226975909999999885e+02 8.394656639999999115e+00
4.229984430000000089e+02 8.628553230000001406e+00
4.232992960000000267e+02 8.843445300000000842e+00
4.236001479999999901e+02 9.036446939999999373e+00
4.239010000000000105e+02 9.204883459999999573e+00
4.242018530000000283e+02 9.346150529999999179e+00
4.245027049999999917e+02 9.457714219999999727e+00
4.248035580000000095e+02 9.537110950000000642e+00
4.251044099999999730e+02 9.582229140000000811e+00
4.254052619999999933e+02 9.590957149999999487e+00
4.257061150000000112e+02 9.561464920000000589e+00
4.260069669999999746e+02 9.492133550000000142e+00
4.263078189999999950e+02 9.381555289999999658e+00
4.266086720000000128e+02 9.228603939999999284e+00
4.269095239999999762e+02 9.032364489999999080e+00
4.272103769999999940e+02 8.792273820000000129e+00
4.275112290000000144e+02 8.507979999999999876e+00
4.278120809999999778e+02 8.179412639999998902e+00
4.281129339999999956e+02 7.806994070000000008e+00
4.284137860000000160e+02 7.391146609999999839e+00
4.287146379999999795e+02 6.932862720000000145e+00
4.290154909999999973e+02 6.433282670000000536e+00
4.293163430000000176e+02 5.893905710000000298e+00
4.296171959999999785e+02 5.316519670000000808e+00
4.299180479999999989e+02 4.703193940000000239e+00
4.302189000000000192e+02 4.056265370000000203e+00
4.305197529999999801e+02 3.378352360000000054e+00
4.308206050000000005e+02 2.672312639999999906e+00
4.311214570000000208e+02 1.941236189999999917e+00
4.314223099999999818e+02 1.188431220000000010e+00
4.317231620000000021e+02 4.173854189999999798e-01
4.320240150000000199e+02 -3.682241969999999753e-01
4.323248669999999834e+02 -1.164584049999999982e+00
4.326257190000000037e+02 -1.967743999999999938e+00
4.329265720000000215e+02 -2.773677220000000165e+00
4.332274239999999850e+02 -3.578266029999999986e+00
4.335282760000000053e+02 -4.377364649999999635e+00
4.338291290000000231e+02 -5.166792059999999687e+00
4.341299809999999866e+02 -5.942409520000000001e+00
4.344308340000000044e+02 -6.700085280000000587e+00
4.347316860000000247e+02 -7.435772079999999562e+00
4.350325379999999882e+02 -8.145556409999999303e+00
4.353333910000000060e+02 -8.825566950000000688e+00
4.356342430000000263e+02 -9.472213970000000316e+00
4.359350959999999873e+02 -1.008190770000000036e+01
4.362359480000000076e+02 -1.065141039999999961e+01
4.365368000000000279e+02 -1.117769529999999989e+01
4.368376529999999889e+02 -1.165787669999999920e+01
4.371385050000000092e+02 -1.208935010000000077e+01
4.374393569999999727e+02 -1.247000399999999942e+01
4.377402099999999905e+02 -1.279786750000000062e+01
4.380410620000000108e+02 -1.307111049999999963e+01
4.383419149999999718e+02 -1.328860689999999956e+01
4.386427669999999921e+02 -1.344937120000000164e+01
4.389436190000000124e+02 -1.355262919999999838e+01
4.392444719999999734e+02 -1.359824009999999994e+01
4.395453239999999937e+02 -1.358620389999999922e+01
4.398461760000000140e+02 -1.351694290000000009e+01
4.401470289999999750e+02 -1.339130179999999903e+01
4.404478809999999953e+02 -1.321026589999999956e+01
4.407487340000000131e+02 -1.297545429999999911e+01
4.410495859999999766e+02 -1.268848580000000048e+01
4.413504379999999969e+02 -1.235161270000000044e+01
4.416512910000000147e+02 -1.196708760000000105e+01
4.419521429999999782e+02 -1.153772580000000048e+01
4.422529949999999985e+02 -1.106634279999999926e+01
4.425538480000000163e+02 -1.055617649999999941e+01
4.428546999999999798e+02 -1.001060550000000049e+01
4.431555529999999976e+02 -9.433289859999998583e+00
4.434564050000000179e+02 -8.827960120000000188e+00
4.437572569999999814e+02 -8.198487560000000229e+00
4.440581099999999992e+02 -7.548954669999999645e+00
4.443589620000000195e+02 -6.883443880000000625e+00
4.446598139999999830e+02 -6.206150280000000130e+00
4.449606670000000008e+02 -5.521268939999999681e+00
4.452615190000000212e+02 -4.832994939999999850e+00
4.455623719999999821e+02 -4.145495200000000047e+00
4.458632240000000024e+02 -3.462880330000000395e+00
4.461640760000000228e+02 -2.789162389999999991e+00
4.464649289999999837e+02 -2.128247889999999920e+00
4.467657810000000040e+02 -1.483888450000000025e+00
4.470666330000000244e+02 -8.596738229999999481e-01
4.473674859999999853e+02 -2.589952599999999494e-01
4.476683380000000056e+02 3.149812230000000324e-01
4.479691910000000235e+02 8.593218869999998955e-01
4.482700429999999869e+02 1.371346390000000026e+00
4.485708950000000073e+02 1.848670009999999975e+00
4.488717480000000251e+02 2.289181139999999726e+00
4.491725999999999885e+02 2.691077860000000044e+00
4.494734530000000063e+02 3.052889080000000366e+00
4.497743050000000267e+02 3.373439340000000009e+00
4.500751569999999901e+02 3.651919180000000154e+00
4.503760100000000079e+02 3.887828850000000003e+00
4.506768620000000283e+02 4.080999430000000316e+00
4.509777139999999918e+02 4.231620949999999937e+00
4.512785670000000096e+02 4.340179100000000290e+00
4.515794189999999730e+02 4.407504440000000301e+00
4.518802719999999908e+02 4.434730199999999734e+00
4.521811240000000112e+02 4.423299319999999923e+00
4.524819759999999746e+02 4.374936289999999950e+00
4.527828289999999924e+02 4.291626019999999819e+00
4.530836810000000128e+02 4.175620910000000130e+00
4.533845329999999763e+02 4.029398580000000507e+00
4.536853859999999941e+02 3.855654869999999956e+00
4.539862380000000144e+02 3.657268600000000092e+00
4.542870909999999753e+02 3.437273470000000053e+00
4.545879429999999957e+02 3.198858009999999918e+00
4.548887950000000160e+02 2.945309310000000291e+00
4.551896479999999769e+02 2.679998920000000062e+00
4.554904999999999973e+02 2.406347640000000343e+00
4.557913520000000176e+02 2.127818530000000319e+00
4.560922049999999786e+02 1.847853520000000138e+00
4.563930569999999989e+02 1.569880469999999972e+00
4.566939100000000167e+02 1.297256839999999967e+00
4.569947619999999802e+02 1.033248610000000012e+00
4.572956140000000005e+02 7.810302270000000213e-01
4.575964670000000183e+02 5.436065260000000343e-01
4.578973189999999818e+02 3.238422650000000180e-01
4.581981710000000021e+02 1.244030060000000104e-01
4.584990240000000199e+02 -5.225065610000000083e-02
4.587998759999999834e+02 -2.038898399999999889e-01
4.591007290000000012e+02 -3.285321629999999882e-01
4.594015810000000215e+02 -4.244579230000000147e-01
4.597024329999999850e+02 -4.902277039999999864e-01
4.600032860000000028e+02 -5.246885639999999684e-01
4.603041380000000231e+02 -5.269881130000000358e-01
4.606049899999999866e+02 -4.965780360000000004e-01
4.609058430000000044e+02 -4.332218310000000017e-01
4.612066950000000247e+02 -3.369927019999999773e-01
4.615075479999999857e+02 -2.082784810000000153e-01
4.618084000000000060e+02 -4.777290530000000146e-02
4.621092520000000263e+02 1.435264990000000018e-01
4.624101049999999873e+02 3.643282669999999834e-01
4.627109570000000076e+02 6.130554449999999767e-01
4.630118100000000254e+02 8.878568500000000308e-01
4.633126619999999889e+02 1.186636349999999895e+00
4.636135140000000092e+02 1.507038789999999961e+00
4.639143670000000270e+02 1.846502089999999985e+00
4.642152189999999905e+02 2.202267050000000115e+00
4.645160710000000108e+02 2.571384459999999983e+00
4.648169239999999718e+02 2.950757280000000371e+00
4.651177759999999921e+02 3.337161779999999744e+00
4.654186290000000099e+02 3.727268650000000072e+00
4.657194809999999734e+02 4.117678179999999521e+00
4.660203329999999937e+02 4.504941409999999813e+00
4.663211860000000115e+02 4.885574159999999999e+00
4.666220379999999750e+02 5.256134509999999871e+00
4.669228899999999953e+02 5.613180520000000229e+00
4.672237430000000131e+02 5.953368799999999794e+00
4.675245949999999766e+02 6.273426349999999374e+00
4.678254479999999944e+02 6.570206850000000820e+00
4.681263000000000147e+02 6.840704790000000202e+00
4.684271519999999782e+02 7.082076500000000330e+00
4.687280049999999960e+02 7.291759909999999678e+00
4.690288570000000163e+02 7.467235150000000488e+00
4.693297089999999798e+02 7.606390610000000052e+00
4.696305619999999976e+02 7.707325820000000327e+00
4.699314140000000179e+02 7.768281119999999262e+00
4.702322669999999789e+02 7.787989529999999938e+00
4.705331189999999992e+02 7.765324859999999774e+00
4.708339710000000196e+02 7.699583230000000000e+00
4.711348239999999805e+02 7.590271940000000050e+00
4.714356760000000008e+02 7.437320600000000503e+00
4.717365280000000212e+02 7.240940369999999682e+00
4.720373809999999821e+02 7.001560609999999407e+00
4.723382330000000024e+02 6.720138579999999529e+00
4.726390860000000202e+02 6.397814570000000423e+00
4.729399379999999837e+02 6.036059660000000271e+00
4.732407900000000041e+02 5.636654649999999656e+00
4.735416430000000219e+02 5.201661869999999688e+00
4.738424949999999853e+02 4.733418200000000020e+00
4.741433470000000057e+02 4.234513859999999852e+00
4.744442000000000235e+02 3.707778440000000231e+00
4.747450519999999869e+02 3.156252649999999882e+00
4.750459050000000047e+02 2.583174310000000418e+00
4.753467570000000251e+02 1.991943119999999956e+00
4.756476089999999886e+02 1.386120660000000004e+00
4.759484620000000064e+02 7.693600319999999160e-01
4.762493140000000267e+02 1.454283599999999788e-01
4.765501669999999876e+02 -4.818593720000000080e-01
4.768510190000000080e+02 -1.108654389999999879e+00
4.771518710000000283e+02 -1.731088229999999895e+00
4.774527239999999892e+02 -2.345350110000000043e+00
4.777535760000000096e+02 -2.947646170000000065e+00
4.780544279999999731e+02 -3.534295160000000102e+00
4.783552809999999909e+02 -4.101707329999999985e+00
4.786561330000000112e+02 -4.646433720000000100e+00
4.789569859999999721e+02 -5.165194280000000582e+00
4.792578379999999925e+02 -5.654898999999999454e+00
4.795586900000000128e+02 -6.112662030000000080e+00
4.798595429999999737e+02 -6.535836790000000285e+00
4.801603949999999941e+02 -6.922030130000000447e+00
4.804612470000000144e+02 -7.269095239999999514e+00
4.807620999999999754e+02 -7.575279469999999904e+00
4.810629519999999957e+02 -7.838949850000000552e+00
4.813638050000000135e+02 -8.058909790000001294e+00
4.816646569999999770e+02 -8.234244249999999710e+00
4.819655089999999973e+02 -8.364460539999999611e+00
4.822663620000000151e+02 -8.449277090000000712e+00
4.825672139999999786e+02 -8.488693909999998510e+00
4.828680659999999989e+02 -8.483274100000000928e+00
4.831689190000000167e+02 -8.433721519999998861e+00
4.834697709999999802e+02 -8.341091990000000678e+00
4.837706239999999980e+02 -8.206722859999999287e+00
4.840714760000000183e+02 -8.032444209999999529e+00
4.843723279999999818e+02 -7.820086089999999324e+00
4.846731809999999996e+02 -7.571971279999999638e+00
4.849740330000000199e+02 -7.290563330000000342e+00
4.852748849999999834e+02 -6.978614390000000611e+00
4.855757380000000012e+02 -6.639052549999999719e+00
4.858765900000000215e+02 -6.275010059999999612e+00
4.861774429999999825e+02 -5.889781020000000034e+00
4.864782950000000028e+02 -5.486779219999999846e+00
4.867791470000000231e+02 -5.069552169999999691e+00
4.870799999999999841e+02 -4.641703699999999877e+00
4.873808520000000044e+02 -4.206900970000000406e+00
4.876817040000000247e+02 -3.768825239999999965e+00
4.879825569999999857e+02 -3.331150719999999676e+00
4.882834090000000060e+02 -2.897530499999999787e+00
4.885842620000000238e+02 -2.471512090000000050e+00
4.888851139999999873e+02 -2.056593739999999837e+00
4.891859660000000076e+02 -1.656104760000000065e+00
4.894868190000000254e+02 -1.273254820000000009e+00
4.897876709999999889e+02 -9.110705420000000387e-01
4.900885240000000067e+02 -5.723596890000000048e-01
4.903893760000000270e+02 -2.597272860000000017e-01
4.906902279999999905e+02 2.447657870000000124e-02
4.909910810000000083e+02 2.781666160000000332e-01
4.912919329999999718e+02 4.995378159999999679e-01
4.915927849999999921e+02 6.870809380000000299e-01
4.918936380000000099e+02 8.395993990000000240e-01
4.921944899999999734e+02 9.562098399999999776e-01
4.924953429999999912e+02 1.036352680000000026e+00
4.927961950000000115e+02 1.079816769999999870e+00
4.930970469999999750e+02 1.086700629999999945e+00
4.933978999999999928e+02 1.057454759999999938e+00
4.936987520000000131e+02 9.928463669999999519e-01
4.939996039999999766e+02 8.939734959999999786e-01
4.943004569999999944e+02 7.622509269999999670e-01
4.946013090000000147e+02 5.993918850000000687e-01
4.949021619999999757e+02 4.074038130000000035e-01
4.952030139999999960e+02 1.885672550000000169e-01
4.955038660000000164e+02 -5.457807860000000316e-02
4.958047189999999773e+02 -3.192572439999999956e-01
4.961055709999999976e+02 -6.024818830000000514e-01
4.964064230000000180e+02 -9.010685229999999546e-01
4.967072759999999789e+02 -1.211680109999999866e+00
4.970081279999999992e+02 -1.530836700000000050e+00
4.973089810000000170e+02 -1.854934469999999891e+00
4.976098329999999805e+02 -2.180313289999999959e+00
4.979106850000000009e+02 -2.503256710000000052e+00
4.982115380000000187e+02 -2.820020129999999625e+00
4.985123899999999821e+02 -3.126880079999999840e+00
4.988132420000000025e+02 -3.420148269999999879e+00
4.991140950000000203e+02 -3.696213830000000033e+00
4.994149469999999837e+02 -3.951585559999999830e+00
4.997158000000000015e+02 -4.182870789999999950e+00
5.000166520000000219e+02 -4.386880989999999869e+00
5.003175039999999854e+02 -4.560582480000000771e+00
5.006183570000000032e+02 -4.701187909999999803e+00
5.009192090000000235e+02 -4.806128150000000154e+00
5.012200609999999870e+02 -4.873108590000000184e+00
5.015209140000000048e+02 -4.900123190000000406e+00
5.018217660000000251e+02 -4.885475620000000241e+00
5.021226189999999860e+02 -4.827779249999999855e+00
5.024234710000000064e+02 -4.725985309999999551e+00
5.027243230000000267e+02 -4.579404010000000191e+00
5.030251759999999877e+02 -4.387697479999999928e+00
5.033260280000000080e+02 -4.150886859999999956e+00
5.036268810000000258e+02 -3.869366289999999875e+00
5.039277329999999893e+02 -3.543903010000000187e+00
5.042285850000000096e+02 -3.175609130000000224e+00
5.045294380000000274e+02 -2.765997969999999917e+00
5.048302899999999909e+02 -2.316899610000000109e+00
5.051311420000000112e+02 -1.830503079999999949e+00
5.054319949999999722e+02 -1.309335279999999990e+00
5.057328469999999925e+02 -7.562328229999999429e-01
5.060337000000000103e+02 -1.743335599999999985e-01
5.063345519999999738e+02 4.329578789999999899e-01
5.066354039999999941e+02 1.061973620000000063e+00
5.069362570000000119e+02 1.708810689999999965e+00
5.072371089999999754e+02 2.369380290000000056e+00
5.075379609999999957e+02 3.039402899999999796e+00
5.078388140000000135e+02 3.714451149999999924e+00
5.081396659999999770e+02 4.390006180000000313e+00
5.084405189999999948e+02 5.061443569999999781e+00
5.087413710000000151e+02 5.724096639999999958e+00
5.090422229999999786e+02 6.373291680000000348e+00
5.093430759999999964e+02 7.004369059999999259e+00
5.096439280000000167e+02 7.612725450000000116e+00
5.099447799999999802e+02 8.193842010000000897e+00
5.102456329999999980e+02 8.743284340000000654e+00
5.105464850000000183e+02 9.256758819999999943e+00
5.108473379999999793e+02 9.730323759999999211e+00
5.111481899999999996e+02 1.016010789999999986e+01
5.114490420000000199e+02 1.054238069999999894e+01
5.117498949999999809e+02 1.087390430000000130e+01
5.120507470000000012e+02 1.115158169999999949e+01
5.123515989999999647e+02 1.137273819999999880e+01
5.126524520000000393e+02 1.153498069999999842e+01
5.129533040000000028e+02 1.163626780000000061e+01
5.132541569999999638e+02 1.167498080000000016e+01
5.135550090000000409e+02 1.164985249999999972e+01
5.138558610000000044e+02 1.155996810000000075e+01
5.141567139999999654e+02 1.140497549999999904e+01
5.144575660000000425e+02 1.118487479999999934e+01
5.147584180000000060e+02 1.090001789999999993e+01
5.150592709999999670e+02 1.055117910000000059e+01
5.153601230000000442e+02 1.013962520000000112e+01
5.156609760000000051e+02 9.667045690000000135e+00
5.159618279999999686e+02 9.135340929999999915e+00
5.162626800000000458e+02 8.547115270000000820e+00
5.165635330000000067e+02 7.905043409999999326e+00
5.168643849999999702e+02 7.212292790000000231e+00
5.171652380000000448e+02 6.472389789999999365e+00
5.174660900000000083e+02 5.689128289999999311e+00
5.177669419999999718e+02 4.866597780000000206e+00
5.180677950000000465e+02 4.009141150000000486e+00
5.183686470000000099e+02 3.121361730000000279e+00
5.186694989999999734e+02 2.208038800000000190e+00
5.189703520000000481e+02 1.274134649999999924e+00
5.192712040000000115e+02 3.247453319999999977e-01
5.195720569999999725e+02 -6.349169990000000929e-01
5.198729090000000497e+02 -1.599583859999999857e+00
5.201737610000000132e+02 -2.563937499999999758e+00
5.204746139999999741e+02 -3.522674239999999735e+00
5.207754660000000513e+02 -4.470522080000000287e+00
5.210763180000000148e+02 -5.402272369999999491e+00
5.213771709999999757e+02 -6.312829090000000143e+00
5.216780230000000529e+02 -7.197229929999999776e+00
5.219788760000000138e+02 -8.050674490000000461e+00
5.222797279999999773e+02 -8.868643909999999408e+00
5.225805800000000545e+02 -9.646633409999999742e+00
5.228814330000000155e+02 -1.038070130000000013e+01
5.231822849999999789e+02 -1.106704669999999879e+01
5.234831370000000561e+02 -1.170200939999999967e+01
5.237839900000000171e+02 -1.228263330000000053e+01
5.240848419999999805e+02 -1.280596200000000096e+01
5.243856950000000552e+02 -1.326967270000000099e+01
5.246865470000000187e+02 -1.367165390000000080e+01
5.249873989999999822e+02 -1.401021620000000034e+01
5.252882520000000568e+02 -1.428423350000000092e+01
5.255891040000000203e+02 -1.449272040000000139e+01
5.258899559999999838e+02 -1.463546559999999985e+01
5.261908089999999447e+02 -1.471225800000000028e+01
5.264916610000000219e+02 -1.472366069999999993e+01
5.267925139999999828e+02 -1.467037760000000013e+01
5.270933659999999463e+02 -1.455374599999999852e+01
5.273942180000000235e+02 -1.437531450000000000e+01
5.276950709999999845e+02 -1.413705389999999973e+01
5.279959229999999479e+02 -1.384128700000000123e+01
5.282967760000000226e+02 -1.349075889999999944e+01
5.285976279999999861e+02 -1.308849609999999863e+01
5.288984799999999495e+02 -1.263766619999999996e+01
5.291993330000000242e+02 -1.214192929999999926e+01
5.295001849999999877e+02 -1.160508629999999997e+01
5.298010369999999511e+02 -1.103107879999999952e+01
5.301018900000000258e+02 -1.042420060000000070e+01
5.304027419999999893e+02 -9.788815509999999165e+00
5.307035949999999502e+02 -9.129287630000000320e+00
5.310044470000000274e+02 -8.450332890000000319e+00
5.313052989999999909e+02 -7.756456069999999592e+00
5.316061519999999518e+02 -7.052373110000000445e+00
5.319070040000000290e+02 -6.342666219999999910e+00
5.322078559999999925e+02 -5.631959819999999617e+00
5.325087089999999534e+02 -4.924765749999999720e+00
5.328095610000000306e+02 -4.225497269999999972e+00
5.331104139999999916e+02 -3.538412810000000075e+00
5.334112659999999551e+02 -2.867622980000000155e+00
5.337121180000000322e+02 -2.217041319999999871e+00
5.340129709999999932e+02 -1.590349060000000092e+00
5.343138229999999567e+02 -9.910022229999999599e-01
5.346146750000000338e+02 -4.221731550000000222e-01
5.349155279999999948e+02 1.132459339999999925e-01
5.352163799999999583e+02 6.126711310000000354e-01
5.355172330000000329e+02 1.073833859999999918e+00
5.358180849999999964e+02 1.494812540000000078e+00
5.361189369999999599e+02 1.874009400000000047e+00
5.364197900000000345e+02 2.210192650000000203e+00
5.367206419999999980e+02 2.502489489999999872e+00
5.370214939999999615e+02 2.750379060000000209e+00
5.373223470000000361e+02 2.953706509999999952e+00
5.376231989999999996e+02 3.112661870000000164e+00
5.379240519999999606e+02 3.227801220000000360e+00
5.382249040000000377e+02 3.300011429999999635e+00
5.385257560000000012e+02 3.330510199999999976e+00
5.388266089999999622e+02 3.320846040000000166e+00
5.391274610000000393e+02 3.272863099999999914e+00
5.394283130000000028e+02 3.188680029999999999e+00
5.397291659999999638e+02 3.070704080000000058e+00
5.400300180000000410e+02 2.921574759999999937e+00
5.403308710000000019e+02 2.744135720000000056e+00
5.406317229999999654e+02 2.541462870000000152e+00
5.409325750000000426e+02 2.316765870000000227e+00
5.412334280000000035e+02 2.073416280000000000e+00
5.415342799999999670e+02 1.814898239999999996e+00
5.418351330000000416e+02 1.544780400000000053e+00
5.421359850000000051e+02 1.266680650000000075e+00
5.424368369999999686e+02 9.842591320000000366e-01
5.427376900000000433e+02 7.011499279999999779e-01
5.430385420000000067e+02 4.209744619999999937e-01
5.433393939999999702e+02 1.472844700000000007e-01
5.436402470000000449e+02 -1.164569969999999927e-01
5.439410990000000083e+02 -3.669037340000000369e-01
5.442419519999999693e+02 -6.008531229999999335e-01
5.445428040000000465e+02 -8.152735899999999925e-01
5.448436560000000100e+02 -1.007317969999999896e+00
5.451445089999999709e+02 -1.174374900000000110e+00
5.454453610000000481e+02 -1.314037149999999876e+00
5.457462130000000116e+02 -1.424171969999999954e+00
5.460470659999999725e+02 -1.502914109999999859e+00
5.463479180000000497e+02 -1.548672810000000011e+00
5.466487710000000106e+02 -1.560174079999999908e+00
5.469496229999999741e+02 -1.536418400000000073e+00
5.472504750000000513e+02 -1.476751190000000102e+00
5.475513280000000123e+02 -1.380813459999999937e+00
5.478521799999999757e+02 -1.248577070000000067e+00
5.481530320000000529e+02 -1.080323549999999910e+00
5.484538850000000139e+02 -8.766652879999999870e-01
5.487547369999999773e+02 -6.385236380000000045e-01
5.490555900000000520e+02 -3.671170069999999952e-01
5.493564420000000155e+02 -6.396456099999998923e-02
5.496572939999999790e+02 2.691303099999999837e-01
5.499581470000000536e+02 6.300954770000000149e-01
5.502589990000000171e+02 1.016609080000000054e+00
5.505598509999999806e+02 1.426100580000000173e+00
5.508607040000000552e+02 1.855807269999999898e+00
5.511615560000000187e+02 2.302744750000000007e+00
5.514624089999999796e+02 2.763773739999999979e+00
5.517632610000000568e+02 3.235614200000000107e+00
5.520641130000000203e+02 3.714831240000000090e+00
5.523649659999999812e+02 4.197926610000000558e+00
5.526658179999999447e+02 4.681310569999999949e+00
5.529666700000000219e+02 5.161365210000000481e+00
5.532675229999999829e+02 5.634430410000000222e+00
5.535683749999999463e+02 6.096881220000000212e+00
5.538692280000000210e+02 6.545113820000000082e+00
5.541700799999999845e+02 6.975601819999999620e+00
5.544709319999999479e+02 7.384882150000000145e+00
5.547717850000000226e+02 7.769688860000000474e+00
5.550726369999999861e+02 8.126692639999999912e+00
5.553734899999999470e+02 8.453077990000000597e+00
5.556743420000000242e+02 8.745818279999999945e+00
5.559751939999999877e+02 9.002309159999999366e+00
5.562760469999999486e+02 9.220227870000000436e+00
5.565768990000000258e+02 9.397392399999999313e+00
5.568777509999999893e+02 9.531761530000000704e+00
5.571786039999999502e+02 9.621857120000001373e+00
5.574794560000000274e+02 9.666271430000000109e+00
5.577803089999999884e+02 9.663878269999999659e+00
5.580811609999999519e+02 9.613973749999999541e+00
5.583820130000000290e+02 9.516065190000000840e+00
5.586828659999999900e+02 9.370082179999998928e+00
5.589837179999999535e+02 9.176095110000000332e+00
5.592845700000000306e+02 8.934596689999999342e+00
5.595854229999999916e+02 8.646361190000000363e+00
5.598862749999999551e+02 8.312444409999999451e+00
5.601871280000000297e+02 7.934183700000000172e+00
5.604879799999999932e+02 7.513268370000000473e+00
5.607888319999999567e+02 7.051598850000000418e+00
5.610896850000000313e+02 6.551230470000000139e+00
5.613905369999999948e+02 6.014661959999999752e+00
5.616913889999999583e+02 5.444469490000000356e+00
5.619922420000000329e+02 4.843482629999999567e+00
5.622930939999999964e+02 4.214685800000000704e+00
5.625939469999999574e+02 3.561260490000000001e+00
5.628947990000000345e+02 2.886493789999999837e+00
5.631956509999999980e+02 2.193813550000000223e+00
5.634965039999999590e+02 1.486725049999999992e+00
5.637973560000000361e+02 7.688250899999999888e-01
5.640982079999999996e+02 4.373303309999999888e-02
5.643990609999999606e+02 -6.848989360000000692e-01
5.646999130000000378e+02 -1.413423850000000037e+00
5.650007659999999987e+02 -2.138221750000000032e+00
5.653016179999999622e+02 -2.855720510000000267e+00
5.656024700000000394e+02 -3.562421880000000041e+00
5.659033230000000003e+02 -4.254933190000000032e+00
5.662041749999999638e+02 -4.929967360000000021e+00
5.665050270000000410e+02 -5.584378089999999517e+00
5.668058800000000019e+02 -6.215173919999999796e+00
5.671067319999999654e+02 -6.819546400000000119e+00
5.674075850000000401e+02 -7.394877129999999354e+00
5.677084370000000035e+02 -7.938688480000000602e+00
5.680092889999999670e+02 -8.448854760000001463e+00
5.683101420000000417e+02 -8.923334739999999599e+00
5.686109940000000051e+02 -9.360509519999999029e+00
5.689118469999999661e+02 -9.758760179999999451e+00
5.692126990000000433e+02 -1.011696049999999936e+01
5.695135510000000068e+02 -1.043405480000000018e+01
5.698144039999999677e+02 -1.070933899999999994e+01
5.701152560000000449e+02 -1.094246140000000089e+01
5.704161080000000084e+02 -1.113306990000000063e+01
5.707169609999999693e+02 -1.128137569999999990e+01
5.710178130000000465e+02 -1.138751949999999979e+01
5.713186660000000074e+02 -1.145220530000000103e+01
5.716195179999999709e+02 -1.147613700000000136e+01
5.719203700000000481e+02 -1.146037029999999923e+01
5.722212230000000091e+02 -1.140610170000000068e+01
5.725220749999999725e+02 -1.131473920000000000e+01
5.728229270000000497e+02 -1.118797189999999908e+01
5.731237800000000107e+02 -1.102741870000000013e+01
5.734246319999999741e+02 -1.083519129999999997e+01
5.737254850000000488e+02 -1.061319020000000002e+01
5.740263370000000123e+02 -1.036380839999999992e+01
5.743271889999999757e+02 -1.008915760000000006e+01
5.746280420000000504e+02 -9.791631000000000640e+00
5.749288940000000139e+02 -9.473832879999999790e+00
5.752297459999999774e+02 -9.138015640000000772e+00
5.755305990000000520e+02 -8.786853999999999942e+00
5.758314510000000155e+02 -8.422811509999998947e+00
5.761323039999999764e+02 -8.048351710000000381e+00
5.764331560000000536e+02 -7.666008549999999921e+00
5.767340080000000171e+02 -7.278175189999999795e+00
5.770348609999999780e+02 -6.887160320000000446e+00
5.773357130000000552e+02 -6.495321930000000243e+00
5.776365650000000187e+02 -6.104813860000000147e+00
5.779374179999999797e+02 -5.717712520000000076e+00
5.782382700000000568e+02 -5.335967649999999729e+00
5.785391230000000178e+02 -4.961402269999999781e+00
5.788399749999999813e+02 -4.595684560000000474e+00
5.791408269999999447e+02 -4.240341919999999654e+00
5.794416800000000194e+02 -3.896746899999999680e+00
5.797425319999999829e+02 -3.566082009999999691e+00
5.800433839999999464e+02 -3.249388970000000043e+00
5.803442370000000210e+02 -2.947519470000000030e+00
5.806450889999999845e+02 -2.661149230000000365e+00
5.809459419999999454e+02 -2.390799109999999672e+00
5.812467940000000226e+02 -2.136785859999999815e+00
5.815476459999999861e+02 -1.899292470000000010e+00
5.818484989999999470e+02 -1.678304879999999999e+00
5.821493510000000242e+02 -1.473668229999999912e+00
5.824502039999999852e+02 -1.285072819999999894e+00
5.827510559999999487e+02 -1.112054099999999934e+00
5.830519080000000258e+02 -9.540137599999999329e-01
5.833527609999999868e+02 -8.102409059999999830e-01
5.836536129999999503e+02 -6.799014459999999094e-01
5.839544650000000274e+02 -5.620514870000000718e-01
5.842553179999999884e+02 -4.556654870000000357e-01
5.845561699999999519e+02 -3.596390730000000313e-01
5.848570230000000265e+02 -2.728038170000000040e-01
5.851578749999999900e+02 -1.939399089999999937e-01
5.854587269999999535e+02 -1.217930490000000004e-01
5.857595800000000281e+02 -5.508634440000000076e-02
5.860604319999999916e+02 7.463926950000000608e-03
5.863612839999999551e+02 6.713627769999999662e-02
5.866621370000000297e+02 1.251892309999999842e-01
5.869629889999999932e+02 1.828475930000000027e-01
5.872638419999999542e+02 2.412921799999999950e-01
5.875646940000000313e+02 3.016442599999999974e-01
5.878655459999999948e+02 3.649554170000000042e-01
5.881663989999999558e+02 4.321991049999999723e-01
5.884672510000000329e+02 5.042572770000000038e-01
5.887681029999999964e+02 5.819140449999999909e-01
5.890689559999999574e+02 6.658472380000000079e-01
5.893698080000000346e+02 7.566199530000000673e-01
5.896706609999999955e+02 8.546763330000000103e-01
5.899715129999999590e+02 9.603415680000000343e-01
5.902723650000000362e+02 1.073805699999999863e+00
5.905732179999999971e+02 1.195139119999999888e+00
5.908740699999999606e+02 1.324264400000000119e+00
5.911749220000000378e+02 1.461005580000000137e+00
5.914757749999999987e+02 1.605024789999999868e+00
5.917766269999999622e+02 1.755878590000000017e+00
5.920774800000000369e+02 1.912989819999999952e+00
5.923783320000000003e+02 2.075668670000000215e+00
5.926791839999999638e+02 2.243126810000000138e+00
5.929800370000000385e+02 2.414435129999999763e+00
5.932808890000000019e+02 2.588608199999999915e+00
5.935817409999999654e+02 2.764540959999999714e+00
5.938825940000000401e+02 2.941072009999999626e+00
5.941834460000000036e+02 3.116941409999999912e+00
5.944842989999999645e+02 3.290854060000000025e+00
5.947851510000000417e+02 3.461451469999999642e+00
5.950860030000000052e+02 3.627354050000000107e+00
5.953868559999999661e+02 3.787147030000000303e+00
5.956877080000000433e+02 3.939394500000000132e+00
5.959885610000000042e+02 4.082674639999999577e+00
5.962894129999999677e+02 4.215565640000000336e+00
5.965902650000000449e+02 4.336666779999999832e+00
5.968911180000000058e+02 4.444612560000000379e+00
5.971919699999999693e+02 4.538093770000000582e+00
5.974928220000000465e+02 4.615850489999999695e+00
5.977936750000000075e+02 4.676679090000000372e+00
5.980945269999999709e+02 4.719460419999999878e+00
5.983953800000000456e+02 4.743180900000000477e+00
5.986962320000000091e+02 4.746883260000000604e+00
5.989970839999999725e+02 4.729751020000000139e+00
5.992979370000000472e+02 4.691052149999999976e+00
5.995987890000000107e+02 4.630181320000000156e+00
5.998996409999999742e+02 4.546652850000000079e+00
6.002004940000000488e+02 4.440107779999999948e+00
6.005013460000000123e+02 4.310320860000000032e+00
6.008021989999999732e+02 4.157186509999999835e+00
6.011030510000000504e+02 3.980739930000000371e+00
6.014039030000000139e+02 3.781150039999999990e+00
6.017047559999999748e+02 3.558719509999999975e+00
6.020056080000000520e+02 3.313877709999999865e+00
6.023064600000000155e+02 3.047187720000000155e+00
6.026073129999999765e+02 2.759332310000000010e+00
6.029081650000000536e+02 2.451113889999999795e+00
6.032090180000000146e+02 2.123461559999999970e+00
6.035098699999999781e+02 1.777402989999999905e+00
6.038107220000000552e+02 1.414071409999999807e+00
6.041115750000000162e+02 1.034698579999999923e+00
6.044124269999999797e+02 6.405958370000000013e-01
6.047132790000000568e+02 2.331624610000000153e-01
6.050141320000000178e+02 -1.861388979999999971e-01
6.053149839999999813e+02 -6.157822440000000341e-01
6.056158370000000559e+02 -1.054195829999999834e+00
6.059166890000000194e+02 -1.499753720000000179e+00
6.062175409999999829e+02 -1.950815889999999886e+00
6.065183939999999438e+02 -2.405714150000000107e+00
6.068192460000000210e+02 -2.862766269999999835e+00
6.071200979999999845e+02 -3.320297020000000376e+00
6.074209509999999455e+02 -3.776638220000000157e+00
6.077218030000000226e+02 -4.230135779999999457e+00
6.080226559999999836e+02 -4.679170800000000519e+00
6.083235079999999471e+02 -5.122145479999999473e+00
6.086243600000000242e+02 -5.557532419999999362e+00
6.089252129999999852e+02 -5.983839409999999859e+00
6.092260649999999487e+02 -6.399637600000000148e+00
6.095269180000000233e+02 -6.803561470000000000e+00
6.098277699999999868e+02 -7.194344049999999768e+00
6.101286219999999503e+02 -7.570704309999999992e+00
6.104294750000000249e+02 -7.931649769999999933e+00
6.107303269999999884e+02 -8.275983849999999364e+00
6.110311789999999519e+02 -8.602861909999999668e+00
6.113320320000000265e+02 -8.911439310000000447e+00
6.116328839999999900e+02 -9.200871399999998701e+00
6.119337369999999510e+02 -9.470524680000000473e+00
6.122345890000000281e+02 -9.719836069999999495e+00
6.125354409999999916e+02 -9.948312860000001479e+00
6.128362939999999526e+02 -1.015560310000000044e+01
6.131371460000000297e+02 -1.034135490000000068e+01
6.134379979999999932e+02 -1.050535700000000006e+01
6.137388509999999542e+02 -1.064760949999999973e+01
6.140397030000000314e+02 -1.076797160000000098e+01
6.143405559999999923e+02 -1.086644319999999908e+01
6.146414079999999558e+02 -1.094330599999999976e+01
6.149422600000000330e+02 -1.099863040000000147e+01
6.152431129999999939e+02 -1.103262739999999908e+01
6.155439649999999574e+02 -1.104571940000000119e+01
6.158448170000000346e+02 -1.103825829999999897e+01
6.161456699999999955e+02 -1.101052579999999992e+01
6.164465219999999590e+02 -1.096315519999999921e+01
6.167473750000000337e+02 -1.089649860000000103e+01
6.170482269999999971e+02 -1.081111890000000031e+01
6.173490789999999606e+02 -1.070757940000000019e+01
6.176499320000000353e+02 -1.058644299999999916e+01
6.179507839999999987e+02 -1.044827299999999859e+01
6.182516359999999622e+02 -1.029363239999999990e+01
6.185524890000000369e+02 -1.012322499999999970e+01
6.188533410000000003e+02 -9.937473230000000157e+00
6.191541939999999613e+02 -9.737151320000000609e+00
6.194550460000000385e+02 -9.522681579999998647e+00
6.197558980000000020e+02 -9.294767889999999255e+00
6.200567509999999629e+02 -9.053832579999999908e+00
6.203576030000000401e+02 -8.800579500000001332e+00
6.206584560000000010e+02 -8.535430999999999102e+00
6.209593079999999645e+02 -8.258950150000000434e+00
6.212601600000000417e+02 -7.971629679999999496e+00
6.215610130000000026e+02 -7.673962300000000347e+00
6.218618649999999661e+02 -7.366299940000000213e+00
6.221627170000000433e+02 -7.049205689999999969e+00
6.224635700000000043e+02 -6.723130040000000029e+00
6.227644219999999677e+02 -6.388396769999999947e+00
6.230652750000000424e+02 -6.045456349999999368e+00
6.233661270000000059e+02 -5.694695910000000083e+00
6.236669789999999693e+02 -5.336509630000000115e+00
6.239678320000000440e+02 -4.971270559999999783e+00
6.242686840000000075e+02 -4.599379889999999804e+00
6.245695359999999710e+02 -4.221217730000000223e+00
6.248703890000000456e+02 -3.837178230000000134e+00
6.251712410000000091e+02 -3.447662620000000011e+00
6.254720939999999700e+02 -3.053086159999999882e+00
6.257729460000000472e+02 -2.653885269999999963e+00
6.260737980000000107e+02 -2.250517459999999748e+00
6.263746509999999716e+02 -1.843447279999999910e+00
6.266755030000000488e+02 -1.433188569999999995e+00
6.269763550000000123e+02 -1.020255139999999949e+00
6.272772079999999733e+02 -6.052220560000000082e-01
6.275780600000000504e+02 -1.886756509999999998e-01
6.278789130000000114e+02 2.287541120000000094e-01
6.281797649999999749e+02 6.464034829999999454e-01
6.284806170000000520e+02 1.063571409999999995e+00
6.287814700000000130e+02 1.479524449999999991e+00
6.290823219999999765e+02 1.893478490000000125e+00
6.293831740000000536e+02 2.304631120000000255e+00
6.296840270000000146e+02 2.712137699999999985e+00
6.299848789999999781e+02 3.115118389999999682e+00
6.302857320000000527e+02 3.512658140000000095e+00
6.305865840000000162e+02 3.903827849999999877e+00
6.308874359999999797e+02 4.287656189999999867e+00
6.311882890000000543e+02 4.663157710000000122e+00
6.314891410000000178e+02 5.029339980000000487e+00
6.317899929999999813e+02 5.385189410000000620e+00
6.320908460000000559e+02 5.729678339999999537e+00
6.323916980000000194e+02 6.061793210000000265e+00
6.326925509999999804e+02 6.380499320000000196e+00
6.329934029999999439e+02 6.684811260000000033e+00
6.332942550000000210e+02 6.973715440000000321e+00
6.335951079999999820e+02 7.246289789999999620e+00
6.338959599999999455e+02 7.501513710000000223e+00
6.341968130000000201e+02 7.738507339999999957e+00
6.344976649999999836e+02 7.956496440000000447e+00
6.347985169999999471e+02 8.154565960000001112e+00
6.350993700000000217e+02 8.332012050000001224e+00
6.354002219999999852e+02 8.488130809999999471e+00
6.357010739999999487e+02 8.622288779999999875e+00
6.360019270000000233e+02 8.733922839999999965e+00
6.363027789999999868e+02 8.822610689999999423e+00
6.366036319999999478e+02 8.887929989999999947e+00
6.369044840000000249e+02 8.929599200000000181e+00
6.372053359999999884e+02 8.947407160000000914e+00
6.375061889999999494e+02 8.941283479999999173e+00
6.378070410000000265e+02 8.911228150000001236e+00
6.381078929999999900e+02 8.857241179999999048e+00
6.384087459999999510e+02 8.779604120000000123e+00
6.387095980000000282e+02 8.678598520000001315e+00
6.390104509999999891e+02 8.554646699999999271e+00
6.393113029999999526e+02 8.408241359999999887e+00
6.396121550000000298e+02 8.240015999999998897e+00
6.399130079999999907e+02 8.050674490000000461e+00
6.402138599999999542e+02 7.840991080000000224e+00
6.405147120000000314e+02 7.611951190000000089e+00
6.408155649999999923e+02 7.364540260000000060e+00
6.411164169999999558e+02 7.099743690000000385e+00
6.414172700000000304e+02 6.818807330000000277e+00
6.417181219999999939e+02 6.522934820000000578e+00
6.420189739999999574e+02 6.213414240000000532e+00
6.423198270000000321e+02 5.891611090000000495e+00
6.426206789999999955e+02 5.558912010000000237e+00
6.429215309999999590e+02 5.216766960000000175e+00
6.432223840000000337e+02 4.866654089999999933e+00
6.435232359999999971e+02 4.510065599999999897e+00
6.438240889999999581e+02 4.148521849999999844e+00
6.441249410000000353e+02 3.783529129999999796e+00
6.444257929999999988e+02 3.416607790000000033e+00
6.447266459999999597e+02 3.049243020000000026e+00
6.450274980000000369e+02 2.682919990000000254e+00
6.453283500000000004e+02 2.319081610000000016e+00
6.456292029999999613e+02 1.959107500000000002e+00
6.459300550000000385e+02 1.604363149999999960e+00
6.462309079999999994e+02 1.256122579999999989e+00
6.465317599999999629e+02 9.156105150000000137e-01
6.468326120000000401e+02 5.839721660000000147e-01
6.471334650000000011e+02 2.622661519999999746e-01
6.474343169999999645e+02 -4.853174940000000437e-02
6.477351700000000392e+02 -3.475402209999999825e-01
6.480360220000000027e+02 -6.339759230000000523e-01
6.483368739999999661e+02 -9.071570149999999000e-01
6.486377270000000408e+02 -1.166512659999999979e+00
6.489385790000000043e+02 -1.411572660000000035e+00
6.492394309999999678e+02 -1.641985099999999864e+00
6.495402840000000424e+02 -1.857489530000000055e+00
6.498411360000000059e+02 -2.057952210000000282e+00
6.501419889999999668e+02 -2.243345009999999640e+00
6.504428410000000440e+02 -2.413731250000000106e+00
6.507436930000000075e+02 -2.569300999999999835e+00
6.510445459999999684e+02 -2.710321710000000106e+00
6.513453980000000456e+02 -2.837166449999999784e+00
6.516462500000000091e+02 -2.950292729999999697e+00
6.519471029999999701e+02 -3.050242519999999846e+00
6.522479550000000472e+02 -3.137628209999999918e+00
6.525488080000000082e+02 -3.213125499999999857e+00
6.528496599999999717e+02 -3.277487530000000149e+00
6.531505120000000488e+02 -3.331502659999999949e+00
6.534513650000000098e+02 -3.376008469999999928e+00
6.537522169999999733e+02 -3.411863700000000055e+00
6.540530690000000504e+02 -3.439962259999999716e+00
6.543539220000000114e+02 -3.461205110000000307e+00
6.546547739999999749e+02 -3.476493209999999667e+00
6.549556270000000495e+02 -3.486713430000000002e+00
6.552564790000000130e+02 -3.492759680000000255e+00
6.555573309999999765e+02 -3.495462550000000057e+00
6.558581840000000511e+02 -3.495645559999999819e+00
6.561590360000000146e+02 -3.494068889999999872e+00
6.564598879999999781e+02 -3.491443439999999843e+00
6.567607410000000527e+02 -3.488416799999999984e+00
6.570615930000000162e+02 -3.485566109999999718e+00
6.573624459999999772e+02 -3.483384109999999811e+00
6.576632980000000543e+02 -3.482286069999999789e+00
6.579641500000000178e+02 -3.482595780000000030e+00
6.582650029999999788e+02 -3.484545500000000295e+00
6.585658550000000560e+02 -3.488254909999999764e+00
6.588667070000000194e+02 -3.493759180000000075e+00
6.591675599999999804e+02 -3.500987950000000293e+00
6.594684119999999439e+02 -3.509758189999999889e+00
6.597692650000000185e+02 -3.519802439999999866e+00
6.600701169999999820e+02 -3.530726529999999919e+00
6.603709689999999455e+02 -3.542058869999999970e+00
6.606718220000000201e+02 -3.553229309999999863e+00
6.609726739999999836e+02 -3.563555109999999804e+00
6.612735269999999446e+02 -3.572297199999999950e+00
6.615743790000000217e+02 -3.578617970000000259e+00
6.618752309999999852e+02 -3.581616460000000224e+00
6.621760839999999462e+02 -3.580328380000000088e+00
6.624769360000000233e+02 -3.573726059999999816e+00
6.627777879999999868e+02 -3.560739620000000105e+00
6.630786409999999478e+02 -3.540278070000000277e+00
6.633794930000000249e+02 -3.511208159999999801e+00
6.636803459999999859e+02 -3.472389629999999894e+00
6.639811979999999494e+02 -3.422689249999999905e+00
6.642820500000000266e+02 -3.360980810000000041e+00
6.645829029999999875e+02 -3.286152200000000079e+00
6.648837549999999510e+02 -3.197147610000000029e+00
6.651846070000000282e+02 -3.092946420000000085e+00
6.654854599999999891e+02 -2.972584349999999986e+00
6.657863119999999526e+02 -2.835174489999999992e+00
6.660871650000000272e+02 -2.679928529999999753e+00
6.663880169999999907e+02 -2.506121470000000073e+00
6.666888689999999542e+02 -2.313176129999999997e+00
6.669897220000000289e+02 -2.100585730000000151e+00
6.672905739999999923e+02 -1.868005370000000109e+00
6.675914259999999558e+02 -1.615209810000000079e+00
6.678922790000000305e+02 -1.342100520000000019e+00
6.681931309999999939e+02 -1.048747870000000137e+00
6.684939839999999549e+02 -7.353630239999999763e-01
6.687948360000000321e+02 -4.023176360000000340e-01
6.690956879999999956e+02 -5.013636599999999471e-02
6.693965409999999565e+02 3.204897230000000041e-01
6.696973930000000337e+02 7.087073990000000157e-01
6.699982449999999972e+02 1.113511109999999915e+00
6.702990979999999581e+02 1.533729609999999965e+00
6.705999500000000353e+02 1.968046670000000109e+00
6.709008029999999962e+02 2.414977110000000149e+00
6.712016549999999597e+02 2.872916100000000306e+00
6.715025070000000369e+02 3.340111010000000213e+00
6.718033599999999979e+02 3.814682490000000037e+00
6.721042119999999613e+02 4.294638589999999922e+00
6.724050640000000385e+02 4.777881779999999523e+00
6.727059169999999995e+02 5.262215960000000692e+00
6.730067689999999629e+02 5.745367640000000442e+00
6.733076220000000376e+02 6.224999969999999827e+00
6.736084740000000011e+02 6.698719770000000295e+00
6.739093259999999646e+02 7.164077569999999895e+00
6.742101790000000392e+02 7.618708360000000290e+00
6.745110310000000027e+02 8.060035980000000322e+00
6.748118839999999636e+02 8.485737650000000798e+00
6.751127360000000408e+02 8.893349810000000133e+00
6.754135880000000043e+02 9.280549680000000023e+00
6.757144409999999652e+02 9.645084890000001465e+00
6.760152930000000424e+02 9.984632639999999171e+00
6.763161450000000059e+02 1.029715170000000057e+01
6.766169979999999669e+02 1.058067130000000056e+01
6.769178500000000440e+02 1.083336129999999997e+01
6.772187030000000050e+02 1.105339159999999943e+01
6.775195549999999685e+02 1.123935449999999925e+01
6.778204070000000456e+02 1.138977189999999950e+01
6.781212600000000066e+02 1.150351760000000034e+01
6.784221119999999701e+02 1.157960610000000123e+01
6.787229640000000472e+02 1.161712250000000068e+01
6.790238170000000082e+02 1.161571479999999923e+01
6.793246689999999717e+02 1.157489020000000046e+01
6.796255220000000463e+02 1.149457839999999997e+01
6.799263740000000098e+02 1.137492020000000004e+01
6.802272259999999733e+02 1.121626750000000072e+01
6.805280790000000479e+02 1.101918340000000107e+01
6.808289310000000114e+02 1.078451260000000111e+01
6.811297829999999749e+02 1.051331079999999929e+01
6.814306360000000495e+02 1.020684500000000128e+01
6.817314880000000130e+02 9.866663729999999077e+00
6.820323409999999740e+02 9.494456320000001170e+00
6.823331930000000511e+02 9.092193590000000825e+00
6.826340450000000146e+02 8.661916760000000437e+00
6.829348979999999756e+02 8.206018989999998681e+00
6.832357500000000528e+02 7.726893460000000324e+00
6.835366020000000162e+02 7.227214870000000069e+00
6.838374549999999772e+02 6.709756479999999357e+00
6.841383070000000544e+02 6.177347849999999418e+00
6.844391600000000153e+02 5.632987469999999774e+00
6.847400119999999788e+02 5.079730160000000438e+00
6.850408640000000560e+02 4.520708139999999986e+00
6.853417170000000169e+02 3.959067709999999796e+00
6.856425689999999804e+02 3.398004460000000115e+00
6.859434209999999439e+02 2.840685810000000089e+00
6.862442740000000185e+02 2.290265100000000054e+00
6.865451259999999820e+02 1.749853450000000032e+00
6.868459790000000567e+02 1.222498619999999869e+00
6.871468310000000201e+02 7.111427959999999660e-01
6.874476829999999836e+02 2.186394740000000003e-01
6.877485359999999446e+02 -2.522965120000000283e-01
6.880493880000000217e+02 -6.990953260000000169e-01
6.883502409999999827e+02 -1.119353250000000077e+00
6.886510929999999462e+02 -1.510846740000000077e+00
6.889519450000000234e+02 -1.871559920000000155e+00
6.892527979999999843e+02 -2.199669759999999918e+00
6.895536499999999478e+02 -2.493606629999999935e+00
6.898545020000000250e+02 -2.752019080000000173e+00
6.901553549999999859e+02 -2.973802050000000197e+00
6.904562069999999494e+02 -3.158124949999999931e+00
6.907570600000000240e+02 -3.304403589999999724e+00
6.910579119999999875e+02 -3.412328249999999841e+00
6.913587639999999510e+02 -3.481842630000000050e+00
6.916596170000000257e+02 -3.513186039999999899e+00
6.919604689999999891e+02 -3.506844159999999988e+00
6.922613209999999526e+02 -3.463584200000000113e+00
6.925621740000000273e+02 -3.384419740000000232e+00
6.928630259999999907e+02 -3.270631820000000189e+00
6.931638789999999517e+02 -3.123726739999999946e+00
6.934647310000000289e+02 -2.945464169999999715e+00
6.937655829999999924e+02 -2.737807909999999900e+00
6.940664359999999533e+02 -2.502947000000000255e+00
6.943672880000000305e+02 -2.243246469999999881e+00
6.946681399999999940e+02 -1.961247269999999876e+00
6.949689929999999549e+02 -1.659652279999999980e+00
6.952698450000000321e+02 -1.341291060000000090e+00
6.955706979999999930e+02 -1.009119879999999858e+00
6.958715499999999565e+02 -6.661794650000000262e-01
6.961724020000000337e+02 -3.155851450000000114e-01
6.964732549999999947e+02 3.950072229999999907e-02
6.967741069999999581e+02 3.958898779999999729e-01
6.970749590000000353e+02 7.503977259999999871e-01
6.973758119999999963e+02 1.099848959999999876e+00
6.976766639999999597e+02 1.441128240000000060e+00
6.979775170000000344e+02 1.771187800000000090e+00
6.982783689999999979e+02 2.087057310000000054e+00
6.985792209999999614e+02 2.385907200000000117e+00
6.988800740000000360e+02 2.665020530000000054e+00
6.991809259999999995e+02 2.921849270000000054e+00
6.994817779999999630e+02 3.154007299999999958e+00
6.997826310000000376e+02 3.359326709999999938e+00
7.000834830000000011e+02 3.535815519999999879e+00
7.003843359999999620e+02 3.681742219999999843e+00
7.006851880000000392e+02 3.795586450000000056e+00
7.009860400000000027e+02 3.876102340000000090e+00
7.012868929999999636e+02 3.922283369999999714e+00
7.015877450000000408e+02 3.933404550000000111e+00
7.018885980000000018e+02 3.909015390000000423e+00
7.021894499999999653e+02 3.848932889999999940e+00
7.024903020000000424e+02 3.753269679999999830e+00
7.027911550000000034e+02 3.622412870000000229e+00
7.030920069999999669e+02 3.457017070000000025e+00
7.033928590000000440e+02 3.258025480000000140e+00
7.036937120000000050e+02 3.026648739999999727e+00
7.039945639999999685e+02 2.764336840000000350e+00
7.042954170000000431e+02 2.472814250000000325e+00
7.045962690000000066e+02 2.154030710000000237e+00
7.048971209999999701e+02 1.810147109999999948e+00
7.051979740000000447e+02 1.443542520000000051e+00
7.054988260000000082e+02 1.056786079999999961e+00
7.057996779999999717e+02 6.526214860000000284e-01
7.061005310000000463e+02 2.339261619999999930e-01
7.064013830000000098e+02 -1.962795790000000096e-01
7.067022359999999708e+02 -6.348740629999999330e-01
7.070030880000000479e+02 -1.078648339999999983e+00
7.073039400000000114e+02 -1.524339960000000049e+00
7.076047929999999724e+02 -1.968637919999999930e+00
7.079056450000000495e+02 -2.408234020000000086e+00
7.082064970000000130e+02 -2.839834130000000290e+00
7.085073499999999740e+02 -3.260158210000000167e+00
7.088082020000000512e+02 -3.666024769999999933e+00
7.091090550000000121e+02 -4.054308609999999646e+00
7.094099069999999756e+02 -4.422011239999999788e+00
7.097107590000000528e+02 -4.766260850000000104e+00
7.100116120000000137e+02 -5.084340520000000474e+00
7.103124639999999772e+02 -5.373709260000000043e+00
7.106133160000000544e+02 -5.632016129999999343e+00
7.109141690000000153e+02 -5.857128409999999619e+00
7.112150209999999788e+02 -6.047145640000000100e+00
7.115158740000000535e+02 -6.200385570000000790e+00
7.118167260000000169e+02 -6.315454530000000233e+00
7.121175779999999804e+02 -6.391212250000000594e+00
7.124184310000000551e+02 -6.426778900000000405e+00
7.127192830000000185e+02 -6.421584320000000012e+00
7.130201349999999820e+02 -6.375325870000000172e+00
7.133209880000000567e+02 -6.288010569999999966e+00
7.136218400000000202e+02 -6.159912939999999892e+00
7.139226929999999811e+02 -5.991617190000000370e+00
7.142235449999999446e+02 -5.783989090000000388e+00
7.145243970000000218e+02 -5.538161859999999770e+00
7.148252499999999827e+02 -5.255564380000000035e+00
7.151261019999999462e+02 -4.937864800000000720e+00
7.154269550000000208e+02 -4.586998779999999165e+00
7.157278069999999843e+02 -4.205141289999999366e+00
7.160286589999999478e+02 -3.794664379999999948e+00
7.163295120000000225e+02 -3.358172359999999745e+00
7.166303639999999859e+02 -2.898445530000000048e+00
7.169312159999999494e+02 -2.418419039999999853e+00
7.172320690000000241e+02 -1.921196960000000065e+00
7.175329209999999875e+02 -1.409981910000000171e+00
7.178337739999999485e+02 -8.880961659999999647e-01
7.181346260000000257e+02 -3.589190119999999817e-01
7.184354779999999892e+02 1.741069130000000020e-01
7.187363309999999501e+02 7.075178560000000560e-01
7.190371830000000273e+02 1.237843019999999905e+00
7.193380349999999908e+02 1.761643299999999801e+00
7.196388879999999517e+02 2.275526029999999977e+00
7.199397400000000289e+02 2.776161880000000082e+00
7.202405929999999898e+02 3.260341219999999929e+00
7.205414449999999533e+02 3.724938839999999640e+00
7.208422970000000305e+02 4.167005520000000018e+00
7.211431499999999915e+02 4.583739859999999666e+00
7.214440019999999549e+02 4.972523450000000622e+00
7.217448540000000321e+02 5.330934970000000384e+00
7.220457069999999931e+02 5.656785380000000529e+00
7.223465589999999565e+02 5.948110880000000655e+00
7.226474120000000312e+02 6.203186979999999906e+00
7.229482639999999947e+02 6.420563710000000590e+00
7.232491159999999581e+02 6.599044479999999879e+00
7.235499690000000328e+02 6.737721299999999580e+00
7.238508209999999963e+02 6.835953649999999548e+00
7.241516729999999598e+02 6.893410709999999497e+00
7.244525260000000344e+02 6.910015040000000219e+00
7.247533779999999979e+02 6.886005970000000254e+00
7.250542309999999588e+02 6.821883249999999954e+00
7.253550830000000360e+02 6.718442249999999838e+00
7.256559349999999995e+02 6.576738779999999451e+00
7.259567879999999604e+02 6.398089080000000095e+00
7.262576400000000376e+02 6.184055739999999801e+00
7.265584929999999986e+02 5.936468840000000746e+00
7.268593449999999621e+02 5.657341439999999722e+00
7.271601970000000392e+02 5.348918890000000204e+00
7.274610500000000002e+02 5.013629560000000041e+00
7.277619019999999637e+02 4.654070729999999934e+00
7.280627540000000408e+02 4.272994540000000008e+00
7.283636070000000018e+02 3.873272780000000193e+00
7.286644589999999653e+02 3.457896910000000101e+00
7.289653120000000399e+02 3.029935819999999946e+00
7.292661640000000034e+02 2.592507649999999941e+00
7.295670159999999669e+02 2.148779830000000057e+00
7.298678690000000415e+02 1.701926820000000173e+00
7.301687210000000050e+02 1.255123079999999947e+00
7.304695729999999685e+02 8.114867600000000847e-01
7.307704260000000431e+02 3.740839300000000089e-01
7.310712780000000066e+02 -5.409226629999999703e-02
7.313721309999999676e+02 -4.701617269999999738e-01
7.316729830000000447e+02 -8.713721719999999449e-01
7.319738350000000082e+02 -1.255101959999999961e+00
7.322746879999999692e+02 -1.618919219999999992e+00
7.325755400000000463e+02 -1.960557470000000135e+00
7.328763920000000098e+02 -2.277954379999999723e+00
7.331772449999999708e+02 -2.569258769999999803e+00
7.334780970000000480e+02 -2.832851720000000295e+00
7.337789500000000089e+02 -3.067346609999999973e+00
7.340798019999999724e+02 -3.271596129999999825e+00
7.343806540000000496e+02 -3.444734510000000416e+00
7.346815070000000105e+02 -3.586121240000000210e+00
7.349823589999999740e+02 -3.695404379999999822e+00
7.352832110000000512e+02 -3.772485379999999999e+00
7.355840640000000121e+02 -3.817526129999999629e+00
7.358849159999999756e+02 -3.830948969999999676e+00
7.361857690000000503e+02 -3.813443680000000224e+00
7.364866210000000137e+02 -3.765932330000000050e+00
7.367874729999999772e+02 -3.689583359999999868e+00
7.370883260000000519e+02 -3.585797459999999770e+00
7.373891780000000153e+02 -3.456179469999999920e+00
7.376900299999999788e+02 -3.302552410000000105e+00
7.379908830000000535e+02 -3.126915279999999964e+00
7.382917350000000170e+02 -2.931443040000000000e+00
7.385925879999999779e+02 -2.718458469999999849e+00
7.388934400000000551e+02 -2.490411050000000071e+00
7.391942920000000186e+02 -2.249869900000000200e+00
7.394951449999999795e+02 -1.999488619999999939e+00
7.397959970000000567e+02 -1.742005280000000100e+00
7.400968500000000176e+02 -1.480179050000000052e+00
7.403977019999999811e+02 -1.216818369999999927e+00
7.406985539999999446e+02 -9.547105930000000518e-01
7.409994070000000193e+02 -6.966324790000000267e-01
7.413002589999999827e+02 -4.453220910000000310e-01
7.416011109999999462e+02 -2.034435860000000096e-01
7.419019640000000209e+02 2.642362889999999923e-02
7.422028159999999843e+02 2.418081180000000163e-01
7.425036689999999453e+02 4.403647219999999862e-01
7.428045210000000225e+02 6.198963750000000550e-01
7.431053729999999860e+02 7.783695910000000273e-01
7.434062259999999469e+02 9.139282610000000195e-01
7.437070780000000241e+02 1.024907730000000017e+00
7.440079299999999876e+02 1.109865050000000020e+00
7.443087829999999485e+02 1.167561429999999900e+00
7.446096350000000257e+02 1.196990310000000113e+00
7.449104879999999866e+02 1.197398550000000172e+00
7.452113399999999501e+02 1.168244180000000076e+00
7.455121920000000273e+02 1.109252690000000152e+00
7.458130449999999882e+02 1.020409990000000100e+00
7.461138969999999517e+02 9.019202079999999455e-01
7.464147490000000289e+02 7.542619819999999420e-01
7.467156019999999899e+02 5.781469229999999238e-01
7.470164539999999533e+02 3.745273689999999989e-01
7.473173070000000280e+02 1.445858260000000006e-01
7.476181589999999915e+02 -1.102720759999999967e-01
7.479190109999999549e+02 -3.884295409999999893e-01
7.482198640000000296e+02 -6.880719899999999667e-01
7.485207159999999931e+02 -1.007198309999999930e+00
7.488215679999999566e+02 -1.343642000000000003e+00
7.491224210000000312e+02 -1.695078150000000061e+00
7.494232729999999947e+02 -2.059057290000000151e+00
7.497241259999999556e+02 -2.432996230000000093e+00
7.500249780000000328e+02 -2.814234310000000239e+00
7.503258299999999963e+02 -3.200026439999999806e+00
7.506266829999999572e+02 -3.587571220000000061e+00
7.509275350000000344e+02 -3.974046109999999743e+00
7.512283869999999979e+02 -4.356593389999999566e+00
7.515292399999999589e+02 -4.732383510000000015e+00
7.518300920000000360e+02 -5.098615039999999432e+00
7.521309449999999970e+02 -5.452542900000000081e+00
7.524317969999999605e+02 -5.791478289999999696e+00
7.527326490000000376e+02 -6.112837999999999994e+00
7.530335019999999986e+02 -6.414158470000000278e+00
7.533343539999999621e+02 -6.693088790000000010e+00
7.536352070000000367e+02 -6.947432870000000094e+00
7.539360590000000002e+02 -7.175198739999999908e+00
7.542369109999999637e+02 -7.374464849999999849e+00
7.545377640000000383e+02 -7.543605239999999768e+00
7.548386160000000018e+02 -7.681141789999999858e+00
7.551394679999999653e+02 -7.785948299999999378e+00
7.554403210000000399e+02 -7.856828189999999879e+00
7.557411730000000034e+02 -7.893147979999999286e+00
7.560420259999999644e+02 -7.894274170000000090e+00
7.563428780000000415e+02 -7.859925229999999985e+00
7.566437300000000050e+02 -7.790030760000000498e+00
7.569445829999999660e+02 -7.684731539999999583e+00
7.572454350000000431e+02 -7.544449890000000103e+00
7.575462870000000066e+02 -7.369748909999999320e+00
7.578471399999999676e+02 -7.161614020000000025e+00
7.581479920000000448e+02 -6.921051749999999281e+00
7.584488450000000057e+02 -6.649371310000000257e+00
7.587496969999999692e+02 -6.348071949999999575e+00
7.590505490000000464e+02 -6.018835919999999895e+00
7.593514020000000073e+02 -5.663514389999999565e+00
7.596522539999999708e+02 -5.284134530000000218e+00
7.599531060000000480e+02 -4.882850180000000151e+00
7.602539590000000089e+02 -4.461955960000000054e+00
7.605548109999999724e+02 -4.023845039999999429e+00
7.608556640000000471e+02 -3.571023190000000014e+00
7.611565160000000105e+02 -3.106045479999999692e+00
7.614573679999999740e+02 -2.631537339999999947e+00
7.617582210000000487e+02 -2.150145339999999905e+00
7.620590730000000121e+02 -1.664551230000000048e+00
7.623599249999999756e+02 -1.177401549999999908e+00
7.626607780000000503e+02 -6.913485129999999979e-01
7.629616300000000138e+02 -2.089851679999999989e-01
7.632624829999999747e+02 2.671524299999999963e-01
7.635633350000000519e+02 7.346098820000001028e-01
7.638641870000000154e+02 1.191021470000000138e+00
7.641650399999999763e+02 1.634143960000000062e+00
7.644658920000000535e+02 2.061851659999999864e+00
7.647667440000000170e+02 2.472173729999999736e+00
7.650675969999999779e+02 2.863266020000000189e+00
7.653684490000000551e+02 3.233481470000000080e+00
7.656693020000000161e+02 3.581327869999999969e+00
7.659701539999999795e+02 3.905503069999999965e+00
7.662710060000000567e+02 4.204880860000000276e+00
7.665718590000000177e+02 4.478553259999999980e+00
7.668727109999999811e+02 4.725795269999999881e+00
7.671735640000000558e+02 4.946071950000000328e+00
7.674744160000000193e+02 5.139080629999999594e+00
7.677752679999999827e+02 5.304680550000000494e+00
7.680761209999999437e+02 5.442956159999999599e+00
7.683769730000000209e+02 5.554167910000000319e+00
7.686778249999999844e+02 5.638766259999999697e+00
7.689786779999999453e+02 5.697384699999999746e+00
7.692795300000000225e+02 5.730804540000000280e+00
7.695803829999999834e+02 5.739997100000000074e+00
7.698812349999999469e+02 5.726060439999999474e+00
7.701820870000000241e+02 5.690233369999999624e+00
7.704829399999999850e+02 5.633874350000000142e+00
7.707837919999999485e+02 5.558454489999999915e+00
7.710846440000000257e+02 5.465529329999999852e+00
7.713854969999999867e+02 5.356738909999999798e+00
7.716863489999999501e+02 5.233772499999999717e+00
7.719872020000000248e+02 5.098389800000000527e+00
7.722880539999999883e+02 4.952343439999999930e+00
7.725889059999999517e+02 4.797414219999999396e+00
7.728897590000000264e+02 4.635389969999999416e+00
7.731906109999999899e+02 4.468023330000000293e+00
7.734914629999999534e+02 4.297017679999999729e+00
7.737923160000000280e+02 4.124048219999999709e+00
7.740931679999999915e+02 3.950712760000000046e+00
7.743940209999999524e+02 3.778524599999999900e+00
7.746948730000000296e+02 3.608912609999999965e+00
7.749957249999999931e+02 3.443178960000000011e+00
7.752965779999999540e+02 3.282541329999999924e+00
7.755974300000000312e+02 3.128062589999999865e+00
7.758982819999999947e+02 2.980685910000000050e+00
7.761991349999999557e+02 2.841206679999999984e+00
7.764999870000000328e+02 2.710272440000000227e+00
7.768008399999999938e+02 2.588382959999999677e+00
7.771016919999999573e+02 2.475883129999999710e+00
7.774025440000000344e+02 2.372948919999999795e+00
7.777033969999999954e+02 2.279629599999999812e+00
7.780042489999999589e+02 2.195791429999999878e+00
7.783051010000000360e+02 2.121159899999999876e+00
7.786059539999999970e+02 2.055312690000000053e+00
7.789068059999999605e+02 1.997693750000000046e+00
7.792076590000000351e+02 1.947613269999999952e+00
7.795085109999999986e+02 1.904233649999999889e+00
7.798093629999999621e+02 1.866632819999999970e+00
7.801102160000000367e+02 1.833769050000000123e+00
7.804110680000000002e+02 1.804509090000000038e+00
7.807119209999999612e+02 1.777635269999999990e+00
7.810127730000000383e+02 1.751866520000000094e+00
7.813136250000000018e+02 1.725872540000000122e+00
7.816144779999999628e+02 1.698280759999999834e+00
7.819153300000000399e+02 1.667690490000000025e+00
7.822161820000000034e+02 1.632701029999999998e+00
7.825170349999999644e+02 1.591911660000000062e+00
7.828178870000000416e+02 1.543942790000000009e+00
7.831187400000000025e+02 1.487464119999999834e+00
7.834195919999999660e+02 1.421187549999999966e+00
7.837204440000000432e+02 1.343888350000000065e+00
7.840212970000000041e+02 1.254433279999999984e+00
7.843221489999999676e+02 1.151773580000000186e+00
7.846230010000000448e+02 1.034966059999999910e+00
7.849238540000000057e+02 9.031942159999999387e-01
7.852247059999999692e+02 7.557682679999999653e-01
7.855255590000000439e+02 5.921258169999999987e-01
7.858264110000000073e+02 4.118656569999999961e-01
7.861272629999999708e+02 2.147301699999999980e-01
7.864281160000000455e+02 6.253133719999999854e-04
7.867289680000000089e+02 -2.303800559999999997e-01
7.870298199999999724e+02 -4.780514260000000015e-01
7.873306730000000471e+02 -7.419864580000000709e-01
7.876315250000000106e+02 -1.021606570000000103e+00
7.879323779999999715e+02 -1.316176919999999972e+00
7.882332300000000487e+02 -1.624796549999999895e+00
7.885340820000000122e+02 -1.946402610000000033e+00
7.888349349999999731e+02 -2.279777409999999893e+00
7.891357870000000503e+02 -2.623555440000000072e+00
7.894366390000000138e+02 -2.976230399999999943e+00
7.897374919999999747e+02 -3.336183399999999910e+00
7.900383440000000519e+02 -3.701654759999999822e+00
7.903391970000000128e+02 -4.070800320000000028e+00
7.906400489999999763e+02 -4.441663339999999849e+00
7.909409010000000535e+02 -4.812223679999999781e+00
7.912417540000000145e+02 -5.180383830000000245e+00
7.915426059999999779e+02 -5.544011040000000001e+00
7.918434580000000551e+02 -5.900930349999999436e+00
7.921443110000000161e+02 -6.248959759999999974e+00
7.924451629999999795e+02 -6.585896149999999949e+00
7.927460160000000542e+02 -6.909578639999999439e+00
7.930468680000000177e+02 -7.217853370000000268e+00
7.933477199999999812e+02 -7.508622809999999426e+00
7.936485730000000558e+02 -7.779965390000000092e+00
7.939494250000000193e+02 -8.029769489999999621e+00
7.942502779999999802e+02 -8.256275439999999577e+00
7.945511299999999437e+02 -8.457793940000000177e+00
7.948519820000000209e+02 -8.632706080000000171e+00
7.951528349999999818e+02 -8.779463350000000332e+00
7.954536869999999453e+02 -8.896798779999999240e+00
7.957545390000000225e+02 -8.983586170000000592e+00
7.960553919999999835e+02 -9.038840110000000649e+00
7.963562439999999469e+02 -9.061786330000000333e+00
7.966570970000000216e+02 -9.051720960000000815e+00
7.969579489999999851e+02 -9.008292069999999541e+00
7.972588009999999485e+02 -8.931288500000000852e+00
7.975596540000000232e+02 -8.820639850000000948e+00
7.978605059999999867e+02 -8.676627679999999287e+00
7.981613579999999502e+02 -8.499533530000000781e+00
7.984622110000000248e+02 -8.289990900000001162e+00
7.987630629999999883e+02 -8.048774030000000579e+00
7.990639159999999492e+02 -7.776938740000000294e+00
7.993647680000000264e+02 -7.475470449999999545e+00
7.996656199999999899e+02 -7.145847289999999852e+00
7.999664729999999508e+02 -6.789561460000000714e+00
8.002673250000000280e+02 -6.408245949999999524e+00
8.005681769999999915e+02 -6.003744909999999990e+00
8.008690299999999525e+02 -5.578001009999999482e+00
8.011698820000000296e+02 -5.133097720000000308e+00
8.014707349999999906e+02 -4.671210010000000246e+00
8.017715869999999541e+02 -4.194611370000000505e+00
8.020724390000000312e+02 -3.705666830000000189e+00
8.023732919999999922e+02 -3.206783610000000007e+00
8.026741439999999557e+02 -2.700411200000000012e+00
8.029749960000000328e+02 -2.189041299999999968e+00
8.032758489999999938e+02 -1.675172649999999930e+00
8.035767009999999573e+02 -1.161275849999999998e+00
8.038775540000000319e+02 -6.498214839999999493e-01
8.041784059999999954e+02 -1.432273530000000017e-01
8.044792579999999589e+02 3.561436459999999804e-01
8.047801110000000335e+02 8.460046329999999504e-01
8.050809629999999970e+02 1.324151790000000162e+00
8.053818149999999605e+02 1.788488969999999956e+00
8.056826680000000351e+02 2.237031280000000066e+00
8.059835199999999986e+02 2.667927520000000108e+00
8.062843729999999596e+02 3.079467279999999807e+00
8.065852250000000367e+02 3.470087970000000244e+00
8.068860770000000002e+02 3.838381850000000206e+00
8.071869299999999612e+02 4.183110109999999437e+00
8.074877820000000384e+02 4.503216919999999845e+00
8.077886349999999993e+02 4.797801350000000298e+00
8.080894869999999628e+02 5.066173590000000004e+00
8.083903390000000400e+02 5.307798699999999315e+00
8.086911920000000009e+02 5.522345869999999657e+00
8.089920439999999644e+02 5.709660229999999892e+00
8.092928960000000416e+02 5.869755869999999653e+00
8.095937490000000025e+02 6.002836910000000081e+00
8.098946009999999660e+02 6.109276400000000606e+00
8.101954540000000407e+02 6.189602250000000083e+00
8.104963060000000041e+02 6.244518330000000006e+00
8.107971579999999676e+02 6.274848169999999392e+00
8.110980110000000423e+02 6.281577180000000205e+00
8.113988630000000057e+02 6.265803420000000123e+00
8.116997149999999692e+02 6.228744559999999986e+00
8.120005680000000439e+02 6.171709830000000174e+00
8.123014200000000073e+02 6.096121039999999880e+00
8.126022729999999683e+02 6.003442240000000041e+00
8.129031250000000455e+02 5.895214909999999975e+00
8.132039770000000090e+02 5.773015730000000012e+00
8.135048299999999699e+02 5.638470629999999595e+00
8.138056820000000471e+02 5.493191500000000005e+00
8.141065340000000106e+02 5.338804249999999918e+00
8.144073869999999715e+02 5.176927819999999514e+00
8.147082390000000487e+02 5.009131820000000346e+00
8.150090920000000096e+02 4.836950700000000047e+00
8.153099439999999731e+02 4.661869629999999987e+00
8.156107960000000503e+02 4.485296350000000487e+00
8.159116490000000113e+02 4.308554140000000032e+00
8.162125009999999747e+02 4.132874779999999859e+00
8.165133530000000519e+02 3.959398530000000083e+00
8.168142060000000129e+02 3.789146020000000004e+00
8.171150579999999763e+02 3.623018200000000189e+00
8.174159110000000510e+02 3.461782290000000373e+00
8.177167630000000145e+02 3.306092880000000012e+00
8.180176149999999780e+02 3.156463820000000364e+00
8.183184680000000526e+02 3.013268139999999651e+00
8.186193200000000161e+02 2.876738120000000176e+00
8.189201729999999770e+02 2.746979360000000092e+00
8.192210250000000542e+02 2.623956639999999840e+00
8.195218770000000177e+02 2.507494019999999768e+00
8.198227299999999786e+02 2.397288809999999604e+00
8.201235820000000558e+02 2.292932780000000115e+00
8.204244340000000193e+02 2.193883940000000088e+00
8.207252869999999803e+02 2.099487690000000129e+00
8.210261389999999437e+02 2.009004969999999890e+00
8.213269920000000184e+02 1.921598169999999994e+00
8.216278439999999819e+02 1.836352259999999958e+00
8.219286959999999453e+02 1.752281810000000162e+00
8.222295490000000200e+02 1.668366209999999850e+00
8.225304009999999835e+02 1.583507430000000049e+00
8.228312529999999470e+02 1.496621490000000110e+00
8.231321060000000216e+02 1.406568130000000139e+00
8.234329579999999851e+02 1.312249309999999891e+00
8.237338109999999460e+02 1.212545870000000026e+00
8.240346630000000232e+02 1.106387930000000130e+00
8.243355149999999867e+02 9.927337480000000269e-01
8.246363679999999476e+02 8.706049519999999875e-01
8.249372200000000248e+02 7.390935450000000184e-01
8.252380719999999883e+02 5.973703660000000415e-01
8.255389249999999493e+02 4.446907179999999848e-01
8.258397770000000264e+02 2.804246369999999766e-01
8.261406299999999874e+02 1.040512569999999942e-01
8.264414819999999509e+02 -8.482710999999999724e-02
8.267423340000000280e+02 -2.864751190000000003e-01
8.270431869999999890e+02 -5.010222819999999855e-01
8.273440389999999525e+02 -7.284510029999999858e-01
8.276448910000000296e+02 -9.686050229999999539e-01
8.279457439999999906e+02 -1.221161259999999915e+00
8.282465959999999541e+02 -1.485662210000000094e+00
8.285474490000000287e+02 -1.761481410000000025e+00
8.288483009999999922e+02 -2.047865729999999829e+00
8.291491529999999557e+02 -2.343879020000000146e+00
8.294500060000000303e+02 -2.648479539999999854e+00
8.297508579999999938e+02 -2.960456639999999862e+00
8.300517099999999573e+02 -3.278494069999999816e+00
8.303525630000000319e+02 -3.601127790000000051e+00
8.306534149999999954e+02 -3.926809269999999685e+00
8.309542679999999564e+02 -4.253856260000000056e+00
8.312551200000000335e+02 -4.580523159999999372e+00
8.315559719999999970e+02 -4.904972869999999929e+00
8.318568249999999580e+02 -5.225311969999999917e+00
8.321576770000000352e+02 -5.539590720000000523e+00
8.324585299999999961e+02 -5.845838310000000426e+00
8.327593819999999596e+02 -6.142048679999999372e+00
8.330602340000000368e+02 -6.426236910000000080e+00
8.333610869999999977e+02 -6.696411069999999910e+00
8.336619389999999612e+02 -6.950621410000000111e+00
8.339627910000000384e+02 -7.186953400000000158e+00
8.342636439999999993e+02 -7.403605139999999807e+00
8.345644959999999628e+02 -7.598859179999999824e+00
8.348653490000000374e+02 -7.770955830000000120e+00
8.351662010000000009e+02 -7.918346589999999630e+00
8.354670529999999644e+02 -8.039764469999999719e+00
8.357679060000000391e+02 -8.133801749999999942e+00
8.360687580000000025e+02 -8.199332209999999677e+00
8.363696099999999660e+02 -8.235511219999999355e+00
8.366704630000000407e+02 -8.241423740000000109e+00
8.369713150000000041e+02 -8.216577069999999594e+00
8.372721679999999651e+02 -8.160548869999999511e+00
8.375730200000000423e+02 -8.073057609999999329e+00
8.378738720000000058e+02 -7.954244049999999788e+00
8.381747249999999667e+02 -7.804178579999999421e+00
8.384755770000000439e+02 -7.623353920000000450e+00
8.387764290000000074e+02 -7.412473929999999989e+00
8.390772819999999683e+02 -7.172242480000000420e+00
8.393781340000000455e+02 -6.903722430000000188e+00
8.396789870000000064e+02 -6.608222969999999918e+00
8.399798389999999699e+02 -6.287137770000000181e+00
8.402806910000000471e+02 -5.942099810000000204e+00
8.405815440000000081e+02 -5.574889890000000570e+00
8.408823959999999715e+02 -5.187478859999999692e+00
8.411832480000000487e+02 -4.781971269999999663e+00
8.414841010000000097e+02 -4.360612500000000225e+00
8.417849529999999731e+02 -3.925774580000000125e+00
8.420858060000000478e+02 -3.479928099999999969e+00
8.423866580000000113e+02 -3.025635159999999768e+00
8.426875099999999748e+02 -2.565528249999999844e+00
8.429883630000000494e+02 -2.102296139999999980e+00
8.432892150000000129e+02 -1.638641709999999918e+00
8.435900669999999764e+02 -1.177310049999999997e+00
8.438909200000000510e+02 -7.210040399999999572e-01
8.441917720000000145e+02 -2.724216139999999786e-01
8.444926249999999754e+02 1.657962990000000081e-01
8.447934770000000526e+02 5.910784559999999743e-01
8.450943290000000161e+02 1.000940890000000083e+00
8.453951819999999771e+02 1.393004520000000079e+00
8.456960340000000542e+02 1.765014850000000024e+00
8.459968870000000152e+02 2.114874330000000135e+00
8.462977389999999787e+02 2.440626200000000079e+00
8.465985910000000558e+02 2.740503740000000299e+00
8.468994440000000168e+02 3.012916200000000266e+00
8.472002959999999803e+02 3.256491040000000226e+00
8.475011479999999437e+02 3.470052780000000059e+00
8.478020010000000184e+02 3.652665279999999903e+00
8.481028529999999819e+02 3.803617630000000194e+00
8.484037060000000565e+02 3.922431189999999734e+00
8.487045580000000200e+02 4.008866639999999926e+00
8.490054099999999835e+02 4.062952150000000096e+00
8.493062629999999444e+02 4.084941109999999931e+00
8.496071150000000216e+02 4.075333259999999846e+00
8.499079669999999851e+02 4.034867669999999684e+00
8.502088199999999460e+02 3.964536799999999861e+00
8.505096720000000232e+02 3.865537230000000157e+00
8.508105249999999842e+02 3.739311899999999689e+00
8.511113769999999477e+02 3.587500830000000196e+00
8.514122290000000248e+02 3.411941119999999827e+00
8.517130819999999858e+02 3.214652899999999924e+00
8.520139339999999493e+02 2.997832230000000209e+00
8.523147860000000264e+02 2.763823009999999858e+00
8.526156389999999874e+02 2.515109910000000060e+00
8.529164909999999509e+02 2.254290210000000183e+00
8.532173440000000255e+02 1.984052709999999831e+00
8.535181959999999890e+02 1.707163629999999932e+00
8.538190479999999525e+02 1.426438439999999863e+00
8.541199010000000271e+02 1.144734860000000021e+00
8.544207529999999906e+02 8.648965520000000406e-01
8.547216049999999541e+02 5.897805160000000324e-01
8.550224580000000287e+02 3.221867579999999620e-01
8.553233099999999922e+02 6.486234949999999944e-02
8.556241629999999532e+02 -1.795274300000000156e-01
8.559250150000000303e+02 -4.084216119999999894e-01
8.562258669999999938e+02 -6.193818450000000420e-01
8.565267199999999548e+02 -8.101142090000000850e-01
8.568275720000000319e+02 -9.784944209999999476e-01
8.571284239999999954e+02 -1.122562899999999919e+00
8.574292769999999564e+02 -1.240581090000000053e+00
8.577301290000000336e+02 -1.331000460000000052e+00
8.580309819999999945e+02 -1.392511810000000017e+00
8.583318339999999580e+02 -1.424031190000000002e+00
8.586326860000000352e+02 -1.424742100000000011e+00
8.589335389999999961e+02 -1.394067369999999917e+00
8.592343909999999596e+02 -1.331697290000000145e+00
8.595352440000000342e+02 -1.237575550000000080e+00
8.598360959999999977e+02 -1.111941480000000038e+00
8.601369479999999612e+02 -9.552736910000000359e-01
8.604378010000000359e+02 -7.683253409999999395e-01
8.607386529999999993e+02 -5.521142239999999868e-01
8.610395049999999628e+02 -3.079129420000000228e-01
8.613403580000000375e+02 -3.723777450000000100e-02
8.616412100000000009e+02 2.581597639999999583e-01
8.619420629999999619e+02 5.763020750000000803e-01
8.622429150000000391e+02 9.150051850000000542e-01
8.625437670000000026e+02 1.271882270000000092e+00
8.628446199999999635e+02 1.644378260000000092e+00
8.631454720000000407e+02 2.029776229999999959e+00
8.634463240000000042e+02 2.425218439999999642e+00
8.637471769999999651e+02 2.827741609999999906e+00
8.640480290000000423e+02 3.234276840000000153e+00
8.643488820000000032e+02 3.641677839999999833e+00
8.646497339999999667e+02 4.046770140000000460e+00
8.649505860000000439e+02 4.446330009999999611e+00
8.652514390000000049e+02 4.837154820000000299e+00
8.655522909999999683e+02 5.216063089999999569e+00
8.658531430000000455e+02 5.579915540000000007e+00
8.661539960000000065e+02 5.925650329999999855e+00
8.664548479999999699e+02 6.250311199999999623e+00
8.667557010000000446e+02 6.551047459999999489e+00
8.670565530000000081e+02 6.825163299999999822e+00
8.673574049999999716e+02 7.070110679999999981e+00
8.676582580000000462e+02 7.283595000000000041e+00
8.679591100000000097e+02 7.463434239999999775e+00
8.682599619999999732e+02 7.607657579999999697e+00
8.685608150000000478e+02 7.714646089999999568e+00
8.688616670000000113e+02 7.782921649999999580e+00
8.691625199999999722e+02 7.811358069999999820e+00
8.694633720000000494e+02 7.798969930000000161e+00
8.697642240000000129e+02 7.745264509999999269e+00
8.700650769999999739e+02 7.649749110000000130e+00
8.703659290000000510e+02 7.512564499999999867e+00
8.706667810000000145e+02 7.333851450000000050e+00
8.709676339999999755e+02 7.114173060000000604e+00
8.712684860000000526e+02 6.854381009999999996e+00
8.715693390000000136e+02 6.555601509999999799e+00
8.718701909999999771e+02 6.219235259999999599e+00
8.721710430000000542e+02 5.846957459999999607e+00
8.724718960000000152e+02 5.440696739999999920e+00
8.727727479999999787e+02 5.002628040000000276e+00
8.730736010000000533e+02 4.535172700000000390e+00
8.733744530000000168e+02 4.040942079999999770e+00
8.736753049999999803e+02 3.522751659999999951e+00
8.739761580000000549e+02 2.983614019999999645e+00
8.742770100000000184e+02 2.426668419999999937e+00
8.745778619999999819e+02 1.855201939999999938e+00
8.748787150000000565e+02 1.272600210000000009e+00
8.751795670000000200e+02 6.823572549999999959e-01
8.754804199999999810e+02 8.800086789999998771e-02
8.757812719999999445e+02 -5.068897569999999408e-01
8.760821240000000216e+02 -1.098729799999999868e+00
8.763829769999999826e+02 -1.683949930000000039e+00
8.766838289999999461e+02 -2.259020229999999962e+00
8.769846810000000232e+02 -2.820484690000000239e+00
8.772855339999999842e+02 -3.364957679999999840e+00
8.775863859999999477e+02 -3.889194360000000295e+00
8.778872390000000223e+02 -4.390076569999999734e+00
8.781880909999999858e+02 -4.864641020000000537e+00
8.784889429999999493e+02 -5.310107399999999700e+00
8.787897960000000239e+02 -5.723899559999999553e+00
8.790906479999999874e+02 -6.103659509999999955e+00
8.793914999999999509e+02 -6.447261569999999331e+00
8.796923530000000255e+02 -6.752833429999999915e+00
8.799932049999999890e+02 -7.018756200000000334e+00
8.802940579999999500e+02 -7.243685470000000848e+00
8.805949100000000271e+02 -7.426551360000000379e+00
8.808957619999999906e+02 -7.566621849999999760e+00
8.811966149999999516e+02 -7.663404220000000322e+00
8.814974670000000287e+02 -7.716687320000000128e+00
8.817983189999999922e+02 -7.726541519999999608e+00
8.820991719999999532e+02 -7.693389160000000615e+00
8.824000240000000304e+02 -7.618004489999999684e+00
8.827008769999999913e+02 -7.501232160000000704e+00
8.830017289999999548e+02 -7.344339140000000654e+00
8.833025810000000320e+02 -7.148803550000000229e+00
8.836034339999999929e+02 -6.916427309999999551e+00
8.839042859999999564e+02 -6.649139039999999667e+00
8.842051380000000336e+02 -6.349155910000000347e+00
8.845059909999999945e+02 -6.018849990000000538e+00
8.848068429999999580e+02 -5.660804490000000300e+00
8.851076960000000327e+02 -5.277743379999999540e+00
8.854085479999999961e+02 -4.872538460000000349e+00
8.857093999999999596e+02 -4.448174150000000715e+00
8.860102530000000343e+02 -4.007726370000000315e+00
8.863111049999999977e+02 -3.554334389999999733e+00
8.866119579999999587e+02 -3.091186750000000316e+00
8.869128100000000359e+02 -2.621500130000000262e+00
8.872136619999999994e+02 -2.148456050000000062e+00
8.875145149999999603e+02 -1.675243040000000017e+00
8.878153670000000375e+02 -1.204965170000000141e+00
8.881162190000000010e+02 -7.406702179999999913e-01
8.884170719999999619e+02 -2.852919100000000374e-01
8.887179240000000391e+02 1.583437040000000018e-01
8.890187770000000000e+02 5.875626159999999265e-01
8.893196289999999635e+02 9.998498920000000734e-01
8.896204810000000407e+02 1.392863750000000067e+00
8.899213340000000017e+02 1.764472870000000082e+00
8.902221859999999651e+02 2.112741589999999725e+00
8.905230380000000423e+02 2.435959530000000317e+00
8.908238910000000033e+02 2.732648530000000076e+00
8.911247429999999667e+02 3.001590900000000062e+00
8.914255960000000414e+02 3.241801229999999645e+00
8.917264480000000049e+02 3.452554530000000010e+00
8.920272999999999683e+02 3.633386230000000161e+00
8.923281530000000430e+02 3.784092220000000228e+00
8.926290050000000065e+02 3.904714729999999800e+00
8.929298569999999700e+02 3.995563469999999562e+00
8.932307100000000446e+02 4.057194479999999714e+00
8.935315620000000081e+02 4.090396110000000363e+00
8.938324149999999690e+02 4.096203060000000562e+00
8.941332670000000462e+02 4.075868199999999497e+00
8.944341190000000097e+02 4.030834480000000219e+00
8.947349719999999706e+02 3.962748959999999876e+00
8.950358240000000478e+02 3.873448749999999663e+00
8.953366760000000113e+02 3.764918750000000092e+00
8.956375289999999723e+02 3.639270600000000133e+00
8.959383810000000494e+02 3.498756670000000124e+00
8.962392340000000104e+02 3.345720870000000069e+00
8.965400859999999739e+02 3.182591539999999775e+00
8.968409380000000510e+02 3.011832239999999938e+00
8.971417910000000120e+02 2.835976909999999851e+00
8.974426429999999755e+02 2.657531329999999858e+00
8.977434950000000526e+02 2.479022400000000292e+00
8.980443480000000136e+02 2.302913680000000074e+00
8.983451999999999771e+02 2.131633509999999898e+00
8.986460530000000517e+02 1.967532839999999839e+00
8.989469050000000152e+02 1.812849979999999972e+00
8.992477569999999787e+02 1.669710609999999873e+00
8.995486100000000533e+02 1.540120770000000139e+00
8.998494620000000168e+02 1.425896449999999982e+00
9.001503149999999778e+02 1.328726950000000073e+00
9.004511670000000549e+02 1.250076320000000019e+00
9.007520190000000184e+02 1.191232630000000015e+00
9.010528719999999794e+02 1.153272830000000138e+00
9.013537240000000565e+02 1.137048579999999864e+00
9.016545760000000200e+02 1.143186349999999907e+00
9.019554289999999810e+02 1.172087320000000155e+00
9.022562809999999445e+02 1.223906359999999971e+00
9.025571340000000191e+02 1.298566050000000027e+00
9.028579859999999826e+02 1.395756659999999982e+00
9.031588379999999461e+02 1.514922160000000018e+00
9.034596910000000207e+02 1.655281229999999937e+00
9.037605429999999842e+02 1.815841429999999868e+00
9.040613949999999477e+02 1.995370969999999744e+00
9.043622480000000223e+02 2.192455079999999779e+00
9.046630999999999858e+02 2.405474840000000114e+00
9.049639529999999468e+02 2.632635379999999969e+00
9.052648050000000239e+02 2.871972909999999768e+00
9.055656569999999874e+02 3.121382849999999820e+00
9.058665099999999484e+02 3.378633910000000018e+00
9.061673620000000255e+02 3.641368139999999975e+00
9.064682139999999890e+02 3.907150130000000221e+00
9.067690669999999500e+02 4.173474099999999964e+00
9.070699190000000272e+02 4.437784999999999869e+00
9.073707719999999881e+02 4.697499620000000320e+00
9.076716239999999516e+02 4.950034740000000433e+00
9.079724760000000288e+02 5.192821239999999783e+00
9.082733289999999897e+02 5.423325179999999968e+00
9.085741809999999532e+02 5.639090040000000137e+00
9.088750330000000304e+02 5.837736740000000424e+00
9.091758859999999913e+02 6.016984729999999892e+00
9.094767379999999548e+02 6.174673129999999510e+00
9.097775910000000295e+02 6.308809979999999484e+00
9.100784429999999929e+02 6.417537059999999904e+00
9.103792949999999564e+02 6.499186189999999641e+00
9.106801480000000311e+02 6.552286279999999685e+00
9.109809999999999945e+02 6.575563319999999656e+00
9.112818529999999555e+02 6.567968539999999855e+00
9.115827050000000327e+02 6.528678419999999427e+00
9.118835569999999962e+02 6.457101690000000005e+00
9.121844099999999571e+02 6.352900510000000445e+00
9.124852620000000343e+02 6.215983370000000008e+00
9.127861139999999978e+02 6.046491040000000261e+00
9.130869669999999587e+02 5.844838809999999718e+00
9.133878190000000359e+02 5.611667200000000300e+00
9.136886719999999968e+02 5.347884200000000199e+00
9.139895239999999603e+02 5.054616020000000098e+00
9.142903760000000375e+02 4.733221109999999676e+00
9.145912289999999985e+02 4.385297280000000519e+00
9.148920809999999619e+02 4.012632359999999565e+00
9.151929330000000391e+02 3.617204220000000081e+00
9.154937860000000001e+02 3.201201909999999984e+00
9.157946379999999635e+02 2.766948199999999858e+00
9.160954910000000382e+02 2.316920730000000095e+00
9.163963430000000017e+02 1.853737889999999888e+00
9.166971949999999651e+02 1.380102549999999928e+00
9.169980480000000398e+02 8.988302110000000456e-01
9.172989000000000033e+02 4.127708359999999743e-01
9.175997519999999668e+02 -7.515661529999999313e-02
9.179006050000000414e+02 -5.620303700000000013e-01
9.182014570000000049e+02 -1.044925840000000106e+00
9.185023099999999658e+02 -1.520947300000000002e+00
9.188031620000000430e+02 -1.987248290000000139e+00
9.191040140000000065e+02 -2.441048519999999833e+00
9.194048669999999674e+02 -2.879673270000000063e+00
9.197057190000000446e+02 -3.300553410000000021e+00
9.200065710000000081e+02 -3.701253549999999670e+00
9.203074239999999691e+02 -4.079500180000000142e+00
9.206082760000000462e+02 -4.433181680000000568e+00
9.209091290000000072e+02 -4.760390560000000271e+00
9.212099809999999707e+02 -5.059402340000000109e+00
9.215108330000000478e+02 -5.328717769999999909e+00
9.218116860000000088e+02 -5.567083959999999720e+00
9.221125379999999723e+02 -5.773452129999999904e+00
9.224133900000000494e+02 -5.947048029999999486e+00
9.227142430000000104e+02 -6.087329679999999854e+00
9.230150949999999739e+02 -6.194029610000000297e+00
9.233159480000000485e+02 -6.267119659999999648e+00
9.236168000000000120e+02 -6.306839140000000121e+00
9.239176519999999755e+02 -6.313673740000000478e+00
9.242185050000000501e+02 -6.288369549999999641e+00
9.245193570000000136e+02 -6.231911990000000401e+00
9.248202099999999746e+02 -6.145511720000000011e+00
9.251210620000000517e+02 -6.030611689999999747e+00
9.254219140000000152e+02 -5.888873030000000064e+00
9.257227669999999762e+02 -5.722132839999999554e+00
9.260236190000000533e+02 -5.532432349999999666e+00
9.263244710000000168e+02 -5.321960599999999708e+00
9.266253239999999778e+02 -5.093068530000000038e+00
9.269261760000000550e+02 -4.848212649999999790e+00
9.272270290000000159e+02 -4.589983199999999819e+00
9.275278809999999794e+02 -4.321019710000000735e+00
9.278287330000000566e+02 -4.044046159999999723e+00
9.281295860000000175e+02 -3.761821719999999925e+00
9.284304379999999810e+02 -3.477112609999999826e+00
9.287312899999999445e+02 -3.192685060000000075e+00
9.290321430000000191e+02 -2.911256000000000288e+00
9.293329949999999826e+02 -2.635521259999999977e+00
9.296338479999999436e+02 -2.368057010000000240e+00
9.299347000000000207e+02 -2.111376079999999877e+00
9.302355519999999842e+02 -1.867850519999999959e+00
9.305364049999999452e+02 -1.639718629999999955e+00
9.308372570000000223e+02 -1.429042759999999967e+00
9.311381089999999858e+02 -1.237744480000000147e+00
9.314389619999999468e+02 -1.067506049999999984e+00
9.317398140000000240e+02 -9.198337459999998966e-01
9.320406669999999849e+02 -7.959945409999999999e-01
9.323415189999999484e+02 -6.970336849999999584e-01
9.326423710000000256e+02 -6.237493689999999980e-01
9.329432239999999865e+02 -5.766899079999999733e-01
9.332440759999999500e+02 -5.561495210000000355e-01
9.335449280000000272e+02 -5.621669209999999861e-01
9.338457809999999881e+02 -5.945196850000000754e-01
9.341466329999999516e+02 -6.527312899999999640e-01
9.344474860000000263e+02 -7.360739350000000680e-01
9.347483379999999897e+02 -8.435621970000000136e-01
9.350491899999999532e+02 -9.739755650000000431e-01
9.353500430000000279e+02 -1.125871099999999903e+00
9.356508949999999913e+02 -1.297587660000000032e+00
9.359517469999999548e+02 -1.487231839999999972e+00
9.362526000000000295e+02 -1.692762410000000051e+00
9.365534519999999929e+02 -1.911926970000000114e+00
9.368543049999999539e+02 -2.142346439999999852e+00
9.371551570000000311e+02 -2.381486889999999690e+00
9.374560089999999946e+02 -2.626722860000000104e+00
9.377568619999999555e+02 -2.875316299999999714e+00
9.380577140000000327e+02 -3.124465800000000293e+00
9.383585669999999936e+02 -3.371341800000000166e+00
9.386594189999999571e+02 -3.613072489999999970e+00
9.389602710000000343e+02 -3.846800159999999913e+00
9.392611239999999952e+02 -4.069702280000000449e+00
9.395619759999999587e+02 -4.278991519999999937e+00
9.398628280000000359e+02 -4.471972059999999694e+00
9.401636809999999969e+02 -4.646039549999999352e+00
9.404645329999999603e+02 -4.798730459999999809e+00
9.407653860000000350e+02 -4.927693850000000708e+00
9.410662379999999985e+02 -5.030782920000000047e+00
9.413670899999999619e+02 -5.106005699999999869e+00
9.416679430000000366e+02 -5.151602510000000024e+00
9.419687950000000001e+02 -5.166003729999999905e+00
9.422696469999999636e+02 -5.147900139999999958e+00
9.425705000000000382e+02 -5.096221879999999871e+00
9.428713520000000017e+02 -5.010166509999999462e+00
9.431722049999999626e+02 -4.889192060000000062e+00
9.434730570000000398e+02 -4.733038109999999854e+00
9.437739090000000033e+02 -4.541732790000000186e+00
9.440747619999999642e+02 -4.315578780000000059e+00
9.443756140000000414e+02 -4.055160289999999890e+00
9.446764660000000049e+02 -3.761357160000000199e+00
9.449773189999999659e+02 -3.435330779999999695e+00
9.452781710000000430e+02 -3.078495939999999820e+00
9.455790240000000040e+02 -2.692541910000000094e+00
9.458798759999999675e+02 -2.279418440000000157e+00
9.461807280000000446e+02 -1.841314549999999883e+00
9.464815810000000056e+02 -1.380630459999999893e+00
9.467824329999999691e+02 -8.999845610000000162e-01
9.470832850000000462e+02 -4.021965700000000310e-01
9.473841380000000072e+02 1.097582490000000022e-01
9.476849899999999707e+02 6.327469619999999129e-01
9.479858430000000453e+02 1.163514160000000075e+00
9.482866950000000088e+02 1.698696049999999902e+00
9.485875469999999723e+02 2.234849269999999777e+00
9.488884000000000469e+02 2.768489680000000064e+00
9.491892520000000104e+02 3.296090870000000006e+00
9.494901039999999739e+02 3.814133469999999804e+00
9.497909570000000485e+02 4.319119260000000793e+00
9.500918090000000120e+02 4.807606279999999899e+00
9.503926619999999730e+02 5.276230049999999672e+00
9.506935140000000501e+02 5.721724589999999999e+00
9.509943660000000136e+02 6.140950639999999794e+00
9.512952189999999746e+02 6.530930810000000086e+00
9.515960710000000518e+02 6.888849620000000229e+00
9.518969240000000127e+02 7.212081619999999305e+00
9.521977759999999762e+02 7.498275900000000327e+00
9.524986280000000534e+02 7.745264509999999269e+00
9.527994810000000143e+02 7.951076629999999312e+00
9.531003329999999778e+02 8.114093340000000154e+00
9.534011850000000550e+02 8.232977280000000064e+00
9.537020380000000159e+02 8.306672660000000263e+00
9.540028899999999794e+02 8.334334820000000477e+00
9.543037430000000541e+02 8.315611829999999927e+00
9.546045950000000175e+02 8.250222139999999982e+00
9.549054469999999810e+02 8.138376909999999853e+00
9.552063000000000557e+02 7.980498469999999678e+00
9.555071520000000191e+02 7.777431450000000801e+00
9.558080039999999826e+02 7.530231679999999983e+00
9.561088569999999436e+02 7.240236499999999964e+00
9.564097090000000208e+02 6.909121120000000005e+00
9.567105619999999817e+02 6.538821210000000050e+00
9.570114139999999452e+02 6.131525789999999532e+00
9.573122660000000224e+02 5.689656190000000002e+00
9.576131189999999833e+02 5.215894159999999502e+00
9.579139709999999468e+02 4.713083339999999843e+00
9.582148230000000240e+02 4.184299649999999815e+00
9.585156759999999849e+02 3.632738669999999725e+00
9.588165279999999484e+02 3.061771940000000303e+00
9.591173810000000231e+02 2.474862520000000288e+00
9.594182329999999865e+02 1.875579029999999925e+00
9.597190849999999500e+02 1.267546410000000012e+00
9.600199380000000247e+02 6.544170630000000211e-01
9.603207899999999881e+02 3.987588599999999928e-02
9.606216419999999516e+02 -5.724216300000000146e-01
9.609224950000000263e+02 -1.178858570000000050e+00
9.612233469999999897e+02 -1.775889669999999976e+00
9.615241999999999507e+02 -2.360053989999999935e+00
9.618250520000000279e+02 -2.928015180000000051e+00
9.621259039999999914e+02 -3.476584710000000022e+00
9.624267569999999523e+02 -4.002721840000000419e+00
9.627276090000000295e+02 -4.503589980000000104e+00
9.630284609999999930e+02 -4.976542560000000393e+00
9.633293139999999539e+02 -5.419158260000000560e+00
9.636301660000000311e+02 -5.829262120000000102e+00
9.639310189999999920e+02 -6.204918499999999781e+00
9.642318709999999555e+02 -6.544466260000000091e+00
9.645327230000000327e+02 -6.846518769999999421e+00
9.648335759999999937e+02 -7.109949829999999693e+00
9.651344279999999571e+02 -7.333992219999999840e+00
9.654352810000000318e+02 -7.518054700000000423e+00
9.657361329999999953e+02 -7.661996479999999998e+00
9.660369849999999587e+02 -7.765747179999999972e+00
9.663378380000000334e+02 -7.829729129999999593e+00
9.666386899999999969e+02 -7.854575799999999219e+00
9.669395419999999604e+02 -7.841061459999999705e+00
9.672403950000000350e+02 -7.790523469999999229e+00
9.675412469999999985e+02 -7.704299169999999641e+00
9.678420999999999594e+02 -7.584007480000000356e+00
9.681429520000000366e+02 -7.431478460000000119e+00
9.684438040000000001e+02 -7.248894120000000107e+00
9.687446569999999610e+02 -7.038464609999999233e+00
9.690455090000000382e+02 -6.802583089999999721e+00
9.693463610000000017e+02 -6.543818700000000099e+00
9.696472139999999627e+02 -6.264853190000000183e+00
9.699480660000000398e+02 -5.968459809999999699e+00
9.702489190000000008e+02 -5.657489249999999359e+00
9.705497709999999643e+02 -5.334834419999999966e+00
9.708506230000000414e+02 -5.003402300000000302e+00
9.711514760000000024e+02 -4.666113979999999550e+00
9.714523279999999659e+02 -4.325855309999999676e+00
9.717531800000000430e+02 -3.985455869999999567e+00
9.720540330000000040e+02 -3.647681869999999993e+00
9.723548849999999675e+02 -3.315193949999999834e+00
9.726557380000000421e+02 -2.990533080000000066e+00
9.729565900000000056e+02 -2.676106509999999883e+00
9.732574419999999691e+02 -2.374159580000000158e+00
9.735582950000000437e+02 -2.086754650000000044e+00
9.738591470000000072e+02 -1.815778080000000072e+00
9.741599989999999707e+02 -1.562891019999999909e+00
9.744608520000000453e+02 -1.329536400000000063e+00
9.747617040000000088e+02 -1.116938970000000086e+00
9.750625569999999698e+02 -9.260770889999999644e-01
9.753634090000000469e+02 -7.576757599999999204e-01
9.756642610000000104e+02 -6.122192450000000230e-01
9.759651139999999714e+02 -4.899398209999999976e-01
9.762659660000000486e+02 -3.908135549999999792e-01
9.765668180000000120e+02 -3.145694580000000240e-01
9.768676709999999730e+02 -2.606901829999999642e-01
9.771685230000000502e+02 -2.284211800000000014e-01
9.774693760000000111e+02 -2.167777330000000002e-01
9.777702279999999746e+02 -2.245562200000000008e-01
9.780710800000000518e+02 -2.503474909999999776e-01
9.783719330000000127e+02 -2.925509400000000371e-01
9.786727849999999762e+02 -3.493899959999999805e-01
9.789736380000000509e+02 -4.189290099999999906e-01
9.792744900000000143e+02 -4.990964889999999765e-01
9.795753419999999778e+02 -5.876998709999999848e-01
9.798761950000000525e+02 -6.824515730000000335e-01
9.801770470000000159e+02 -7.809879939999999632e-01
9.804778989999999794e+02 -8.808955579999999674e-01
9.807787520000000541e+02 -9.797261970000000764e-01
9.810796040000000175e+02 -1.075030439999999921e+00
9.813804569999999785e+02 -1.164379930000000174e+00
9.816813090000000557e+02 -1.245388530000000049e+00
9.819821610000000192e+02 -1.315733480000000011e+00
9.822830139999999801e+02 -1.373176460000000043e+00
9.825838659999999436e+02 -1.415591770000000027e+00
9.828847180000000208e+02 -1.440994500000000178e+00
9.831855709999999817e+02 -1.447533469999999989e+00
9.834864229999999452e+02 -1.433540500000000106e+00
9.837872760000000198e+02 -1.397523379999999982e+00
9.840881279999999833e+02 -1.338208100000000123e+00
9.843889799999999468e+02 -1.254524790000000056e+00
9.846898330000000215e+02 -1.145628780000000013e+00
9.849906849999999849e+02 -1.010928830000000112e+00
9.852915369999999484e+02 -8.500730119999999612e-01
9.855923900000000231e+02 -6.629585480000000919e-01
9.858932419999999865e+02 -4.497402939999999849e-01
9.861940949999999475e+02 -2.108335360000000158e-01
9.864949470000000247e+02 5.309037519999999788e-02
9.867957989999999882e+02 3.411047209999999996e-01
9.870966519999999491e+02 6.520351610000000298e-01
9.873975040000000263e+02 9.844632539999998988e-01
9.876983559999999898e+02 1.336744050000000072e+00
9.879992089999999507e+02 1.707008770000000064e+00
9.883000610000000279e+02 2.093173959999999667e+00
9.886009139999999888e+02 2.492980179999999990e+00
9.889017659999999523e+02 2.903977959999999747e+00
9.892026180000000295e+02 3.323570020000000014e+00
9.895034709999999905e+02 3.749025329999999823e+00
9.898043229999999539e+02 4.177500249999999582e+00
9.901051750000000311e+02 4.606045560000000094e+00
9.904060279999999921e+02 5.031662759999999679e+00
9.907068799999999555e+02 5.451297049999999977e+00
9.910077330000000302e+02 5.861879540000000333e+00
9.913085849999999937e+02 6.260348409999999753e+00
9.916094369999999572e+02 6.643676989999999449e+00
9.919102900000000318e+02 7.008894950000000179e+00
9.922111419999999953e+02 7.353067150000000218e+00
9.925119949999999562e+02 7.673539979999999261e+00
9.928128470000000334e+02 7.967476839999999783e+00
9.931136989999999969e+02 8.232484570000000446e+00
9.934145519999999578e+02 8.466240400000000221e+00
9.937154040000000350e+02 8.666562309999999769e+00
9.940162559999999985e+02 8.831549859999999086e+00
9.943171089999999595e+02 8.959584140000000474e+00
9.946179610000000366e+02 9.049116640000001155e+00
9.949188139999999976e+02 9.099021150000000446e+00
9.952196659999999611e+02 9.108382640000000308e+00
9.955205180000000382e+02 9.076567640000000381e+00
9.958213709999999992e+02 9.003224190000000959e+00
9.961222229999999627e+02 8.888352320000000972e+00
9.964230750000000398e+02 8.732233550000000122e+00
9.967239280000000008e+02 8.535290220000000261e+00
9.970247799999999643e+02 8.298437360000001206e+00
9.973256330000000389e+02 8.022871549999999630e+00
9.976264850000000024e+02 7.709859759999999618e+00
9.979273369999999659e+02 7.361232060000000743e+00
9.982281900000000405e+02 6.978825549999999822e+00
9.985290420000000040e+02 6.564892620000000178e+00
9.988298939999999675e+02 6.121854589999999874e+00
9.991307470000000421e+02 5.652336909999999826e+00
9.994315990000000056e+02 5.159190249999999978e+00
9.997324519999999666e+02 4.645420140000000586e+00
1.000033300000000054e+03 4.114179939999999647e+00
1.000334159999999997e+03 3.568763759999999952e+00
1.000635009999999966e+03 3.012557229999999642e+00
1.000935860000000048e+03 2.449016349999999953e+00
1.001236710000000016e+03 1.881660480000000080e+00
1.001537569999999960e+03 1.314023069999999960e+00
1.001838420000000042e+03 7.496305059999999187e-01
1.002139270000000010e+03 1.919761059999999797e-01
1.002440119999999979e+03 -3.555101610000000467e-01
1.002740980000000036e+03 -8.894827939999999655e-01
1.003041830000000004e+03 -1.406715949999999937e+00
1.003342679999999973e+03 -1.904121029999999992e+00
1.003643530000000055e+03 -2.378769939999999750e+00
1.003944380000000024e+03 -2.827931650000000019e+00
1.004245239999999967e+03 -3.249079270000000186e+00
1.004546090000000049e+03 -3.639925199999999972e+00
1.004846940000000018e+03 -3.998428220000000088e+00
1.005147789999999986e+03 -4.322793469999999694e+00
1.005448650000000043e+03 -4.611542789999999670e+00
1.005749500000000012e+03 -4.863451470000000221e+00
1.006050349999999980e+03 -5.077632619999999264e+00
1.006351199999999949e+03 -5.253473879999999596e+00
1.006652060000000006e+03 -5.390714799999999585e+00
1.006952909999999974e+03 -5.489383550000000334e+00
1.007253760000000057e+03 -5.549839099999999803e+00
1.007554610000000025e+03 -5.572743090000000343e+00
1.007855469999999968e+03 -5.559087970000000212e+00
1.008156320000000051e+03 -5.510140729999999820e+00
1.008457170000000019e+03 -5.427470989999999773e+00
1.008758019999999988e+03 -5.312943999999999889e+00
1.009058880000000045e+03 -5.168650290000000425e+00
1.009359730000000013e+03 -4.996961880000000633e+00
1.009660579999999982e+03 -4.800454949999999776e+00
1.009961429999999950e+03 -4.581916829999999941e+00
1.010262280000000032e+03 -4.344324900000000156e+00
1.010563139999999976e+03 -4.090804359999999917e+00
1.010863989999999944e+03 -3.824614120000000117e+00
1.011164840000000027e+03 -3.549111660000000334e+00
1.011465689999999995e+03 -3.267738909999999830e+00
1.011766550000000052e+03 -2.983980030000000117e+00
1.012067400000000021e+03 -2.701340309999999967e+00
1.012368249999999989e+03 -2.423296870000000158e+00
1.012669099999999958e+03 -2.153305730000000029e+00
1.012969960000000015e+03 -1.894738419999999923e+00
1.013270809999999983e+03 -1.650853880000000107e+00
1.013571659999999952e+03 -1.424805450000000029e+00
1.013872510000000034e+03 -1.219570510000000052e+00
1.014173369999999977e+03 -1.037936389999999820e+00
1.014474219999999946e+03 -8.825074239999999293e-01
1.014775070000000028e+03 -7.556204549999999687e-01
1.015075919999999996e+03 -6.593730249999999460e-01
1.015376780000000053e+03 -5.955916820000000111e-01
1.015677630000000022e+03 -5.658010119999999921e-01
1.015978479999999990e+03 -5.712173050000000085e-01
1.016279329999999959e+03 -6.127358870000000346e-01
1.016580180000000041e+03 -6.909177430000000841e-01
1.016881039999999985e+03 -8.059824820000000001e-01
1.017181889999999953e+03 -9.578076289999999382e-01
1.017482740000000035e+03 -1.145917370000000046e+00
1.017783590000000004e+03 -1.369488170000000116e+00
1.018084449999999947e+03 -1.627344559999999829e+00
1.018385300000000029e+03 -1.917987310000000001e+00
1.018686149999999998e+03 -2.239572249999999709e+00
1.018986999999999966e+03 -2.589945560000000313e+00
1.019287860000000023e+03 -2.966636629999999997e+00
1.019588709999999992e+03 -3.366893329999999906e+00
1.019889559999999960e+03 -3.787703089999999939e+00
1.020190410000000043e+03 -4.225785850000000288e+00
1.020491269999999986e+03 -4.677657469999999762e+00
1.020792119999999954e+03 -5.139615569999999245e+00
1.021092970000000037e+03 -5.607802940000000014e+00
1.021393820000000005e+03 -6.078221580000000124e+00
1.021694679999999948e+03 -6.546739769999999403e+00
1.021995530000000031e+03 -7.009169459999999852e+00
1.022296379999999999e+03 -7.461252239999999425e+00
1.022597229999999968e+03 -7.898778949999999632e+00
1.022898080000000050e+03 -8.317441900000000388e+00
1.023198939999999993e+03 -8.713088239999999374e+00
1.023499789999999962e+03 -9.081635509999999911e+00
1.023800640000000044e+03 -9.419001269999998982e+00
1.024101490000000013e+03 -9.721525370000000166e+00
1.024402350000000069e+03 -9.985406900000000974e+00
1.024703199999999924e+03 -1.020733770000000007e+01
1.025004050000000007e+03 -1.038407990000000147e+01
1.025304900000000089e+03 -1.051267730000000000e+01
1.025605759999999918e+03 -1.059059590000000028e+01
1.025906610000000001e+03 -1.061544259999999973e+01
1.026207460000000083e+03 -1.058538720000000133e+01
1.026508309999999938e+03 -1.049874060000000142e+01
1.026809169999999995e+03 -1.035430610000000051e+01
1.027110020000000077e+03 -1.015123910000000151e+01
1.027410869999999932e+03 -9.889258019999999760e+00
1.027711720000000014e+03 -9.568151699999999593e+00
1.028012580000000071e+03 -9.188483250000000879e+00
1.028313429999999926e+03 -8.751026929999998316e+00
1.028614280000000008e+03 -8.257049699999999604e+00
1.028915130000000090e+03 -7.708170469999999774e+00
1.029215979999999945e+03 -7.106500849999999758e+00
1.029516840000000002e+03 -6.454441059999999730e+00
1.029817690000000084e+03 -5.754876949999999880e+00
1.030118539999999939e+03 -5.011004119999999951e+00
1.030419390000000021e+03 -4.226377110000000492e+00
1.030720250000000078e+03 -3.404874249999999769e+00
1.031021099999999933e+03 -2.550676549999999931e+00
1.031321950000000015e+03 -1.668246549999999884e+00
1.031622800000000097e+03 -7.622720429999999547e-01
1.031923659999999927e+03 1.623233949999999814e-01
1.032224510000000009e+03 1.100440210000000141e+00
1.032525360000000092e+03 2.046823999999999977e+00
1.032826209999999946e+03 2.996128859999999783e+00
1.033127070000000003e+03 3.942892739999999563e+00
1.033427920000000086e+03 4.881653599999999926e+00
1.033728769999999940e+03 5.806907160000000623e+00
1.034029620000000023e+03 6.713219519999999996e+00
1.034330480000000080e+03 7.595199050000000618e+00
1.034631329999999934e+03 8.447587790000000041e+00
1.034932180000000017e+03 9.265205279999999988e+00
1.035233030000000099e+03 1.004319480000000020e+01
1.035533879999999954e+03 1.077676999999999907e+01
1.035834740000000011e+03 1.146142610000000062e+01
1.036135590000000093e+03 1.209308060000000040e+01
1.036436439999999948e+03 1.266765119999999989e+01
1.036737290000000030e+03 1.318168869999999870e+01
1.037038150000000087e+03 1.363195549999999834e+01
1.037338999999999942e+03 1.401570639999999912e+01
1.037639850000000024e+03 1.433047789999999999e+01
1.037940700000000106e+03 1.457422870000000081e+01
1.038241559999999936e+03 1.474548069999999989e+01
1.038542410000000018e+03 1.484310770000000090e+01
1.038843260000000100e+03 1.486647630000000042e+01
1.039144109999999955e+03 1.481530479999999983e+01
1.039444970000000012e+03 1.468994520000000037e+01
1.039745820000000094e+03 1.449110150000000097e+01
1.040046669999999949e+03 1.421989970000000092e+01
1.040347520000000031e+03 1.387795870000000065e+01
1.040648370000000114e+03 1.346746070000000017e+01
1.040949229999999943e+03 1.299072830000000067e+01
1.041250080000000025e+03 1.245078829999999925e+01
1.041550930000000108e+03 1.185073759999999865e+01
1.041851779999999962e+03 1.119437710000000052e+01
1.042152640000000019e+03 1.048557819999999907e+01
1.042453490000000102e+03 9.728634470000001144e+00
1.042754339999999956e+03 8.928121069999999548e+00
1.043055190000000039e+03 8.088753949999999193e+00
1.043356050000000096e+03 7.215671369999999918e+00
1.043656899999999951e+03 6.313969360000000641e+00
1.043957750000000033e+03 5.389053660000000079e+00
1.044258599999999888e+03 4.446365199999999795e+00
1.044559459999999945e+03 3.491429370000000088e+00
1.044860310000000027e+03 2.529799709999999813e+00
1.045161160000000109e+03 1.567043870000000005e+00
1.045462009999999964e+03 6.086696199999999113e-01
1.045762870000000021e+03 -3.398736489999999999e-01
1.046063720000000103e+03 -1.273261849999999917e+00
1.046364569999999958e+03 -2.186310280000000272e+00
1.046665420000000040e+03 -3.074019309999999727e+00
1.046966269999999895e+03 -3.931616710000000570e+00
1.047267129999999952e+03 -4.754548429999999826e+00
1.047567980000000034e+03 -5.538563070000000366e+00
1.047868829999999889e+03 -6.279690809999999956e+00
1.048169679999999971e+03 -6.974299649999999851e+00
1.048470540000000028e+03 -7.619060300000000119e+00
1.048771390000000110e+03 -8.211157259999998459e+00
1.049072239999999965e+03 -8.747859500000000565e+00
1.049373090000000047e+03 -9.227196199999999848e+00
1.049673950000000104e+03 -9.647407669999999769e+00
1.049974799999999959e+03 -1.000701579999999957e+01
1.050275650000000041e+03 -1.030531659999999938e+01
1.050576499999999896e+03 -1.054167679999999940e+01
1.050877359999999953e+03 -1.071609620000000085e+01
1.051178210000000036e+03 -1.082892690000000080e+01
1.051479059999999890e+03 -1.088087260000000001e+01
1.051779909999999973e+03 -1.087320039999999999e+01
1.052080770000000030e+03 -1.080731800000000042e+01
1.052381620000000112e+03 -1.068519620000000003e+01
1.052682469999999967e+03 -1.050908749999999969e+01
1.052983320000000049e+03 -1.028159619999999919e+01
1.053284169999999904e+03 -1.000553760000000025e+01
1.053585029999999961e+03 -9.684220159999998856e+00
1.053885880000000043e+03 -9.320881539999998466e+00
1.054186729999999898e+03 -8.919322679999998726e+00
1.054487579999999980e+03 -8.483274100000000928e+00
1.054788440000000037e+03 -8.016818250000000035e+00
1.055089289999999892e+03 -7.524037609999999709e+00
1.055390139999999974e+03 -7.009232810000000313e+00
1.055690990000000056e+03 -6.476648209999999573e+00
1.055991850000000113e+03 -5.930626700000000362e+00
1.056292699999999968e+03 -5.375511169999999339e+00
1.056593550000000050e+03 -4.815588189999999713e+00
1.056894399999999905e+03 -4.255095080000000252e+00
1.057195259999999962e+03 -3.698163549999999855e+00
1.057496110000000044e+03 -3.148798649999999810e+00
1.057796959999999899e+03 -2.610857590000000172e+00
1.058097809999999981e+03 -2.087986420000000010e+00
1.058398670000000038e+03 -1.583662279999999978e+00
1.058699519999999893e+03 -1.101087769999999910e+00
1.059000369999999975e+03 -6.432304289999999369e-01
1.059301220000000058e+03 -2.127846680000000101e-01
1.059602069999999912e+03 1.878556409999999899e-01
1.059902929999999969e+03 5.566028149999999730e-01
1.060203780000000052e+03 8.916859119999999139e-01
1.060504629999999906e+03 1.191669029999999907e+00
1.060805479999999989e+03 1.455444989999999938e+00
1.061106340000000046e+03 1.682246560000000057e+00
1.061407189999999900e+03 1.871651430000000005e+00
1.061708039999999983e+03 2.023589189999999594e+00
1.062008890000000065e+03 2.138292139999999897e+00
1.062309749999999894e+03 2.216358559999999756e+00
1.062610599999999977e+03 2.258689410000000120e+00
1.062911450000000059e+03 2.266481269999999881e+00
1.063212299999999914e+03 2.241247469999999797e+00
1.063513159999999971e+03 2.184768800000000066e+00
1.063814010000000053e+03 2.099079440000000130e+00
1.064114859999999908e+03 1.986459959999999914e+00
1.064415709999999990e+03 1.849409080000000039e+00
1.064716570000000047e+03 1.690594479999999900e+00
1.065017419999999902e+03 1.512887969999999971e+00
1.065318269999999984e+03 1.319266910000000070e+00
1.065619120000000066e+03 1.112849470000000007e+00
1.065919969999999921e+03 8.968171380000000692e-01
1.066220829999999978e+03 6.744267310000000570e-01
1.066521680000000060e+03 4.489505500000000038e-01
1.066822529999999915e+03 2.236651189999999956e-01
1.067123379999999997e+03 1.818143090000000003e-03
1.067424240000000054e+03 -2.134012599999999815e-01
1.067725089999999909e+03 -4.188881859999999957e-01
1.068025939999999991e+03 -6.116491090000000241e-01
1.068326790000000074e+03 -7.888291259999999916e-01
1.068627649999999903e+03 -9.477211460000000143e-01
1.068928499999999985e+03 -1.085827830000000160e+00
1.069229350000000068e+03 -1.200840479999999877e+00
1.069530199999999923e+03 -1.290661559999999985e+00
1.069831059999999979e+03 -1.353461009999999964e+00
1.070131910000000062e+03 -1.387648060000000072e+00
1.070432759999999917e+03 -1.391913519999999904e+00
1.070733609999999999e+03 -1.365208629999999923e+00
1.071034470000000056e+03 -1.306801349999999973e+00
1.071335319999999911e+03 -1.216227120000000106e+00
1.071636169999999993e+03 -1.093338139999999958e+00
1.071937020000000075e+03 -9.382822259999999970e-01
1.072237869999999930e+03 -7.515028049999999959e-01
1.072538729999999987e+03 -5.337326119999999952e-01
1.072839580000000069e+03 -2.860028210000000182e-01
1.073140429999999924e+03 -9.617281950000000634e-03
1.073441280000000006e+03 2.938495839999999970e-01
1.073742140000000063e+03 6.225682719999999781e-01
1.074042989999999918e+03 9.744682749999999949e-01
1.074343840000000000e+03 1.347252859999999997e+00
1.074644690000000082e+03 1.738429610000000070e+00
1.074945549999999912e+03 2.145309739999999632e+00
1.075246399999999994e+03 2.565049609999999980e+00
1.075547250000000076e+03 2.994657769999999886e+00
1.075848099999999931e+03 3.431037169999999747e+00
1.076148959999999988e+03 3.870985200000000237e+00
1.076449810000000070e+03 4.311257009999999390e+00
1.076750659999999925e+03 4.748537360000000263e+00
1.077051510000000007e+03 5.179532140000000062e+00
1.077352370000000064e+03 5.600933150000000360e+00
1.077653219999999919e+03 6.009488499999999789e+00
1.077954070000000002e+03 6.402002609999999372e+00
1.078254920000000084e+03 6.775371400000000044e+00
1.078555769999999939e+03 7.126631589999999683e+00
1.078856629999999996e+03 7.452876169999999689e+00
1.079157480000000078e+03 7.751458580000000431e+00
1.079458329999999933e+03 8.019915290000000141e+00
1.079759180000000015e+03 8.255853119999999379e+00
1.080060040000000072e+03 8.457230839999999361e+00
1.080360889999999927e+03 8.622218390000000454e+00
1.080661740000000009e+03 8.749126470000000211e+00
1.080962590000000091e+03 8.836758510000001010e+00
1.081263449999999921e+03 8.883917920000000024e+00
1.081564300000000003e+03 8.889900830000000198e+00
1.081865150000000085e+03 8.854144149999999769e+00
1.082165999999999940e+03 8.776507089999999067e+00
1.082466859999999997e+03 8.656989659999998921e+00
1.082767710000000079e+03 8.496014170000000476e+00
1.083068559999999934e+03 8.294214130000000296e+00
1.083369410000000016e+03 8.052434170000001501e+00
1.083670270000000073e+03 7.772011639999999666e+00
1.083971119999999928e+03 7.454354300000000322e+00
1.084271970000000010e+03 7.101221820000000129e+00
1.084572820000000092e+03 6.714514650000000806e+00
1.084873669999999947e+03 6.296442949999999428e+00
1.085174530000000004e+03 5.849385819999999292e+00
1.085475380000000087e+03 5.375926450000000578e+00
1.085776229999999941e+03 4.878795880000000196e+00
1.086077080000000024e+03 4.360901089999999591e+00
1.086377940000000081e+03 3.825247609999999909e+00
1.086678789999999935e+03 3.274953589999999970e+00
1.086979640000000018e+03 2.713221669999999808e+00
1.087280490000000100e+03 2.143303709999999640e+00
1.087581349999999929e+03 1.568479760000000001e+00
1.087882200000000012e+03 9.920369150000000191e-01
1.088183050000000094e+03 4.172643529999999767e-01
1.088483899999999949e+03 -1.526141880000000117e-01
1.088784760000000006e+03 -7.144228380000000600e-01
1.089085610000000088e+03 -1.265082860000000142e+00
1.089386459999999943e+03 -1.801616179999999900e+00
1.089687310000000025e+03 -2.321165070000000163e+00
1.089988160000000107e+03 -2.821040749999999875e+00
1.090289019999999937e+03 -3.298702229999999957e+00
1.090589870000000019e+03 -3.751798579999999994e+00
1.090890720000000101e+03 -4.178175969999999850e+00
1.091191569999999956e+03 -4.575891690000000622e+00
1.091492430000000013e+03 -4.943228299999999464e+00
1.091793280000000095e+03 -5.278693600000000430e+00
1.092094129999999950e+03 -5.581055809999999617e+00
1.092394980000000032e+03 -5.849294320000000269e+00
1.092695840000000089e+03 -6.082677090000000675e+00
1.092996689999999944e+03 -6.280704380000000420e+00
1.093297540000000026e+03 -6.443136879999999955e+00
1.093598390000000109e+03 -6.569974569999999403e+00
1.093899249999999938e+03 -6.661477909999999447e+00
1.094200100000000020e+03 -6.718146629999999675e+00
1.094500950000000103e+03 -6.740698679999999499e+00
1.094801799999999957e+03 -6.730098369999999441e+00
1.095102660000000014e+03 -6.687507090000000431e+00
1.095403510000000097e+03 -6.614290339999999269e+00
1.095704359999999951e+03 -6.511996649999999498e+00
1.096005210000000034e+03 -6.382357550000000046e+00
1.096306059999999889e+03 -6.227245319999999751e+00
1.096606919999999946e+03 -6.048673039999999723e+00
1.096907770000000028e+03 -5.848773449999999485e+00
1.097208620000000110e+03 -5.629777820000000155e+00
1.097509469999999965e+03 -5.393994840000000401e+00
1.097810330000000022e+03 -5.143796570000000123e+00
1.098111180000000104e+03 -4.881590249999999465e+00
1.098412029999999959e+03 -4.609797190000000100e+00
1.098712880000000041e+03 -4.330852799999999725e+00
1.099013740000000098e+03 -4.047150229999999738e+00
1.099314589999999953e+03 -3.761061540000000036e+00
1.099615440000000035e+03 -3.474888379999999888e+00
1.099916289999999890e+03 -3.190862029999999905e+00
1.100217149999999947e+03 -2.911115220000000114e+00
1.100518000000000029e+03 -2.637653990000000004e+00
1.100818850000000111e+03 -2.372399900000000006e+00
1.101119699999999966e+03 -2.117091519999999782e+00
1.101420560000000023e+03 -1.873340720000000070e+00
1.101721410000000105e+03 -1.642590430000000046e+00
1.102022259999999960e+03 -1.426121689999999997e+00
1.102323110000000042e+03 -1.225025519999999979e+00
1.102623959999999897e+03 -1.040209900000000021e+00
1.102924819999999954e+03 -8.723998250000000176e-01
1.103225670000000036e+03 -7.221231959999999672e-01
1.103526519999999891e+03 -5.897157600000000333e-01
1.103827369999999974e+03 -4.753316650000000143e-01
1.104128230000000030e+03 -3.789265679999999636e-01
1.104429080000000113e+03 -3.002752289999999769e-01
1.104729929999999968e+03 -2.389729230000000038e-01
1.105030780000000050e+03 -1.944445850000000031e-01
1.105331640000000107e+03 -1.659532619999999903e-01
1.105632489999999962e+03 -1.526071489999999975e-01
1.105933340000000044e+03 -1.533750730000000007e-01
1.106234189999999899e+03 -1.670963500000000046e-01
1.106535049999999956e+03 -1.924962679999999982e-01
1.106835900000000038e+03 -2.281966450000000035e-01
1.107136749999999893e+03 -2.727355409999999702e-01
1.107437599999999975e+03 -3.245799220000000207e-01
1.107738460000000032e+03 -3.821418540000000030e-01
1.108039309999999887e+03 -4.437953929999999825e-01
1.108340159999999969e+03 -5.078955899999999524e-01
1.108641010000000051e+03 -5.727890509999999935e-01
1.108941859999999906e+03 -6.368371609999999849e-01
1.109242719999999963e+03 -6.984273519999999458e-01
1.109543570000000045e+03 -7.559935070000000090e-01
1.109844419999999900e+03 -8.080166719999999358e-01
1.110145269999999982e+03 -8.530715049999999522e-01
1.110446130000000039e+03 -8.897995359999999465e-01
1.110746979999999894e+03 -9.169478709999999699e-01
1.111047829999999976e+03 -9.333832779999999829e-01
1.111348680000000058e+03 -9.380781029999999410e-01
1.111649539999999888e+03 -9.301454680000000863e-01
1.111950389999999970e+03 -9.088322290000000470e-01
1.112251240000000053e+03 -8.735400969999999043e-01
1.112552089999999907e+03 -8.238115550000000287e-01
1.112852949999999964e+03 -7.593368980000000379e-01
1.113153800000000047e+03 -6.799704250000000449e-01
1.113454649999999901e+03 -5.857262139999999118e-01
1.113755499999999984e+03 -4.767675639999999770e-01
1.114056360000000041e+03 -3.534126229999999813e-01
1.114357209999999895e+03 -2.161315790000000181e-01
1.114658059999999978e+03 -6.553588439999999404e-02
1.114958910000000060e+03 9.762209160000000219e-02
1.115259759999999915e+03 2.724610309999999647e-01
1.115560619999999972e+03 4.579770019999999664e-01
1.115861470000000054e+03 6.530557750000000050e-01
1.116162319999999909e+03 8.564782450000000269e-01
1.116463169999999991e+03 1.066949989999999904e+00
1.116764030000000048e+03 1.283080870000000040e+00
1.117064879999999903e+03 1.503427929999999968e+00
1.117365729999999985e+03 1.726498979999999905e+00
1.117666580000000067e+03 1.950773650000000137e+00
1.117967439999999897e+03 2.174703430000000104e+00
1.118268289999999979e+03 2.396739790000000259e+00
1.118569140000000061e+03 2.615334209999999882e+00
1.118869989999999916e+03 2.828966340000000024e+00
1.119170849999999973e+03 3.036165089999999900e+00
1.119471700000000055e+03 3.235501579999999766e+00
1.119772549999999910e+03 3.425603279999999806e+00
1.120073399999999992e+03 3.605189129999999853e+00
1.120374260000000049e+03 3.773076629999999820e+00
1.120675109999999904e+03 3.928153659999999991e+00
1.120975959999999986e+03 4.069448889999999430e+00
1.121276810000000069e+03 4.196089499999999362e+00
1.121577659999999923e+03 4.307350519999999960e+00
1.121878519999999980e+03 4.402612529999999857e+00
1.122179370000000063e+03 4.481432090000000201e+00
1.122480219999999917e+03 4.543471349999999909e+00
1.122781070000000000e+03 4.588561379999999801e+00
1.123081930000000057e+03 4.616666979999999754e+00
1.123382779999999912e+03 4.627921889999999649e+00
1.123683629999999994e+03 4.622565430000000752e+00
1.123984480000000076e+03 4.601019910000000657e+00
1.124285339999999906e+03 4.563806210000000085e+00
1.124586189999999988e+03 4.511607079999999215e+00
1.124887040000000070e+03 4.445210849999999603e+00
1.125187889999999925e+03 4.365525520000000270e+00
1.125488749999999982e+03 4.273564669999999843e+00
1.125789600000000064e+03 4.170447450000000167e+00
1.126090449999999919e+03 4.057363409999999782e+00
1.126391300000000001e+03 3.935579510000000170e+00
1.126692160000000058e+03 3.806419039999999754e+00
1.126993009999999913e+03 3.671261570000000418e+00
1.127293859999999995e+03 3.531500789999999945e+00
1.127594710000000077e+03 3.388572579999999945e+00
1.127895559999999932e+03 3.243884690000000237e+00
1.128196419999999989e+03 3.098858949999999890e+00
1.128497270000000071e+03 2.954881969999999747e+00
1.128798119999999926e+03 2.813298159999999992e+00
1.129098970000000008e+03 2.675395599999999874e+00
1.129399830000000065e+03 2.542399019999999954e+00
1.129700679999999920e+03 2.415462779999999920e+00
1.130001530000000002e+03 2.295621570000000222e+00
1.130302380000000085e+03 2.183832650000000264e+00
1.130603239999999914e+03 2.080933630000000090e+00
1.130904089999999997e+03 1.987621340000000014e+00
1.131204940000000079e+03 1.904487050000000181e+00
1.131505789999999934e+03 1.831967129999999999e+00
1.131806649999999991e+03 1.770357240000000054e+00
1.132107500000000073e+03 1.719812200000000013e+00
1.132408349999999928e+03 1.680332029999999977e+00
1.132709200000000010e+03 1.651775949999999993e+00
1.133010050000000092e+03 1.633827219999999913e+00
1.133310909999999922e+03 1.626049440000000068e+00
1.133611760000000004e+03 1.627851350000000030e+00
1.133912610000000086e+03 1.638486850000000050e+00
1.134213459999999941e+03 1.657097220000000037e+00
1.134514319999999998e+03 1.682690000000000019e+00
1.134815170000000080e+03 1.714138989999999918e+00
1.135116019999999935e+03 1.750247620000000115e+00
1.135416870000000017e+03 1.789685549999999958e+00
1.135717730000000074e+03 1.831059140000000030e+00
1.136018579999999929e+03 1.872904319999999956e+00
1.136319430000000011e+03 1.913700729999999961e+00
1.136620280000000093e+03 1.951885769999999853e+00
1.136921139999999923e+03 1.985875739999999778e+00
1.137221990000000005e+03 2.014079880000000156e+00
1.137522840000000087e+03 2.034907449999999951e+00
1.137823689999999942e+03 2.046809919999999838e+00
1.138124549999999999e+03 2.048266939999999980e+00
1.138425400000000081e+03 2.037828519999999699e+00
1.138726249999999936e+03 2.014100999999999697e+00
1.139027100000000019e+03 1.975810370000000038e+00
1.139327950000000101e+03 1.921760059999999992e+00
1.139628809999999930e+03 1.850894249999999852e+00
1.139929660000000013e+03 1.762290860000000015e+00
1.140230510000000095e+03 1.655175650000000109e+00
1.140531359999999950e+03 1.528915129999999900e+00
1.140832220000000007e+03 1.383079929999999846e+00
1.141133070000000089e+03 1.217381470000000077e+00
1.141433919999999944e+03 1.031749360000000060e+00
1.141734770000000026e+03 8.262962219999999691e-01
1.142035630000000083e+03 6.013197900000000207e-01
1.142336479999999938e+03 3.573303730000000344e-01
1.142637330000000020e+03 9.503395489999999501e-02
1.142938180000000102e+03 -1.846628780000000025e-01
1.143239039999999932e+03 -4.806571590000000005e-01
1.143539890000000014e+03 -7.916516519999999835e-01
1.143840740000000096e+03 -1.116171750000000129e+00
1.144141589999999951e+03 -1.452545039999999954e+00
1.144442450000000008e+03 -1.798948510000000001e+00
1.144743300000000090e+03 -2.153397229999999940e+00
1.145044149999999945e+03 -2.513758479999999906e+00
1.145345000000000027e+03 -2.877765779999999829e+00
1.145645850000000110e+03 -3.243054120000000040e+00
1.145946709999999939e+03 -3.607138849999999675e+00
1.146247560000000021e+03 -3.967478980000000544e+00
1.146548410000000104e+03 -4.321463149999999587e+00
1.146849259999999958e+03 -4.666430720000000143e+00
1.147150120000000015e+03 -4.999714009999999931e+00
1.147450970000000098e+03 -5.318652400000000391e+00
1.147751819999999952e+03 -5.620592290000000268e+00
1.148052670000000035e+03 -5.902943419999999719e+00
1.148353530000000092e+03 -6.163171870000000219e+00
1.148654379999999946e+03 -6.398842219999999692e+00
1.148955230000000029e+03 -6.607624679999999806e+00
1.149256080000000111e+03 -6.787323149999999750e+00
1.149556939999999940e+03 -6.935889369999999943e+00
1.149857790000000023e+03 -7.051458079999999740e+00
1.150158640000000105e+03 -7.132332949999999450e+00
1.150459489999999960e+03 -7.177099199999999790e+00
1.150760350000000017e+03 -7.184419459999999980e+00
1.151061200000000099e+03 -7.153308329999999771e+00
1.151362049999999954e+03 -7.082991540000000086e+00
1.151662900000000036e+03 -6.972990450000000173e+00
1.151963749999999891e+03 -6.823072799999999383e+00
1.152264609999999948e+03 -6.633259690000000042e+00
1.152565460000000030e+03 -6.403881949999999712e+00
1.152866310000000112e+03 -6.135537860000000343e+00
1.153167159999999967e+03 -5.829114310000000465e+00
1.153468020000000024e+03 -5.485793800000000608e+00
1.153768870000000106e+03 -5.107026310000000180e+00
1.154069719999999961e+03 -4.694529280000000249e+00
1.154370570000000043e+03 -4.250294669999999719e+00
1.154671430000000100e+03 -3.776560790000000001e+00
1.154972279999999955e+03 -3.275812320000000000e+00
1.155273130000000037e+03 -2.750766190000000222e+00
1.155573979999999892e+03 -2.204343469999999972e+00
1.155874839999999949e+03 -1.639655279999999937e+00
1.156175690000000031e+03 -1.059988700000000117e+00
1.156476540000000114e+03 -4.687765070000000089e-01
1.156777389999999968e+03 1.304098479999999949e-01
1.157078250000000025e+03 7.339060099999999975e-01
1.157379100000000108e+03 1.337961750000000061e+00
1.157679949999999963e+03 1.938779679999999894e+00
1.157980800000000045e+03 2.532537780000000183e+00
1.158281649999999900e+03 3.115414009999999845e+00
1.158582509999999957e+03 3.683614519999999892e+00
1.158883360000000039e+03 4.233408789999999478e+00
1.159184209999999894e+03 4.761150749999999654e+00
1.159485059999999976e+03 5.263299929999999627e+00
1.159785920000000033e+03 5.736456630000000168e+00
1.160086769999999888e+03 6.177404160000000033e+00
1.160387619999999970e+03 6.583094749999999884e+00
1.160688470000000052e+03 6.950698830000000328e+00
1.160989330000000109e+03 7.277612089999999867e+00
1.161290179999999964e+03 7.561553970000000291e+00
1.161591030000000046e+03 7.800448060000000794e+00
1.161891879999999901e+03 7.992534679999999447e+00
1.162192739999999958e+03 8.136335680000000181e+00
1.162493590000000040e+03 8.230795279999998826e+00
1.162794439999999895e+03 8.274998430000000127e+00
1.163095289999999977e+03 8.268663580000000124e+00
1.163396150000000034e+03 8.211509190000001013e+00
1.163696999999999889e+03 8.103957579999999439e+00
1.163997849999999971e+03 7.946431069999999153e+00
1.164298700000000053e+03 7.740055860000000010e+00
1.164599549999999908e+03 7.486028530000000458e+00
1.164900409999999965e+03 7.186038369999999453e+00
1.165201260000000048e+03 6.841978789999999755e+00
1.165502109999999902e+03 6.456214810000000526e+00
1.165802959999999985e+03 6.031315560000000353e+00
1.166103820000000042e+03 5.570159879999999397e+00
1.166404669999999896e+03 5.075887020000000582e+00
1.166705519999999979e+03 4.551889659999999616e+00
1.167006370000000061e+03 4.001792730000000020e+00
1.167307229999999890e+03 3.429411219999999982e+00
1.167608079999999973e+03 2.838722010000000129e+00
1.167908930000000055e+03 2.233863850000000095e+00
1.168209779999999910e+03 1.619081109999999990e+00
1.168510639999999967e+03 9.987096200000000756e-01
1.168811490000000049e+03 3.771338069999999876e-01
1.169112339999999904e+03 -2.412436129999999956e-01
1.169413189999999986e+03 -8.520227360000000028e-01
1.169714050000000043e+03 -1.450848710000000041e+00
1.170014899999999898e+03 -2.033436360000000054e+00
1.170315749999999980e+03 -2.595611729999999895e+00
1.170616600000000062e+03 -3.133334590000000031e+00
1.170917449999999917e+03 -3.642726609999999976e+00
1.171218309999999974e+03 -4.120113579999999942e+00
1.171519160000000056e+03 -4.562039490000000086e+00
1.171820009999999911e+03 -4.965301720000000252e+00
1.172120859999999993e+03 -5.326951049999999910e+00
1.172421720000000050e+03 -5.644369080000000594e+00
1.172722569999999905e+03 -5.915225989999999712e+00
1.173023419999999987e+03 -6.137536859999999983e+00
1.173324270000000070e+03 -6.309668709999999514e+00
1.173625129999999899e+03 -6.430347529999999701e+00
1.173925979999999981e+03 -6.498686440000000175e+00
1.174226830000000064e+03 -6.514164580000000093e+00
1.174527679999999918e+03 -6.476662290000000155e+00
1.174828539999999975e+03 -6.386440000000000339e+00
1.175129390000000058e+03 -6.244152319999999534e+00
1.175430239999999912e+03 -6.050848010000000166e+00
1.175731089999999995e+03 -5.807934809999999892e+00
1.176031950000000052e+03 -5.517214640000000614e+00
1.176332799999999907e+03 -5.180827269999999984e+00
1.176633649999999989e+03 -4.801278479999999682e+00
1.176934500000000071e+03 -4.381383749999999466e+00
1.177235349999999926e+03 -3.924282369999999798e+00
1.177536209999999983e+03 -3.433366980000000179e+00
1.177837060000000065e+03 -2.912339960000000172e+00
1.178137909999999920e+03 -2.365086670000000169e+00
1.178438760000000002e+03 -1.795745890000000067e+00
1.178739620000000059e+03 -1.208597150000000120e+00
1.179040469999999914e+03 -6.080917410000000745e-01
1.179341319999999996e+03 1.219521239999999795e-03
1.179642170000000078e+03 6.146989859999999473e-01
1.179943029999999908e+03 1.227665039999999985e+00
1.180243879999999990e+03 1.835416110000000156e+00
1.180544730000000072e+03 2.433284810000000409e+00
1.180845579999999927e+03 3.016646720000000226e+00
1.181146439999999984e+03 3.580982979999999927e+00
1.181447290000000066e+03 4.121880299999999941e+00
1.181748139999999921e+03 4.635094349999999253e+00
1.182048990000000003e+03 5.116570809999999803e+00
1.182349840000000086e+03 5.562466559999999838e+00
1.182650699999999915e+03 5.969184799999999846e+00
1.182951549999999997e+03 6.333417340000000451e+00
1.183252400000000080e+03 6.652137530000000076e+00
1.183553249999999935e+03 6.922656580000000837e+00
1.183854109999999991e+03 7.142609479999999955e+00
1.184154960000000074e+03 7.310060580000000030e+00
1.184455809999999929e+03 7.423313550000000482e+00
1.184756660000000011e+03 7.481171810000000200e+00
1.185057520000000068e+03 7.482790720000000562e+00
1.185358369999999923e+03 7.427888720000000333e+00
1.185659220000000005e+03 7.316325039999999724e+00
1.185960070000000087e+03 7.148521999999999821e+00
1.186260929999999917e+03 6.925310179999999427e+00
1.186561779999999999e+03 6.647942450000000392e+00
1.186862630000000081e+03 6.318023659999999708e+00
1.187163479999999936e+03 5.937566880000000324e+00
1.187464339999999993e+03 5.508937109999999748e+00
1.187765190000000075e+03 5.034893529999999728e+00
1.188066039999999930e+03 4.518497980000000247e+00
1.188366890000000012e+03 3.963143130000000181e+00
1.188667740000000094e+03 3.372524300000000252e+00
1.188968599999999924e+03 2.750590219999999864e+00
1.189269450000000006e+03 2.101521879999999953e+00
1.189570300000000088e+03 1.429725520000000083e+00
1.189871149999999943e+03 7.397763010000000250e-01
1.190172010000000000e+03 3.639650690000000022e-02
1.190472860000000082e+03 -6.755824879999999810e-01
1.190773709999999937e+03 -1.391251879999999996e+00
1.191074560000000019e+03 -2.105653610000000064e+00
1.191375420000000076e+03 -2.813840139999999934e+00
1.191676269999999931e+03 -3.510870310000000050e+00
1.191977120000000014e+03 -4.191880349999999922e+00
1.192277970000000096e+03 -4.852112100000000261e+00
1.192578829999999925e+03 -5.486912959999999728e+00
1.192879680000000008e+03 -6.091827420000000437e+00
1.193180530000000090e+03 -6.662575949999999914e+00
1.193481379999999945e+03 -7.195118309999999795e+00
1.193782240000000002e+03 -7.685646570000000288e+00
1.194083090000000084e+03 -8.130704709999999835e+00
1.194383939999999939e+03 -8.526984530000000007e+00
1.194684790000000021e+03 -8.871740939999998687e+00
1.194985640000000103e+03 -9.162369610000000719e+00
1.195286499999999933e+03 -9.396758919999999904e+00
1.195587350000000015e+03 -9.573149190000000530e+00
1.195888200000000097e+03 -9.690062299999999240e+00
1.196189049999999952e+03 -9.746653589999999312e+00
1.196489910000000009e+03 -9.742289580000001337e+00
1.196790760000000091e+03 -9.676759119999999825e+00
1.197091609999999946e+03 -9.550414130000000057e+00
1.197392460000000028e+03 -9.363958489999999912e+00
1.197693320000000085e+03 -9.118307230000000985e+00
1.197994169999999940e+03 -8.815079260000000971e+00
1.198295020000000022e+03 -8.456034260000000913e+00
1.198595870000000104e+03 -8.043424610000000641e+00
1.198896729999999934e+03 -7.579784249999999446e+00
1.199197580000000016e+03 -7.068069449999999421e+00
1.199498430000000099e+03 -6.511496909999999971e+00
1.199799279999999953e+03 -5.913557810000000359e+00
1.200100140000000010e+03 -5.278017890000000101e+00
1.200400990000000093e+03 -4.608889200000000130e+00
1.200701839999999947e+03 -3.910380899999999826e+00
1.201002690000000030e+03 -3.186878120000000258e+00
1.201303540000000112e+03 -2.442906740000000188e+00
1.201604399999999941e+03 -1.683119359999999842e+00
1.201905250000000024e+03 -9.122248920000000094e-01
1.202206100000000106e+03 -1.349899420000000017e-01
1.202506949999999961e+03 6.438068999999999598e-01
1.202807810000000018e+03 1.419413790000000120e+00
1.203108660000000100e+03 2.187133810000000178e+00
1.203409509999999955e+03 2.942353050000000358e+00
1.203710360000000037e+03 3.680580839999999743e+00
1.204011220000000094e+03 4.397481299999999926e+00
1.204312069999999949e+03 5.088887530000000048e+00
1.204612920000000031e+03 5.750843769999999466e+00
1.204913770000000113e+03 6.379640600000000106e+00
1.205214629999999943e+03 6.971800909999999796e+00
1.205515480000000025e+03 7.524178379999999500e+00
1.205816330000000107e+03 8.033781559999999544e+00
1.206117179999999962e+03 8.498196180000000766e+00
1.206418040000000019e+03 8.915099439999998765e+00
1.206718890000000101e+03 9.282590909999999695e+00
1.207019739999999956e+03 9.599122059999999124e+00
1.207320590000000038e+03 9.863566690000000747e+00
1.207621439999999893e+03 1.007508019999999860e+01
1.207922299999999950e+03 1.023324020000000090e+01
1.208223150000000032e+03 1.033797629999999934e+01
1.208523999999999887e+03 1.038957010000000025e+01
1.208824849999999969e+03 1.038865509999999936e+01
1.209125710000000026e+03 1.033621660000000020e+01
1.209426560000000109e+03 1.023352169999999894e+01
1.209727409999999963e+03 1.008233010000000007e+01
1.210028260000000046e+03 9.884542070000000180e+00
1.210329120000000103e+03 9.642339789999999411e+00
1.210629969999999958e+03 9.358327519999999566e+00
1.210930820000000040e+03 9.035109589999999358e+00
1.211231669999999895e+03 8.675783029999999840e+00
1.211532529999999952e+03 8.283515280000001368e+00
1.211833380000000034e+03 7.861473750000000038e+00
1.212134229999999889e+03 7.413318569999999497e+00
1.212435079999999971e+03 6.942477610000000077e+00
1.212735940000000028e+03 6.452709529999999916e+00
1.213036790000000110e+03 5.947702630000000212e+00
1.213337639999999965e+03 5.431208540000000085e+00
1.213638490000000047e+03 4.906964829999999722e+00
1.213939339999999902e+03 4.378687929999999895e+00
1.214240199999999959e+03 3.850023890000000115e+00
1.214541050000000041e+03 3.324520249999999955e+00
1.214841899999999896e+03 2.805647070000000021e+00
1.215142749999999978e+03 2.296691449999999968e+00
1.215443610000000035e+03 1.800813769999999980e+00
1.215744459999999890e+03 1.320963249999999922e+00
1.216045309999999972e+03 8.598920230000000053e-01
1.216346160000000054e+03 4.201431889999999725e-01
1.216647020000000111e+03 3.998005900000000529e-03
1.216947869999999966e+03 -3.865065629999999697e-01
1.217248720000000048e+03 -7.496023510000000556e-01
1.217549569999999903e+03 -1.083793640000000114e+00
1.217850429999999960e+03 -1.387880339999999935e+00
1.218151280000000042e+03 -1.660940359999999894e+00
1.218452129999999897e+03 -1.902340240000000016e+00
1.218752979999999980e+03 -2.111749139999999691e+00
1.219053840000000037e+03 -2.289124829999999999e+00
1.219354689999999891e+03 -2.434699590000000136e+00
1.219655539999999974e+03 -2.548987260000000088e+00
1.219956390000000056e+03 -2.632783199999999990e+00
1.220257239999999911e+03 -2.687122100000000291e+00
1.220558099999999968e+03 -2.713285010000000330e+00
1.220858950000000050e+03 -2.712792299999999823e+00
1.221159799999999905e+03 -2.687375489999999978e+00
1.221460649999999987e+03 -2.638942080000000079e+00
1.221761510000000044e+03 -2.569582549999999799e+00
1.222062359999999899e+03 -2.481542259999999889e+00
1.222363209999999981e+03 -2.377193269999999803e+00
1.222664060000000063e+03 -2.259013190000000115e+00
1.222964919999999893e+03 -2.129550049999999750e+00
1.223265769999999975e+03 -1.991415209999999991e+00
1.223566620000000057e+03 -1.847262269999999873e+00
1.223867469999999912e+03 -1.699737779999999976e+00
1.224168329999999969e+03 -1.551474220000000015e+00
1.224469180000000051e+03 -1.405061850000000057e+00
1.224770029999999906e+03 -1.263027560000000049e+00
1.225070879999999988e+03 -1.127806749999999969e+00
1.225371730000000071e+03 -1.001722189999999957e+00
1.225672589999999900e+03 -8.869699709999999682e-01
1.225973439999999982e+03 -7.855913159999999840e-01
1.226274290000000065e+03 -6.994557080000000093e-01
1.226575139999999919e+03 -6.302482169999999995e-01
1.226875999999999976e+03 -5.794540129999999900e-01
1.227176850000000059e+03 -5.483421750000000428e-01
1.227477699999999913e+03 -5.379579549999999877e-01
1.227778549999999996e+03 -5.491129149999999237e-01
1.228079410000000053e+03 -5.823771920000000435e-01
1.228380259999999907e+03 -6.380766799999999517e-01
1.228681109999999990e+03 -7.162880990000000114e-01
1.228981960000000072e+03 -8.168432239999999789e-01
1.229282819999999901e+03 -9.393239560000000710e-01
1.229583669999999984e+03 -1.083068649999999966e+00
1.229884520000000066e+03 -1.247197480000000080e+00
1.230185369999999921e+03 -1.430570160000000035e+00
1.230486229999999978e+03 -1.631870460000000023e+00
1.230787080000000060e+03 -1.849542809999999982e+00
1.231087929999999915e+03 -2.081855699999999754e+00
1.231388779999999997e+03 -2.326908669999999901e+00
1.231689630000000079e+03 -2.582639370000000323e+00
1.231990489999999909e+03 -2.846837649999999886e+00
1.232291339999999991e+03 -3.117187770000000135e+00
1.232592190000000073e+03 -3.391261370000000053e+00
1.232893039999999928e+03 -3.666580830000000013e+00
1.233193899999999985e+03 -3.940576999999999774e+00
1.233494750000000067e+03 -4.210680769999999740e+00
1.233795599999999922e+03 -4.474294830000000722e+00
1.234096450000000004e+03 -4.728857109999999864e+00
1.234397310000000061e+03 -4.971826609999999924e+00
1.234698159999999916e+03 -5.200739800000000024e+00
1.234999009999999998e+03 -5.413196469999999927e+00
1.235299860000000081e+03 -5.606923100000000382e+00
1.235600719999999910e+03 -5.779758819999999631e+00
1.235901569999999992e+03 -5.929690550000000115e+00
1.236202420000000075e+03 -6.054888230000000426e+00
1.236503269999999929e+03 -6.153683680000000322e+00
1.236804129999999986e+03 -6.224605799999999967e+00
1.237104980000000069e+03 -6.266408740000000144e+00
1.237405829999999924e+03 -6.278057819999999900e+00
1.237706680000000006e+03 -6.258764699999999515e+00
1.238007530000000088e+03 -6.207980350000000591e+00
1.238308389999999918e+03 -6.125395070000000608e+00
1.238609240000000000e+03 -6.010966629999999533e+00
1.238910090000000082e+03 -5.864899150000000283e+00
1.239210939999999937e+03 -5.687657199999999413e+00
1.239511799999999994e+03 -5.479951670000000163e+00
1.239812650000000076e+03 -5.242746870000000392e+00
1.240113499999999931e+03 -4.977253469999999957e+00
1.240414350000000013e+03 -4.684921430000000164e+00
1.240715210000000070e+03 -4.367397819999999875e+00
1.241016059999999925e+03 -4.026569020000000165e+00
1.241316910000000007e+03 -3.664504399999999773e+00
1.241617760000000089e+03 -3.283456370000000124e+00
1.241918619999999919e+03 -2.885853260000000198e+00
1.242219470000000001e+03 -2.474243110000000190e+00
1.242520320000000083e+03 -2.051321740000000116e+00
1.242821169999999938e+03 -1.619876479999999841e+00
1.243122029999999995e+03 -1.182779130000000123e+00
1.243422880000000077e+03 -7.429578009999999733e-01
1.243723729999999932e+03 -3.033877500000000116e-01
1.244024580000000014e+03 1.329620870000000066e-01
1.244325430000000097e+03 5.631255950000000343e-01
1.244626289999999926e+03 9.841746669999998920e-01
1.244927140000000009e+03 1.393243840000000011e+00
1.245227990000000091e+03 1.787545779999999862e+00
1.245528839999999946e+03 2.164398750000000149e+00
1.245829700000000003e+03 2.521261749999999857e+00
1.246130550000000085e+03 2.855727550000000114e+00
1.246431399999999940e+03 3.165564879999999803e+00
1.246732250000000022e+03 3.448725459999999909e+00
1.247033110000000079e+03 3.703372200000000003e+00
1.247333959999999934e+03 3.927872119999999967e+00
1.247634810000000016e+03 4.120838570000000090e+00
1.247935660000000098e+03 4.281124259999999460e+00
1.248236519999999928e+03 4.407835260000000588e+00
1.248537370000000010e+03 4.500338089999999625e+00
1.248838220000000092e+03 4.558273780000000386e+00
1.249139069999999947e+03 4.581543779999999622e+00
1.249439930000000004e+03 4.570324060000000799e+00
1.249740780000000086e+03 4.525065110000000779e+00
1.250041629999999941e+03 4.446491899999999831e+00
1.250342480000000023e+03 4.335568740000000254e+00
1.250643330000000105e+03 4.193541490000000316e+00
1.250944189999999935e+03 4.021881229999999974e+00
1.251245040000000017e+03 3.822312460000000023e+00
1.251545890000000099e+03 3.596756740000000008e+00
1.251846739999999954e+03 3.347360890000000033e+00
1.252147600000000011e+03 3.076454710000000148e+00
1.252448450000000093e+03 2.786529910000000054e+00
1.252749299999999948e+03 2.480233059999999767e+00
1.253050150000000031e+03 2.160351479999999658e+00
1.253351010000000088e+03 1.829764019999999825e+00
1.253651859999999942e+03 1.491441000000000017e+00
1.253952710000000025e+03 1.148402040000000124e+00
1.254253560000000107e+03 8.037160150000000058e-01
1.254554419999999936e+03 4.604560389999999837e-01
1.254855270000000019e+03 1.216818370000000010e-01
1.255156120000000101e+03 -2.095869789999999788e-01
1.255456969999999956e+03 -5.303913330000000759e-01
1.255757830000000013e+03 -8.378608359999999422e-01
1.256058680000000095e+03 -1.129242639999999964e+00
1.256359529999999950e+03 -1.401901459999999933e+00
1.256660380000000032e+03 -1.653366700000000078e+00
1.256961229999999887e+03 -1.881350780000000000e+00
1.257262089999999944e+03 -2.083749120000000232e+00
1.257562940000000026e+03 -2.258668299999999629e+00
1.257863790000000108e+03 -2.404447180000000017e+00
1.258164639999999963e+03 -2.519663960000000369e+00
1.258465500000000020e+03 -2.603150190000000030e+00
1.258766350000000102e+03 -2.654011969999999998e+00
1.259067199999999957e+03 -2.671601730000000341e+00
1.259368050000000039e+03 -2.655574569999999746e+00
1.259668910000000096e+03 -2.605860099999999679e+00
1.259969759999999951e+03 -2.522655419999999982e+00
1.260270610000000033e+03 -2.406467300000000087e+00
1.260571459999999888e+03 -2.258055929999999822e+00
1.260872319999999945e+03 -2.078463039999999928e+00
1.261173170000000027e+03 -1.869004870000000151e+00
1.261474020000000110e+03 -1.631244010000000078e+00
1.261774869999999964e+03 -1.366996459999999969e+00
1.262075730000000021e+03 -1.078296399999999933e+00
1.262376580000000104e+03 -7.674032689999999990e-01
1.262677429999999958e+03 -4.367791990000000069e-01
1.262978280000000041e+03 -8.905386010000000685e-02
1.263279129999999896e+03 2.729769690000000137e-01
1.263579989999999952e+03 6.463802549999999592e-01
1.263880840000000035e+03 1.028110340000000011e+00
1.264181689999999890e+03 1.415028669999999877e+00
1.264482539999999972e+03 1.803924880000000064e+00
1.264783400000000029e+03 2.191561160000000008e+00
1.265084250000000111e+03 2.574671540000000203e+00
1.265385099999999966e+03 2.950004139999999886e+00
1.265685950000000048e+03 3.314335219999999804e+00
1.265986810000000105e+03 3.664518479999999911e+00
1.266287659999999960e+03 3.997470959999999796e+00
1.266588510000000042e+03 4.310236390000000029e+00
1.266889359999999897e+03 4.599992259999999611e+00
1.267190219999999954e+03 4.864056799999999292e+00
1.267491070000000036e+03 5.099945360000000427e+00
1.267791919999999891e+03 5.305349230000000027e+00
1.268092769999999973e+03 5.478206059999999766e+00
1.268393630000000030e+03 5.616650609999999766e+00
1.268694480000000112e+03 5.719092110000000062e+00
1.268995329999999967e+03 5.784200249999999599e+00
1.269296180000000049e+03 5.810898109999999228e+00
1.269597029999999904e+03 5.798425500000000454e+00
1.269897889999999961e+03 5.746268599999999616e+00
1.270198740000000043e+03 5.654244400000000503e+00
1.270499589999999898e+03 5.522458480000000058e+00
1.270800439999999981e+03 5.351290939999999274e+00
1.271101300000000037e+03 5.141452680000000441e+00
1.271402149999999892e+03 4.893922080000000285e+00
1.271702999999999975e+03 4.609966119999999279e+00
1.272003850000000057e+03 4.291133310000000201e+00
1.272304709999999886e+03 3.939239639999999820e+00
1.272605559999999969e+03 3.556347460000000016e+00
1.272906410000000051e+03 3.144758429999999993e+00
1.273207259999999906e+03 2.707006479999999993e+00
1.273508119999999963e+03 2.245808559999999954e+00
1.273808970000000045e+03 1.764078700000000000e+00
1.274109819999999900e+03 1.264899859999999876e+00
1.274410669999999982e+03 7.514816890000000082e-01
1.274711520000000064e+03 2.271640649999999984e-01
1.275012379999999894e+03 -3.046364189999999916e-01
1.275313229999999976e+03 -8.404229290000000407e-01
1.275614080000000058e+03 -1.376667660000000071e+00
1.275914929999999913e+03 -1.909815349999999912e+00
1.276215789999999970e+03 -2.436325539999999901e+00
1.276516640000000052e+03 -2.952699970000000285e+00
1.276817489999999907e+03 -3.455496709999999805e+00
1.277118339999999989e+03 -3.941351259999999801e+00
1.277419200000000046e+03 -4.407039880000000132e+00
1.277720049999999901e+03 -4.849437390000000292e+00
1.278020899999999983e+03 -5.265601590000000165e+00
1.278321750000000065e+03 -5.652766269999999871e+00
1.278622609999999895e+03 -6.008348230000000179e+00
1.278923459999999977e+03 -6.330010599999999599e+00
1.279224310000000060e+03 -6.615620660000000264e+00
1.279525159999999914e+03 -6.863320190000000487e+00
1.279826019999999971e+03 -7.071518429999999356e+00
1.280126870000000054e+03 -7.238828749999999701e+00
1.280427719999999908e+03 -7.364258709999999652e+00
1.280728569999999991e+03 -7.447034030000000193e+00
1.281029420000000073e+03 -7.486732400000000176e+00
1.281330279999999902e+03 -7.483142649999999563e+00
1.281631129999999985e+03 -7.436475950000000168e+00
1.281931980000000067e+03 -7.347013850000000623e+00
1.282232829999999922e+03 -7.215671369999999918e+00
1.282533689999999979e+03 -7.043293170000000103e+00
1.282834540000000061e+03 -6.831322169999999971e+00
1.283135389999999916e+03 -6.581243559999999881e+00
1.283436239999999998e+03 -6.294887400000000355e+00
1.283737100000000055e+03 -5.974323059999999685e+00
1.284037949999999910e+03 -5.621838140000000372e+00
1.284338799999999992e+03 -5.239931379999999805e+00
1.284639650000000074e+03 -4.831284530000000466e+00
1.284940509999999904e+03 -4.398762350000000154e+00
1.285241359999999986e+03 -3.945377409999999863e+00
1.285542210000000068e+03 -3.474247859999999744e+00
1.285843059999999923e+03 -2.988625590000000276e+00
1.286143919999999980e+03 -2.491811750000000103e+00
1.286444770000000062e+03 -1.987177900000000053e+00
1.286745619999999917e+03 -1.478130779999999866e+00
1.287046469999999999e+03 -9.680771189999999304e-01
1.287347320000000082e+03 -4.603863550000000249e-01
1.287648179999999911e+03 4.158953230000000251e-02
1.287949029999999993e+03 5.345800740000000717e-01
1.288249880000000076e+03 1.015405459999999982e+00
1.288550729999999930e+03 1.480988500000000041e+00
1.288851589999999987e+03 1.928411650000000144e+00
1.289152440000000070e+03 2.354887569999999819e+00
1.289453289999999924e+03 2.757811939999999851e+00
1.289754140000000007e+03 3.134777530000000034e+00
1.290055000000000064e+03 3.483581200000000155e+00
1.290355849999999919e+03 3.802252119999999902e+00
1.290656700000000001e+03 4.089030600000000071e+00
1.290957550000000083e+03 4.342424450000000213e+00
1.291258409999999913e+03 4.561187809999999843e+00
1.291559259999999995e+03 4.744349329999999476e+00
1.291860110000000077e+03 4.891191060000000590e+00
1.292160959999999932e+03 5.001262529999999984e+00
1.292461819999999989e+03 5.074394809999999367e+00
1.292762670000000071e+03 5.110679400000000427e+00
1.293063519999999926e+03 5.110489359999999870e+00
1.293364370000000008e+03 5.074430010000000379e+00
1.293665220000000090e+03 5.003388229999999659e+00
1.293966079999999920e+03 4.898476129999999706e+00
1.294266930000000002e+03 4.761059239999999804e+00
1.294567780000000084e+03 4.592707189999999606e+00
1.294868629999999939e+03 4.395193719999999971e+00
1.295169489999999996e+03 4.170503759999999893e+00
1.295470340000000078e+03 3.920784130000000367e+00
1.295771189999999933e+03 3.648329429999999984e+00
1.296072040000000015e+03 3.355596189999999979e+00
1.296372900000000072e+03 3.045132409999999901e+00
1.296673749999999927e+03 2.719605779999999751e+00
1.296974600000000009e+03 2.381733239999999974e+00
1.297275450000000092e+03 2.034316200000000130e+00
1.297576309999999921e+03 1.680163099999999909e+00
1.297877160000000003e+03 1.322110560000000046e+00
1.298178010000000086e+03 9.629599709999999702e-01
1.298478859999999941e+03 6.055141620000000779e-01
1.298779719999999998e+03 2.524900769999999794e-01
1.299080570000000080e+03 -9.345235500000000084e-02
1.299381419999999935e+03 -4.297538550000000179e-01
1.299682270000000017e+03 -7.539663559999999487e-01
1.299983120000000099e+03 -1.063768490000000178e+00
1.300283979999999929e+03 -1.356994440000000024e+00
1.300584830000000011e+03 -1.631624100000000022e+00
1.300885680000000093e+03 -1.885834440000000001e+00
1.301186529999999948e+03 -2.117978400000000150e+00
1.301487390000000005e+03 -2.326605999999999952e+00
1.301788240000000087e+03 -2.510478430000000039e+00
1.302089089999999942e+03 -2.668560999999999961e+00
1.302389940000000024e+03 -2.800065369999999998e+00
1.302690800000000081e+03 -2.904393250000000037e+00
1.302991649999999936e+03 -2.981192699999999807e+00
1.303292500000000018e+03 -3.030344069999999945e+00
1.303593350000000100e+03 -3.051924780000000226e+00
1.303894209999999930e+03 -3.046265650000000047e+00
1.304195060000000012e+03 -3.013880510000000346e+00
1.304495910000000094e+03 -2.955515459999999983e+00
1.304796759999999949e+03 -2.872113690000000386e+00
1.305097620000000006e+03 -2.764794349999999845e+00
1.305398470000000088e+03 -2.634873699999999985e+00
1.305699319999999943e+03 -2.483822809999999937e+00
1.306000170000000026e+03 -2.313267629999999908e+00
1.306301020000000108e+03 -2.124974889999999839e+00
1.306601879999999937e+03 -1.920830950000000037e+00
1.306902730000000020e+03 -1.702834810000000143e+00
1.307203580000000102e+03 -1.473055860000000106e+00
1.307504429999999957e+03 -1.233654990000000007e+00
1.307805290000000014e+03 -9.868353020000000253e-01
1.308106140000000096e+03 -7.348280819999999380e-01
1.308406989999999951e+03 -4.798878270000000446e-01
1.308707840000000033e+03 -2.242669290000000037e-01
1.309008700000000090e+03 2.980854839999999908e-02
1.309309549999999945e+03 2.801480150000000280e-01
1.309610400000000027e+03 5.246195839999999722e-01
1.309911250000000109e+03 7.611599259999999312e-01
1.310212109999999939e+03 9.878066449999999277e-01
1.310512960000000021e+03 1.202684630000000032e+00
1.310813810000000103e+03 1.404041229999999807e+00
1.311114659999999958e+03 1.590264600000000028e+00
1.311415520000000015e+03 1.759876579999999802e+00
1.311716370000000097e+03 1.911553920000000018e+00
1.312017219999999952e+03 2.044135209999999869e+00
1.312318070000000034e+03 2.156620959999999698e+00
1.312618919999999889e+03 2.248201719999999959e+00
1.312919779999999946e+03 2.318244009999999911e+00
1.313220630000000028e+03 2.366283259999999888e+00
1.313521480000000111e+03 2.392052000000000067e+00
1.313822329999999965e+03 2.395465780000000322e+00
1.314123190000000022e+03 2.376637210000000167e+00
1.314424040000000105e+03 2.335826720000000023e+00
1.314724889999999959e+03 2.273498880000000000e+00
1.315025740000000042e+03 2.190273069999999933e+00
1.315326600000000099e+03 2.086937649999999866e+00
1.315627449999999953e+03 1.964442849999999963e+00
1.315928300000000036e+03 1.823865569999999936e+00
1.316229149999999890e+03 1.666430560000000005e+00
1.316530009999999947e+03 1.493482219999999971e+00
1.316830860000000030e+03 1.306463490000000061e+00
1.317131710000000112e+03 1.106929910000000072e+00
1.317432559999999967e+03 8.965144729999999784e-01
1.317733410000000049e+03 6.769135099999999960e-01
1.318034270000000106e+03 4.498768450000000252e-01
1.318335119999999961e+03 2.171937210000000062e-01
1.318635970000000043e+03 -1.932367410000000035e-02
1.318936819999999898e+03 -2.578578029999999965e-01
1.319237679999999955e+03 -4.965991519999999326e-01
1.319538530000000037e+03 -7.337581970000000009e-01
1.319839379999999892e+03 -9.675914469999999934e-01
1.320140229999999974e+03 -1.196399049999999908e+00
1.320441090000000031e+03 -1.418548029999999960e+00
1.320741940000000113e+03 -1.632489869999999899e+00
1.321042789999999968e+03 -1.836760500000000018e+00
1.321343640000000050e+03 -2.029987390000000058e+00
1.321644500000000107e+03 -2.210931710000000106e+00
1.321945349999999962e+03 -2.378460240000000336e+00
1.322246200000000044e+03 -2.531566429999999812e+00
1.322547049999999899e+03 -2.669391570000000158e+00
1.322847909999999956e+03 -2.791189549999999908e+00
1.323148760000000038e+03 -2.896390219999999793e+00
1.323449609999999893e+03 -2.984557210000000183e+00
1.323750459999999975e+03 -3.055394859999999824e+00
1.324051310000000058e+03 -3.108769459999999984e+00
1.324352169999999887e+03 -3.144680999999999838e+00
1.324653019999999970e+03 -3.163284330000000200e+00
1.324953870000000052e+03 -3.164882119999999688e+00
1.325254719999999907e+03 -3.149889649999999985e+00
1.325555579999999964e+03 -3.118884100000000270e+00
1.325856430000000046e+03 -3.072548219999999830e+00
1.326157279999999901e+03 -3.011677390000000010e+00
1.326458129999999983e+03 -2.937179599999999891e+00
1.326758990000000040e+03 -2.850061380000000089e+00
1.327059839999999895e+03 -2.751420790000000061e+00
1.327360689999999977e+03 -2.642419199999999968e+00
1.327661540000000059e+03 -2.524281360000000252e+00
1.327962399999999889e+03 -2.398295349999999715e+00
1.328263249999999971e+03 -2.265777400000000164e+00
1.328564100000000053e+03 -2.128078959999999853e+00
1.328864949999999908e+03 -1.986544419999999977e+00
1.329165809999999965e+03 -1.842546330000000010e+00
1.329466660000000047e+03 -1.697415000000000118e+00
1.329767509999999902e+03 -1.552487799999999973e+00
1.330068359999999984e+03 -1.409024650000000101e+00
1.330369210000000066e+03 -1.268278440000000007e+00
1.330670069999999896e+03 -1.131417609999999963e+00
1.330970919999999978e+03 -9.995401879999999961e-01
1.331271770000000060e+03 -8.736667940000000243e-01
1.331572619999999915e+03 -7.547335760000000171e-01
1.331873479999999972e+03 -6.435739179999999671e-01
1.332174330000000054e+03 -5.409198470000000647e-01
1.332475179999999909e+03 -4.473907699999999932e-01
1.332776029999999992e+03 -3.634906589999999937e-01
1.333076890000000049e+03 -2.896052370000000153e-01
1.333377739999999903e+03 -2.259984539999999875e-01
1.333678589999999986e+03 -1.728096770000000226e-01
1.333979440000000068e+03 -1.300550960000000089e-01
1.334280299999999897e+03 -9.762772249999999985e-02
1.334581149999999980e+03 -7.529879740000000599e-02
1.334882000000000062e+03 -6.272215690000000621e-02
1.335182849999999917e+03 -5.943690559999999928e-02
1.335483709999999974e+03 -6.487375219999999554e-02
1.335784560000000056e+03 -7.836063979999999263e-02
1.336085409999999911e+03 -9.912978499999999804e-02
1.336386259999999993e+03 -1.263266869999999931e-01
1.336687110000000075e+03 -1.590173089999999956e-01
1.336987969999999905e+03 -1.961979289999999931e-01
1.337288819999999987e+03 -2.368064049999999976e-01
1.337589670000000069e+03 -2.797334349999999747e-01
1.337890519999999924e+03 -3.238295949999999701e-01
1.338191379999999981e+03 -3.679222360000000136e-01
1.338492230000000063e+03 -4.108225189999999971e-01
1.338793079999999918e+03 -4.513401949999999996e-01
1.339093930000000000e+03 -4.882941679999999729e-01
1.339394790000000057e+03 -5.205237539999999496e-01
1.339695639999999912e+03 -5.469020540000000263e-01
1.339996489999999994e+03 -5.663444010000000528e-01
1.340297340000000077e+03 -5.778217339999999203e-01
1.340598199999999906e+03 -5.803697500000000176e-01
1.340899049999999988e+03 -5.730980509999999972e-01
1.341199900000000071e+03 -5.552014060000000084e-01
1.341500749999999925e+03 -5.259660909999999134e-01
1.341801609999999982e+03 -4.847762170000000093e-01
1.342102460000000065e+03 -4.311249970000000098e-01
1.342403309999999919e+03 -3.646147429999999634e-01
1.342704160000000002e+03 -2.849660179999999876e-01
1.343005010000000084e+03 -1.920197460000000189e-01
1.343305869999999913e+03 -8.573721619999999377e-02
1.343606719999999996e+03 3.379253320000000227e-02
1.343907570000000078e+03 1.663586920000000025e-01
1.344208419999999933e+03 3.116258660000000291e-01
1.344509279999999990e+03 4.691361860000000106e-01
1.344810130000000072e+03 6.383124769999999337e-01
1.345110979999999927e+03 8.184621289999999272e-01
1.345411830000000009e+03 1.008782030000000107e+00
1.345712690000000066e+03 1.208371910000000105e+00
1.346013539999999921e+03 1.416218219999999972e+00
1.346314390000000003e+03 1.631236970000000008e+00
1.346615240000000085e+03 1.852245680000000005e+00
1.346916099999999915e+03 2.077998480000000203e+00
1.347216949999999997e+03 2.307193219999999823e+00
1.347517800000000079e+03 2.538457339999999895e+00
1.347818649999999934e+03 2.770404210000000145e+00
1.348119509999999991e+03 3.001590900000000062e+00
1.348420360000000073e+03 3.230574480000000026e+00
1.348721209999999928e+03 3.455904960000000248e+00
1.349022060000000010e+03 3.676132370000000371e+00
1.349322910000000093e+03 3.889820809999999796e+00
1.349623769999999922e+03 4.095569569999999437e+00
1.349924620000000004e+03 4.292020189999999680e+00
1.350225470000000087e+03 4.477863460000000018e+00
1.350526319999999942e+03 4.651853529999999459e+00
1.350827179999999998e+03 4.812807900000000139e+00
1.351128030000000081e+03 4.959642589999999629e+00
1.351428879999999936e+03 5.091344050000000010e+00
1.351729730000000018e+03 5.207025380000000148e+00
1.352030590000000075e+03 5.305870089999999983e+00
1.352331439999999930e+03 5.387209519999999863e+00
1.352632290000000012e+03 5.450466480000000224e+00
1.352933140000000094e+03 5.495204570000000288e+00
1.353233999999999924e+03 5.521092969999999767e+00
1.353534850000000006e+03 5.527948680000000614e+00
1.353835700000000088e+03 5.515701319999999797e+00
1.354136549999999943e+03 5.484428290000000317e+00
1.354437410000000000e+03 5.434319659999999885e+00
1.354738260000000082e+03 5.365699199999999891e+00
1.355039109999999937e+03 5.279003309999999338e+00
1.355339960000000019e+03 5.174809159999999686e+00
1.355640810000000101e+03 5.053785449999999457e+00
1.355941669999999931e+03 4.916720490000000332e+00
1.356242520000000013e+03 4.764508209999999799e+00
1.356543370000000095e+03 4.598126999999999853e+00
1.356844219999999950e+03 4.418646729999999856e+00
1.357145080000000007e+03 4.227200639999999510e+00
1.357445930000000089e+03 4.025006420000000418e+00
1.357746779999999944e+03 3.813331059999999884e+00
1.358047630000000026e+03 3.593476700000000079e+00
1.358348490000000083e+03 3.366801829999999995e+00
1.358649339999999938e+03 3.134657869999999846e+00
1.358950190000000021e+03 2.898438489999999756e+00
1.359251040000000103e+03 2.659523290000000095e+00
1.359551899999999932e+03 2.419270730000000036e+00
1.359852750000000015e+03 2.179039280000000023e+00
1.360153600000000097e+03 1.940138149999999895e+00
1.360454449999999952e+03 1.703834309999999963e+00
1.360755310000000009e+03 1.471352489999999902e+00
1.361056160000000091e+03 1.243847050000000065e+00
1.361357009999999946e+03 1.022387869999999976e+00
1.361657860000000028e+03 8.079885170000000727e-01
1.361958710000000110e+03 6.015598109999999998e-01
1.362259569999999940e+03 4.039182399999999840e-01
1.362560420000000022e+03 2.157852739999999991e-01
1.362861270000000104e+03 3.777433599999999864e-02
1.363162119999999959e+03 -1.296081379999999839e-01
1.363462980000000016e+03 -2.859676270000000020e-01
1.363763830000000098e+03 -4.310222319999999496e-01
1.364064679999999953e+03 -5.646037260000000835e-01
1.364365530000000035e+03 -6.866579109999999542e-01
1.364666390000000092e+03 -7.972403940000000189e-01
1.364967239999999947e+03 -8.965215119999999649e-01
1.365268090000000029e+03 -9.847729579999999761e-01
1.365568940000000111e+03 -1.062360750000000076e+00
1.365869799999999941e+03 -1.129763509999999860e+00
1.366170650000000023e+03 -1.187537310000000179e+00
1.366471500000000106e+03 -1.236322659999999907e+00
1.366772349999999960e+03 -1.276830480000000101e+00
1.367073200000000043e+03 -1.309856149999999886e+00
1.367374060000000100e+03 -1.336223189999999894e+00
1.367674909999999954e+03 -1.356825509999999957e+00
1.367975760000000037e+03 -1.372585200000000061e+00
1.368276609999999891e+03 -1.384452479999999985e+00
1.368577469999999948e+03 -1.393384619999999963e+00
1.368878320000000031e+03 -1.400352950000000041e+00
1.369179170000000113e+03 -1.406314740000000008e+00
1.369480019999999968e+03 -1.412227260000000095e+00
1.369780880000000025e+03 -1.418991469999999921e+00
1.370081730000000107e+03 -1.427487199999999845e+00
1.370382579999999962e+03 -1.438552070000000072e+00
1.370683430000000044e+03 -1.452946249999999884e+00
1.370984290000000101e+03 -1.471380649999999957e+00
1.371285139999999956e+03 -1.494474680000000166e+00
1.371585990000000038e+03 -1.522770330000000172e+00
1.371886839999999893e+03 -1.556718070000000065e+00
1.372187699999999950e+03 -1.596669829999999957e+00
1.372488550000000032e+03 -1.642886050000000209e+00
1.372789399999999887e+03 -1.695493429999999968e+00
1.373090249999999969e+03 -1.754541240000000002e+00
1.373391100000000051e+03 -1.819944999999999924e+00
1.373691960000000108e+03 -1.891507649999999874e+00
1.373992809999999963e+03 -1.968933550000000032e+00
1.374293660000000045e+03 -2.051800370000000040e+00
1.374594509999999900e+03 -2.139587269999999819e+00
1.374895369999999957e+03 -2.231646660000000004e+00
1.375196220000000039e+03 -2.327260600000000235e+00
1.375497069999999894e+03 -2.425577420000000206e+00
1.375797919999999976e+03 -2.525682060000000284e+00
1.376098780000000033e+03 -2.626575050000000022e+00
1.376399629999999888e+03 -2.727165369999999811e+00
1.376700479999999970e+03 -2.826312750000000040e+00
1.377001330000000053e+03 -2.922806529999999903e+00
1.377302190000000110e+03 -3.015407909999999969e+00
1.377603039999999964e+03 -3.102835820000000133e+00
1.377903890000000047e+03 -3.183788119999999999e+00
1.378204739999999902e+03 -3.256941519999999812e+00
1.378505599999999959e+03 -3.320993849999999803e+00
1.378806450000000041e+03 -3.374642959999999636e+00
1.379107299999999896e+03 -3.416621869999999728e+00
1.379408149999999978e+03 -3.445705849999999959e+00
1.379709000000000060e+03 -3.460712400000000244e+00
1.380009859999999890e+03 -3.460522360000000130e+00
1.380310709999999972e+03 -3.444115099999999874e+00
1.380611560000000054e+03 -3.410533379999999948e+00
1.380912409999999909e+03 -3.358918459999999939e+00
1.381213269999999966e+03 -3.288545359999999640e+00
1.381514120000000048e+03 -3.198787629999999993e+00
1.381814969999999903e+03 -3.089131440000000062e+00
1.382115819999999985e+03 -2.959238940000000095e+00
1.382416680000000042e+03 -2.808870810000000162e+00
1.382717529999999897e+03 -2.637949619999999662e+00
1.383018379999999979e+03 -2.446566869999999838e+00
1.383319230000000061e+03 -2.234933739999999780e+00
1.383620089999999891e+03 -2.003444379999999914e+00
1.383920939999999973e+03 -1.752640780000000120e+00
1.384221790000000055e+03 -1.483212729999999979e+00
1.384522639999999910e+03 -1.196011920000000117e+00
1.384823499999999967e+03 -8.920448869999999530e-01
1.385124350000000049e+03 -5.724624539999999540e-01
1.385425199999999904e+03 -2.385477839999999849e-01
1.385726049999999987e+03 1.082723760000000035e-01
1.386026900000000069e+03 4.664488029999999674e-01
1.386327759999999898e+03 8.343133219999999683e-01
1.386628609999999981e+03 1.210096400000000072e+00
1.386929460000000063e+03 1.591925730000000039e+00
1.387230309999999918e+03 1.977844559999999863e+00
1.387531169999999975e+03 2.365839820000000149e+00
1.387832020000000057e+03 2.753820989999999913e+00
1.388132869999999912e+03 3.139676469999999942e+00
1.388433719999999994e+03 3.521252420000000161e+00
1.388734580000000051e+03 3.896373849999999806e+00
1.389035429999999906e+03 4.262901010000000213e+00
1.389336279999999988e+03 4.618680050000000037e+00
1.389637130000000070e+03 4.961599360000000125e+00
1.389937989999999900e+03 5.289610650000000192e+00
1.390238839999999982e+03 5.600721990000000261e+00
1.390539690000000064e+03 5.893018829999999930e+00
1.390840539999999919e+03 6.164678150000000301e+00
1.391141399999999976e+03 6.413996580000000058e+00
1.391442250000000058e+03 6.639383370000000006e+00
1.391743099999999913e+03 6.839395579999999697e+00
1.392043949999999995e+03 7.012724009999999453e+00
1.392344800000000077e+03 7.158235429999999511e+00
1.392645659999999907e+03 7.274866989999999589e+00
1.392946509999999989e+03 7.361935929999999573e+00
1.393247360000000072e+03 7.418808770000000052e+00
1.393548209999999926e+03 7.444922419999999263e+00
1.393849069999999983e+03 7.440136089999999314e+00
1.394149920000000066e+03 7.404379399999999833e+00
1.394450769999999920e+03 7.337793129999999664e+00
1.394751620000000003e+03 7.240799589999999952e+00
1.395052480000000060e+03 7.113821119999999887e+00
1.395353329999999914e+03 6.957646050000000137e+00
1.395654179999999997e+03 6.773231630000000614e+00
1.395955030000000079e+03 6.561668889999999976e+00
1.396255889999999908e+03 6.324238850000000411e+00
1.396556739999999991e+03 6.062412619999999919e+00
1.396857590000000073e+03 5.777802059999999962e+00
1.397158439999999928e+03 5.472159809999999958e+00
1.397459299999999985e+03 5.147400400000000431e+00
1.397760150000000067e+03 4.805536899999999889e+00
1.398060999999999922e+03 4.448709090000000366e+00
1.398361850000000004e+03 4.079134169999999671e+00
1.398662700000000086e+03 3.699113779999999796e+00
1.398963559999999916e+03 3.311027020000000043e+00
1.399264409999999998e+03 2.917267059999999912e+00
1.399565260000000080e+03 2.520283370000000023e+00
1.399866109999999935e+03 2.122525410000000168e+00
1.400166969999999992e+03 1.726428600000000202e+00
1.400467820000000074e+03 1.334414240000000085e+00
1.400768669999999929e+03 9.488614189999999837e-01
1.401069520000000011e+03 5.720746210000000609e-01
1.401370380000000068e+03 2.062998970000000099e-01
1.401671229999999923e+03 -1.463166469999999941e-01
1.401972080000000005e+03 -4.837358950000000268e-01
1.402272930000000088e+03 -8.040397959999999733e-01
1.402573789999999917e+03 -1.105451780000000106e+00
1.402874639999999999e+03 -1.386345900000000020e+00
1.403175490000000082e+03 -1.645236979999999960e+00
1.403476339999999936e+03 -1.880836949999999952e+00
1.403777199999999993e+03 -2.092033690000000057e+00
1.404078050000000076e+03 -2.277891040000000089e+00
1.404378899999999931e+03 -2.437676970000000054e+00
1.404679750000000013e+03 -2.570863590000000087e+00
1.404980600000000095e+03 -2.677120079999999902e+00
1.405281459999999925e+03 -2.756319740000000351e+00
1.405582310000000007e+03 -2.808547020000000227e+00
1.405883160000000089e+03 -2.834097569999999955e+00
1.406184009999999944e+03 -2.833450009999999963e+00
1.406484870000000001e+03 -2.807294129999999832e+00
1.406785720000000083e+03 -2.756516819999999868e+00
1.407086569999999938e+03 -2.682173879999999677e+00
1.407387420000000020e+03 -2.585511170000000192e+00
1.407688280000000077e+03 -2.467929380000000172e+00
1.407989129999999932e+03 -2.330991120000000194e+00
1.408289980000000014e+03 -2.176392719999999947e+00
1.408590830000000096e+03 -2.005971279999999801e+00
1.408891689999999926e+03 -1.821669489999999891e+00
1.409192540000000008e+03 -1.625521530000000103e+00
1.409493390000000090e+03 -1.419660149999999899e+00
1.409794239999999945e+03 -1.206260299999999841e+00
1.410095090000000027e+03 -9.875602900000001183e-01
1.410395950000000084e+03 -7.658265960000000261e-01
1.410696799999999939e+03 -5.433341279999999163e-01
1.410997650000000021e+03 -3.223437219999999992e-01
1.411298500000000104e+03 -1.051000259999999992e-01
1.411599359999999933e+03 1.061973620000000035e-01
1.411900210000000015e+03 3.094107810000000236e-01
1.412201060000000098e+03 5.024807040000000002e-01
1.412501909999999953e+03 6.834412170000000453e-01
1.412802770000000010e+03 8.504390250000000151e-01
1.413103620000000092e+03 1.001743310000000164e+00
1.413404469999999947e+03 1.135760499999999951e+00
1.413705320000000029e+03 1.251054699999999853e+00
1.414006180000000086e+03 1.346351900000000157e+00
1.414307029999999941e+03 1.420554070000000113e+00
1.414607880000000023e+03 1.472746160000000026e+00
1.414908730000000105e+03 1.502196160000000003e+00
1.415209589999999935e+03 1.508390230000000054e+00
1.415510440000000017e+03 1.490997559999999833e+00
1.415811290000000099e+03 1.449898480000000101e+00
1.416112139999999954e+03 1.385191550000000049e+00
1.416412990000000036e+03 1.297158299999999986e+00
1.416713850000000093e+03 1.186312570000000122e+00
1.417014699999999948e+03 1.053351190000000104e+00
1.417315550000000030e+03 8.991821469999999872e-01
1.417616400000000112e+03 7.248894120000000107e-01
1.417917259999999942e+03 5.317547329999999794e-01
1.418218110000000024e+03 3.212252690000000355e-01
1.418518960000000106e+03 9.491429669999999763e-02
1.418819809999999961e+03 -1.454135789999999873e-01
1.419120670000000018e+03 -3.978564960000000039e-01
1.419421520000000100e+03 -6.603887120000000444e-01
1.419722369999999955e+03 -9.308774939999999720e-01
1.420023220000000038e+03 -1.207083829999999969e+00
1.420324080000000095e+03 -1.486718020000000084e+00
1.420624929999999949e+03 -1.767408010000000029e+00
1.420925780000000032e+03 -2.046760649999999959e+00
1.421226629999999886e+03 -2.322333500000000051e+00
1.421527489999999943e+03 -2.591712280000000312e+00
1.421828340000000026e+03 -2.852468620000000232e+00
1.422129190000000108e+03 -3.102223460000000266e+00
1.422430039999999963e+03 -3.338653990000000071e+00
1.422730890000000045e+03 -3.559479689999999863e+00
1.423031750000000102e+03 -3.762539669999999781e+00
1.423332599999999957e+03 -3.945757500000000029e+00
1.423633450000000039e+03 -4.107162339999999467e+00
1.423934299999999894e+03 -4.244952280000000577e+00
1.424235159999999951e+03 -4.357445070000000698e+00
1.424536010000000033e+03 -4.443134429999999746e+00
1.424836859999999888e+03 -4.500682990000000494e+00
1.425137709999999970e+03 -4.528929360000000237e+00
1.425438570000000027e+03 -4.526916289999999954e+00
1.425739420000000109e+03 -4.493890619999999281e+00
1.426040269999999964e+03 -4.429296309999999792e+00
1.426341120000000046e+03 -4.332795480000000587e+00
1.426641980000000103e+03 -4.204261449999999734e+00
1.426942829999999958e+03 -4.043792759999999653e+00
1.427243680000000040e+03 -3.851706150000000051e+00
1.427544529999999895e+03 -3.628529519999999842e+00
1.427845389999999952e+03 -3.374994889999999970e+00
1.428146240000000034e+03 -3.092066589999999948e+00
1.428447089999999889e+03 -2.780898940000000152e+00
1.428747939999999971e+03 -2.442836350000000323e+00
1.429048790000000054e+03 -2.079427340000000068e+00
1.429349650000000111e+03 -1.692375280000000037e+00
1.429650499999999965e+03 -1.283566540000000034e+00
1.429951350000000048e+03 -8.550353080000000494e-01
1.430252199999999903e+03 -4.089445889999999695e-01
1.430553059999999959e+03 5.240135509999999802e-02
1.430853910000000042e+03 5.265995759999999581e-01
1.431154759999999897e+03 1.011154069999999905e+00
1.431455609999999979e+03 1.503484239999999916e+00
1.431756470000000036e+03 2.000966749999999905e+00
1.432057319999999891e+03 2.500912819999999925e+00
1.432358169999999973e+03 3.000640680000000060e+00
1.432659020000000055e+03 3.497440430000000156e+00
1.432959880000000112e+03 3.988623290000000043e+00
1.433260729999999967e+03 4.471528619999999954e+00
1.433561580000000049e+03 4.943538010000000149e+00
1.433862429999999904e+03 5.402103450000000251e+00
1.434163289999999961e+03 5.844761379999999562e+00
1.434464140000000043e+03 6.269132729999999931e+00
1.434764989999999898e+03 6.672965099999999872e+00
1.435065839999999980e+03 7.054132789999999709e+00
1.435366690000000062e+03 7.410573470000000107e+00
1.435667549999999892e+03 7.740548570000000517e+00
1.435968399999999974e+03 8.042298410000000786e+00
1.436269250000000056e+03 8.314344860000000281e+00
1.436570099999999911e+03 8.555350569999999877e+00
1.436870959999999968e+03 8.764118939999999469e+00
1.437171810000000050e+03 8.939664569999999699e+00
1.437472659999999905e+03 9.081353959999999503e+00
1.437773509999999987e+03 9.188553640000000300e+00
1.438074370000000044e+03 9.260841270000000236e+00
1.438375219999999899e+03 9.298146479999999769e+00
1.438676069999999982e+03 9.300469250000000798e+00
1.438976920000000064e+03 9.268020760000000635e+00
1.439277779999999893e+03 9.201293720000000675e+00
1.439578629999999976e+03 9.100780829999999710e+00
1.439879480000000058e+03 8.967256340000000492e+00
1.440180329999999913e+03 8.801776079999999780e+00
1.440481189999999970e+03 8.605466240000000155e+00
1.440782040000000052e+03 8.379452999999999818e+00
1.441082889999999907e+03 8.125284900000000476e+00
1.441383739999999989e+03 7.844440050000000220e+00
1.441684590000000071e+03 7.538537370000000237e+00
1.441985449999999901e+03 7.209406909999999336e+00
1.442286299999999983e+03 6.858815410000000057e+00
1.442587150000000065e+03 6.488719609999999527e+00
1.442887999999999920e+03 6.101090380000000479e+00
1.443188859999999977e+03 5.697947800000000562e+00
1.443489710000000059e+03 5.281354239999999756e+00
1.443790559999999914e+03 4.853372030000000059e+00
1.444091409999999996e+03 4.416077600000000380e+00
1.444392270000000053e+03 3.971533280000000055e+00
1.444693119999999908e+03 3.521780319999999964e+00
1.444993969999999990e+03 3.068803619999999732e+00
1.445294820000000072e+03 2.614559959999999794e+00
1.445595679999999902e+03 2.160928659999999724e+00
1.445896529999999984e+03 1.709711640000000088e+00
1.446197380000000067e+03 1.262640430000000036e+00
1.446498229999999921e+03 8.213409649999999784e-01
1.446799089999999978e+03 3.873441710000000149e-01
1.447099940000000061e+03 -3.793693030000000466e-02
1.447400789999999915e+03 -4.531984170000000200e-01
1.447701639999999998e+03 -8.572595429999999572e-01
1.448002490000000080e+03 -1.249062740000000060e+00
1.448303349999999909e+03 -1.627682419999999963e+00
1.448604199999999992e+03 -1.992323209999999900e+00
1.448905050000000074e+03 -2.342309380000000107e+00
1.449205899999999929e+03 -2.677098970000000300e+00
1.449506759999999986e+03 -2.996290750000000003e+00
1.449807610000000068e+03 -3.299596150000000172e+00
1.450108459999999923e+03 -3.586846229999999913e+00
1.450409310000000005e+03 -3.857984679999999944e+00
1.450710170000000062e+03 -4.113088939999999916e+00
1.451011019999999917e+03 -4.352320889999999665e+00
1.451311869999999999e+03 -4.575933919999999766e+00
1.451612720000000081e+03 -4.784294050000000631e+00
1.451913579999999911e+03 -4.977823600000000681e+00
1.452214429999999993e+03 -5.157029360000000118e+00
1.452515280000000075e+03 -5.322488510000000339e+00
1.452816129999999930e+03 -5.474806359999999650e+00
1.453116989999999987e+03 -5.614651610000000126e+00
1.453417840000000069e+03 -5.742714050000000015e+00
1.453718689999999924e+03 -5.859704579999999829e+00
1.454019540000000006e+03 -5.966362270000000301e+00
1.454320390000000089e+03 -6.063405079999999892e+00
1.454621249999999918e+03 -6.151557979999999759e+00
1.454922100000000000e+03 -6.231517819999999652e+00
1.455222950000000083e+03 -6.303974379999999655e+00
1.455523799999999937e+03 -6.369561159999999944e+00
1.455824659999999994e+03 -6.428876429999999864e+00
1.456125510000000077e+03 -6.482476270000000262e+00
1.456426359999999931e+03 -6.530860420000000666e+00
1.456727210000000014e+03 -6.574451200000000384e+00
1.457028070000000071e+03 -6.613628699999999583e+00
1.457328919999999925e+03 -6.648681519999999345e+00
1.457629770000000008e+03 -6.679834889999999525e+00
1.457930620000000090e+03 -6.707243649999999668e+00
1.458231479999999920e+03 -6.730978209999999962e+00
1.458532330000000002e+03 -6.751031519999999730e+00
1.458833180000000084e+03 -6.767333189999999554e+00
1.459134029999999939e+03 -6.779721330000000101e+00
1.459434880000000021e+03 -6.787977750000000476e+00
1.459735740000000078e+03 -6.791813849999999597e+00
1.460036589999999933e+03 -6.790870660000000392e+00
1.460337440000000015e+03 -6.784732899999999844e+00
1.460638290000000097e+03 -6.772943049999999410e+00
1.460939149999999927e+03 -6.754980240000000080e+00
1.461240000000000009e+03 -6.730302490000000581e+00
1.461540850000000091e+03 -6.698325599999999547e+00
1.461841699999999946e+03 -6.658451259999999650e+00
1.462142560000000003e+03 -6.610060069999999399e+00
1.462443410000000085e+03 -6.552525590000000122e+00
1.462744259999999940e+03 -6.485242490000000082e+00
1.463045110000000022e+03 -6.407591350000000574e+00
1.463345970000000079e+03 -6.319009079999999834e+00
1.463646819999999934e+03 -6.218925549999999802e+00
1.463947670000000016e+03 -6.106855089999999819e+00
1.464248520000000099e+03 -5.982319049999999194e+00
1.464549379999999928e+03 -5.844923269999999782e+00
1.464850230000000010e+03 -5.694336940000000347e+00
1.465151080000000093e+03 -5.530299620000000083e+00
1.465451929999999948e+03 -5.352621260000000269e+00
1.465752780000000030e+03 -5.161217399999999955e+00
1.466053640000000087e+03 -4.956088040000000028e+00
1.466354489999999942e+03 -4.737317649999999603e+00
1.466655340000000024e+03 -4.505110339999999880e+00
1.466956190000000106e+03 -4.259761750000000013e+00
1.467257049999999936e+03 -4.001680109999999679e+00
1.467557900000000018e+03 -3.731372220000000350e+00
1.467858750000000100e+03 -3.449464529999999751e+00
1.468159599999999955e+03 -3.156682019999999866e+00
1.468460460000000012e+03 -2.853848210000000218e+00
1.468761310000000094e+03 -2.541892229999999753e+00
1.469062159999999949e+03 -2.221848759999999867e+00
1.469363010000000031e+03 -1.894822889999999926e+00
1.469663870000000088e+03 -1.562032300000000040e+00
1.469964719999999943e+03 -1.224751010000000084e+00
1.470265570000000025e+03 -8.843374910000000311e-01
1.470566420000000107e+03 -5.422128599999999077e-01
1.470867279999999937e+03 -1.998482089999999989e-01
1.471168130000000019e+03 1.412396190000000107e-01
1.471468980000000101e+03 4.794985860000000044e-01
1.471769829999999956e+03 8.133590580000000791e-01
1.472070680000000038e+03 1.141222540000000008e+00
1.472371540000000095e+03 1.461519409999999963e+00
1.472672389999999950e+03 1.772665930000000056e+00
1.472973240000000033e+03 2.073120649999999898e+00
1.473274089999999887e+03 2.361356150000000209e+00
1.473574949999999944e+03 2.635915429999999837e+00
1.473875800000000027e+03 2.895390729999999913e+00
1.474176650000000109e+03 3.138444699999999976e+00
1.474477499999999964e+03 3.363817409999999786e+00
1.474778360000000021e+03 3.570347470000000190e+00
1.475079210000000103e+03 3.756986119999999651e+00
1.475380059999999958e+03 3.922776079999999777e+00
1.475680910000000040e+03 4.066893830000000598e+00
1.475981770000000097e+03 4.188642540000000025e+00
1.476282619999999952e+03 4.287459100000000412e+00
1.476583470000000034e+03 4.362921199999999722e+00
1.476884319999999889e+03 4.414754320000000121e+00
1.477185179999999946e+03 4.442838799999999644e+00
1.477486030000000028e+03 4.447188729999999701e+00
1.477786880000000110e+03 4.427994149999999962e+00
1.478087729999999965e+03 4.385599950000000469e+00
1.478388580000000047e+03 4.320477730000000349e+00
1.478689440000000104e+03 4.233289130000000178e+00
1.478990289999999959e+03 4.124815440000000777e+00
1.479291140000000041e+03 3.995992829999999607e+00
1.479591989999999896e+03 3.847898199999999935e+00
1.479892849999999953e+03 3.681735189999999935e+00
1.480193700000000035e+03 3.498841139999999683e+00
1.480494549999999890e+03 3.300651950000000223e+00
1.480795399999999972e+03 3.088716159999999711e+00
1.481096260000000029e+03 2.864694880000000055e+00
1.481397110000000112e+03 2.630305570000000426e+00
1.481697959999999966e+03 2.387350140000000120e+00
1.481998810000000049e+03 2.137686809999999937e+00
1.482299670000000106e+03 1.883223080000000049e+00
1.482600519999999960e+03 1.625887550000000070e+00
1.482901370000000043e+03 1.367636979999999891e+00
1.483202219999999897e+03 1.110407039999999901e+00
1.483503079999999954e+03 8.561544640000000594e-01
1.483803930000000037e+03 6.067825389999998986e-01
1.484104779999999892e+03 3.641572260000000005e-01
1.484405629999999974e+03 1.300924019999999959e-01
1.484706480000000056e+03 -9.367055529999999963e-02
1.485007340000000113e+03 -3.054761380000000082e-01
1.485308189999999968e+03 -5.037638629999999784e-01
1.485609040000000050e+03 -6.870858650000000178e-01
1.485909889999999905e+03 -8.541132359999999979e-01
1.486210749999999962e+03 -1.003650800000000176e+00
1.486511600000000044e+03 -1.134641339999999943e+00
1.486812449999999899e+03 -1.246190939999999969e+00
1.487113299999999981e+03 -1.337546470000000154e+00
1.487414160000000038e+03 -1.408137769999999955e+00
1.487715009999999893e+03 -1.457549569999999850e+00
1.488015859999999975e+03 -1.485542550000000128e+00
1.488316710000000057e+03 -1.492074479999999870e+00
1.488617569999999887e+03 -1.477265020000000151e+00
1.488918419999999969e+03 -1.441402750000000177e+00
1.489219270000000051e+03 -1.384973349999999881e+00
1.489520119999999906e+03 -1.308624369999999981e+00
1.489820979999999963e+03 -1.213186399999999887e+00
1.490121830000000045e+03 -1.099630760000000151e+00
1.490422679999999900e+03 -9.691188490000000044e-01
1.490723529999999982e+03 -8.229317150000000636e-01
1.491024380000000065e+03 -6.625122930000000299e-01
1.491325239999999894e+03 -4.894224750000000235e-01
1.491626089999999976e+03 -3.053480330000000187e-01
1.491926940000000059e+03 -1.120775069999999929e-01
1.492227789999999914e+03 8.850343239999999834e-02
1.492528649999999971e+03 2.944337969999999971e-01
1.492829500000000053e+03 5.036857330000000799e-01
1.493130349999999908e+03 7.141835220000000151e-01
1.493431199999999990e+03 9.238246989999999714e-01
1.493732060000000047e+03 1.130474420000000091e+00
1.494032909999999902e+03 1.332014029999999849e+00
1.494333759999999984e+03 1.526338959999999911e+00
1.494634610000000066e+03 1.711365739999999969e+00
1.494935469999999896e+03 1.885074260000000113e+00
1.495236319999999978e+03 2.045500720000000161e+00
1.495537170000000060e+03 2.190765779999999996e+00
1.495838019999999915e+03 2.319088649999999863e+00
1.496138879999999972e+03 2.428801149999999964e+00
1.496439730000000054e+03 2.518354759999999803e+00
1.496740579999999909e+03 2.586348769999999853e+00
1.497041429999999991e+03 2.631509190000000054e+00
1.497342280000000073e+03 2.652759080000000047e+00
1.497643139999999903e+03 2.649162290000000031e+00
1.497943989999999985e+03 2.619979770000000041e+00
1.498244840000000067e+03 2.564648410000000212e+00
1.498545689999999922e+03 2.482809229999999978e+00
1.498846549999999979e+03 2.374293320000000040e+00
1.499147400000000061e+03 2.239142889999999664e+00
1.499448249999999916e+03 2.077590240000000144e+00
1.499749099999999999e+03 1.890085830000000078e+00
1.500049960000000056e+03 1.677263150000000147e+00
1.500350809999999910e+03 1.439980929999999937e+00
1.500651659999999993e+03 1.179266810000000110e+00
1.500952510000000075e+03 8.963596209999999953e-01
1.501253369999999904e+03 5.926713180000000580e-01
1.501554219999999987e+03 2.697905420000000221e-01
1.501855070000000069e+03 -7.053076979999998997e-02
1.502155919999999924e+03 -4.263837160000000237e-01
1.502456770000000006e+03 -7.957200309999999943e-01
1.502757630000000063e+03 -1.176359820000000056e+00
1.503058479999999918e+03 -1.566009169999999839e+00
1.503359330000000000e+03 -1.962274920000000256e+00
1.503660180000000082e+03 -2.362679430000000025e+00
1.503961039999999912e+03 -2.764674689999999657e+00
1.504261889999999994e+03 -3.165670460000000297e+00
1.504562740000000076e+03 -3.563034249999999847e+00
1.504863589999999931e+03 -3.954119489999999626e+00
1.505164449999999988e+03 -4.336286689999999666e+00
1.505465300000000070e+03 -4.706917419999999908e+00
1.505766149999999925e+03 -5.063414410000000032e+00
1.506067000000000007e+03 -5.403264829999999463e+00
1.506367860000000064e+03 -5.724012169999999955e+00
1.506668709999999919e+03 -6.023277349999999863e+00
1.506969560000000001e+03 -6.298822040000000122e+00
1.507270410000000084e+03 -6.548485369999999861e+00
1.507571269999999913e+03 -6.770289449999999931e+00
1.507872119999999995e+03 -6.962369030000000514e+00
1.508172970000000078e+03 -7.123041839999999958e+00
1.508473819999999932e+03 -7.250794570000000050e+00
1.508774670000000015e+03 -7.344339140000000654e+00
1.509075530000000072e+03 -7.402478949999999891e+00
1.509376379999999926e+03 -7.424298969999999720e+00
1.509677230000000009e+03 -7.409095339999999474e+00
1.509978080000000091e+03 -7.356445729999999905e+00
1.510278939999999920e+03 -7.265927819999999926e+00
1.510579790000000003e+03 -7.137541600000000486e+00
1.510880640000000085e+03 -6.971434890000000273e+00
1.511181489999999940e+03 -6.768008909999999823e+00
1.511482349999999997e+03 -6.527847849999999674e+00
1.511783200000000079e+03 -6.251775249999999673e+00
1.512084049999999934e+03 -5.940804690000000221e+00
1.512384900000000016e+03 -5.596182019999999646e+00
1.512685760000000073e+03 -5.219322019999999895e+00
1.512986609999999928e+03 -4.811843589999999615e+00
1.513287460000000010e+03 -4.375548659999999757e+00
1.513588310000000092e+03 -3.912386940000000202e+00
1.513889169999999922e+03 -3.424484120000000242e+00
1.514190020000000004e+03 -2.914092600000000033e+00
1.514490870000000086e+03 -2.383598500000000175e+00
1.514791719999999941e+03 -1.835493529999999929e+00
1.515092570000000023e+03 -1.272374979999999933e+00
1.515393430000000080e+03 -6.969154349999999720e-01
1.515694279999999935e+03 -1.118543789999999899e-01
1.515995130000000017e+03 4.800201550000000039e-01
1.516295980000000100e+03 1.075889160000000011e+00
1.516596839999999929e+03 1.672927300000000006e+00
1.516897690000000011e+03 2.268297260000000204e+00
1.517198540000000094e+03 2.859197640000000096e+00
1.517499389999999948e+03 3.442848140000000168e+00
1.517800250000000005e+03 4.016524770000000188e+00
1.518101100000000088e+03 4.577588020000000313e+00
1.518401949999999943e+03 5.123461719999999886e+00
1.518702800000000025e+03 5.651668230000000293e+00
1.519003660000000082e+03 6.159849589999999431e+00
1.519304509999999937e+03 6.645767489999999889e+00
1.519605360000000019e+03 7.107345500000000094e+00
1.519906210000000101e+03 7.542549430000000221e+00
1.520207069999999931e+03 7.949598500000000456e+00
1.520507920000000013e+03 8.326944169999999090e+00
1.520808770000000095e+03 8.673037929999999562e+00
1.521109619999999950e+03 8.986612819999999502e+00
1.521410470000000032e+03 9.266542630000000003e+00
1.521711330000000089e+03 9.511912340000000299e+00
1.522012179999999944e+03 9.722018079999999784e+00
1.522313030000000026e+03 9.896226350000000949e+00
1.522613880000000108e+03 1.003432600000000008e+01
1.522914739999999938e+03 1.013603550000000020e+01
1.523215590000000020e+03 1.020135479999999895e+01
1.523516440000000102e+03 1.023063579999999995e+01
1.523817289999999957e+03 1.022408980000000156e+01
1.524118150000000014e+03 1.018227979999999988e+01
1.524419000000000096e+03 1.010598010000000002e+01
1.524719849999999951e+03 9.996105749999999901e+00
1.525020700000000033e+03 9.853501330000000280e+00
1.525321560000000090e+03 9.679504220000000103e+00
1.525622409999999945e+03 9.475240620000001002e+00
1.525923260000000028e+03 9.242259060000000304e+00
1.526224110000000110e+03 8.981896879999998973e+00
1.526524969999999939e+03 8.695843379999999456e+00
1.526825820000000022e+03 8.385787849999999821e+00
1.527126670000000104e+03 8.053419589999998962e+00
1.527427519999999959e+03 7.700639040000000435e+00
1.527728370000000041e+03 7.329205889999999890e+00
1.528029230000000098e+03 6.941006520000000179e+00
1.528330079999999953e+03 6.538018799999999686e+00
1.528630930000000035e+03 6.122122059999999699e+00
1.528931779999999890e+03 5.695223820000000714e+00
1.529232639999999947e+03 5.259224510000000130e+00
1.529533490000000029e+03 4.815996440000000156e+00
1.529834340000000111e+03 4.367383740000000181e+00
1.530135189999999966e+03 3.915167229999999776e+00
1.530436050000000023e+03 3.461092489999999966e+00
1.530736900000000105e+03 3.006834749999999890e+00
1.531037749999999960e+03 2.553991789999999984e+00
1.531338600000000042e+03 2.104105090000000011e+00
1.531639460000000099e+03 1.658617589999999975e+00
1.531940309999999954e+03 1.218887760000000098e+00
1.532241160000000036e+03 7.861825679999999705e-01
1.532542009999999891e+03 3.616669279999999986e-01
1.532842869999999948e+03 -5.357675060000000045e-02
1.533143720000000030e+03 -4.585774049999999935e-01
1.533444570000000112e+03 -8.524591369999999779e-01
1.533745419999999967e+03 -1.234457399999999927e+00
1.534046270000000050e+03 -1.603884520000000036e+00
1.534347130000000107e+03 -1.960177379999999747e+00
1.534647979999999961e+03 -2.302850330000000056e+00
1.534948830000000044e+03 -2.631516229999999901e+00
1.535249679999999898e+03 -2.945872410000000219e+00
1.535550539999999955e+03 -3.245714759999999810e+00
1.535851390000000038e+03 -3.530909540000000124e+00
1.536152239999999892e+03 -3.801386350000000025e+00
1.536453089999999975e+03 -4.057166329999999377e+00
1.536753950000000032e+03 -4.298326879999999406e+00
1.537054799999999886e+03 -4.524994719999999582e+00
1.537355649999999969e+03 -4.737352840000000676e+00
1.537656500000000051e+03 -4.935626489999999755e+00
1.537957360000000108e+03 -5.120097209999999954e+00
1.538258209999999963e+03 -5.291046549999999904e+00
1.538559060000000045e+03 -5.448805339999999831e+00
1.538859909999999900e+03 -5.593718469999999776e+00
1.539160769999999957e+03 -5.726137869999999630e+00
1.539461620000000039e+03 -5.846429559999999803e+00
1.539762469999999894e+03 -5.954959549999999879e+00
1.540063319999999976e+03 -6.052079779999999687e+00
1.540364170000000058e+03 -6.138149229999999790e+00
1.540665029999999888e+03 -6.213512780000000291e+00
1.540965879999999970e+03 -6.278494219999999792e+00
1.541266730000000052e+03 -6.333396220000000021e+00
1.541567579999999907e+03 -6.378500329999999607e+00
1.541868439999999964e+03 -6.414066970000000367e+00
1.542169290000000046e+03 -6.440328430000000104e+00
1.542470139999999901e+03 -6.457495859999999865e+00
1.542770989999999983e+03 -6.465731159999999811e+00
1.543071850000000040e+03 -6.465196220000000160e+00
1.543372699999999895e+03 -6.456010689999999386e+00
1.543673549999999977e+03 -6.438273119999999849e+00
1.543974400000000060e+03 -6.412039819999999501e+00
1.544275259999999889e+03 -6.377374130000000640e+00
1.544576109999999971e+03 -6.334297180000000083e+00
1.544876960000000054e+03 -6.282816000000000400e+00
1.545177809999999909e+03 -6.222930579999999878e+00
1.545478669999999966e+03 -6.154619830000000569e+00
1.545779520000000048e+03 -6.077862610000000387e+00
1.546080369999999903e+03 -5.992630769999999885e+00
1.546381219999999985e+03 -5.898903199999999458e+00
1.546682070000000067e+03 -5.796644709999999812e+00
1.546982929999999897e+03 -5.685855280000000178e+00
1.547283779999999979e+03 -5.566527899999999640e+00
1.547584630000000061e+03 -5.438676619999999851e+00
1.547885479999999916e+03 -5.302343699999999771e+00
1.548186339999999973e+03 -5.157592460000000045e+00
1.548487190000000055e+03 -5.004507380000000616e+00
1.548788039999999910e+03 -4.843222200000000477e+00
1.549088889999999992e+03 -4.673891760000000062e+00
1.549389750000000049e+03 -4.496706109999999867e+00
1.549690599999999904e+03 -4.311904570000000270e+00
1.549991449999999986e+03 -4.119761649999999165e+00
1.550292300000000068e+03 -3.920601119999999717e+00
1.550593159999999898e+03 -3.714781969999999767e+00
1.550894009999999980e+03 -3.502726510000000015e+00
1.551194860000000062e+03 -3.284871149999999851e+00
1.551495709999999917e+03 -3.061729710000000271e+00
1.551796559999999999e+03 -2.833823059999999838e+00
1.552097420000000056e+03 -2.601749489999999998e+00
1.552398269999999911e+03 -2.366121370000000113e+00
1.552699119999999994e+03 -2.127600329999999929e+00
1.552999970000000076e+03 -1.886869130000000006e+00
1.553300829999999905e+03 -1.644652769999999986e+00
1.553601679999999988e+03 -1.401690300000000056e+00
1.553902530000000070e+03 -1.158748949999999889e+00
1.554203379999999925e+03 -9.166170519999999877e-01
1.554504239999999982e+03 -6.760857569999999539e-01
1.554805090000000064e+03 -4.379532569999999847e-01
1.555105939999999919e+03 -2.030191510000000088e-01
1.555406790000000001e+03 2.792048269999999888e-02
1.555707650000000058e+03 2.540836419999999984e-01
1.556008499999999913e+03 4.747045149999999936e-01
1.556309349999999995e+03 6.890412209999999815e-01
1.556610200000000077e+03 8.963807369999999830e-01
1.556911059999999907e+03 1.096048050000000051e+00
1.557211909999999989e+03 1.287395599999999973e+00
1.557512760000000071e+03 1.469853249999999889e+00
1.557813609999999926e+03 1.642864940000000162e+00
1.558114460000000008e+03 1.805952030000000041e+00
1.558415320000000065e+03 1.958699249999999781e+00
1.558716169999999920e+03 2.100747620000000371e+00
1.559017020000000002e+03 2.231808550000000224e+00
1.559317870000000084e+03 2.351663840000000061e+00
1.559618729999999914e+03 2.460179749999999999e+00
1.559919579999999996e+03 2.557285910000000051e+00
1.560220430000000079e+03 2.642989340000000187e+00
1.560521279999999933e+03 2.717388590000000104e+00
1.560822139999999990e+03 2.780652579999999929e+00
1.561122990000000073e+03 2.833020649999999918e+00
1.561423839999999927e+03 2.874816550000000248e+00
1.561724690000000010e+03 2.906448549999999909e+00
1.562025550000000067e+03 2.928367119999999879e+00
1.562326399999999921e+03 2.941121279999999949e+00
1.562627250000000004e+03 2.945309310000000291e+00
1.562928100000000086e+03 2.941592870000000026e+00
1.563228959999999915e+03 2.930689899999999959e+00
1.563529809999999998e+03 2.913360570000000038e+00
1.563830660000000080e+03 2.890421389999999757e+00
1.564131509999999935e+03 2.862709959999999665e+00
1.564432360000000017e+03 2.831106119999999837e+00
1.564733220000000074e+03 2.796510819999999953e+00
1.565034069999999929e+03 2.759832059999999920e+00
1.565334920000000011e+03 2.721984870000000001e+00
1.565635770000000093e+03 2.683891329999999797e+00
1.565936629999999923e+03 2.646459429999999724e+00
1.566237480000000005e+03 2.610583080000000056e+00
1.566538330000000087e+03 2.577121009999999934e+00
1.566839179999999942e+03 2.546917880000000078e+00
1.567140039999999999e+03 2.520762000000000391e+00
1.567440890000000081e+03 2.499392449999999766e+00
1.567741739999999936e+03 2.483499029999999941e+00
1.568042590000000018e+03 2.473708170000000095e+00
1.568343450000000075e+03 2.470582979999999651e+00
1.568644299999999930e+03 2.474595050000000018e+00
1.568945150000000012e+03 2.486152619999999924e+00
1.569246000000000095e+03 2.505579490000000131e+00
1.569546859999999924e+03 2.533093829999999880e+00
1.569847710000000006e+03 2.568843479999999957e+00
1.570148560000000089e+03 2.612863620000000164e+00
1.570449409999999943e+03 2.665112029999999965e+00
1.570750260000000026e+03 2.725433839999999996e+00
1.571051120000000083e+03 2.793575670000000066e+00
1.571351969999999937e+03 2.869199660000000041e+00
1.571652820000000020e+03 2.951869400000000088e+00
1.571953670000000102e+03 3.041049960000000052e+00
1.572254529999999932e+03 3.136114880000000049e+00
1.572555380000000014e+03 3.236360299999999857e+00
1.572856230000000096e+03 3.340997890000000137e+00
1.573157079999999951e+03 3.449154829999999894e+00
1.573457940000000008e+03 3.559894980000000153e+00
1.573758790000000090e+03 3.672218840000000206e+00
1.574059639999999945e+03 3.785077639999999910e+00
1.574360490000000027e+03 3.897352230000000084e+00
1.574661350000000084e+03 4.007902340000000230e+00
1.574962199999999939e+03 4.115559529999999633e+00
1.575263050000000021e+03 4.219113150000000090e+00
1.575563900000000103e+03 4.317352539999999905e+00
1.575864759999999933e+03 4.409074069999999956e+00
1.576165610000000015e+03 4.493060049999999528e+00
1.576466460000000097e+03 4.568127980000000754e+00
1.576767309999999952e+03 4.633102390000000348e+00
1.577068160000000034e+03 4.686871149999999986e+00
1.577369020000000091e+03 4.728336240000000856e+00
1.577669869999999946e+03 4.756484079999999892e+00
1.577970720000000028e+03 4.770350350000000184e+00
1.578271570000000111e+03 4.769055230000000201e+00
1.578572429999999940e+03 4.751782210000000006e+00
1.578873280000000022e+03 4.717813360000000067e+00
1.579174130000000105e+03 4.666543339999999596e+00
1.579474979999999960e+03 4.597444239999999738e+00
1.579775840000000017e+03 4.510107829999999929e+00
1.580076690000000099e+03 4.404245509999999975e+00
1.580377539999999954e+03 4.279681319999999900e+00
1.580678390000000036e+03 4.136358940000000040e+00
1.580979250000000093e+03 3.974341729999999906e+00
1.581280099999999948e+03 3.793826769999999904e+00
1.581580950000000030e+03 3.595130800000000182e+00
1.581881800000000112e+03 3.378704299999999883e+00
1.582182659999999942e+03 3.145103330000000419e+00
1.582483510000000024e+03 2.895024709999999946e+00
1.582784360000000106e+03 2.629277919999999824e+00
1.583085209999999961e+03 2.348777960000000053e+00
1.583386060000000043e+03 2.054566590000000303e+00
1.583686920000000100e+03 1.747769990000000107e+00
1.583987769999999955e+03 1.429619940000000033e+00
1.584288620000000037e+03 1.101446750000000030e+00
1.584589469999999892e+03 7.646511299999999567e-01
1.584890329999999949e+03 4.207098059999999640e-01
1.585191180000000031e+03 7.116143899999999300e-02
1.585492030000000113e+03 -2.823968860000000136e-01
1.585792879999999968e+03 -6.383272580000000085e-01
1.586093740000000025e+03 -9.949579830000000458e-01
1.586394590000000107e+03 -1.350596249999999943e+00
1.586695439999999962e+03 -1.703531650000000175e+00
1.586996290000000045e+03 -2.052060809999999957e+00
1.587297150000000101e+03 -2.394494439999999891e+00
1.587597999999999956e+03 -2.729150290000000201e+00
1.587898850000000039e+03 -3.054388330000000096e+00
1.588199699999999893e+03 -3.368617820000000318e+00
1.588500559999999950e+03 -3.670297270000000278e+00
1.588801410000000033e+03 -3.957941519999999880e+00
1.589102259999999887e+03 -4.230156900000000775e+00
1.589403109999999970e+03 -4.485613090000000192e+00
1.589703960000000052e+03 -4.723078319999999941e+00
1.590004820000000109e+03 -4.941426390000000168e+00
1.590305669999999964e+03 -5.139636690000000563e+00
1.590606520000000046e+03 -5.316787140000000633e+00
1.590907369999999901e+03 -5.472089420000000537e+00
1.591208229999999958e+03 -5.604867790000000127e+00
1.591509080000000040e+03 -5.714573249999999938e+00
1.591809929999999895e+03 -5.800797550000000413e+00
1.592110779999999977e+03 -5.863252089999999583e+00
1.592411640000000034e+03 -5.901774999999999771e+00
1.592712489999999889e+03 -5.916352179999999628e+00
1.593013339999999971e+03 -5.907082190000000566e+00
1.593314190000000053e+03 -5.874204340000000357e+00
1.593615050000000110e+03 -5.818084640000000363e+00
1.593915899999999965e+03 -5.739201729999999557e+00
1.594216750000000047e+03 -5.638160930000000626e+00
1.594517599999999902e+03 -5.515673159999999520e+00
1.594818449999999984e+03 -5.372561950000000586e+00
1.595119310000000041e+03 -5.209735279999999413e+00
1.595420159999999896e+03 -5.028213779999999744e+00
1.595721009999999978e+03 -4.829081409999999686e+00
1.596021860000000061e+03 -4.613513639999999860e+00
1.596322719999999890e+03 -4.382742229999999850e+00
1.596623569999999972e+03 -4.138048229999999883e+00
1.596924420000000055e+03 -3.880769009999999852e+00
1.597225269999999909e+03 -3.612277119999999897e+00
1.597526129999999966e+03 -3.333973250000000110e+00
1.597826980000000049e+03 -3.047265149999999867e+00
1.598127829999999904e+03 -2.753567599999999782e+00
1.598428679999999986e+03 -2.454295389999999966e+00
1.598729540000000043e+03 -2.150856249999999914e+00
1.599030389999999898e+03 -1.844615710000000020e+00
1.599331239999999980e+03 -1.536911109999999914e+00
1.599632090000000062e+03 -1.229058699999999948e+00
1.599932949999999892e+03 -9.222902580000000849e-01
1.600233799999999974e+03 -6.178079870000000584e-01
1.600534650000000056e+03 -3.167352709999999849e-01
1.600835499999999911e+03 -2.012686220000000151e-02
1.601136349999999993e+03 2.710399140000000484e-01
1.601437210000000050e+03 5.558700839999999310e-01
1.601738059999999905e+03 8.335531400000000257e-01
1.602038909999999987e+03 1.103375360000000027e+00
1.602339760000000069e+03 1.364701839999999944e+00
1.602640619999999899e+03 1.617004690000000133e+00
1.602941469999999981e+03 1.859847499999999876e+00
1.603242320000000063e+03 2.092871290000000162e+00
1.603543169999999918e+03 2.315843800000000119e+00
1.603844029999999975e+03 2.528589050000000338e+00
1.604144880000000057e+03 2.731050740000000143e+00
1.604445729999999912e+03 2.923221819999999749e+00
1.604746579999999994e+03 3.105214909999999939e+00
1.605047440000000051e+03 3.277184869999999695e+00
1.605348289999999906e+03 3.439378050000000187e+00
1.605649139999999989e+03 3.592104149999999940e+00
1.605949990000000071e+03 3.735715110000000116e+00
1.606250849999999900e+03 3.870626219999999673e+00
1.606551699999999983e+03 3.997287950000000034e+00
1.606852550000000065e+03 4.116193019999999869e+00
1.607153399999999920e+03 4.227841159999999654e+00
1.607454250000000002e+03 4.332781409999999944e+00
1.607755110000000059e+03 4.431541659999999716e+00
1.608055959999999914e+03 4.524663900000000183e+00
1.608356809999999996e+03 4.612683070000000107e+00
1.608657660000000078e+03 4.696120029999999446e+00
1.608958519999999908e+03 4.775460460000000573e+00
1.609259369999999990e+03 4.851168910000000167e+00
1.609560220000000072e+03 4.923667710000000142e+00
1.609861069999999927e+03 4.993329899999999988e+00
1.610161929999999984e+03 5.060472230000000238e+00
1.610462780000000066e+03 5.125369210000000564e+00
1.610763629999999921e+03 5.188217919999999594e+00
1.611064480000000003e+03 5.249159139999999724e+00
1.611365340000000060e+03 5.308235100000000095e+00
1.611666189999999915e+03 5.365452839999999668e+00
1.611967039999999997e+03 5.420713819999999572e+00
1.612267890000000079e+03 5.473849099999999801e+00
1.612568749999999909e+03 5.524619369999999918e+00
1.612869599999999991e+03 5.572700850000000372e+00
1.613170450000000073e+03 5.617685300000000659e+00
1.613471299999999928e+03 5.659115190000000517e+00
1.613772150000000011e+03 5.696427440000000786e+00
1.614073010000000068e+03 5.729030779999999545e+00
1.614373859999999922e+03 5.756235430000000264e+00
1.614674710000000005e+03 5.777316390000000190e+00
1.614975560000000087e+03 5.791499399999999298e+00
1.615276419999999916e+03 5.797953909999999489e+00
1.615577269999999999e+03 5.795828210000000702e+00
1.615878120000000081e+03 5.784228409999999876e+00
1.616178969999999936e+03 5.762246489999999888e+00
1.616479829999999993e+03 5.728967429999999972e+00
1.616780680000000075e+03 5.683483240000000158e+00
1.617081529999999930e+03 5.624878869999999864e+00
1.617382380000000012e+03 5.552274490000000284e+00
1.617683240000000069e+03 5.464797309999999797e+00
1.617984089999999924e+03 5.361644889999999997e+00
1.618284940000000006e+03 5.242035960000000827e+00
1.618585790000000088e+03 5.105259590000000181e+00
1.618886649999999918e+03 4.950675269999999628e+00
1.619187500000000000e+03 4.777719889999999303e+00
1.619488350000000082e+03 4.585907779999999434e+00
1.619789199999999937e+03 4.374858859999999794e+00
1.620090050000000019e+03 4.144291579999999975e+00
1.620390910000000076e+03 3.894029959999999679e+00
1.620691759999999931e+03 3.624010660000000161e+00
1.620992610000000013e+03 3.334297029999999662e+00
1.621293460000000096e+03 3.025086139999999979e+00
1.621594319999999925e+03 2.696680679999999608e+00
1.621895170000000007e+03 2.349538149999999881e+00
1.622196020000000090e+03 1.984228680000000189e+00
1.622496869999999944e+03 1.601477269999999953e+00
1.622797730000000001e+03 1.202121530000000105e+00
1.623098580000000084e+03 7.871468730000000802e-01
1.623399429999999938e+03 3.576668239999999943e-01
1.623700280000000021e+03 -8.509035800000000482e-02
1.624001140000000078e+03 -5.397662009999999455e-01
1.624301989999999932e+03 -1.004889609999999989e+00
1.624602840000000015e+03 -1.478876880000000060e+00
1.624903690000000097e+03 -1.960036609999999735e+00
1.625204549999999927e+03 -2.446609110000000253e+00
1.625505400000000009e+03 -2.936729119999999860e+00
1.625806250000000091e+03 -3.428453960000000134e+00
1.626107099999999946e+03 -3.919784630000000103e+00
1.626407950000000028e+03 -4.408686939999999943e+00
1.626708810000000085e+03 -4.893063360000000195e+00
1.627009659999999940e+03 -5.370802269999999545e+00
1.627310510000000022e+03 -5.839763890000000401e+00
1.627611360000000104e+03 -6.297829580000000149e+00
1.627912219999999934e+03 -6.742873640000000002e+00
1.628213070000000016e+03 -7.172805580000000347e+00
1.628513920000000098e+03 -7.585556000000000409e+00
1.628814769999999953e+03 -7.979161110000000612e+00
1.629115630000000010e+03 -8.351650069999999815e+00
1.629416480000000092e+03 -8.701192799999999394e+00
1.629717329999999947e+03 -9.026029640000000853e+00
1.630018180000000029e+03 -9.324471279999999140e+00
1.630319040000000086e+03 -9.594969219999999410e+00
1.630619889999999941e+03 -9.836115689999999745e+00
1.630920740000000023e+03 -1.004664380000000001e+01
1.631221590000000106e+03 -1.022542720000000038e+01
1.631522449999999935e+03 -1.037133980000000122e+01
1.631823300000000017e+03 -1.048374810000000146e+01
1.632124150000000100e+03 -1.056180749999999868e+01
1.632424999999999955e+03 -1.060516599999999876e+01
1.632725850000000037e+03 -1.061347169999999984e+01
1.633026710000000094e+03 -1.058651340000000118e+01
1.633327559999999949e+03 -1.052443190000000151e+01
1.633628410000000031e+03 -1.042736799999999953e+01
1.633929260000000113e+03 -1.029574400000000090e+01
1.634230119999999943e+03 -1.013019330000000018e+01
1.634530970000000025e+03 -9.931419939999999613e+00
1.634831820000000107e+03 -9.700338819999998918e+00
1.635132669999999962e+03 -9.438076190000000310e+00
1.635433530000000019e+03 -9.145828619999999631e+00
1.635734380000000101e+03 -8.825074239999999293e+00
1.636035229999999956e+03 -8.477220800000001333e+00
1.636336080000000038e+03 -8.104027970000000636e+00
1.636636940000000095e+03 -7.707325820000000327e+00
1.636937789999999950e+03 -7.288874039999999610e+00
1.637238640000000032e+03 -6.850833500000000242e+00
1.637539489999999887e+03 -6.395182089999999597e+00
1.637840349999999944e+03 -5.924101810000000690e+00
1.638141200000000026e+03 -5.439809860000000441e+00
1.638442050000000108e+03 -4.944565659999999419e+00
1.638742899999999963e+03 -4.440663840000000029e+00
1.639043750000000045e+03 -3.930399020000000299e+00
1.639344610000000102e+03 -3.416072849999999939e+00
1.639645459999999957e+03 -2.899994050000000101e+00
1.639946310000000040e+03 -2.384414989999999790e+00
1.640247159999999894e+03 -1.871559920000000155e+00
1.640548019999999951e+03 -1.363596759999999852e+00
1.640848870000000034e+03 -8.626300839999999637e-01
1.641149719999999888e+03 -3.706750790000000184e-01
1.641450569999999971e+03 1.103389429999999949e-01
1.641751430000000028e+03 5.785889539999999887e-01
1.642052280000000110e+03 1.032368770000000158e+00
1.642353129999999965e+03 1.470078490000000127e+00
1.642653980000000047e+03 1.890275869999999969e+00
1.642954840000000104e+03 2.291644690000000040e+00
1.643255689999999959e+03 2.672995389999999638e+00
1.643556540000000041e+03 3.033328479999999772e+00
1.643857389999999896e+03 3.371764119999999920e+00
1.644158239999999978e+03 3.687591400000000075e+00
1.644459100000000035e+03 3.980254249999999772e+00
1.644759949999999890e+03 4.249372600000000055e+00
1.645060799999999972e+03 4.494700079999999431e+00
1.645361650000000054e+03 4.716166299999999367e+00
1.645662510000000111e+03 4.913848690000000019e+00
1.645963359999999966e+03 5.087958420000000537e+00
1.646264210000000048e+03 5.238882610000000106e+00
1.646565059999999903e+03 5.367113980000000062e+00
1.646865919999999960e+03 5.473300080000000456e+00
1.647166770000000042e+03 5.558194059999999936e+00
1.647467619999999897e+03 5.622682789999999819e+00
1.647768469999999979e+03 5.667730590000000568e+00
1.648069330000000036e+03 5.694421400000000411e+00
1.648370179999999891e+03 5.703909600000000246e+00
1.648671029999999973e+03 5.697412860000000023e+00
1.648971880000000056e+03 5.676233359999999450e+00
1.649272740000000113e+03 5.641694370000000625e+00
1.649573589999999967e+03 5.595161399999999396e+00
1.649874440000000050e+03 5.538042210000000409e+00
1.650175289999999904e+03 5.471730439999999973e+00
1.650476139999999987e+03 5.397626820000000158e+00
1.650777000000000044e+03 5.317110929999999236e+00
1.651077849999999899e+03 5.231562349999999917e+00
1.651378699999999981e+03 5.142283250000000194e+00
1.651679550000000063e+03 5.050561710000000204e+00
1.651980409999999893e+03 4.957615440000000540e+00
1.652281259999999975e+03 4.864584709999999923e+00
1.652582110000000057e+03 4.772539390000000381e+00
1.652882959999999912e+03 4.682464919999999253e+00
1.653183819999999969e+03 4.595262240000000276e+00
1.653484670000000051e+03 4.511705619999999861e+00
1.653785519999999906e+03 4.432498919999999565e+00
1.654086369999999988e+03 4.358212299999999928e+00
1.654387230000000045e+03 4.289317320000000322e+00
1.654688079999999900e+03 4.226151869999999811e+00
1.654988929999999982e+03 4.168955249999999779e+00
1.655289780000000064e+03 4.117840079999999681e+00
1.655590639999999894e+03 4.072813400000000250e+00
1.655891489999999976e+03 4.033755550000000412e+00
1.656192340000000058e+03 4.000441300000000311e+00
1.656493189999999913e+03 3.972532780000000319e+00
1.656794039999999995e+03 3.949600640000000329e+00
1.657094900000000052e+03 3.931109930000000308e+00
1.657395749999999907e+03 3.916441239999999713e+00
1.657696599999999989e+03 3.904883659999999868e+00
1.657997450000000072e+03 3.895655899999999949e+00
1.658298309999999901e+03 3.887913310000000067e+00
1.658599159999999983e+03 3.880747899999999806e+00
1.658900010000000066e+03 3.873209429999999731e+00
1.659200859999999921e+03 3.864319529999999947e+00
1.659501719999999978e+03 3.853050539999999913e+00
1.659802570000000060e+03 3.838388890000000053e+00
1.660103419999999915e+03 3.819292849999999628e+00
1.660404269999999997e+03 3.794734760000000318e+00
1.660705130000000054e+03 3.763708100000000112e+00
1.661005979999999909e+03 3.725234459999999803e+00
1.661306829999999991e+03 3.678363640000000157e+00
1.661607680000000073e+03 3.622201710000000130e+00
1.661908539999999903e+03 3.555918099999999971e+00
1.662209389999999985e+03 3.478745599999999882e+00
1.662510240000000067e+03 3.389980319999999825e+00
1.662811089999999922e+03 3.289023990000000008e+00
1.663111940000000004e+03 3.175348699999999802e+00
1.663412800000000061e+03 3.048539150000000308e+00
1.663713649999999916e+03 2.908278619999999925e+00
1.664014499999999998e+03 2.754348900000000100e+00
1.664315350000000080e+03 2.586651440000000246e+00
1.664616209999999910e+03 2.405207370000000289e+00
1.664917059999999992e+03 2.210136340000000033e+00
1.665217910000000074e+03 2.001684699999999761e+00
1.665518759999999929e+03 1.780218479999999825e+00
1.665819619999999986e+03 1.546216300000000210e+00
1.666120470000000068e+03 1.300255340000000093e+00
1.666421319999999923e+03 1.043046499999999988e+00
1.666722170000000006e+03 7.753851750000000376e-01
1.667023030000000063e+03 4.981751209999999430e-01
1.667323879999999917e+03 2.124172470000000035e-01
1.667624730000000000e+03 -8.080448259999999105e-02
1.667925580000000082e+03 -3.803265690000000032e-01
1.668226439999999911e+03 -6.849101979999999701e-01
1.668527289999999994e+03 -9.932546129999999529e-01
1.668828140000000076e+03 -1.304014009999999946e+00
1.669128989999999931e+03 -1.615779950000000076e+00
1.669429840000000013e+03 -1.927130599999999916e+00
1.669730700000000070e+03 -2.236601920000000021e+00
1.670031549999999925e+03 -2.542736879999999644e+00
1.670332400000000007e+03 -2.844064400000000159e+00
1.670633250000000089e+03 -3.139127450000000152e+00
1.670934109999999919e+03 -3.426483119999999882e+00
1.671234960000000001e+03 -3.704723640000000096e+00
1.671535810000000083e+03 -3.972490549999999843e+00
1.671836659999999938e+03 -4.228460570000000196e+00
1.672137519999999995e+03 -4.471373760000000530e+00
1.672438370000000077e+03 -4.700061709999999948e+00
1.672739219999999932e+03 -4.913405250000000279e+00
1.673040070000000014e+03 -5.110397859999999959e+00
1.673340930000000071e+03 -5.290103360000000698e+00
1.673641779999999926e+03 -5.451705289999999593e+00
1.673942630000000008e+03 -5.594492719999999863e+00
1.674243480000000091e+03 -5.717846259999999958e+00
1.674544339999999920e+03 -5.821287260000000074e+00
1.674845190000000002e+03 -5.904435630000000046e+00
1.675146040000000085e+03 -5.967045029999999528e+00
1.675446889999999939e+03 -6.008981709999999588e+00
1.675747740000000022e+03 -6.030238640000000316e+00
1.676048600000000079e+03 -6.030928429999999452e+00
1.676349449999999933e+03 -6.011283370000000126e+00
1.676650300000000016e+03 -5.971655390000000452e+00
1.676951150000000098e+03 -5.912501999999999924e+00
1.677252009999999927e+03 -5.834386310000000186e+00
1.677552860000000010e+03 -5.737984029999999791e+00
1.677853710000000092e+03 -5.624062379999999806e+00
1.678154559999999947e+03 -5.493480080000000321e+00
1.678455420000000004e+03 -5.347180330000000481e+00
1.678756270000000086e+03 -5.186176689999999923e+00
1.679057119999999941e+03 -5.011546100000000337e+00
1.679357970000000023e+03 -4.824421779999999771e+00
1.679658830000000080e+03 -4.625993279999999430e+00
1.679959679999999935e+03 -4.417478299999999969e+00
1.680260530000000017e+03 -4.200115649999999867e+00
1.680561380000000099e+03 -3.975179339999999950e+00
1.680862239999999929e+03 -3.743929300000000016e+00
1.681163090000000011e+03 -3.507646569999999908e+00
1.681463940000000093e+03 -3.267569980000000207e+00
1.681764789999999948e+03 -3.024938329999999898e+00
1.682065640000000030e+03 -2.780948210000000032e+00
1.682366500000000087e+03 -2.536753969999999914e+00
1.682667349999999942e+03 -2.293467720000000210e+00
1.682968200000000024e+03 -2.052138230000000174e+00
1.683269050000000107e+03 -1.813750930000000094e+00
1.683569909999999936e+03 -1.579220850000000009e+00
1.683870760000000018e+03 -1.349378549999999954e+00
1.684171610000000101e+03 -1.124984219999999979e+00
1.684472459999999955e+03 -9.066994980000000481e-01
1.684773320000000012e+03 -6.951121150000000304e-01
1.685074170000000095e+03 -4.906957789999999986e-01
1.685375019999999950e+03 -2.938446559999999819e-01
1.685675870000000032e+03 -1.048529670000000052e-01
1.685976730000000089e+03 7.607798350000000154e-02
1.686277579999999944e+03 2.488433169999999806e-01
1.686578430000000026e+03 4.134261399999999975e-01
1.686879280000000108e+03 5.699024729999999650e-01
1.687180129999999963e+03 7.184278689999999967e-01
1.687480990000000020e+03 8.592514999999999459e-01
1.687781840000000102e+03 9.926774379999999676e-01
1.688082689999999957e+03 1.119099850000000007e+00
1.688383540000000039e+03 1.238962180000000135e+00
1.688684400000000096e+03 1.352764169999999933e+00
1.688985249999999951e+03 1.461054849999999794e+00
1.689286100000000033e+03 1.564439539999999962e+00
1.689586949999999888e+03 1.663523569999999951e+00
1.689887809999999945e+03 1.758954509999999916e+00
1.690188660000000027e+03 1.851393999999999984e+00
1.690489510000000109e+03 1.941503659999999964e+00
1.690790359999999964e+03 2.029931080000000332e+00
1.691091220000000021e+03 2.117316760000000020e+00
1.691392070000000103e+03 2.204287159999999801e+00
1.691692919999999958e+03 2.291426489999999649e+00
1.691993770000000040e+03 2.379269690000000104e+00
1.692294630000000097e+03 2.468323550000000033e+00
1.692595479999999952e+03 2.559031510000000065e+00
1.692896330000000034e+03 2.651759579999999783e+00
1.693197179999999889e+03 2.746817470000000316e+00
1.693498029999999972e+03 2.844437450000000034e+00
1.693798890000000029e+03 2.944781410000000044e+00
1.694099740000000111e+03 3.047912709999999858e+00
1.694400589999999966e+03 3.153803179999999706e+00
1.694701440000000048e+03 3.262354290000000212e+00
1.695002300000000105e+03 3.373361909999999853e+00
1.695303149999999960e+03 3.486530419999999797e+00
1.695604000000000042e+03 3.601479719999999940e+00
1.695904849999999897e+03 3.717731189999999852e+00
1.696205709999999954e+03 3.834728759999999959e+00
1.696506560000000036e+03 3.951817829999999976e+00
1.696807409999999891e+03 4.068273419999999696e+00
1.697108259999999973e+03 4.183300149999999995e+00
1.697409120000000030e+03 4.296011140000000061e+00
1.697709970000000112e+03 4.405484330000000170e+00
1.698010819999999967e+03 4.510720200000000624e+00
1.698311670000000049e+03 4.610691109999999426e+00
1.698612530000000106e+03 4.704313100000000247e+00
1.698913379999999961e+03 4.790495159999999863e+00
1.699214230000000043e+03 4.868097029999999492e+00
1.699515079999999898e+03 4.935999540000000074e+00
1.699815929999999980e+03 4.993069470000000010e+00
1.700116790000000037e+03 5.038194690000000087e+00
1.700417639999999892e+03 5.070277159999999839e+00
1.700718489999999974e+03 5.088261089999999598e+00
1.701019340000000057e+03 5.091132879999999972e+00
1.701320200000000114e+03 5.077935290000000101e+00
1.701621049999999968e+03 5.047781420000000629e+00
1.701921900000000051e+03 4.999854789999999660e+00
1.702222749999999905e+03 4.933430409999999711e+00
1.702523609999999962e+03 4.847881830000000392e+00
1.702824460000000045e+03 4.742681150000000123e+00
1.703125309999999899e+03 4.617406049999999595e+00
1.703426159999999982e+03 4.471767930000000391e+00
1.703727020000000039e+03 4.305597880000000544e+00
1.704027869999999893e+03 4.118853649999999256e+00
1.704328719999999976e+03 3.911626749999999930e+00
1.704629570000000058e+03 3.684156499999999834e+00
1.704930429999999888e+03 3.436808920000000267e+00
1.705231279999999970e+03 3.170104849999999974e+00
1.705532130000000052e+03 2.884684839999999806e+00
1.705832979999999907e+03 2.581365359999999942e+00
1.706133829999999989e+03 2.261068499999999926e+00
1.706434690000000046e+03 1.924857099999999877e+00
1.706735539999999901e+03 1.573941809999999997e+00
1.707036389999999983e+03 1.209638879999999972e+00
1.707337240000000065e+03 8.333842109999999304e-01
1.707638099999999895e+03 4.467382809999999593e-01
1.707938949999999977e+03 5.134519539999999466e-02
1.708239800000000059e+03 -3.510483179999999703e-01
1.708540649999999914e+03 -7.586189489999999314e-01
1.708841509999999971e+03 -1.169468919999999912e+00
1.709142360000000053e+03 -1.581642170000000069e+00
1.709443209999999908e+03 -1.993139699999999959e+00
1.709744059999999990e+03 -2.401934359999999824e+00
1.710044920000000047e+03 -2.805970850000000016e+00
1.710345769999999902e+03 -3.203193859999999837e+00
1.710646619999999984e+03 -3.591541050000000013e+00
1.710947470000000067e+03 -3.969006380000000167e+00
1.711248329999999896e+03 -4.333583820000000308e+00
1.711549179999999978e+03 -4.683337719999999926e+00
1.711850030000000061e+03 -5.016395779999999860e+00
1.712150879999999916e+03 -5.330956079999999986e+00
1.712451729999999998e+03 -5.625315270000000645e+00
1.712752590000000055e+03 -5.897861469999999606e+00
1.713053439999999910e+03 -6.147123590000000526e+00
1.713354289999999992e+03 -6.371722039999999865e+00
1.713655140000000074e+03 -6.570439130000000461e+00
1.713955999999999904e+03 -6.742197929999999673e+00
1.714256849999999986e+03 -6.886069320000000715e+00
1.714557700000000068e+03 -7.001286100000000623e+00
1.714858549999999923e+03 -7.087285149999999589e+00
1.715159409999999980e+03 -7.143524509999999772e+00
1.715460260000000062e+03 -7.169919700000000340e+00
1.715761109999999917e+03 -7.166329960000000554e+00
1.716061959999999999e+03 -7.132825659999999957e+00
1.716362820000000056e+03 -7.069758750000000092e+00
1.716663669999999911e+03 -6.977558580000000177e+00
1.716964519999999993e+03 -6.856907909999999440e+00
1.717265370000000075e+03 -6.708602130000000052e+00
1.717566229999999905e+03 -6.533640710000000240e+00
1.717867079999999987e+03 -6.333156910000000472e+00
1.718167930000000069e+03 -6.108452870000000701e+00
1.718468779999999924e+03 -5.860978589999999322e+00
1.718769630000000006e+03 -5.592296639999999819e+00
1.719070490000000063e+03 -5.304110409999999831e+00
1.719371339999999918e+03 -4.998235880000000186e+00
1.719672190000000001e+03 -4.676580549999999725e+00
1.719973040000000083e+03 -4.341129330000000230e+00
1.720273899999999912e+03 -3.993951599999999935e+00
1.720574749999999995e+03 -3.637166020000000000e+00
1.720875600000000077e+03 -3.272947559999999978e+00
1.721176449999999932e+03 -2.903471179999999929e+00
1.721477309999999989e+03 -2.530939989999999806e+00
1.721778160000000071e+03 -2.157564150000000236e+00
1.722079009999999926e+03 -1.785497519999999838e+00
1.722379860000000008e+03 -1.416900970000000148e+00
1.722680720000000065e+03 -1.053850940000000014e+00
1.722981569999999920e+03 -6.983837119999999343e-01
1.723282420000000002e+03 -3.524398719999999874e-01
1.723583270000000084e+03 -1.787566900000000028e-02
1.723884129999999914e+03 3.035601989999999750e-01
1.724184979999999996e+03 6.102343270000000208e-01
1.724485830000000078e+03 9.006462000000000634e-01
1.724786679999999933e+03 1.173424680000000109e+00
1.725087530000000015e+03 1.427346429999999833e+00
1.725388390000000072e+03 1.661362690000000031e+00
1.725689239999999927e+03 1.874558420000000059e+00
1.725990090000000009e+03 2.066201589999999921e+00
1.726290940000000091e+03 2.235722079999999945e+00
1.726591799999999921e+03 2.382732739999999794e+00
1.726892650000000003e+03 2.507015379999999904e+00
1.727193500000000085e+03 2.608527770000000245e+00
1.727494349999999940e+03 2.687396609999999963e+00
1.727795209999999997e+03 2.743931589999999865e+00
1.728096060000000080e+03 2.778597280000000058e+00
1.728396909999999934e+03 2.792020110000000166e+00
1.728697760000000017e+03 2.784988429999999848e+00
1.728998620000000074e+03 2.758438389999999796e+00
1.729299469999999928e+03 2.713432830000000351e+00
1.729600320000000011e+03 2.651182409999999656e+00
1.729901170000000093e+03 2.572989290000000207e+00
1.730202029999999922e+03 2.480282329999999646e+00
1.730502880000000005e+03 2.374581899999999912e+00
1.730803730000000087e+03 2.257478749999999756e+00
1.731104579999999942e+03 2.130634020000000017e+00
1.731405430000000024e+03 1.995765139999999827e+00
1.731706290000000081e+03 1.854624770000000034e+00
1.732007139999999936e+03 1.708986649999999941e+00
1.732307990000000018e+03 1.560624549999999999e+00
1.732608840000000100e+03 1.411319270000000126e+00
1.732909699999999930e+03 1.262823440000000019e+00
1.733210550000000012e+03 1.116854500000000083e+00
1.733511400000000094e+03 9.750665660000000790e-01
1.733812249999999949e+03 8.390574179999999993e-01
1.734113110000000006e+03 7.103614980000000356e-01
1.734413960000000088e+03 5.903956999999999677e-01
1.734714809999999943e+03 4.804931570000000041e-01
1.735015660000000025e+03 3.818666410000000067e-01
1.735316520000000082e+03 2.956078549999999749e-01
1.735617369999999937e+03 2.226768829999999921e-01
1.735918220000000019e+03 1.638944370000000039e-01
1.736219070000000102e+03 1.199355309999999980e-01
1.736519919999999956e+03 9.132384669999998872e-02
1.736820780000000013e+03 7.842891530000001277e-02
1.737121630000000096e+03 8.146260280000000575e-02
1.737422479999999950e+03 1.004784029999999939e-01
1.737723330000000033e+03 1.353707360000000193e-01
1.738024190000000090e+03 1.858770570000000122e-01
1.738325039999999944e+03 2.515799699999999861e-01
1.738625890000000027e+03 3.319128590000000045e-01
1.738926740000000109e+03 4.261612929999999966e-01
1.739227599999999939e+03 5.334749949999999519e-01
1.739528450000000021e+03 6.528713610000000944e-01
1.739829300000000103e+03 7.832474229999999427e-01
1.740130149999999958e+03 9.233812599999999815e-01
1.740431010000000015e+03 1.071954520000000022e+00
1.740731860000000097e+03 1.227559459999999936e+00
1.741032709999999952e+03 1.388710910000000132e+00
1.741333560000000034e+03 1.553853310000000043e+00
1.741634420000000091e+03 1.721381840000000052e+00
1.741935269999999946e+03 1.889663510000000102e+00
1.742236120000000028e+03 2.057023099999999882e+00
1.742536970000000110e+03 2.221799489999999988e+00
1.742837819999999965e+03 2.382310420000000040e+00
1.743138680000000022e+03 2.536929939999999828e+00
1.743439530000000104e+03 2.684032100000000032e+00
1.743740379999999959e+03 2.822054319999999894e+00
1.744041230000000041e+03 2.949497350000000129e+00
1.744342090000000098e+03 3.064946399999999738e+00
1.744642939999999953e+03 3.167050049999999839e+00
1.744943790000000035e+03 3.254583540000000053e+00
1.745244639999999890e+03 3.326420699999999897e+00
1.745545499999999947e+03 3.381547939999999919e+00
1.745846350000000029e+03 3.419092460000000333e+00
1.746147200000000112e+03 3.438322240000000196e+00
1.746448049999999967e+03 3.438646020000000192e+00
1.746748910000000024e+03 3.419620370000000076e+00
1.747049760000000106e+03 3.380956690000000098e+00
1.747350609999999961e+03 3.322521249999999871e+00
1.747651460000000043e+03 3.244356289999999809e+00
1.747952320000000100e+03 3.146637769999999890e+00
1.748253169999999955e+03 3.029724660000000291e+00
1.748554020000000037e+03 2.894123760000000267e+00
1.748854869999999892e+03 2.740482619999999869e+00
1.749155719999999974e+03 2.569610700000000136e+00
1.749456580000000031e+03 2.382458230000000121e+00
1.749757430000000113e+03 2.180102129999999860e+00
1.750058279999999968e+03 1.963760089999999847e+00
1.750359130000000050e+03 1.734748359999999989e+00
1.750659990000000107e+03 1.494495799999999930e+00
1.750960839999999962e+03 1.244536850000000028e+00
1.751261690000000044e+03 9.864622500000000960e-01
1.751562539999999899e+03 7.219542669999999829e-01
1.751863399999999956e+03 4.527380839999999851e-01
1.752164250000000038e+03 1.805881639999999955e-01
1.752465099999999893e+03 -9.270061990000000307e-02
1.752765949999999975e+03 -3.653221340000000206e-01
1.753066810000000032e+03 -6.354709459999999810e-01
1.753367659999999887e+03 -9.013641500000000306e-01
1.753668509999999969e+03 -1.161240660000000036e+00
1.753969360000000052e+03 -1.413402729999999830e+00
1.754270220000000108e+03 -1.656203309999999984e+00
1.754571069999999963e+03 -1.888079790000000147e+00
1.754871920000000046e+03 -2.107547019999999716e+00
1.755172769999999900e+03 -2.313232440000000167e+00
1.755473619999999983e+03 -2.503869079999999858e+00
1.755774480000000040e+03 -2.678309619999999835e+00
1.756075329999999894e+03 -2.835547549999999806e+00
1.756376179999999977e+03 -2.974724120000000305e+00
1.756677030000000059e+03 -3.095107310000000389e+00
1.756977889999999888e+03 -3.196141070000000362e+00
1.757278739999999971e+03 -3.277410109999999932e+00
1.757579590000000053e+03 -3.338682150000000348e+00
1.757880439999999908e+03 -3.379879760000000122e+00
1.758181299999999965e+03 -3.401080380000000236e+00
1.758482150000000047e+03 -3.402551470000000133e+00
1.758782999999999902e+03 -3.384708320000000104e+00
1.759083849999999984e+03 -3.348114030000000074e+00
1.759384710000000041e+03 -3.293507660000000392e+00
1.759685559999999896e+03 -3.221769039999999862e+00
1.759986409999999978e+03 -3.133911760000000157e+00
1.760287260000000060e+03 -3.031097209999999986e+00
1.760588119999999890e+03 -2.914585310000000096e+00
1.760888969999999972e+03 -2.785769730000000166e+00
1.761189820000000054e+03 -2.646135640000000233e+00
1.761490669999999909e+03 -2.497245640000000044e+00
1.761791519999999991e+03 -2.340746790000000299e+00
1.762092380000000048e+03 -2.178335410000000305e+00
1.762393229999999903e+03 -2.011771190000000153e+00
1.762694079999999985e+03 -1.842813800000000057e+00
1.762994930000000068e+03 -1.673258119999999849e+00
1.763295789999999897e+03 -1.504884950000000110e+00
1.763596639999999979e+03 -1.339461000000000013e+00
1.763897490000000062e+03 -1.178717790000000099e+00
1.764198339999999916e+03 -1.024337590000000020e+00
1.764499199999999973e+03 -8.779252189999999789e-01
1.764800050000000056e+03 -7.410362309999999342e-01
1.765100899999999911e+03 -6.150938579999999378e-01
1.765401749999999993e+03 -5.014439010000000252e-01
1.765702610000000050e+03 -4.012984290000000120e-01
1.766003459999999905e+03 -3.157421079999999658e-01
1.766304309999999987e+03 -2.457174219999999909e-01
1.766605160000000069e+03 -1.920141150000000130e-01
1.766906019999999899e+03 -1.552635609999999944e-01
1.767206869999999981e+03 -1.359310180000000146e-01
1.767507720000000063e+03 -1.343107050000000025e-01
1.767808569999999918e+03 -1.505187610000000009e-01
1.768109420000000000e+03 -1.844946529999999807e-01
1.768410280000000057e+03 -2.359976560000000001e-01
1.768711129999999912e+03 -3.046082640000000175e-01
1.769011979999999994e+03 -3.897288890000000228e-01
1.769312830000000076e+03 -4.905901980000000329e-01
1.769613689999999906e+03 -6.062511160000000343e-01
1.769914539999999988e+03 -7.356093790000000077e-01
1.770215390000000070e+03 -8.774113919999999567e-01
1.770516239999999925e+03 -1.030257149999999955e+00
1.770817099999999982e+03 -1.192605179999999931e+00
1.771117950000000064e+03 -1.362794349999999932e+00
1.771418799999999919e+03 -1.539057919999999857e+00
1.771719650000000001e+03 -1.719537689999999897e+00
1.772020510000000058e+03 -1.902276889999999998e+00
1.772321359999999913e+03 -2.085262440000000161e+00
1.772622209999999995e+03 -2.266432000000000002e+00
1.772923060000000078e+03 -2.443702119999999756e+00
1.773223919999999907e+03 -2.614947089999999807e+00
1.773524769999999990e+03 -2.778076410000000163e+00
1.773825620000000072e+03 -2.930992559999999969e+00
1.774126469999999927e+03 -3.071654300000000060e+00
1.774427320000000009e+03 -3.198069679999999693e+00
1.774728180000000066e+03 -3.308317119999999889e+00
1.775029029999999921e+03 -3.400573599999999974e+00
1.775329880000000003e+03 -3.473121659999999888e+00
1.775630730000000085e+03 -3.524363530000000022e+00
1.775931589999999915e+03 -3.552842180000000294e+00
1.776232439999999997e+03 -3.557248420000000078e+00
1.776533290000000079e+03 -3.536449010000000115e+00
1.776834139999999934e+03 -3.489465560000000188e+00
1.777134999999999991e+03 -3.415537909999999844e+00
1.777435850000000073e+03 -3.314067749999999979e+00
1.777736699999999928e+03 -3.184689080000000061e+00
1.778037550000000010e+03 -3.027239989999999992e+00
1.778338410000000067e+03 -2.841755699999999774e+00
1.778639259999999922e+03 -2.628510700000000089e+00
1.778940110000000004e+03 -2.387983619999999974e+00
1.779240960000000086e+03 -2.120885390000000204e+00
1.779541809999999941e+03 -1.828123989999999921e+00
1.779842669999999998e+03 -1.510832659999999938e+00
1.780143520000000080e+03 -1.170355799999999835e+00
1.780444369999999935e+03 -8.082207940000000201e-01
1.780745220000000018e+03 -4.261528459999999741e-01
1.781046080000000075e+03 -2.606676590000000029e-02
1.781346929999999929e+03 3.899660930000000136e-01
1.781647780000000012e+03 8.197150209999999326e-01
1.781948630000000094e+03 1.260810360000000019e+00
1.782249489999999923e+03 1.710753369999999940e+00
1.782550340000000006e+03 2.166946760000000083e+00
1.782851190000000088e+03 2.626694709999999766e+00
1.783152039999999943e+03 3.087223950000000272e+00
1.783452900000000000e+03 3.545733079999999759e+00
1.783753750000000082e+03 3.999364370000000335e+00
1.784054599999999937e+03 4.445253080000000523e+00
1.784355450000000019e+03 4.880548519999999613e+00
1.784656310000000076e+03 5.302435200000000570e+00
1.784957159999999931e+03 5.708132829999999380e+00
1.785258010000000013e+03 6.094931500000000391e+00
1.785558860000000095e+03 6.460233920000000296e+00
1.785859709999999950e+03 6.801520240000000328e+00
1.786160570000000007e+03 7.116425450000000374e+00
1.786461420000000089e+03 7.402690109999999990e+00
1.786762269999999944e+03 7.658336349999999904e+00
1.787063120000000026e+03 7.881393319999999036e+00
1.787363980000000083e+03 8.070171739999999261e+00
1.787664829999999938e+03 8.223263850000000375e+00
1.787965680000000020e+03 8.339332309999999637e+00
1.788266530000000103e+03 8.417321310000000167e+00
1.788567389999999932e+03 8.456526969999998755e+00
1.788868240000000014e+03 8.456315809999999544e+00
1.789169090000000097e+03 8.416406269999999523e+00
1.789469939999999951e+03 8.336798370000000347e+00
1.789770800000000008e+03 8.217703269999999449e+00
1.790071650000000091e+03 8.059472879999999506e+00
1.790372499999999945e+03 7.862951879999999782e+00
1.790673350000000028e+03 7.629055280000000216e+00
1.790974210000000085e+03 7.358979670000000084e+00
1.791275059999999939e+03 7.054273570000000326e+00
1.791575910000000022e+03 6.716506609999999711e+00
1.791876760000000104e+03 6.347621469999999988e+00
1.792177609999999959e+03 5.949701629999999852e+00
1.792478470000000016e+03 5.525041690000000116e+00
1.792779320000000098e+03 5.076112259999999488e+00
1.793080169999999953e+03 4.605517650000000351e+00
1.793381020000000035e+03 4.116031120000000598e+00
1.793681880000000092e+03 3.610524480000000036e+00
1.793982729999999947e+03 3.091975080000000098e+00
1.794283580000000029e+03 2.563458859999999895e+00
1.794584430000000111e+03 2.028086929999999732e+00
1.794885289999999941e+03 1.489012640000000109e+00
1.795186140000000023e+03 9.494174770000000096e-01
1.795486990000000105e+03 4.124660589999999960e-01
1.795787839999999960e+03 -1.187086829999999954e-01
1.796088700000000017e+03 -6.410167520000000785e-01
1.796389550000000099e+03 -1.151442759999999899e+00
1.796690399999999954e+03 -1.647067049999999977e+00
1.796991250000000036e+03 -2.125087510000000179e+00
1.797292110000000093e+03 -2.582808299999999946e+00
1.797592959999999948e+03 -3.017723649999999758e+00
1.797893810000000030e+03 -3.427468540000000008e+00
1.798194660000000113e+03 -3.809860969999999902e+00
1.798495509999999967e+03 -4.162944180000000216e+00
1.798796370000000024e+03 -4.484944410000000659e+00
1.799097220000000107e+03 -4.774327229999999922e+00
1.799398069999999962e+03 -5.029783420000000227e+00
1.799698920000000044e+03 -5.250257179999999302e+00
1.799999780000000101e+03 -5.434932029999999692e+00
