0.000000000000000000e+00 -2.431905219999999836e-07
3.008523779999999759e-01 3.566272060000000138e-07
6.017047559999999518e-01 9.560479499999999103e-07
9.025571340000000387e-01 1.554388249999999830e-06
1.203409509999999960e+00 2.150961830000000059e-06
1.504261889999999990e+00 2.745100019999999845e-06
1.805114270000000021e+00 3.336113020000000347e-06
2.105966640000000112e+00 3.923332140000000318e-06
2.406819019999999920e+00 4.506095759999999803e-06
2.707671400000000173e+00 5.083735190000000094e-06
3.008523779999999981e+00 5.655602870000000147e-06
3.309376159999999789e+00 6.221044209999999462e-06
3.610228530000000102e+00 6.779425710000000140e-06
3.911080909999999911e+00 7.330120929999999822e-06
4.211933290000000163e+00 7.872524530000001114e-06
4.512785670000000415e+00 8.405988969999999235e-06
4.813638049999999780e+00 8.929951139999999418e-06
5.114490420000000093e+00 9.443847939999999949e-06
5.415342800000000345e+00 9.947045889999999189e-06
5.716195179999999709e+00 1.043905229999999990e-05
6.017047559999999962e+00 1.091937439999999947e-05
6.317899930000000275e+00 1.138730840000000020e-05
6.618752309999999639e+00 1.184257260000000047e-05
6.919604689999999891e+00 1.228453380000000050e-05
7.220457070000000144e+00 1.271269900000000003e-05
7.521309450000000396e+00 1.312671639999999939e-05
7.822161819999999821e+00 1.352609319999999987e-05
8.123014200000000073e+00 1.391047760000000011e-05
8.423866580000000326e+00 1.427937679999999973e-05
8.724718960000000578e+00 1.463250930000000036e-05
9.025571340000000831e+00 1.496945269999999951e-05
9.326423710000000256e+00 1.528992559999999877e-05
9.627276090000000508e+00 1.559364620000000166e-05
9.928128470000000760e+00 1.588019250000000034e-05
1.022898080000000043e+01 1.614949379999999882e-05
1.052983320000000056e+01 1.640119839999999905e-05
1.083068560000000069e+01 1.663502460000000112e-05
1.113153800000000082e+01 1.685097240000000163e-05
1.143239039999999918e+01 1.704869000000000092e-05
1.173324269999999991e+01 1.722817730000000073e-05
1.203409510000000004e+01 1.738922319999999891e-05
1.233494750000000018e+01 1.753182760000000060e-05
1.263579990000000031e+01 1.765577950000000188e-05
1.293665219999999927e+01 1.776121950000000201e-05
1.323750459999999940e+01 1.784800680000000184e-05
1.353835699999999953e+01 1.791621200000000254e-05
1.383920939999999966e+01 1.796583499999999906e-05
1.414006179999999979e+01 1.799701649999999910e-05
1.444091410000000053e+01 1.800975659999999750e-05
1.474176650000000066e+01 1.800419599999999854e-05
1.504261890000000079e+01 1.798047550000000139e-05
1.534347129999999915e+01 1.793880629999999965e-05
1.564432359999999989e+01 1.787932910000000102e-05
1.594517600000000002e+01 1.780232560000000202e-05
1.624602840000000015e+01 1.770793639999999853e-05
1.654688080000000028e+01 1.759651350000000027e-05
1.684773320000000041e+01 1.746840879999999837e-05
1.714858549999999937e+01 1.732376309999999876e-05
1.744943789999999950e+01 1.716306920000000013e-05
1.775029029999999963e+01 1.698660850000000089e-05
1.805114269999999976e+01 1.679487390000000138e-05
1.835199499999999873e+01 1.658814670000000174e-05
1.865284739999999886e+01 1.636691980000000232e-05
1.895369979999999899e+01 1.613168580000000192e-05
1.925455219999999912e+01 1.588286720000000300e-05
1.955540459999999925e+01 1.562095649999999935e-05
1.985625690000000176e+01 1.534651690000000111e-05
2.015710929999999834e+01 1.506004100000000030e-05
2.045796169999999847e+01 1.476209210000000022e-05
2.075881409999999860e+01 1.445323320000000096e-05
2.105966640000000112e+01 1.413402729999999920e-05
2.136051880000000125e+01 1.380517840000000082e-05
2.166137120000000138e+01 1.346717909999999957e-05
2.196222360000000151e+01 1.312080380000000088e-05
2.226307600000000164e+01 1.276654520000000014e-05
2.256392830000000060e+01 1.240510700000000002e-05
2.286478070000000073e+01 1.203719319999999961e-05
2.316563310000000087e+01 1.166343730000000021e-05
2.346648550000000100e+01 1.128461350000000061e-05
2.376733779999999996e+01 1.090128489999999915e-05
2.406819020000000009e+01 1.051422579999999963e-05
2.436904260000000022e+01 1.012413999999999960e-05
2.466989500000000035e+01 9.731731509999999672e-06
2.497074740000000048e+01 9.337774459999999876e-06
2.527159969999999944e+01 8.942831990000001225e-06
2.557245209999999958e+01 8.547678359999999768e-06
2.587330449999999971e+01 8.153158220000001469e-06
2.617415689999999984e+01 7.759764270000000001e-06
2.647500929999999997e+01 7.368411550000000225e-06
2.677586159999999893e+01 6.979691310000000305e-06
2.707671399999999906e+01 6.594321500000000184e-06
2.737756639999999919e+01 6.212998949999999428e-06
2.767841879999999932e+01 5.836413459999999841e-06
2.797927109999999828e+01 5.465240750000000432e-06
2.828012349999999842e+01 5.100135400000000182e-06
2.858097589999999855e+01 4.741759079999999863e-06
2.888182829999999868e+01 4.390738210000000489e-06
2.918268069999999881e+01 4.047713330000000088e-06
2.948353300000000132e+01 3.713289759999999791e-06
2.978438540000000145e+01 3.388051720000000000e-06
3.008523780000000158e+01 3.072576370000000069e-06
3.038609020000000172e+01 2.767426830000000094e-06
3.068694250000000068e+01 2.473130999999999886e-06
3.098779490000000081e+01 2.190202690000000028e-06
3.128864730000000094e+01 1.919134620000000196e-06
3.158949970000000107e+01 1.660398380000000071e-06
3.189035210000000120e+01 1.414430380000000049e-06
3.219120439999999661e+01 1.181659979999999935e-06
3.249205680000000029e+01 9.624813379999999566e-07
3.279290919999999687e+01 7.572534370000000082e-07
3.309376160000000056e+01 5.663204690000000120e-07
3.339461390000000307e+01 3.899921369999999832e-07
3.369546629999999965e+01 2.285513970000000037e-07
3.399631870000000333e+01 8.225305079999999840e-08
3.429717109999999991e+01 -4.868012560000000346e-08
3.459802349999999649e+01 -1.640542159999999840e-07
3.489887579999999900e+01 -2.637069780000000196e-07
3.519972820000000269e+01 -3.475064350000000047e-07
3.550058059999999927e+01 -4.153512300000000383e-07
3.580143300000000295e+01 -4.671723830000000354e-07
3.610228529999999836e+01 -5.029325900000000424e-07
3.640313770000000204e+01 -5.226255149999999984e-07
3.670399009999999862e+01 -5.262757950000000177e-07
3.700484250000000230e+01 -5.139404410000000198e-07
3.730569489999999888e+01 -4.857081429999999602e-07
3.760654720000000140e+01 -4.416971509999999798e-07
3.790739959999999797e+01 -3.820580940000000422e-07
3.820825200000000166e+01 -3.069711620000000348e-07
3.850910439999999824e+01 -2.166461089999999916e-07
3.880995670000000075e+01 -1.113229559999999962e-07
3.911080909999999733e+01 8.729840389999999997e-09
3.941166150000000101e+01 1.432153870000000032e-07
3.971251389999999759e+01 2.918090589999999916e-07
4.001336630000000127e+01 4.541599050000000111e-07
4.031421859999999668e+01 6.298913539999999727e-07
4.061507100000000037e+01 8.186029029999999275e-07
4.091592339999999695e+01 1.019860970000000053e-06
4.121677580000000063e+01 1.233225630000000121e-06
4.151762810000000314e+01 1.458225289999999910e-06
4.181848049999999972e+01 1.694360200000000077e-06
4.211933290000000341e+01 1.941116529999999966e-06
4.242018529999999998e+01 2.197980470000000056e-06
4.272103769999999656e+01 2.464388909999999864e-06
4.302188999999999908e+01 2.739778749999999793e-06
4.332274240000000276e+01 3.023572819999999816e-06
4.362359479999999934e+01 3.315186910000000201e-06
4.392444720000000302e+01 3.614008640000000043e-06
4.422529949999999843e+01 3.919425650000000623e-06
4.452615190000000212e+01 4.230818540000000133e-06
4.482700429999999869e+01 4.547546770000000122e-06
4.512785670000000238e+01 4.868976870000000472e-06
4.542870909999999895e+01 5.194468299999999768e-06
4.572956140000000147e+01 5.523373520000000003e-06
4.603041379999999805e+01 5.855044949999999636e-06
4.633126620000000173e+01 6.188827999999999863e-06
4.663211859999999831e+01 6.524082130000000115e-06
4.693297090000000082e+01 6.860166839999999971e-06
4.723382329999999740e+01 7.196455669999999964e-06
4.753467570000000109e+01 7.532272910000000063e-06
4.783552809999999766e+01 7.866963950000000117e-06
4.813638050000000135e+01 8.200036079999999854e-06
4.843723279999999676e+01 8.530715049999999659e-06
4.873808520000000044e+01 8.858508149999999256e-06
4.903893759999999702e+01 9.182852280000000319e-06
4.933979000000000070e+01 9.503043559999999943e-06
4.964064230000000322e+01 9.818659669999999295e-06
4.994149469999999980e+01 1.012906710000000065e-05
5.024234710000000348e+01 1.043377319999999930e-05
5.054319950000000006e+01 1.073228529999999933e-05
5.084405189999999664e+01 1.102404009999999917e-05
5.114490419999999915e+01 1.130861550000000120e-05
5.144575660000000283e+01 1.158558909999999951e-05
5.174660899999999941e+01 1.185446810000000050e-05
5.204746140000000310e+01 1.211483029999999983e-05
5.234831369999999851e+01 1.236639399999999929e-05
5.264916610000000219e+01 1.260873709999999956e-05
5.295001849999999877e+01 1.284150749999999946e-05
5.325087090000000245e+01 1.306442369999999895e-05
5.355172329999999903e+01 1.327713380000000011e-05
5.385257560000000154e+01 1.347949690000000047e-05
5.415342799999999812e+01 1.367109079999999909e-05
5.445428040000000180e+01 1.385191549999999936e-05
5.475513279999999838e+01 1.402161900000000003e-05
5.505598510000000090e+01 1.418013089999999984e-05
5.535683749999999748e+01 1.432731049999999958e-05
5.565768990000000116e+01 1.446301700000000010e-05
5.595854229999999774e+01 1.458718000000000015e-05
5.625939470000000142e+01 1.469979939999999979e-05
5.656024699999999683e+01 1.480073469999999968e-05
5.686109940000000051e+01 1.488998560000000002e-05
5.716195179999999709e+01 1.496769309999999812e-05
5.746280420000000078e+01 1.503385700000000089e-05
5.776365650000000329e+01 1.508840710000000186e-05
5.806450889999999987e+01 1.513162479999999943e-05
5.836536130000000355e+01 1.516351019999999863e-05
5.866621370000000013e+01 1.518420400000000035e-05
5.896706609999999671e+01 1.519384710000000029e-05
5.926791839999999922e+01 1.519272090000000195e-05
5.956877080000000291e+01 1.518082539999999853e-05
5.986962319999999949e+01 1.515858310000000097e-05
6.017047560000000317e+01 1.512606420000000048e-05
6.047132789999999858e+01 1.508355040000000038e-05
6.077218030000000226e+01 1.503132309999999907e-05
6.107303269999999884e+01 1.496966390000000162e-05
6.137388510000000252e+01 1.489885439999999953e-05
6.167473749999999910e+01 1.481917609999999963e-05
6.197558980000000162e+01 1.473091059999999850e-05
6.227644219999999819e+01 1.463440980000000084e-05
6.257729460000000188e+01 1.453002559999999949e-05
6.287814699999999846e+01 1.441811000000000077e-05
6.317899930000000097e+01 1.429894449999999965e-05
6.347985169999999755e+01 1.417288100000000082e-05
6.378070410000000123e+01 1.404027159999999869e-05
6.408155650000000492e+01 1.390153839999999934e-05
6.438240890000000149e+01 1.375696320000000093e-05
6.468326120000000401e+01 1.360696810000000108e-05
6.498411360000000059e+01 1.345183469999999978e-05
6.528496599999999717e+01 1.329198549999999946e-05
6.558581839999999374e+01 1.312777219999999986e-05
6.588667069999999626e+01 1.295954679999999885e-05
6.618752310000000705e+01 1.278766129999999936e-05
6.648837550000000363e+01 1.261239719999999973e-05
6.678922790000000020e+01 1.243410649999999953e-05
6.709008029999999678e+01 1.225321149999999963e-05
6.739093259999999930e+01 1.206992320000000056e-05
6.769178499999999588e+01 1.188466420000000133e-05
6.799263740000000666e+01 1.169764539999999912e-05
6.829348980000000324e+01 1.150921900000000017e-05
6.859434210000000576e+01 1.131966629999999953e-05
6.889519450000000234e+01 1.112919860000000095e-05
6.919604689999999891e+01 1.093816780000000066e-05
6.949689929999999549e+01 1.074671459999999955e-05
6.979775170000000628e+01 1.055519110000000050e-05
7.009860399999999458e+01 1.036373800000000103e-05
7.039945640000000537e+01 1.017256639999999990e-05
7.070030880000000195e+01 9.981957929999999958e-06
7.100116119999999853e+01 9.792053319999999885e-06
7.130201350000000105e+01 9.602922970000000945e-06
7.160286589999999762e+01 9.414848419999999088e-06
7.190371829999999420e+01 9.227900070000000663e-06
7.220457070000000499e+01 9.042218690000000257e-06
7.250542310000000157e+01 8.857874669999999312e-06
7.280627540000000408e+01 8.675008769999999366e-06
7.310712780000000066e+01 8.493691400000001509e-06
7.340798019999999724e+01 8.313992929999999064e-06
7.370883259999999382e+01 8.135983750000000248e-06
7.400968500000000461e+01 7.959593480000000057e-06
7.431053729999999291e+01 7.784962880000000028e-06
7.461138970000000370e+01 7.612091970000000659e-06
7.491224210000000028e+01 7.440910349999999837e-06
7.521309449999999686e+01 7.271418020000000102e-06
7.551394679999999937e+01 7.103685369999999508e-06
7.581479919999999595e+01 6.937522350000000041e-06
7.611565160000000674e+01 6.772978240000000045e-06
7.641650400000000332e+01 6.609961529999999393e-06
7.671735639999999989e+01 6.448415910000000285e-06
7.701820870000000241e+01 6.288256929999999830e-06
7.731906109999999899e+01 6.129393059999999945e-06
7.761991349999999557e+01 5.971725779999999851e-06
7.792076590000000635e+01 5.815163569999999596e-06
7.822161819999999466e+01 5.659593829999999842e-06
7.852247060000000545e+01 5.504896880000000131e-06
7.882332300000000203e+01 5.350960119999999429e-06
7.912417539999999860e+01 5.197649799999999392e-06
7.942502779999999518e+01 5.044846269999999883e-06
7.972588009999999770e+01 4.892415800000000512e-06
8.002673249999999427e+01 4.740224640000000392e-06
8.032758490000000506e+01 4.588132019999999854e-06
8.062843730000000164e+01 4.436018280000000630e-06
8.092928960000000416e+01 4.283728580000000081e-06
8.123014200000000073e+01 4.131143250000000116e-06
8.153099439999999731e+01 3.978121519999999369e-06
8.183184679999999389e+01 3.824536700000000119e-06
8.213269920000000468e+01 3.670248000000000083e-06
8.243355149999999298e+01 3.515142809999999674e-06
8.273440390000000377e+01 3.359094430000000073e-06
8.303525630000000035e+01 3.201983210000000298e-06
8.333610869999999693e+01 3.043689480000000138e-06
8.363696099999999944e+01 2.884121740000000138e-06
8.393781339999999602e+01 2.723174409999999743e-06
8.423866580000000681e+01 2.560741919999999917e-06
8.453951820000000339e+01 2.396746830000000112e-06
8.484037059999999997e+01 2.231104680000000155e-06
8.514122290000000248e+01 2.063752120000000001e-06
8.544207529999999906e+01 1.894611720000000200e-06
8.574292769999999564e+01 1.723634229999999975e-06
8.604378010000000643e+01 1.550777389999999976e-06
8.634463239999999473e+01 1.375998979999999939e-06
8.664548480000000552e+01 1.199263810000000116e-06
8.694633720000000210e+01 1.020564840000000168e-06
8.724718959999999868e+01 8.398879869999999361e-07
8.754804199999999526e+01 6.572360700000000122e-07
8.784889429999999777e+01 4.726161279999999895e-07
8.814974669999999435e+01 2.860506840000000432e-07
8.845059910000000514e+01 9.757000499999999781e-08
8.875145150000000172e+01 -9.278508449999999552e-08
8.905230380000000423e+01 -2.849632020000000003e-07
8.935315620000000081e+01 -4.789038150000000549e-07
8.965400859999999739e+01 -6.745365350000000341e-07
8.995486099999999396e+01 -8.717804179999999695e-07
9.025571340000000475e+01 -1.070546779999999821e-06
9.055656569999999306e+01 -1.270734949999999901e-06
9.085741810000000385e+01 -1.472239369999999945e-06
9.115827050000000042e+01 -1.674933339999999864e-06
9.145912289999999700e+01 -1.878704219999999963e-06
9.175997519999999952e+01 -2.083404219999999884e-06
9.206082759999999610e+01 -2.288892550000000095e-06
9.236168000000000688e+01 -2.495028450000000328e-06
9.266253240000000346e+01 -2.701642979999999736e-06
9.296338480000000004e+01 -2.908574249999999963e-06
9.326423710000000256e+01 -3.115646289999999859e-06
9.356508949999999913e+01 -3.322683139999999795e-06
9.386594189999999571e+01 -3.529494749999999637e-06
9.416679430000000650e+01 -3.735898119999999628e-06
9.446764659999999481e+01 -3.941696159999999509e-06
9.476849900000000559e+01 -4.146677699999999616e-06
9.506935140000000217e+01 -4.350645669999999339e-06
9.537020379999999875e+01 -4.553388910000000108e-06
9.567105619999999533e+01 -4.754703280000000443e-06
9.597190849999999784e+01 -4.954356520000000196e-06
9.627276089999999442e+01 -5.152137450000000302e-06
9.657361330000000521e+01 -5.347827890000000019e-06
9.687446570000000179e+01 -5.541202589999999854e-06
9.717531800000000430e+01 -5.732043350000000262e-06
9.747617040000000088e+01 -5.920117899999999577e-06
9.777702279999999746e+01 -6.105215059999999582e-06
9.807787519999999404e+01 -6.287095540000000672e-06
9.837872760000000483e+01 -6.465548149999999724e-06
9.867957989999999313e+01 -6.640340639999999802e-06
9.898043230000000392e+01 -6.811268870000000273e-06
9.928128470000000050e+01 -6.978100560000000493e-06
9.958213709999999708e+01 -7.140638640000000276e-06
9.988298939999999959e+01 -7.298657859999999281e-06
1.001838419999999985e+02 -7.451890750000000291e-06
1.004846940000000046e+02 -7.600266920000001019e-06
1.007855469999999940e+02 -7.743434450000001354e-06
1.010863990000000001e+02 -7.881322929999999360e-06
1.013872510000000062e+02 -8.013721219999999504e-06
1.016881039999999956e+02 -8.140347749999999585e-06
1.019889560000000017e+02 -8.261132159999999330e-06
1.022898079999999936e+02 -8.375863259999999849e-06
1.025906609999999972e+02 -8.484400290000001295e-06
1.028915130000000033e+02 -8.586532089999999171e-06
1.031923660000000069e+02 -8.682117879999999064e-06
1.034932179999999988e+02 -8.771087269999999533e-06
1.037940700000000049e+02 -8.853158730000001064e-06
1.040949229999999943e+02 -8.928402619999998847e-06
1.043957750000000004e+02 -8.996537410000000144e-06
1.046966270000000065e+02 -9.057492710000000126e-06
1.049974799999999959e+02 -9.111198129999999046e-06
1.052983320000000020e+02 -9.157583280000000545e-06
1.055991850000000056e+02 -9.196507389999999870e-06
1.059000369999999975e+02 -9.227970459999998716e-06
1.062008890000000036e+02 -9.251831709999999283e-06
1.065017419999999930e+02 -9.268020759999999955e-06
1.068025939999999991e+02 -9.276608000000000477e-06
1.071034470000000027e+02 -9.277523029999999585e-06
1.074042989999999946e+02 -9.270695480000000569e-06
1.077051510000000007e+02 -9.256195720000000139e-06
1.080060040000000043e+02 -9.233953370000000065e-06
1.083068559999999962e+02 -9.204038820000000096e-06
1.086077080000000024e+02 -9.166381680000000484e-06
1.089085610000000059e+02 -9.121122720000000898e-06
1.092094129999999979e+02 -9.068261950000001164e-06
1.095102660000000014e+02 -9.007799359999999763e-06
1.098111179999999933e+02 -8.939946119999999324e-06
1.101119699999999995e+02 -8.864631840000000099e-06
1.104128230000000030e+02 -8.782067669999999988e-06
1.107136749999999950e+02 -8.692253630000000333e-06
1.110145270000000011e+02 -8.595330489999999110e-06
1.113153800000000047e+02 -8.491439010000001247e-06
1.116162319999999966e+02 -8.380719969999999460e-06
1.119170850000000002e+02 -8.263314160000001540e-06
1.122179370000000063e+02 -8.139291950000000807e-06
1.125187889999999982e+02 -8.009005279999999562e-06
1.128196420000000018e+02 -7.872454149999999498e-06
1.131204939999999937e+02 -7.729849720000000031e-06
1.134213459999999998e+02 -7.581403160000000404e-06
1.137221990000000034e+02 -7.427396009999999955e-06
1.140230509999999953e+02 -7.267969049999999873e-06
1.143239039999999989e+02 -7.103333429999999750e-06
1.146247560000000050e+02 -6.933714399999999928e-06
1.149256079999999969e+02 -6.759393509999999569e-06
1.152264610000000005e+02 -6.580603039999999319e-06
1.155273130000000066e+02 -6.397596369999999703e-06
1.158281649999999985e+02 -6.210640980000000304e-06
1.161290180000000021e+02 -6.019997309999999732e-06
1.164298699999999940e+02 -5.825946890000000041e-06
1.167307229999999976e+02 -5.628778319999999499e-06
1.170315750000000037e+02 -5.428780189999999939e-06
1.173324269999999956e+02 -5.226248120000000105e-06
1.176332799999999992e+02 -5.021484770000000564e-06
1.179341320000000053e+02 -4.814799850000000139e-06
1.182349839999999972e+02 -4.606496030000000067e-06
1.185358370000000008e+02 -4.396890050000000320e-06
1.188366890000000069e+02 -4.186305690000000151e-06
1.191375419999999963e+02 -3.975066720000000680e-06
1.194383940000000024e+02 -3.763489900000000259e-06
1.197392459999999943e+02 -3.551898989999999759e-06
1.200400989999999979e+02 -3.340638910000000157e-06
1.203409510000000040e+02 -3.130019350000000202e-06
1.206418039999999934e+02 -2.920371139999999944e-06
1.209426559999999995e+02 -2.712039160000000213e-06
1.212435080000000056e+02 -2.505333130000000079e-06
1.215443609999999950e+02 -2.300583860000000368e-06
1.218452130000000011e+02 -2.098122179999999858e-06
1.221460649999999930e+02 -1.898271859999999882e-06
1.224469179999999966e+02 -1.701335569999999984e-06
1.227477700000000027e+02 -1.507644119999999930e-06
1.230486230000000063e+02 -1.317493160000000055e-06
1.233494749999999982e+02 -1.131199410000000048e-06
1.236503270000000043e+02 -9.490585029999999723e-07
1.239511799999999937e+02 -7.713590280000000672e-07
1.242520319999999998e+02 -5.983944990000000148e-07
1.245528840000000059e+02 -4.304337949999999725e-07
1.248537369999999953e+02 -2.677500170000000075e-07
1.251545890000000014e+02 -1.106021910000000047e-07
1.254554420000000050e+02 4.075903389999999713e-08
1.257562939999999969e+02 1.860931459999999977e-07
1.260571460000000030e+02 3.251718789999999796e-07
1.263579990000000066e+02 4.577778059999999958e-07
1.266588509999999985e+02 5.837046950000000033e-07
1.269597030000000046e+02 7.027617939999999707e-07
1.272605559999999940e+02 8.147668019999999759e-07
1.275614080000000001e+02 9.195592359999999915e-07
1.278622610000000037e+02 1.016989170000000063e-06
1.281631130000000098e+02 1.106915829999999976e-06
1.284639650000000017e+02 1.189219559999999996e-06
1.287648179999999911e+02 1.263808860000000033e-06
1.290656700000000114e+02 1.330578129999999881e-06
1.293665220000000033e+02 1.389471090000000156e-06
1.296673749999999927e+02 1.440424369999999894e-06
1.299682270000000130e+02 1.483409819999999896e-06
1.302690800000000024e+02 1.518413359999999909e-06
1.305699319999999943e+02 1.545427959999999841e-06
1.308707839999999862e+02 1.564474730000000038e-06
1.311716370000000040e+02 1.575602949999999902e-06
1.314724889999999959e+02 1.578861869999999998e-06
1.317733409999999878e+02 1.574328939999999850e-06
1.320741940000000056e+02 1.562102690000000062e-06
1.323750459999999975e+02 1.542302770000000135e-06
1.326758989999999869e+02 1.515062929999999897e-06
1.329767510000000073e+02 1.480545060000000033e-06
1.332776029999999992e+02 1.438911040000000132e-06
1.335784559999999885e+02 1.390365009999999980e-06
1.338793080000000089e+02 1.335125150000000107e-06
1.341801609999999982e+02 1.273416710000000007e-06
1.344810129999999901e+02 1.205500119999999947e-06
1.347818650000000105e+02 1.131635809999999982e-06
1.350827179999999998e+02 1.052126450000000078e-06
1.353835699999999918e+02 9.672676660000000618e-07
1.356844220000000121e+02 8.773902760000000453e-07
1.359852750000000015e+02 7.828321390000000591e-07
1.362861269999999934e+02 6.839571550000000474e-07
1.365869800000000112e+02 5.811362659999999822e-07
1.368878320000000031e+02 4.747601209999999600e-07
1.371886839999999950e+02 3.652313340000000170e-07
1.374895370000000128e+02 2.529680059999999878e-07
1.377903890000000047e+02 1.384023119999999911e-07
1.380912409999999966e+02 2.197544069999999977e-08
1.383920939999999860e+02 -9.585678110000000401e-08
1.386929460000000063e+02 -2.146309240000000003e-07
1.389937989999999957e+02 -3.338717340000000014e-07
1.392946509999999876e+02 -4.530963550000000135e-07
1.395955030000000079e+02 -5.718155960000000067e-07
1.398963559999999973e+02 -6.895332280000000704e-07
1.401972079999999892e+02 -8.057502039999999711e-07
1.404980600000000095e+02 -9.199534040000000418e-07
1.407989129999999989e+02 -1.031643779999999992e-06
1.410997649999999908e+02 -1.140300469999999918e-06
1.414006180000000086e+02 -1.245423720000000039e-06
1.417014700000000005e+02 -1.346506749999999862e-06
1.420023219999999924e+02 -1.443028690000000090e-06
1.423031750000000102e+02 -1.534496830000000025e-06
1.426040270000000021e+02 -1.620411429999999936e-06
1.429048789999999940e+02 -1.700272719999999985e-06
1.432057320000000118e+02 -1.773609120000000101e-06
1.435065840000000037e+02 -1.839934960000000137e-06
1.438074369999999931e+02 -1.898792719999999991e-06
1.441082890000000134e+02 -1.949724890000000021e-06
1.444091410000000053e+02 -1.992288009999999883e-06
1.447099939999999947e+02 -2.026052740000000053e-06
1.450108459999999866e+02 -2.050624909999999839e-06
1.453116990000000044e+02 -2.065596259999999741e-06
1.456125509999999963e+02 -2.070593750000000118e-06
1.459134029999999882e+02 -2.065272480000000066e-06
1.462142560000000060e+02 -2.049287549999999956e-06
1.465151079999999979e+02 -2.022336300000000067e-06
1.468159599999999898e+02 -1.984116060000000010e-06
1.471168130000000076e+02 -1.934380479999999982e-06
1.474176649999999995e+02 -1.872876160000000019e-06
1.477185179999999889e+02 -1.799398990000000021e-06
1.480193700000000092e+02 -1.713758899999999995e-06
1.483202220000000011e+02 -1.615808100000000004e-06
1.486210749999999905e+02 -1.505419890000000173e-06
1.489219270000000108e+02 -1.382488679999999910e-06
1.492227790000000027e+02 -1.246965200000000060e-06
1.495236319999999921e+02 -1.098800190000000020e-06
1.498244840000000124e+02 -9.380006769999999760e-07
1.501253370000000018e+02 -7.646018590000000243e-07
1.504261889999999937e+02 -5.786677880000000025e-07
1.507270410000000140e+02 -3.802955990000000073e-07
1.510278940000000034e+02 -1.696218419999999911e-07
1.513287459999999953e+02 5.318645369999999798e-08
1.516295979999999872e+02 2.879265020000000279e-07
1.519304510000000050e+02 5.343604659999999717e-07
1.522313029999999969e+02 7.922147499999999438e-07
1.525321559999999863e+02 1.061192319999999987e-06
1.528330080000000066e+02 1.340939130000000009e-06
1.531338599999999985e+02 1.631096199999999915e-06
1.534347129999999879e+02 1.931241210000000022e-06
1.537355650000000082e+02 2.240944800000000314e-06
1.540364170000000001e+02 2.559735380000000258e-06
1.543372699999999895e+02 2.887106159999999752e-06
1.546381220000000098e+02 3.222522180000000053e-06
1.549389749999999992e+02 3.565420370000000191e-06
1.552398269999999911e+02 3.915209460000000236e-06
1.555406790000000115e+02 4.271270049999999649e-06
1.558415320000000008e+02 4.632954570000000528e-06
1.561423839999999927e+02 4.999587320000000122e-06
1.564432360000000131e+02 5.370478490000000192e-06
1.567440890000000024e+02 5.744910129999999945e-06
1.570449409999999943e+02 6.122143179999999730e-06
1.573457940000000121e+02 6.501417460000000361e-06
1.576466460000000041e+02 6.881965749999999984e-06
1.579474979999999960e+02 7.262971559999999921e-06
1.582483510000000138e+02 7.643695810000000022e-06
1.585492030000000057e+02 8.023223490000000829e-06
1.588500559999999950e+02 8.400780319999999018e-06
1.591509079999999869e+02 8.775592050000000059e-06
1.594517600000000073e+02 9.146743649999999759e-06
1.597526129999999966e+02 9.513390470000000629e-06
1.600534649999999885e+02 9.874687869999999919e-06
1.603543170000000089e+02 1.022979119999999844e-05
1.606551699999999983e+02 1.057785579999999888e-05
1.609560219999999902e+02 1.091810740000000029e-05
1.612568750000000080e+02 1.124963099999999963e-05
1.615577269999999999e+02 1.157165239999999980e-05
1.618585789999999918e+02 1.188332679999999918e-05
1.621594320000000096e+02 1.218388010000000059e-05
1.624602840000000015e+02 1.247253790000000028e-05
1.627611359999999934e+02 1.274852599999999945e-05
1.630619890000000112e+02 1.301114060000000056e-05
1.633628410000000031e+02 1.325960739999999981e-05
1.636636939999999925e+02 1.349322239999999977e-05
1.639645460000000128e+02 1.371135229999999905e-05
1.642653980000000047e+02 1.391336349999999979e-05
1.645662509999999941e+02 1.409869290000000030e-05
1.648671029999999860e+02 1.426663669999999964e-05
1.651679550000000063e+02 1.441677260000000032e-05
1.654688079999999957e+02 1.454853740000000070e-05
1.657696599999999876e+02 1.466150879999999988e-05
1.660705130000000054e+02 1.475526450000000039e-05
1.663713649999999973e+02 1.482938219999999965e-05
1.666722169999999892e+02 1.488350999999999974e-05
1.669730700000000070e+02 1.491743660000000031e-05
1.672739219999999989e+02 1.493081019999999830e-05
1.675747739999999908e+02 1.492356029999999928e-05
1.678756270000000086e+02 1.489540539999999983e-05
1.681764790000000005e+02 1.484627519999999861e-05
1.684773319999999899e+02 1.477616950000000083e-05
1.687781840000000102e+02 1.468501810000000002e-05
1.690790360000000021e+02 1.457289139999999914e-05
1.693798889999999915e+02 1.443985960000000127e-05
1.696807410000000118e+02 1.428613399999999999e-05
1.699815930000000037e+02 1.411192570000000084e-05
1.702824459999999931e+02 1.391737560000000121e-05
1.705832980000000134e+02 1.370283540000000084e-05
1.708841510000000028e+02 1.346872770000000043e-05
1.711850029999999947e+02 1.321540419999999970e-05
1.714858549999999866e+02 1.294328739999999942e-05
1.717867080000000044e+02 1.265294029999999967e-05
1.720875599999999963e+02 1.234492600000000046e-05
1.723884130000000141e+02 1.201973720000000057e-05
1.726892650000000060e+02 1.167814820000000041e-05
1.729901169999999979e+02 1.132072210000000000e-05
1.732909699999999873e+02 1.094830350000000111e-05
1.735918220000000076e+02 1.056159639999999946e-05
1.738926739999999995e+02 1.016151559999999987e-05
1.741935269999999889e+02 9.748765199999999704e-06
1.744943790000000092e+02 9.324400899999999489e-06
1.747952319999999986e+02 8.889196960000000358e-06
1.750960839999999905e+02 8.444209210000000563e-06
1.753969360000000108e+02 7.990352669999999387e-06
1.756977890000000002e+02 7.528683159999999493e-06
1.759986409999999921e+02 7.060256480000000505e-06
1.762994930000000124e+02 6.586079159999999293e-06
1.766003460000000018e+02 6.107256289999999580e-06
1.769011979999999937e+02 5.624885910000000057e-06
1.772020510000000115e+02 5.140073090000000563e-06
1.775029030000000034e+02 4.653929950000000041e-06
1.778037549999999953e+02 4.167589729999999508e-06
1.781046080000000131e+02 3.682185660000000158e-06
1.784054600000000050e+02 3.198850980000000041e-06
1.787063119999999969e+02 2.718718899999999856e-06
1.790071649999999863e+02 2.242915649999999966e-06
1.793080170000000066e+02 1.772567390000000058e-06
1.796088699999999960e+02 1.308786259999999994e-06
1.799097219999999879e+02 8.526632599999999274e-07
1.802105740000000083e+02 4.052844550000000007e-07
1.805114269999999976e+02 -3.228652910000000361e-08
1.808122789999999895e+02 -4.590116939999999829e-07
1.811131310000000099e+02 -8.738779559999999844e-07
1.814139839999999992e+02 -1.275894330000000115e-06
1.817148359999999911e+02 -1.664107789999999967e-06
1.820156890000000089e+02 -2.037596239999999683e-06
1.823165410000000008e+02 -2.395479859999999976e-06
1.826173929999999928e+02 -2.736906950000000015e-06
1.829182460000000106e+02 -3.061075109999999928e-06
1.832190980000000025e+02 -3.367224149999999859e-06
1.835199499999999944e+02 -3.654629079999999736e-06
1.838208030000000122e+02 -3.922642350000000033e-06
1.841216550000000041e+02 -4.170637499999999589e-06
1.844225079999999934e+02 -4.398044400000000199e-06
1.847233600000000138e+02 -4.604363300000000613e-06
1.850242120000000057e+02 -4.789136689999999496e-06
1.853250649999999951e+02 -4.951970389999999719e-06
1.856259169999999870e+02 -5.092512470000000501e-06
1.859267700000000048e+02 -5.210495459999999543e-06
1.862276219999999967e+02 -5.305701159999999843e-06
1.865284739999999886e+02 -5.377960640000000379e-06
1.868293270000000064e+02 -5.427182400000000000e-06
1.871301789999999983e+02 -5.453331239999999769e-06
1.874310309999999902e+02 -5.456435309999999519e-06
1.877318840000000080e+02 -5.436593160000000351e-06
1.880327359999999999e+02 -5.393945570000000066e-06
1.883335889999999893e+02 -5.328717770000000202e-06
1.886344410000000096e+02 -5.241177240000000343e-06
1.889352930000000015e+02 -5.131668860000000470e-06
1.892361459999999909e+02 -5.000593850000000380e-06
1.895369980000000112e+02 -4.848409730000000386e-06
1.898378500000000031e+02 -4.675630320000000472e-06
1.901387029999999925e+02 -4.482832800000000066e-06
1.904395550000000128e+02 -4.270643600000000007e-06
1.907404080000000022e+02 -4.039745499999999928e-06
1.910412599999999941e+02 -3.790877549999999658e-06
1.913421119999999860e+02 -3.524814009999999904e-06
1.916429650000000038e+02 -3.242406560000000155e-06
1.919438169999999957e+02 -2.944520979999999802e-06
1.922446689999999876e+02 -2.632079329999999947e-06
1.925455220000000054e+02 -2.306045909999999914e-06
1.928463739999999973e+02 -1.967427259999999784e-06
1.931472269999999867e+02 -1.617258079999999935e-06
1.934480790000000070e+02 -1.256601209999999905e-06
1.937489309999999989e+02 -8.865617259999999802e-07
1.940497839999999883e+02 -5.082566759999999327e-07
1.943506360000000086e+02 -1.228404100000000117e-07
1.946514880000000005e+02 2.685214609999999777e-07
1.949523409999999899e+02 6.646450250000000180e-07
1.952531930000000102e+02 1.064331589999999946e-06
1.955540459999999996e+02 1.466376120000000039e-06
1.958548979999999915e+02 1.869560930000000217e-06
1.961557500000000118e+02 2.272668309999999886e-06
1.964566030000000012e+02 2.674480560000000183e-06
1.967574549999999931e+02 3.073794069999999991e-06
1.970583070000000134e+02 3.469391139999999814e-06
1.973591600000000028e+02 3.860089259999999265e-06
1.976600119999999947e+02 4.244698890000000200e-06
1.979608650000000125e+02 4.622058640000000073e-06
1.982617170000000044e+02 4.991028240000000106e-06
1.985625689999999963e+02 5.350488529999999534e-06
1.988634220000000141e+02 5.699355549999999921e-06
1.991642740000000060e+02 6.036559409999999869e-06
1.994651269999999954e+02 6.361079500000000563e-06
1.997659789999999873e+02 6.671930410000000430e-06
2.000668310000000076e+02 6.968154849999999955e-06
2.003676839999999970e+02 7.248823729999999424e-06
2.006685359999999889e+02 7.513127590000000460e-06
2.009693880000000092e+02 7.760256979999998581e-06
2.012702409999999986e+02 7.989367250000000532e-06
2.015710929999999905e+02 8.199754529999998996e-06
2.018719460000000083e+02 8.390855730000000554e-06
2.021727980000000002e+02 8.561966959999999088e-06
2.024736499999999921e+02 8.712525140000001002e-06
2.027745030000000099e+02 8.842107939999999168e-06
2.030753550000000018e+02 8.950293030000000010e-06
2.033762069999999937e+02 9.036587720000001207e-06
2.036770600000000115e+02 9.100851210000000230e-06
2.039779120000000034e+02 9.142731579999999509e-06
2.042787649999999928e+02 9.162088059999999376e-06
2.045796170000000131e+02 9.158779859999998817e-06
2.048804690000000051e+02 9.132736609999999428e-06
2.051813219999999944e+02 9.084028679999999614e-06
2.054821739999999863e+02 9.012656079999999199e-06
2.057830260000000067e+02 8.918759579999999547e-06
2.060838789999999960e+02 8.802620729999999821e-06
2.063847309999999879e+02 8.664380309999999516e-06
2.066855840000000057e+02 8.504460640000000853e-06
2.069864359999999976e+02 8.323143259999999784e-06
2.072872879999999896e+02 8.120991279999999543e-06
2.075881410000000074e+02 7.898427020000000658e-06
2.078889929999999993e+02 7.655943180000000190e-06
2.081898449999999912e+02 7.394243650000000021e-06
2.084906980000000090e+02 7.113891509999999678e-06
2.087915500000000009e+02 6.815646950000000710e-06
2.090924029999999902e+02 6.500249029999999382e-06
2.093932550000000106e+02 6.168472020000000041e-06
2.096941070000000025e+02 5.821160560000000352e-06
2.099949599999999919e+02 5.459180410000000056e-06
2.102958120000000122e+02 5.083439569999999655e-06
2.105966640000000041e+02 4.694874179999999657e-06
2.108975169999999935e+02 4.294448550000000058e-06
2.111983690000000138e+02 3.883169220000000092e-06
2.114992220000000032e+02 3.462042720000000017e-06
2.118000739999999951e+02 3.032110790000000124e-06
2.121009259999999870e+02 2.594422180000000087e-06
2.124017790000000048e+02 2.150053840000000231e-06
2.127026309999999967e+02 1.700068600000000059e-06
2.130034839999999861e+02 1.245557460000000042e-06
2.133043360000000064e+02 7.876043890000000243e-07
2.136051879999999983e+02 3.272841979999999847e-07
2.139060409999999877e+02 -1.343163360000000242e-07
2.142068930000000080e+02 -5.961280320000000394e-07
2.145077449999999999e+02 -1.057095789999999984e-06
2.148085979999999893e+02 -1.516168009999999985e-06
2.151094500000000096e+02 -1.972319170000000028e-06
2.154103029999999990e+02 -2.424549759999999912e-06
2.157111549999999909e+02 -2.871881410000000097e-06
2.160120070000000112e+02 -3.313356839999999619e-06
2.163128600000000006e+02 -3.748053989999999917e-06
2.166137119999999925e+02 -4.175093009999999900e-06
2.169145640000000128e+02 -4.593608139999999828e-06
2.172154170000000022e+02 -5.002804009999999707e-06
2.175162689999999941e+02 -5.401899319999999973e-06
2.178171220000000119e+02 -5.790176119999999833e-06
2.181179740000000038e+02 -6.166951659999999976e-06
2.184188259999999957e+02 -6.531599480000000088e-06
2.187196790000000135e+02 -6.883535380000000263e-06
2.190205310000000054e+02 -7.222217380000000013e-06
2.193213829999999973e+02 -7.547194990000001021e-06
2.196222359999999867e+02 -7.858095159999998737e-06
2.199230880000000070e+02 -8.154425189999999488e-06
2.202239409999999964e+02 -8.435973910000000645e-06
2.205247929999999883e+02 -8.702530159999999403e-06
2.208256450000000086e+02 -8.953812389999999985e-06
2.211264979999999980e+02 -9.189750219999999082e-06
2.214273499999999899e+02 -9.410273260000000335e-06
2.217282020000000102e+02 -9.615381499999998835e-06
2.220290549999999996e+02 -9.805074950000001186e-06
2.223299069999999915e+02 -9.979494380000000279e-06
2.226307600000000093e+02 -1.013885099999999974e-05
2.229316120000000012e+02 -1.028335580000000026e-05
2.232324639999999931e+02 -1.041322020000000010e-05
2.235333170000000109e+02 -1.052886630000000026e-05
2.238341690000000028e+02 -1.063064620000000021e-05
2.241350209999999947e+02 -1.071905250000000049e-05
2.244358740000000125e+02 -1.079457789999999983e-05
2.247367260000000044e+02 -1.085771520000000033e-05
2.250375789999999938e+02 -1.090909789999999988e-05
2.253384310000000141e+02 -1.094935929999999989e-05
2.256392830000000060e+02 -1.097920350000000111e-05
2.259401359999999954e+02 -1.099933420000000111e-05
2.262409879999999873e+02 -1.101052580000000028e-05
2.265418410000000051e+02 -1.101355239999999917e-05
2.268426929999999970e+02 -1.100925879999999940e-05
2.271435449999999889e+02 -1.099848959999999936e-05
2.274443980000000067e+02 -1.098208940000000079e-05
2.277452499999999986e+02 -1.096104359999999951e-05
2.280461019999999905e+02 -1.093626730000000019e-05
2.283469550000000083e+02 -1.090860519999999943e-05
2.286478070000000002e+02 -1.087911290000000121e-05
2.289486599999999896e+02 -1.084863530000000035e-05
2.292495120000000099e+02 -1.081822799999999911e-05
2.295503640000000019e+02 -1.078887659999999998e-05
2.298512169999999912e+02 -1.076142559999999969e-05
2.301520690000000116e+02 -1.073693080000000041e-05
2.304529210000000035e+02 -1.071637779999999952e-05
2.307537739999999928e+02 -1.070054070000000097e-05
2.310546260000000132e+02 -1.069047530000000015e-05
2.313554790000000025e+02 -1.068702630000000045e-05
2.316563309999999944e+02 -1.069110879999999975e-05
2.319571829999999864e+02 -1.070356729999999986e-05
2.322580360000000042e+02 -1.072517619999999946e-05
2.325588879999999961e+02 -1.075670960000000080e-05
2.328597399999999880e+02 -1.079901230000000043e-05
2.331605930000000058e+02 -1.085271770000000140e-05
2.334614449999999977e+02 -1.091852970000000117e-05
2.337622979999999870e+02 -1.099708180000000103e-05
2.340631500000000074e+02 -1.108893710000000100e-05
2.343640019999999993e+02 -1.119465870000000111e-05
2.346648549999999886e+02 -1.131466879999999891e-05
2.349657070000000090e+02 -1.144938990000000023e-05
2.352665590000000009e+02 -1.159931459999999881e-05
2.355674119999999903e+02 -1.176465400000000020e-05
2.358682640000000106e+02 -1.194568990000000088e-05
2.361691170000000000e+02 -1.214256280000000016e-05
2.364699689999999919e+02 -1.235555439999999967e-05
2.367708210000000122e+02 -1.258459429999999983e-05
2.370716740000000016e+02 -1.282975280000000027e-05
2.373725259999999935e+02 -1.309095969999999961e-05
2.376733780000000138e+02 -1.336814440000000009e-05
2.379742310000000032e+02 -1.366109579999999954e-05
2.382750829999999951e+02 -1.396953249999999956e-05
2.385759360000000129e+02 -1.429324310000000156e-05
2.388767880000000048e+02 -1.463187580000000077e-05
2.391776399999999967e+02 -1.498486750000000057e-05
2.394784929999999861e+02 -1.535186629999999965e-05
2.397793450000000064e+02 -1.573223860000000186e-05
2.400801979999999958e+02 -1.612542140000000035e-05
2.403810499999999877e+02 -1.653078120000000230e-05
2.406819020000000080e+02 -1.694754369999999880e-05
2.409827549999999974e+02 -1.737500499999999917e-05
2.412836069999999893e+02 -1.781225020000000201e-05
2.415844590000000096e+02 -1.825857530000000144e-05
2.418853119999999990e+02 -1.871292450000000207e-05
2.421861639999999909e+02 -1.917445330000000039e-05
2.424870170000000087e+02 -1.964210570000000114e-05
2.427878690000000006e+02 -2.011482600000000039e-05
2.430887209999999925e+02 -2.059162869999999900e-05
2.433895740000000103e+02 -2.107138779999999679e-05
2.436904260000000022e+02 -2.155297679999999900e-05
2.439912779999999941e+02 -2.203534020000000158e-05
2.442921310000000119e+02 -2.251714040000000081e-05
2.445929830000000038e+02 -2.299739219999999906e-05
2.448938359999999932e+02 -2.347475799999999938e-05
2.451946880000000135e+02 -2.394811179999999822e-05
2.454955400000000054e+02 -2.441625689999999942e-05
2.457963929999999948e+02 -2.487792639999999864e-05
2.460972449999999867e+02 -2.533199410000000262e-05
2.463980970000000070e+02 -2.577726339999999989e-05
2.466989499999999964e+02 -2.621246739999999966e-05
2.469998019999999883e+02 -2.663647979999999687e-05
2.473006550000000061e+02 -2.704817440000000165e-05
2.476015069999999980e+02 -2.744642500000000040e-05
2.479023589999999899e+02 -2.783017589999999935e-05
2.482032120000000077e+02 -2.819823050000000060e-05
2.485040639999999996e+02 -2.854960329999999821e-05
2.488049159999999915e+02 -2.888330889999999806e-05
2.491057690000000093e+02 -2.919843230000000053e-05
2.494066210000000012e+02 -2.949398810000000132e-05
2.497074739999999906e+02 -2.976913160000000042e-05
2.500083260000000109e+02 -3.002301809999999784e-05
2.503091780000000028e+02 -3.025494390000000276e-05
2.506100309999999922e+02 -3.046420500000000253e-05
2.509108830000000125e+02 -3.065002709999999840e-05
2.512117360000000019e+02 -3.081191770000000336e-05
2.515125879999999938e+02 -3.094938379999999850e-05
2.518134400000000142e+02 -3.106186250000000232e-05
2.521142930000000035e+02 -3.114907230000000122e-05
2.524151449999999954e+02 -3.121059059999999790e-05
2.527159969999999873e+02 -3.124620659999999847e-05
2.530168500000000051e+02 -3.125577919999999890e-05
2.533177019999999970e+02 -3.123909750000000029e-05
2.536185549999999864e+02 -3.119623169999999725e-05
2.539194070000000067e+02 -3.112711139999999868e-05
2.542202589999999987e+02 -3.103194800000000147e-05
2.545211119999999880e+02 -3.091081159999999522e-05
2.548219640000000084e+02 -3.076412479999999757e-05
2.551228160000000003e+02 -3.059202809999999597e-05
2.554236689999999896e+02 -3.039508480000000220e-05
2.557245210000000100e+02 -3.017371709999999685e-05
2.560253739999999993e+02 -2.992848820000000023e-05
2.563262260000000197e+02 -2.965996110000000224e-05
2.566270779999999831e+02 -2.936883970000000036e-05
2.569279310000000009e+02 -2.905589830000000011e-05
2.572287830000000213e+02 -2.872198149999999984e-05
2.575296349999999848e+02 -2.836793399999999957e-05
2.578304880000000026e+02 -2.799467080000000231e-05
2.581313400000000229e+02 -2.760324770000000008e-05
2.584321929999999838e+02 -2.719457969999999926e-05
2.587330450000000042e+02 -2.676993379999999907e-05
2.590338970000000245e+02 -2.633036589999999990e-05
2.593347499999999854e+02 -2.587714290000000270e-05
2.596356020000000058e+02 -2.541139089999999910e-05
2.599364540000000261e+02 -2.493437700000000008e-05
2.602373069999999871e+02 -2.444750880000000072e-05
2.605381590000000074e+02 -2.395205350000000007e-05
2.608390120000000252e+02 -2.344941860000000173e-05
2.611398639999999887e+02 -2.294087130000000137e-05
2.614407160000000090e+02 -2.242788950000000047e-05
2.617415690000000268e+02 -2.191195150000000027e-05
2.620424209999999903e+02 -2.139432410000000005e-05
2.623432730000000106e+02 -2.087648569999999931e-05
2.626441260000000284e+02 -2.035991409999999787e-05
2.629449779999999919e+02 -1.984601729999999734e-05
2.632458310000000097e+02 -1.933606219999999866e-05
2.635466829999999732e+02 -1.883166770000000231e-05
2.638475349999999935e+02 -1.833403029999999782e-05
2.641483880000000113e+02 -1.784455789999999869e-05
2.644492399999999748e+02 -1.736465810000000000e-05
2.647500929999999926e+02 -1.689545709999999839e-05
2.650509450000000129e+02 -1.643843320000000187e-05
2.653517969999999764e+02 -1.599464199999999918e-05
2.656526499999999942e+02 -1.556528020000000004e-05
2.659535020000000145e+02 -1.515161479999999854e-05
2.662543539999999780e+02 -1.475456069999999947e-05
2.665552069999999958e+02 -1.437531450000000075e-05
2.668560590000000161e+02 -1.401472100000000063e-05
2.671569119999999771e+02 -1.367376550000000006e-05
2.674577639999999974e+02 -1.335322229999999948e-05
2.677586160000000177e+02 -1.305400639999999852e-05
2.680594689999999787e+02 -1.277675130000000017e-05
2.683603209999999990e+02 -1.252209050000000062e-05
2.686611730000000193e+02 -1.229065740000000123e-05
2.689620259999999803e+02 -1.208294490000000064e-05
2.692628780000000006e+02 -1.189930470000000026e-05
2.695637310000000184e+02 -1.174015930000000086e-05
2.698645829999999819e+02 -1.160571979999999952e-05
2.701654350000000022e+02 -1.149619729999999840e-05
2.704662880000000200e+02 -1.141173269999999997e-05
2.707671399999999835e+02 -1.135225559999999959e-05
2.710679920000000038e+02 -1.131776580000000075e-05
2.713688450000000216e+02 -1.130812280000000075e-05
2.716696969999999851e+02 -1.132311530000000093e-05
2.719705500000000029e+02 -1.136246169999999961e-05
2.722714020000000232e+02 -1.142566939999999968e-05
2.725722539999999867e+02 -1.151231600000000032e-05
2.728731070000000045e+02 -1.162190880000000107e-05
2.731739590000000248e+02 -1.175381439999999889e-05
2.734748109999999883e+02 -1.190725850000000013e-05
2.737756640000000061e+02 -1.208160749999999849e-05
2.740765160000000265e+02 -1.227587609999999977e-05
2.743773689999999874e+02 -1.248929010000000009e-05
2.746782210000000077e+02 -1.272079350000000081e-05
2.749790730000000281e+02 -1.296940100000000095e-05
2.752799259999999890e+02 -1.323391599999999921e-05
2.755807780000000093e+02 -1.351328280000000015e-05
2.758816299999999728e+02 -1.380630460000000087e-05
2.761824829999999906e+02 -1.411164420000000080e-05
2.764833350000000110e+02 -1.442803449999999912e-05
2.767841879999999719e+02 -1.475413830000000035e-05
2.770850399999999922e+02 -1.508861820000000064e-05
2.773858920000000126e+02 -1.542999610000000033e-05
2.776867449999999735e+02 -1.577686410000000115e-05
2.779875969999999938e+02 -1.612774419999999832e-05
2.782884500000000116e+02 -1.648115820000000238e-05
2.785893019999999751e+02 -1.683562799999999845e-05
2.788901539999999954e+02 -1.718953480000000121e-05
2.791910070000000132e+02 -1.754147070000000054e-05
2.794918589999999767e+02 -1.788981680000000272e-05
2.797927109999999971e+02 -1.823309510000000125e-05
2.800935640000000149e+02 -1.856982739999999993e-05
2.803944159999999783e+02 -1.889846509999999790e-05
2.806952689999999961e+02 -1.921760060000000009e-05
2.809961210000000165e+02 -1.952561490000000099e-05
2.812969729999999799e+02 -1.982124100000000140e-05
2.815978259999999977e+02 -2.010293050000000036e-05
2.818986780000000181e+02 -2.036941639999999867e-05
2.821995299999999816e+02 -2.061936129999999927e-05
2.825003829999999994e+02 -2.085142779999999831e-05
2.828012350000000197e+02 -2.106434900000000163e-05
2.831020879999999806e+02 -2.125699870000000242e-05
2.834029400000000010e+02 -2.142818040000000099e-05
2.837037920000000213e+02 -2.157683810000000208e-05
2.840046449999999822e+02 -2.170198649999999964e-05
2.843054970000000026e+02 -2.180271060000000082e-05
2.846063490000000229e+02 -2.187795440000000018e-05
2.849072019999999839e+02 -2.192708469999999965e-05
2.852080540000000042e+02 -2.194932699999999721e-05
2.855089070000000220e+02 -2.194390720000000079e-05
2.858097589999999855e+02 -2.191033259999999977e-05
2.861106110000000058e+02 -2.184811029999999722e-05
2.864114640000000236e+02 -2.175674770000000108e-05
2.867123159999999871e+02 -2.163596329999999777e-05
2.870131680000000074e+02 -2.148540509999999790e-05
2.873140210000000252e+02 -2.130500279999999845e-05
2.876148729999999887e+02 -2.109461549999999864e-05
2.879157260000000065e+02 -2.085424330000000011e-05
2.882165780000000268e+02 -2.058395649999999910e-05
2.885174299999999903e+02 -2.028396640000000104e-05
2.888182830000000081e+02 -1.995448399999999968e-05
2.891191350000000284e+02 -1.959586129999999797e-05
2.894199869999999919e+02 -1.920845029999999884e-05
2.897208400000000097e+02 -1.879288429999999863e-05
2.900216919999999732e+02 -1.834958590000000141e-05
2.903225449999999910e+02 -1.787932910000000102e-05
2.906233970000000113e+02 -1.738288839999999947e-05
2.909242489999999748e+02 -1.686089700000000161e-05
2.912251019999999926e+02 -1.631441099999999758e-05
2.915259540000000129e+02 -1.574434520000000067e-05
2.918268069999999739e+02 -1.515161479999999854e-05
2.921276589999999942e+02 -1.453741619999999940e-05
2.924285110000000145e+02 -1.390287579999999979e-05
2.927293639999999755e+02 -1.324911969999999980e-05
2.930302159999999958e+02 -1.257748519999999996e-05
2.933310680000000161e+02 -1.188930969999999901e-05
2.936319209999999771e+02 -1.118578989999999991e-05
2.939327729999999974e+02 -1.046840369999999903e-05
2.942336260000000152e+02 -9.738629450000000129e-06
2.945344779999999787e+02 -8.997804379999999858e-06
2.948353299999999990e+02 -8.247547429999999702e-06
2.951361830000000168e+02 -7.489195950000000146e-06
2.954370349999999803e+02 -6.724474429999999521e-06
2.957378870000000006e+02 -5.954797659999999703e-06
2.960387400000000184e+02 -5.181749340000000552e-06
2.963395919999999819e+02 -4.406885030000000226e-06
2.966404449999999997e+02 -3.631767329999999971e-06
2.969412970000000200e+02 -2.857944750000000112e-06
2.972421489999999835e+02 -2.086958770000000244e-06
2.975430020000000013e+02 -1.320336799999999962e-06
2.978438540000000216e+02 -5.595928620000000555e-07
2.981447059999999851e+02 1.937949110000000172e-07
2.984455590000000029e+02 9.383666900000000676e-07
2.987464110000000233e+02 1.672695020000000030e-06
2.990472639999999842e+02 2.395395389999999975e-06
2.993481160000000045e+02 3.105123409999999718e-06
2.996489680000000249e+02 3.800576900000000570e-06
2.999498209999999858e+02 4.480495939999999803e-06
3.002506730000000061e+02 5.143690990000000121e-06
3.005515250000000265e+02 5.789021769999999955e-06
3.008523779999999874e+02 6.415397289999999719e-06
3.011532300000000077e+02 7.021803960000000228e-06
3.014540830000000255e+02 7.607305640000000970e-06
3.017549349999999890e+02 8.170966180000000765e-06
3.020557870000000094e+02 8.712032430000000728e-06
3.023566400000000272e+02 9.229800530000000145e-06
3.026574919999999906e+02 9.723496209999999754e-06
3.029583440000000110e+02 1.019269709999999991e-05
3.032591969999999719e+02 1.063676990000000088e-05
3.035600489999999922e+02 1.105529199999999878e-05
3.038609020000000100e+02 1.144805249999999977e-05
3.041617539999999735e+02 1.181476969999999887e-05
3.044626059999999939e+02 1.215523250000000069e-05
3.047634590000000117e+02 1.246937049999999886e-05
3.050643109999999751e+02 1.275725409999999975e-05
3.053651639999999929e+02 1.301888320000000003e-05
3.056660160000000133e+02 1.325460989999999918e-05
3.059668679999999767e+02 1.346450439999999860e-05
3.062677209999999945e+02 1.364905960000000031e-05
3.065685730000000149e+02 1.380862740000000052e-05
3.068694249999999784e+02 1.394384109999999897e-05
3.071702779999999962e+02 1.405519369999999930e-05
3.074711300000000165e+02 1.414345920000000042e-05
3.077719829999999774e+02 1.420934159999999976e-05
3.080728349999999978e+02 1.425368550000000077e-05
3.083736870000000181e+02 1.427740599999999962e-05
3.086745399999999790e+02 1.428148840000000067e-05
3.089753919999999994e+02 1.426698869999999919e-05
3.092762440000000197e+02 1.423510329999999999e-05
3.095770969999999807e+02 1.418681770000000053e-05
3.098779490000000010e+02 1.412353960000000089e-05
3.101788020000000188e+02 1.404653599999999856e-05
3.104796539999999823e+02 1.395714430000000078e-05
3.107805060000000026e+02 1.385670180000000127e-05
3.110813590000000204e+02 1.374668659999999970e-05
3.113822109999999839e+02 1.362864729999999862e-05
3.116830630000000042e+02 1.350399159999999982e-05
3.119839160000000220e+02 1.337433850000000033e-05
3.122847679999999855e+02 1.324130669999999907e-05
3.125856210000000033e+02 1.310637450000000067e-05
3.128864730000000236e+02 1.297130149999999973e-05
3.131873249999999871e+02 1.283770660000000015e-05
3.134881780000000049e+02 1.270727920000000023e-05
3.137890300000000252e+02 1.258156769999999925e-05
3.140898819999999887e+02 1.246240219999999983e-05
3.143907350000000065e+02 1.235133120000000117e-05
3.146915870000000268e+02 1.225011440000000124e-05
3.149924399999999878e+02 1.216037080000000045e-05
3.152932920000000081e+02 1.208371910000000113e-05
3.155941439999999716e+02 1.202191920000000108e-05
3.158949969999999894e+02 1.197651949999999961e-05
3.161958490000000097e+02 1.194913879999999895e-05
3.164967009999999732e+02 1.194132589999999985e-05
3.167975539999999910e+02 1.195469939999999959e-05
3.170984060000000113e+02 1.199073770000000105e-05
3.173992589999999723e+02 1.205091870000000060e-05
3.177001109999999926e+02 1.213672069999999948e-05
3.180009630000000129e+02 1.224955129999999952e-05
3.183018159999999739e+02 1.239074800000000112e-05
3.186026679999999942e+02 1.256171849999999929e-05
3.189035210000000120e+02 1.276365930000000046e-05
3.192043729999999755e+02 1.299783739999999875e-05
3.195052249999999958e+02 1.326551990000000007e-05
3.198060780000000136e+02 1.356769200000000034e-05
3.201069299999999771e+02 1.390562090000000033e-05
3.204077819999999974e+02 1.428022150000000142e-05
3.207086350000000152e+02 1.469254960000000071e-05
3.210094869999999787e+02 1.514352019999999952e-05
3.213103399999999965e+02 1.563397810000000118e-05
3.216111920000000168e+02 1.616490859999999987e-05
3.219120439999999803e+02 1.673694519999999858e-05
3.222128969999999981e+02 1.735086219999999944e-05
3.225137490000000184e+02 1.800743379999999953e-05
3.228146009999999819e+02 1.870722319999999883e-05
3.231154539999999997e+02 1.945086370000000044e-05
3.234163060000000200e+02 2.023884820000000130e-05
3.237171589999999810e+02 2.107181009999999937e-05
3.240180110000000013e+02 2.195010129999999934e-05
3.243188630000000217e+02 2.287428499999999778e-05
3.246197159999999826e+02 2.384471300000000116e-05
3.249205680000000029e+02 2.486173740000000048e-05
3.252214200000000233e+02 2.592570999999999881e-05
3.255222729999999842e+02 2.703698279999999909e-05
3.258231250000000045e+02 2.819583729999999798e-05
3.261239780000000223e+02 2.940255519999999877e-05
3.264248299999999858e+02 3.065748819999999952e-05
3.267256820000000062e+02 3.196084759999999887e-05
3.270265350000000240e+02 3.331284460000000062e-05
3.273273869999999874e+02 3.471390140000000233e-05
3.276282390000000078e+02 3.616415879999999974e-05
3.279290920000000256e+02 3.766389850000000295e-05
3.282299439999999890e+02 3.921347219999999983e-05
3.285307970000000068e+02 4.081323209999999658e-05
3.288316490000000272e+02 4.246345950000000353e-05
3.291325009999999907e+02 4.416450650000000155e-05
3.294333540000000085e+02 4.591686569999999960e-05
3.297342059999999719e+02 4.772088909999999386e-05
3.300350579999999923e+02 4.957721020000000086e-05
3.303359110000000101e+02 5.148625129999999606e-05
3.306367629999999735e+02 5.344864590000000278e-05
3.309376159999999913e+02 5.546516820000000117e-05
3.312384680000000117e+02 5.753638140000000138e-05
3.315393199999999752e+02 5.966327079999999926e-05
3.318401729999999930e+02 6.184668109999999822e-05
3.321410250000000133e+02 6.408759780000001095e-05
3.324418779999999742e+02 6.638700619999999945e-05
3.327427299999999946e+02 6.874617329999999679e-05
3.330435820000000149e+02 7.116636610000000892e-05
3.333444349999999758e+02 7.364892189999999402e-05
3.336452869999999962e+02 7.619553009999999952e-05
3.339461390000000165e+02 7.880689449999999415e-05
3.342469919999999775e+02 8.148653439999999928e-05
3.345478439999999978e+02 8.423444989999999280e-05
3.348486970000000156e+02 8.705345650000000026e-05
3.351495489999999791e+02 8.994566570000000062e-05
3.354504009999999994e+02 9.291389309999999733e-05
3.357512540000000172e+02 9.595954640000000063e-05
3.360521059999999807e+02 9.908544100000000391e-05
3.363529580000000010e+02 1.022943929999999951e-04
3.366538110000000188e+02 1.055899199999999914e-04
3.369546629999999823e+02 1.089734319999999967e-04
3.372555160000000001e+02 1.124498549999999923e-04
3.375563680000000204e+02 1.160220040000000058e-04
3.378572199999999839e+02 1.196926959999999889e-04
3.381580730000000017e+02 1.234668560000000219e-04
3.384589250000000220e+02 1.273473019999999984e-04
3.387597769999999855e+02 1.313389589999999850e-04
3.390606300000000033e+02 1.354453469999999840e-04
3.393614820000000236e+02 1.396713930000000135e-04
3.396623349999999846e+02 1.440213210000000003e-04
3.399631870000000049e+02 1.485000570000000208e-04
3.402640390000000252e+02 1.531132330000000135e-04
3.405648919999999862e+02 1.578650710000000217e-04
3.408657440000000065e+02 1.627619069999999900e-04
3.411665960000000268e+02 1.678093719999999964e-04
3.414674489999999878e+02 1.730123920000000088e-04
3.417683010000000081e+02 1.783773029999999988e-04
3.420691540000000259e+02 1.839104390000000002e-04
3.423700059999999894e+02 1.896188399999999905e-04
3.426708580000000097e+02 1.955081350000000017e-04
3.429717110000000275e+02 2.015860679999999900e-04
3.432725629999999910e+02 2.078589739999999852e-04
3.435734160000000088e+02 2.143345940000000098e-04
3.438742679999999723e+02 2.210199679999999870e-04
3.441751199999999926e+02 2.279228389999999856e-04
3.444759730000000104e+02 2.350516530000000028e-04
3.447768249999999739e+02 2.424141519999999756e-04
3.450776769999999942e+02 2.500194869999999847e-04
3.453785300000000120e+02 2.578746959999999883e-04
3.456793819999999755e+02 2.659896340000000186e-04
3.459802349999999933e+02 2.743727469999999915e-04
3.462810870000000136e+02 2.830338889999999973e-04
3.465819389999999771e+02 2.919815079999999981e-04
3.468827919999999949e+02 3.012268639999999957e-04
3.471836440000000152e+02 3.107784040000000103e-04
3.474844959999999787e+02 3.206466870000000257e-04
3.477853489999999965e+02 3.308422699999999795e-04
3.480862010000000168e+02 3.413764150000000281e-04
3.483870539999999778e+02 3.522582729999999807e-04
3.486879059999999981e+02 3.635005140000000055e-04
3.489887580000000185e+02 3.751136949999999857e-04
3.492896109999999794e+02 3.871090780000000235e-04
3.495904629999999997e+02 3.994993330000000159e-04
3.498913150000000201e+02 4.122964260000000166e-04
3.501921679999999810e+02 4.255116190000000193e-04
3.504930200000000013e+02 4.391582859999999811e-04
3.507938730000000191e+02 4.532497990000000296e-04
3.510947249999999826e+02 4.677981249999999978e-04
3.513955770000000030e+02 4.828166379999999512e-04
3.516964300000000208e+02 4.983201179999999751e-04
3.519972819999999842e+02 5.143219399999999141e-04
3.522981340000000046e+02 5.308354760000000587e-04
3.525989870000000224e+02 5.478769160000000098e-04
3.528998389999999858e+02 5.654589299999999898e-04
3.532006920000000036e+02 5.835984099999999390e-04
3.535015440000000240e+02 6.023101379999999888e-04
3.538023959999999875e+02 6.216095989999999554e-04
3.541032490000000053e+02 6.415129819999999860e-04
3.544041010000000256e+02 6.620364760000000109e-04
3.547049529999999891e+02 6.831976769999999763e-04
3.550058060000000069e+02 7.050120720000000157e-04
3.553066580000000272e+02 7.275007760000000000e-04
3.556075109999999881e+02 7.506722360000000040e-04
3.559083630000000085e+02 7.745546060000000699e-04
3.562092149999999720e+02 7.991690030000000609e-04
3.565100679999999898e+02 8.245224649999999354e-04
3.568109200000000101e+02 8.506431479999999445e-04
3.571117730000000279e+02 8.775451280000000050e-04
3.574126249999999914e+02 9.052495219999999801e-04
3.577134770000000117e+02 9.337844850000000165e-04
3.580143299999999726e+02 9.631570549999998558e-04
3.583151819999999930e+02 9.934024260000000328e-04
3.586160340000000133e+02 1.024541710000000105e-03
3.589168869999999743e+02 1.056589000000000139e-03
3.592177389999999946e+02 1.089572430000000040e-03
3.595185920000000124e+02 1.123513129999999943e-03
3.598194439999999759e+02 1.158432209999999849e-03
3.601202959999999962e+02 1.194364859999999876e-03
3.604211490000000140e+02 1.231332209999999941e-03
3.607220009999999775e+02 1.269348329999999987e-03
3.610228529999999978e+02 1.308455440000000011e-03
3.613237060000000156e+02 1.348674679999999895e-03
3.616245579999999791e+02 1.390034189999999953e-03
3.619254109999999969e+02 1.432555079999999967e-03
3.622262630000000172e+02 1.476279600000000034e-03
3.625271149999999807e+02 1.521221810000000134e-03
3.628279679999999985e+02 1.567423959999999930e-03
3.631288200000000188e+02 1.614914189999999954e-03
3.634296719999999823e+02 1.663720660000000007e-03
3.637305250000000001e+02 1.713878559999999990e-03
3.640313770000000204e+02 1.765423089999999980e-03
3.643322299999999814e+02 1.818382409999999994e-03
3.646330820000000017e+02 1.872791699999999974e-03
3.649339340000000220e+02 1.928693200000000272e-03
3.652347869999999830e+02 1.986122099999999922e-03
3.655356390000000033e+02 2.045106550000000065e-03
3.658364910000000236e+02 2.105688799999999930e-03
3.661373439999999846e+02 2.167911069999999951e-03
3.664381960000000049e+02 2.231815590000000085e-03
3.667390490000000227e+02 2.297437560000000194e-03
3.670399009999999862e+02 2.364819199999999844e-03
3.673407530000000065e+02 2.434002760000000213e-03
3.676416060000000243e+02 2.505037499999999626e-03
3.679424579999999878e+02 2.577965660000000169e-03
3.682433100000000081e+02 2.652822430000000009e-03
3.685441630000000259e+02 2.729671150000000188e-03
3.688450149999999894e+02 2.808547020000000134e-03
3.691458680000000072e+02 2.889506359999999881e-03
3.694467200000000275e+02 2.972598419999999964e-03
3.697475719999999910e+02 3.057865449999999825e-03
3.700484250000000088e+02 3.145370800000000036e-03
3.703492769999999723e+02 3.235163720000000260e-03
3.706501299999999901e+02 3.327300540000000060e-03
3.709509820000000104e+02 3.421837559999999986e-03
3.712518339999999739e+02 3.518824060000000017e-03
3.715526869999999917e+02 3.618323379999999895e-03
3.718535390000000120e+02 3.720398860000000228e-03
3.721543909999999755e+02 3.825106829999999711e-03
3.724552439999999933e+02 3.932510630000000257e-03
3.727560960000000136e+02 4.042680639999999929e-03
3.730569489999999746e+02 4.155666149999999968e-03
3.733578009999999949e+02 4.271544560000000747e-03
3.736586530000000153e+02 4.390386279999999343e-03
3.739595059999999762e+02 4.512247599999999817e-03
3.742603579999999965e+02 4.637213000000000272e-03
3.745612100000000169e+02 4.765345820000000017e-03
3.748620629999999778e+02 4.896723490000000172e-03
3.751629149999999981e+02 5.031416399999999629e-03
3.754637680000000159e+02 5.169509010000000043e-03
3.757646199999999794e+02 5.311071710000000307e-03
3.760654719999999998e+02 5.456188950000000377e-03
3.763663250000000176e+02 5.604938180000000429e-03
3.766671769999999810e+02 5.757403850000000420e-03
3.769680290000000014e+02 5.913677469999999853e-03
3.772688820000000192e+02 6.073836459999999889e-03
3.775697339999999826e+02 6.237965290000000405e-03
3.778705870000000004e+02 6.406162489999999744e-03
3.781714390000000208e+02 6.578519579999999971e-03
3.784722909999999843e+02 6.755128049999999801e-03
3.787731440000000021e+02 6.936079409999999605e-03
3.790739960000000224e+02 7.121493320000000030e-03
3.793748479999999859e+02 7.311397939999999575e-03
3.796757010000000037e+02 7.506018489999999495e-03
3.799765530000000240e+02 7.705284589999999989e-03
3.802774059999999849e+02 7.909477800000000100e-03
3.805782580000000053e+02 8.118598119999998960e-03
3.808791100000000256e+02 8.332786300000000548e-03
3.811799629999999866e+02 8.552112760000001035e-03
3.814808150000000069e+02 8.776788639999999822e-03
3.817816670000000272e+02 9.006813939999998644e-03
3.820825199999999882e+02 9.242329440000000493e-03
3.823833720000000085e+02 9.483546310000000312e-03
3.826842250000000263e+02 9.730464540000000745e-03
3.829850769999999898e+02 9.983295289999999378e-03
3.832859290000000101e+02 1.024210889999999964e-02
3.835867820000000279e+02 1.050704629999999959e-02
3.838876339999999914e+02 1.077824810000000029e-02
3.841884870000000092e+02 1.105585510000000118e-02
3.844893389999999727e+02 1.133993779999999986e-02
3.847901909999999930e+02 1.163070719999999975e-02
3.850910440000000108e+02 1.192830419999999989e-02
3.853918959999999743e+02 1.223279920000000000e-02
3.856927479999999946e+02 1.254440320000000005e-02
3.859936010000000124e+02 1.286318680000000068e-02
3.862944529999999759e+02 1.318936089999999881e-02
3.865953059999999937e+02 1.352306659999999959e-02
3.868961580000000140e+02 1.386444440000000021e-02
3.871970099999999775e+02 1.421363519999999971e-02
3.874978629999999953e+02 1.457085009999999937e-02
3.877987150000000156e+02 1.493615960000000027e-02
3.880995669999999791e+02 1.530984509999999861e-02
3.884004199999999969e+02 1.569197710000000065e-02
3.887012720000000172e+02 1.608276680000000208e-02
3.890021249999999782e+02 1.648235480000000142e-02
3.893029769999999985e+02 1.689095239999999915e-02
3.896038290000000188e+02 1.730870030000000032e-02
3.899046819999999798e+02 1.773580970000000062e-02
3.902055340000000001e+02 1.817242139999999950e-02
3.905063860000000204e+02 1.861874649999999826e-02
3.908072389999999814e+02 1.907499619999999951e-02
3.911080910000000017e+02 1.954131119999999791e-02
3.914089440000000195e+02 2.001790279999999742e-02
3.917097959999999830e+02 2.050498209999999932e-02
3.920106480000000033e+02 2.100268989999999961e-02
3.923115010000000211e+02 2.151130760000000142e-02
3.926123529999999846e+02 2.203104659999999965e-02
3.929132050000000049e+02 2.256204749999999801e-02
3.932140580000000227e+02 2.310452139999999779e-02
3.935149099999999862e+02 2.365875010000000056e-02
3.938157630000000040e+02 2.422494459999999933e-02
3.941166150000000243e+02 2.480324559999999914e-02
3.944174669999999878e+02 2.539393489999999809e-02
3.947183200000000056e+02 2.599715300000000201e-02
3.950191720000000259e+02 2.661332240000000016e-02
3.953200239999999894e+02 2.724244299999999813e-02
3.956208770000000072e+02 2.788493719999999773e-02
3.959217290000000276e+02 2.854094570000000053e-02
3.962225819999999885e+02 2.921075009999999847e-02
3.965234340000000088e+02 2.989456149999999979e-02
3.968242859999999723e+02 3.059266159999999776e-02
3.971251389999999901e+02 3.130526139999999929e-02
3.974259910000000104e+02 3.203264249999999980e-02
3.977268440000000282e+02 3.277508649999999468e-02
3.980276959999999917e+02 3.353287489999999538e-02
3.983285480000000121e+02 3.430614839999999999e-02
3.986294009999999730e+02 3.509532950000000123e-02
3.989302529999999933e+02 3.590055879999999588e-02
3.992311050000000137e+02 3.672225879999999748e-02
3.995319579999999746e+02 3.756057009999999585e-02
3.998328099999999949e+02 3.841584470000000001e-02
4.001336630000000127e+02 3.928829379999999871e-02
4.004345149999999762e+02 4.017833970000000282e-02
4.007353669999999966e+02 4.108619349999999976e-02
4.010362200000000144e+02 4.201213689999999668e-02
4.013370719999999778e+02 4.295645130000000367e-02
4.016379239999999982e+02 4.391955909999999824e-02
4.019387770000000160e+02 4.490167139999999557e-02
4.022396289999999794e+02 4.590306980000000148e-02
4.025404819999999972e+02 4.692417659999999907e-02
4.028413340000000176e+02 4.796520299999999792e-02
4.031421859999999810e+02 4.902650089999999877e-02
4.034430389999999989e+02 5.010849269999999994e-02
4.037438910000000192e+02 5.121131899999999820e-02
4.040447429999999827e+02 5.233547269999999640e-02
4.043455960000000005e+02 5.348123519999999770e-02
4.046464480000000208e+02 5.464888810000000097e-02
4.049473009999999817e+02 5.583892420000000079e-02
4.052481530000000021e+02 5.705148410000000087e-02
4.055490050000000224e+02 5.828706069999999712e-02
4.058498579999999833e+02 5.954593539999999963e-02
4.061507100000000037e+02 6.082853059999999978e-02
4.064515620000000240e+02 6.213519820000000526e-02
4.067524149999999850e+02 6.346621980000000107e-02
4.070532670000000053e+02 6.482201760000000368e-02
4.073541200000000231e+02 6.620294369999998874e-02
4.076549719999999866e+02 6.760942030000000047e-02
4.079558240000000069e+02 6.904172910000000440e-02
4.082566770000000247e+02 7.050050339999999749e-02
4.085575289999999882e+02 7.198567290000000563e-02
4.088583810000000085e+02 7.349758949999998792e-02
4.091592340000000263e+02 7.503766099999999162e-02
4.094600859999999898e+02 7.660518350000000698e-02
4.097609390000000076e+02 7.820086090000000212e-02
4.100617910000000279e+02 7.982539700000000626e-02
4.103626429999999914e+02 8.147879180000000554e-02
4.106634960000000092e+02 8.316104540000000822e-02
4.109643479999999727e+02 8.487356549999999777e-02
4.112652009999999905e+02 8.661635210000000196e-02
4.115660530000000108e+02 8.839010899999999449e-02
4.118669049999999743e+02 9.019413249999999604e-02
4.121677579999999921e+02 9.203053400000001105e-02
4.124686100000000124e+02 9.389790590000000881e-02
4.127694619999999759e+02 9.579835970000000200e-02
4.130703149999999937e+02 9.773119169999999745e-02
4.133711670000000140e+02 9.969710559999998833e-02
4.136720199999999750e+02 1.016968050000000012e-01
4.139728719999999953e+02 1.037309950000000064e-01
4.142737240000000156e+02 1.057989700000000061e-01
4.145745769999999766e+02 1.079021389999999941e-01
4.148754289999999969e+02 1.100405019999999984e-01
4.151762810000000172e+02 1.122147619999999957e-01
4.154771339999999782e+02 1.144249189999999999e-01
4.157779859999999985e+02 1.166723820000000050e-01
4.160788390000000163e+02 1.189564459999999935e-01
4.163796909999999798e+02 1.212785190000000013e-01
4.166805430000000001e+02 1.236386010000000146e-01
4.169813960000000179e+02 1.260366920000000057e-01
4.172822479999999814e+02 1.284741999999999829e-01
4.175831000000000017e+02 1.309511250000000016e-01
4.178839530000000195e+02 1.334674669999999785e-01
4.181848049999999830e+02 1.360246329999999781e-01
4.184856580000000008e+02 1.386219200000000096e-01
4.187865100000000211e+02 1.412614390000000164e-01
4.190873619999999846e+02 1.439417830000000176e-01
4.193882150000000024e+02 1.466650629999999844e-01
4.196890670000000227e+02 1.494305749999999822e-01
4.199899189999999862e+02 1.522390240000000006e-01
4.202907720000000040e+02 1.550911120000000032e-01
4.205916240000000244e+02 1.579875450000000070e-01
4.208924769999999853e+02 1.609283210000000131e-01
4.211933290000000056e+02 1.639134420000000203e-01
4.214941810000000260e+02 1.669450170000000011e-01
4.217950339999999869e+02 1.700216410000000011e-01
4.220958860000000072e+02 1.731454239999999922e-01
4.223967380000000276e+02 1.763156630000000114e-01
4.226975909999999885e+02 1.795330609999999938e-01
4.229984430000000089e+02 1.827990259999999756e-01
4.232992960000000267e+02 1.861121500000000040e-01
4.236001479999999901e+02 1.894745460000000215e-01
4.239010000000000105e+02 1.928862130000000008e-01
4.242018530000000283e+02 1.963471499999999981e-01
4.245027049999999917e+02 1.998587669999999927e-01
4.248035580000000095e+02 2.034203579999999956e-01
4.251044099999999730e+02 2.070333319999999866e-01
4.254052619999999933e+02 2.106976879999999941e-01
4.257061150000000112e+02 2.144141320000000073e-01
4.260069669999999746e+02 2.181826610000000000e-01
4.263078189999999950e+02 2.220039810000000169e-01
4.266086720000000128e+02 2.258787949999999933e-01
4.269095239999999762e+02 2.298071039999999843e-01
4.272103769999999940e+02 2.337903139999999991e-01
4.275112290000000144e+02 2.378277230000000186e-01
4.278120809999999778e+02 2.419200339999999783e-01
4.281129339999999956e+02 2.460679499999999797e-01
4.284137860000000160e+02 2.502714730000000221e-01
4.287146379999999795e+02 2.545313049999999855e-01
4.290154909999999973e+02 2.588481509999999708e-01
4.293163430000000176e+02 2.632227139999999688e-01
4.296171959999999785e+02 2.676542909999999886e-01
4.299180479999999989e+02 2.721435850000000212e-01
4.302189000000000192e+02 2.766920050000000186e-01
4.305197529999999801e+02 2.812988459999999913e-01
4.308206050000000005e+02 2.859648120000000127e-01
4.311214570000000208e+02 2.906906069999999898e-01
4.314223099999999818e+02 2.954769349999999961e-01
4.317231620000000021e+02 3.003230930000000409e-01
4.320240150000000199e+02 3.052297829999999768e-01
4.323248669999999834e+02 3.101977100000000154e-01
4.326257190000000037e+02 3.152275779999999528e-01
4.329265720000000215e+02 3.203186829999999929e-01
4.332274239999999850e+02 3.254717280000000157e-01
4.335282760000000053e+02 3.306881219999999733e-01
4.338291290000000231e+02 3.359671600000000424e-01
4.341299809999999866e+02 3.413088440000000001e-01
4.344308340000000044e+02 3.467145789999999672e-01
4.347316860000000247e+02 3.521836629999999801e-01
4.350325379999999882e+02 3.577175029999999922e-01
4.353333910000000060e+02 3.633153949999999854e-01
4.356342430000000263e+02 3.689780440000000050e-01
4.359350959999999873e+02 3.747054490000000238e-01
4.362359480000000076e+02 3.804983140000000041e-01
4.365368000000000279e+02 3.863566390000000017e-01
4.368376529999999889e+02 3.922804240000000164e-01
4.371385050000000092e+02 3.982710770000000289e-01
4.374393569999999727e+02 4.043271900000000030e-01
4.377402099999999905e+02 4.104494670000000123e-01
4.380410620000000108e+02 4.166393150000000101e-01
4.383419149999999718e+02 4.228953280000000148e-01
4.386427669999999921e+02 4.292182080000000455e-01
4.389436190000000124e+02 4.356086599999999809e-01
4.392444719999999734e+02 4.420666839999999875e-01
4.395453239999999937e+02 4.485915759999999919e-01
4.398461760000000140e+02 4.551847430000000028e-01
4.401470289999999750e+02 4.618447780000000114e-01
4.404478809999999953e+02 4.685737919999999890e-01
4.407487340000000131e+02 4.753696740000000198e-01
4.410495859999999766e+02 4.822345359999999914e-01
4.413504379999999969e+02 4.891669690000000070e-01
4.416512910000000147e+02 4.961683819999999634e-01
4.419521429999999782e+02 5.032373669999999910e-01
4.422529949999999985e+02 5.103746269999999141e-01
4.425538480000000163e+02 5.175801620000000103e-01
4.428546999999999798e+02 5.248539730000000292e-01
4.431555529999999976e+02 5.321960599999999708e-01
4.434564050000000179e+02 5.396071260000000480e-01
4.437572569999999814e+02 5.470857639999999744e-01
4.440581099999999992e+02 5.546326780000000456e-01
4.443589620000000195e+02 5.622471629999999942e-01
4.446598139999999830e+02 5.699299240000000877e-01
4.449606670000000008e+02 5.776809600000000211e-01
4.452615190000000212e+02 5.854995679999999147e-01
4.455623719999999821e+02 5.933850440000000281e-01
4.458632240000000024e+02 6.013387949999999815e-01
4.461640760000000228e+02 6.093594140000000436e-01
4.464649289999999837e+02 6.174476049999999550e-01
4.467657810000000040e+02 6.256019600000000125e-01
4.470666330000000244e+02 6.338231819999999850e-01
4.473674859999999853e+02 6.421105689999999644e-01
4.476683380000000056e+02 6.504641190000000073e-01
4.479691910000000235e+02 6.588838340000000571e-01
4.482700429999999869e+02 6.673690079999999858e-01
4.485708950000000073e+02 6.759189389999999964e-01
4.488717480000000251e+02 6.845343299999999687e-01
4.491725999999999885e+02 6.932130690000000151e-01
4.494734530000000063e+02 7.019565650000000323e-01
4.497743050000000267e+02 7.107627049999999391e-01
4.500751569999999901e+02 7.196314899999999293e-01
4.503760100000000079e+02 7.285706610000000083e-01
4.506768620000000283e+02 7.375661430000000074e-01
4.509777139999999918e+02 7.466179340000000941e-01
4.512785670000000096e+02 7.557401129999999911e-01
4.515794189999999730e+02 7.649186010000000868e-01
4.518802719999999908e+02 7.741604380000000063e-01
4.521811240000000112e+02 7.834585839999999024e-01
4.524819759999999746e+02 7.928130410000000516e-01
4.527828289999999924e+02 8.022308449999999702e-01
4.530836810000000128e+02 8.117049599999999199e-01
4.533845329999999763e+02 8.212353839999999572e-01
4.536853859999999941e+02 8.308221180000000539e-01
4.539862380000000144e+02 8.404722000000000026e-01
4.542870909999999753e+02 8.501645150000000095e-01
4.545879429999999957e+02 8.599201779999999795e-01
4.548887950000000160e+02 8.697251120000000224e-01
4.551896479999999769e+02 8.795863560000000136e-01
4.554904999999999973e+02 8.894968710000000778e-01
4.557913520000000176e+02 8.994566569999999928e-01
4.560922049999999786e+02 9.094727529999999671e-01
4.563930569999999989e+02 9.195310810000000279e-01
4.566939100000000167e+02 9.296386799999999395e-01
4.569947619999999802e+02 9.397955499999999240e-01
4.572956140000000005e+02 9.500016909999999815e-01
4.575964670000000183e+02 9.602500640000000143e-01
4.578973189999999818e+02 9.705406699999999942e-01
4.581981710000000021e+02 9.808735080000000606e-01
4.584990240000000199e+02 9.912556170000000888e-01
4.587998759999999834e+02 1.001672919999999856e+00
4.591007290000000012e+02 1.012132449999999961e+00
4.594015810000000215e+02 1.022627179999999969e+00
4.597024329999999850e+02 1.033164140000000009e+00
4.600032860000000028e+02 1.043736300000000172e+00
4.603041380000000231e+02 1.054343649999999855e+00
4.606049899999999866e+02 1.064986190000000166e+00
4.609058430000000044e+02 1.075663919999999996e+00
4.612066950000000247e+02 1.086369810000000102e+00
4.615075479999999857e+02 1.097103859999999820e+00
4.618084000000000060e+02 1.107866060000000097e+00
4.621092520000000263e+02 1.118663449999999893e+00
4.624101049999999873e+02 1.129481959999999896e+00
4.627109570000000076e+02 1.140321589999999885e+00
4.630118100000000254e+02 1.151189369999999990e+00
4.633126619999999889e+02 1.162078259999999919e+00
4.636135140000000092e+02 1.172988279999999994e+00
4.639143670000000270e+02 1.183919409999999894e+00
4.642152189999999905e+02 1.194864609999999994e+00
4.645160710000000108e+02 1.205823899999999949e+00
4.648169239999999718e+02 1.216804299999999950e+00
4.651177759999999921e+02 1.227791740000000020e+00
4.654186290000000099e+02 1.238793250000000068e+00
4.657194809999999734e+02 1.249801810000000124e+00
4.660203329999999937e+02 1.260817399999999866e+00
4.663211860000000115e+02 1.271840030000000121e+00
4.666220379999999750e+02 1.282869700000000002e+00
4.669228899999999953e+02 1.293899380000000043e+00
4.672237430000000131e+02 1.304936079999999832e+00
4.675245949999999766e+02 1.315965760000000095e+00
4.678254479999999944e+02 1.326995430000000198e+00
4.681263000000000147e+02 1.338018060000000009e+00
4.684271519999999782e+02 1.349040690000000042e+00
4.687280049999999960e+02 1.360049249999999876e+00
4.690288570000000163e+02 1.371050759999999924e+00
4.693297089999999798e+02 1.382045240000000064e+00
4.696305619999999976e+02 1.393018599999999996e+00
4.699314140000000179e+02 1.403977889999999951e+00
4.702322669999999789e+02 1.414923090000000050e+00
4.705331189999999992e+02 1.425847179999999881e+00
4.708339710000000196e+02 1.436750160000000109e+00
4.711348239999999805e+02 1.447632010000000191e+00
4.714356760000000008e+02 1.458485719999999874e+00
4.717365280000000212e+02 1.469318309999999794e+00
4.720373809999999821e+02 1.480115700000000034e+00
4.723382330000000024e+02 1.490884939999999936e+00
4.726390860000000202e+02 1.501618979999999937e+00
4.729399379999999837e+02 1.512317829999999974e+00
4.732407900000000041e+02 1.522974449999999980e+00
4.735416430000000219e+02 1.533602920000000092e+00
4.738424949999999853e+02 1.544182110000000163e+00
4.741433470000000057e+02 1.554719069999999981e+00
4.744442000000000235e+02 1.565213799999999988e+00
4.747450519999999869e+02 1.575652220000000048e+00
4.750459050000000047e+02 1.586048399999999914e+00
4.753467570000000251e+02 1.596388279999999993e+00
4.756476089999999886e+02 1.606678889999999971e+00
4.759484620000000064e+02 1.616913179999999839e+00
4.762493140000000267e+02 1.627084129999999851e+00
4.765501669999999876e+02 1.637198770000000136e+00
4.768510190000000080e+02 1.647243019999999891e+00
4.771518710000000283e+02 1.657230960000000142e+00
4.774527239999999892e+02 1.667148509999999861e+00
4.777535760000000096e+02 1.676995680000000100e+00
4.780544279999999731e+02 1.686772459999999807e+00
4.783552809999999909e+02 1.696471810000000024e+00
4.786561330000000112e+02 1.706100780000000094e+00
4.789569859999999721e+02 1.715652320000000008e+00
4.792578379999999925e+02 1.725119389999999919e+00
4.795586900000000128e+02 1.734502009999999927e+00
4.798595429999999737e+02 1.743807190000000062e+00
4.801603949999999941e+02 1.753020870000000064e+00
4.804612470000000144e+02 1.762143050000000155e+00
4.807620999999999754e+02 1.771173729999999891e+00
4.810629519999999957e+02 1.780119940000000067e+00
4.813638050000000135e+02 1.788960569999999972e+00
4.816646569999999770e+02 1.797709690000000027e+00
4.819655089999999973e+02 1.806353239999999971e+00
4.822663620000000151e+02 1.814898239999999996e+00
4.825672139999999786e+02 1.823344700000000040e+00
4.828680659999999989e+02 1.831678549999999905e+00
4.831689190000000167e+02 1.839899770000000157e+00
4.834697709999999802e+02 1.848015410000000136e+00
4.837706239999999980e+02 1.856025469999999844e+00
4.840714760000000183e+02 1.863908839999999900e+00
4.843723279999999818e+02 1.871679580000000120e+00
4.846731809999999996e+02 1.879337709999999939e+00
4.849740330000000199e+02 1.886869130000000006e+00
4.852748849999999834e+02 1.894273869999999915e+00
4.855757380000000012e+02 1.901558939999999920e+00
4.858765900000000215e+02 1.908717309999999889e+00
4.861774429999999825e+02 1.915748989999999985e+00
4.864782950000000028e+02 1.922646939999999915e+00
4.867791470000000231e+02 1.929411149999999964e+00
4.870799999999999841e+02 1.936041619999999908e+00
4.873808520000000044e+02 1.942538349999999969e+00
4.876817040000000247e+02 1.948894320000000180e+00
4.879825569999999857e+02 1.955116539999999903e+00
4.882834090000000060e+02 1.961190959999999928e+00
4.885842620000000238e+02 1.967117559999999932e+00
4.888851139999999873e+02 1.972903379999999984e+00
4.891859660000000076e+02 1.978548440000000186e+00
4.894868190000000254e+02 1.984038640000000076e+00
4.897876709999999889e+02 1.989373980000000097e+00
4.900885240000000067e+02 1.994561519999999755e+00
4.903893760000000270e+02 1.999594199999999988e+00
4.906902279999999905e+02 2.004479069999999918e+00
4.909910810000000083e+02 2.009202050000000295e+00
4.912919329999999718e+02 2.013763140000000007e+00
4.915927849999999921e+02 2.018169379999999791e+00
4.918936380000000099e+02 2.022413729999999799e+00
4.921944899999999734e+02 2.026496180000000091e+00
4.924953429999999912e+02 2.030409710000000256e+00
4.927961950000000115e+02 2.034161349999999757e+00
4.930970469999999750e+02 2.037751089999999987e+00
4.933978999999999928e+02 2.041164869999999798e+00
4.936987520000000131e+02 2.044416759999999833e+00
4.939996039999999766e+02 2.047499720000000245e+00
4.943004569999999944e+02 2.050406709999999855e+00
4.946013090000000147e+02 2.053144770000000285e+00
4.949021619999999757e+02 2.055706859999999914e+00
4.952030139999999960e+02 2.058092990000000011e+00
4.955038660000000164e+02 2.060310179999999658e+00
4.958047189999999773e+02 2.062351410000000218e+00
4.961055709999999976e+02 2.064209630000000129e+00
4.964064230000000180e+02 2.065898929999999911e+00
4.967072759999999789e+02 2.067405209999999993e+00
4.970081279999999992e+02 2.068728489999999809e+00
4.973089810000000170e+02 2.069875800000000154e+00
4.976098329999999805e+02 2.070847150000000081e+00
4.979106850000000009e+02 2.071635479999999863e+00
4.982115380000000187e+02 2.072240810000000266e+00
4.985123899999999821e+02 2.072663130000000020e+00
4.988132420000000025e+02 2.072909490000000243e+00
4.991140950000000203e+02 2.072972839999999817e+00
4.994149469999999837e+02 2.072846140000000226e+00
4.997158000000000015e+02 2.072543479999999771e+00
5.000166520000000219e+02 2.072057799999999617e+00
5.003175039999999854e+02 2.071389129999999579e+00
5.006183570000000032e+02 2.070537439999999840e+00
5.009192090000000235e+02 2.069502749999999835e+00
5.012200609999999870e+02 2.068285049999999625e+00
5.015209140000000048e+02 2.066877310000000190e+00
5.018217660000000251e+02 2.065293599999999952e+00
5.021226189999999860e+02 2.063533919999999799e+00
5.024234710000000064e+02 2.061584190000000039e+00
5.027243230000000267e+02 2.059451460000000012e+00
5.030251759999999877e+02 2.057142760000000070e+00
5.033260280000000080e+02 2.054651059999999863e+00
5.036268810000000258e+02 2.051976339999999954e+00
5.039277329999999893e+02 2.049125660000000071e+00
5.042285850000000096e+02 2.046099009999999829e+00
5.045294380000000274e+02 2.042889359999999765e+00
5.048302899999999909e+02 2.039503729999999848e+00
5.051311420000000112e+02 2.035942139999999956e+00
5.054319949999999722e+02 2.032197539999999858e+00
5.057328469999999925e+02 2.028291059999999923e+00
5.060337000000000103e+02 2.024201560000000288e+00
5.063345519999999738e+02 2.019943140000000081e+00
5.066354039999999941e+02 2.015508740000000021e+00
5.069362570000000119e+02 2.010912460000000124e+00
5.072371089999999754e+02 2.006140209999999868e+00
5.075379609999999957e+02 2.001199029999999990e+00
5.078388140000000135e+02 1.996095959999999891e+00
5.081396659999999770e+02 1.990823960000000170e+00
5.084405189999999948e+02 1.985397109999999854e+00
5.087413710000000151e+02 1.979801330000000137e+00
5.090422229999999786e+02 1.974043659999999978e+00
5.093430759999999964e+02 1.968131129999999951e+00
5.096439280000000167e+02 1.962063759999999935e+00
5.099447799999999802e+02 1.955834489999999759e+00
5.102456329999999980e+02 1.949457409999999946e+00
5.105464850000000183e+02 1.942925479999999983e+00
5.108473379999999793e+02 1.936245739999999937e+00
5.111481899999999996e+02 1.929425219999999941e+00
5.114490420000000199e+02 1.922449850000000016e+00
5.117498949999999809e+02 1.915333709999999856e+00
5.120507470000000012e+02 1.908083830000000036e+00
5.123515989999999647e+02 1.900686140000000135e+00
5.126524520000000393e+02 1.893154709999999907e+00
5.129533040000000028e+02 1.885489549999999959e+00
5.132541569999999638e+02 1.877697680000000036e+00
5.135550090000000409e+02 1.869772090000000109e+00
5.138558610000000044e+02 1.861719789999999985e+00
5.141567139999999654e+02 1.853540799999999988e+00
5.144575660000000425e+02 1.845242159999999965e+00
5.147584180000000060e+02 1.836823850000000036e+00
5.150592709999999670e+02 1.828292919999999988e+00
5.153601230000000442e+02 1.819649379999999983e+00
5.156609760000000051e+02 1.810886170000000073e+00
5.159618279999999686e+02 1.802024429999999899e+00
5.162626800000000458e+02 1.793057099999999959e+00
5.165635330000000067e+02 1.783984189999999970e+00
5.168643849999999702e+02 1.774812740000000000e+00
5.171652380000000448e+02 1.765542750000000050e+00
5.174660900000000083e+02 1.756181259999999966e+00
5.177669419999999718e+02 1.746728260000000033e+00
5.180677950000000465e+02 1.737190800000000035e+00
5.183686470000000099e+02 1.727568870000000034e+00
5.186694989999999734e+02 1.717869520000000039e+00
5.189703520000000481e+02 1.708085700000000040e+00
5.192712040000000115e+02 1.698231489999999955e+00
5.195720569999999725e+02 1.688306899999999944e+00
5.198729090000000497e+02 1.678311920000000068e+00
5.201737610000000132e+02 1.668253589999999953e+00
5.204746139999999741e+02 1.658138950000000111e+00
5.207754660000000513e+02 1.647960969999999969e+00
5.210763180000000148e+02 1.637726670000000162e+00
5.213771709999999757e+02 1.627443100000000031e+00
5.216780230000000529e+02 1.617117310000000030e+00
5.219788760000000138e+02 1.606742240000000210e+00
5.222797279999999773e+02 1.596324929999999975e+00
5.225805800000000545e+02 1.585879480000000008e+00
5.228814330000000155e+02 1.575391790000000070e+00
5.231822849999999789e+02 1.564875940000000076e+00
5.234831370000000561e+02 1.554331940000000190e+00
5.237839900000000171e+02 1.543766830000000034e+00
5.240848419999999805e+02 1.533187630000000024e+00
5.243856950000000552e+02 1.522587319999999966e+00
5.246865470000000187e+02 1.511972939999999932e+00
5.249873989999999822e+02 1.501351510000000111e+00
5.252882520000000568e+02 1.490723049999999938e+00
5.255891040000000203e+02 1.480094580000000049e+00
5.258899559999999838e+02 1.469466119999999876e+00
5.261908089999999447e+02 1.458844690000000055e+00
5.264916610000000219e+02 1.448230310000000021e+00
5.267925139999999828e+02 1.437622960000000116e+00
5.270933659999999463e+02 1.427036729999999976e+00
5.273942180000000235e+02 1.416471610000000103e+00
5.276950709999999845e+02 1.405927609999999994e+00
5.279959229999999479e+02 1.395411769999999940e+00
5.282967760000000226e+02 1.384924080000000002e+00
5.285976279999999861e+02 1.374464539999999957e+00
5.288984799999999495e+02 1.364047240000000105e+00
5.291993330000000242e+02 1.353665129999999994e+00
5.295001849999999877e+02 1.343332289999999984e+00
5.298010369999999511e+02 1.333041689999999946e+00
5.301018900000000258e+02 1.322800350000000069e+00
5.304027419999999893e+02 1.312615330000000080e+00
5.307035949999999502e+02 1.302486610000000100e+00
5.310044470000000274e+02 1.292414210000000008e+00
5.313052989999999909e+02 1.282405149999999994e+00
5.316061519999999518e+02 1.272466479999999844e+00
5.319070040000000290e+02 1.262591159999999935e+00
5.322078559999999925e+02 1.252786220000000172e+00
5.325087089999999534e+02 1.243058709999999900e+00
5.328095610000000306e+02 1.233415670000000075e+00
5.331104139999999916e+02 1.223843009999999953e+00
5.334112659999999551e+02 1.214361859999999904e+00
5.337121180000000322e+02 1.204965170000000141e+00
5.340129709999999932e+02 1.195659990000000006e+00
5.343138229999999567e+02 1.186439270000000157e+00
5.346146750000000338e+02 1.177324129999999913e+00
5.349155279999999948e+02 1.168300490000000025e+00
5.352163799999999583e+02 1.159375400000000056e+00
5.355172330000000329e+02 1.150555880000000197e+00
5.358180849999999964e+02 1.141841950000000105e+00
5.361189369999999599e+02 1.133233600000000063e+00
5.364197900000000345e+02 1.124730829999999848e+00
5.367206419999999980e+02 1.116347709999999882e+00
5.370214939999999615e+02 1.108070179999999905e+00
5.373223470000000361e+02 1.099919350000000184e+00
5.376231989999999996e+02 1.091881129999999978e+00
5.379240519999999606e+02 1.083962569999999959e+00
5.382249040000000377e+02 1.076163669999999906e+00
5.385257560000000012e+02 1.068491470000000110e+00
5.388266089999999622e+02 1.060945959999999966e+00
5.391274610000000393e+02 1.053527160000000018e+00
5.394283130000000028e+02 1.046242080000000074e+00
5.397291659999999638e+02 1.039083710000000105e+00
5.400300180000000410e+02 1.032059070000000078e+00
5.403308710000000019e+02 1.025161120000000148e+00
5.406317229999999654e+02 1.018403950000000169e+00
5.409325750000000426e+02 1.011787560000000141e+00
5.412334280000000035e+02 1.005297859999999988e+00
5.415342799999999670e+02 9.989559749999999960e-01
5.418351330000000416e+02 9.927478249999999171e-01
5.421359850000000051e+02 9.866804509999999029e-01
5.424368369999999686e+02 9.807538500000000381e-01
5.427376900000000433e+02 9.749680240000000442e-01
5.430385420000000067e+02 9.693300109999999359e-01
5.433393939999999702e+02 9.638257329999999623e-01
5.436402470000000449e+02 9.584692689999999571e-01
5.439410990000000083e+02 9.532606169999999768e-01
5.442419519999999693e+02 9.481927399999999784e-01
5.445428040000000465e+02 9.432656380000000729e-01
5.448436560000000100e+02 9.384863479999999702e-01
5.451445089999999709e+02 9.338478330000000716e-01
5.454453610000000481e+02 9.293571310000000585e-01
5.457462130000000116e+02 9.250072029999999446e-01
5.460470659999999725e+02 9.208050890000000210e-01
5.463479180000000497e+02 9.167437479999999139e-01
5.466487710000000106e+02 9.128231829999999825e-01
5.469496229999999741e+02 9.090433909999999784e-01
5.472504750000000513e+02 9.054114120000000820e-01
5.475513280000000123e+02 9.019131700000000418e-01
5.478521799999999757e+02 8.985627399999999154e-01
5.481530320000000529e+02 8.953460460000000065e-01
5.484538850000000139e+02 8.922701259999999968e-01
5.487547369999999773e+02 8.893279419999999824e-01
5.490555900000000520e+02 8.865265320000000893e-01
5.493564420000000155e+02 8.838588579999999695e-01
5.496572939999999790e+02 8.813178809999999697e-01
5.499581470000000536e+02 8.789176779999999800e-01
5.502589990000000171e+02 8.766441719999999993e-01
5.505598509999999806e+02 8.744973629999999165e-01
5.508607040000000552e+02 8.724772509999999537e-01
5.511615560000000187e+02 8.705838359999999998e-01
5.514624089999999796e+02 8.688171179999999438e-01
5.517632610000000568e+02 8.671630190000000349e-01
5.520641130000000203e+02 8.656356170000000239e-01
5.523649659999999812e+02 8.642208350000000205e-01
5.526658179999999447e+02 8.629257110000000397e-01
5.529666700000000219e+02 8.617432059999999838e-01
5.532675229999999829e+02 8.606662820000000602e-01
5.535683749999999463e+02 8.597019780000000333e-01
5.538692280000000210e+02 8.588362149999999584e-01
5.541700799999999845e+02 8.580760339999999875e-01
5.544709319999999479e+02 8.574214330000000661e-01
5.547717850000000226e+02 8.568583360000000537e-01
5.550726369999999861e+02 8.563867419999999786e-01
5.553734899999999470e+02 8.560136900000000493e-01
5.556743420000000242e+02 8.557251020000000707e-01
5.559751939999999877e+02 8.555209790000000147e-01
5.562760469999999486e+02 8.554013209999999923e-01
5.565768990000000258e+02 8.553661280000000033e-01
5.568777509999999893e+02 8.554013209999999923e-01
5.571786039999999502e+02 8.555069020000000135e-01
5.574794560000000274e+02 8.556899090000000818e-01
5.577803089999999884e+02 8.559292250000000157e-01
5.580811609999999519e+02 8.562389289999999820e-01
5.583820130000000290e+02 8.566049420000000358e-01
5.586828659999999900e+02 8.570272650000000381e-01
5.589837179999999535e+02 8.574988590000000022e-01
5.592845700000000306e+02 8.580267630000000256e-01
5.595854229999999916e+02 8.585898600000000380e-01
5.598862749999999551e+02 8.592022290000000950e-01
5.601871280000000297e+02 8.598427520000000435e-01
5.604879799999999932e+02 8.605255080000000500e-01
5.607888319999999567e+02 8.612364179999999481e-01
5.610896850000000313e+02 8.619684450000000275e-01
5.613905369999999948e+02 8.627286269999999702e-01
5.616913889999999583e+02 8.635028860000000250e-01
5.619922420000000329e+02 8.642912219999999701e-01
5.622930939999999964e+02 8.650865970000000127e-01
5.625939469999999574e+02 8.658960500000000282e-01
5.628947990000000345e+02 8.666984630000000855e-01
5.631956509999999980e+02 8.675079159999999900e-01
5.634965039999999590e+02 8.683103300000000191e-01
5.637973560000000361e+02 8.690986659999999642e-01
5.640982079999999996e+02 8.698729250000000190e-01
5.643990609999999606e+02 8.706331069999999617e-01
5.646999130000000378e+02 8.713651340000000411e-01
5.650007659999999987e+02 8.720760439999999392e-01
5.653016179999999622e+02 8.727588000000000568e-01
5.656024700000000394e+02 8.734063619999999917e-01
5.659033230000000003e+02 8.740116909999999795e-01
5.662041749999999638e+02 8.745747890000000746e-01
5.665050270000000410e+02 8.750956540000000006e-01
5.668058800000000019e+02 8.755672480000000757e-01
5.671067319999999654e+02 8.759825330000000632e-01
5.674075850000000401e+02 8.763344679999999220e-01
5.677084370000000035e+02 8.766300949999999981e-01
5.680092889999999670e+02 8.768623719999999455e-01
5.683101420000000417e+02 8.770242630000000261e-01
5.686109940000000051e+02 8.771087269999999769e-01
5.689118469999999661e+02 8.771157659999999634e-01
5.692126990000000433e+02 8.770453790000000138e-01
5.695135510000000068e+02 8.768905270000000307e-01
5.698144039999999677e+02 8.766441719999999993e-01
5.701152560000000449e+02 8.763063140000000306e-01
5.704161080000000084e+02 8.758699129999999444e-01
5.707169609999999693e+02 8.753349700000000455e-01
5.710178130000000465e+02 8.747014859999999725e-01
5.713186660000000074e+02 8.739624200000000176e-01
5.716195179999999709e+02 8.731107359999999984e-01
5.719203700000000481e+02 8.721464309999999998e-01
5.722212230000000091e+02 8.710695069999999651e-01
5.725220749999999725e+02 8.698729250000000190e-01
5.728229270000000497e+02 8.685496459999999530e-01
5.731237800000000107e+02 8.671067089999999755e-01
5.734246319999999741e+02 8.655300360000000026e-01
5.737254850000000488e+02 8.638266669999999925e-01
5.740263370000000123e+02 8.619895610000000152e-01
5.743271889999999757e+02 8.600116810000000278e-01
5.746280420000000504e+02 8.579000660000000167e-01
5.749288940000000139e+02 8.556406380000000089e-01
5.752297459999999774e+02 8.532404350000000193e-01
5.755305990000000520e+02 8.506924189999999220e-01
5.758314510000000155e+02 8.479965899999999390e-01
5.761323039999999764e+02 8.451529479999999594e-01
5.764331560000000536e+02 8.421544539999999968e-01
5.767340080000000171e+02 8.390011080000000510e-01
5.770348609999999780e+02 8.356858719999999963e-01
5.773357130000000552e+02 8.322157839999999585e-01
5.776365650000000187e+02 8.285838059999999228e-01
5.779374179999999797e+02 8.247969750000000433e-01
5.782382700000000568e+02 8.208341770000000537e-01
5.785391230000000178e+02 8.167165270000000810e-01
5.788399749999999813e+02 8.124299480000000129e-01
5.791408269999999447e+02 8.079744389999999887e-01
5.794416800000000194e+02 8.033500009999999802e-01
5.797425319999999829e+02 7.985566350000000702e-01
5.800433839999999464e+02 7.935943380000000102e-01
5.803442370000000210e+02 7.884631129999999377e-01
5.806450889999999845e+02 7.831559200000000054e-01
5.809459419999999454e+02 7.776797970000000060e-01
5.812467940000000226e+02 7.720277060000000358e-01
5.815476459999999861e+02 7.662066870000000529e-01
5.818484989999999470e+02 7.602096990000000165e-01
5.821493510000000242e+02 7.540367430000000093e-01
5.824502039999999852e+02 7.477018970000000042e-01
5.827510559999999487e+02 7.411840440000000418e-01
5.830519080000000258e+02 7.344972619999999841e-01
5.833527609999999868e+02 7.276415509999999420e-01
5.836536129999999503e+02 7.206098709999999574e-01
5.839544650000000274e+02 7.134163020000000577e-01
5.842553179999999884e+02 7.060467639999999934e-01
5.845561699999999519e+02 6.985068890000000197e-01
5.848570230000000265e+02 6.908016049999999852e-01
5.851578749999999900e+02 6.829302059999999841e-01
5.854587269999999535e+02 6.748933980000000332e-01
5.857595800000000281e+02 6.666932920000000484e-01
5.860604319999999916e+02 6.583305909999999095e-01
5.863612839999999551e+02 6.498074069999999480e-01
5.866621370000000297e+02 6.411258520000000516e-01
5.869629889999999932e+02 6.322873340000000342e-01
5.872638419999999542e+02 6.232939639999999226e-01
5.875646940000000313e+02 6.141485579999999000e-01
5.878655459999999948e+02 6.048525230000000308e-01
5.881663989999999558e+02 5.954079709999999803e-01
5.884672510000000329e+02 5.858184220000000053e-01
5.887681029999999964e+02 5.760859860000000499e-01
5.890689559999999574e+02 5.662134800000000467e-01
5.893698080000000346e+02 5.562030159999999945e-01
5.896706609999999955e+02 5.460588149999999752e-01
5.899715129999999590e+02 5.357829910000000417e-01
5.902723650000000362e+02 5.253790620000000633e-01
5.905732179999999971e+02 5.148498440000000009e-01
5.908740699999999606e+02 5.041995590000000194e-01
5.911749220000000378e+02 4.934303210000000051e-01
5.914757749999999987e+02 4.825470550000000025e-01
5.917766269999999622e+02 4.715525780000000000e-01
5.920774800000000369e+02 4.604518149999999865e-01
5.923783320000000003e+02 4.492468800000000151e-01
5.926791839999999638e+02 4.379426989999999908e-01
5.929800370000000385e+02 4.265434949999999947e-01
5.932808890000000019e+02 4.150527880000000058e-01
5.935817409999999654e+02 4.034748009999999940e-01
5.938825940000000401e+02 3.918144610000000028e-01
5.941834460000000036e+02 3.800759910000000019e-01
5.944842989999999645e+02 3.682629099999999989e-01
5.947851510000000417e+02 3.563815540000000448e-01
5.950860030000000052e+02 3.444347380000000181e-01
5.953868559999999661e+02 3.324280930000000356e-01
5.956877080000000433e+02 3.203658420000000118e-01
5.959885610000000042e+02 3.082529119999999900e-01
5.962894129999999677e+02 2.960949350000000035e-01
5.965902650000000449e+02 2.838954290000000324e-01
5.968911180000000058e+02 2.716607290000000452e-01
5.971919699999999693e+02 2.593950589999999834e-01
5.974928220000000465e+02 2.471040500000000195e-01
5.977936750000000075e+02 2.347926280000000032e-01
5.980945269999999709e+02 2.224657210000000052e-01
5.983953800000000456e+02 2.101289600000000035e-01
5.986962320000000091e+02 1.977872719999999862e-01
5.989970839999999725e+02 1.854455839999999966e-01
5.992979370000000472e+02 1.731102300000000038e-01
5.995987890000000107e+02 1.607861389999999946e-01
5.998996409999999742e+02 1.484789410000000032e-01
6.002004940000000488e+02 1.361928580000000000e-01
6.005013460000000123e+02 1.239349309999999843e-01
6.008021989999999732e+02 1.117100860000000001e-01
6.011030510000000504e+02 9.952324930000000514e-02
6.014039030000000139e+02 8.738005299999999920e-02
6.017047559999999748e+02 7.528612769999999677e-02
6.020056080000000520e+02 6.324745639999999891e-02
6.023064600000000155e+02 5.126882530000000104e-02
6.026073129999999765e+02 3.935593589999999975e-02
6.029081650000000536e+02 2.751420789999999700e-02
6.032090180000000146e+02 1.574920189999999900e-02
6.035098699999999781e+02 4.066260349999999829e-03
6.038107220000000552e+02 -7.529175869999999923e-03
6.041115750000000162e+02 -1.903163770000000296e-02
6.044124269999999797e+02 -3.043576859999999953e-02
6.047132790000000568e+02 -4.173628949999999560e-02
6.050141320000000178e+02 -5.292785120000000065e-02
6.053149839999999813e+02 -6.400517440000000335e-02
6.056158370000000559e+02 -7.496305059999999743e-02
6.059166890000000194e+02 -8.579634140000000353e-02
6.062175409999999829e+02 -9.649941600000000452e-02
6.065183939999999438e+02 -1.070680509999999974e-01
6.068192460000000210e+02 -1.174959119999999940e-01
6.071200979999999845e+02 -1.277794790000000014e-01
6.074209509999999455e+02 -1.379131209999999996e-01
6.077218030000000226e+02 -1.478912079999999962e-01
6.080226559999999836e+02 -1.577102189999999848e-01
6.083235079999999471e+02 -1.673652290000000042e-01
6.086243600000000242e+02 -1.768506050000000218e-01
6.089252129999999852e+02 -1.861621250000000116e-01
6.092260649999999487e+02 -1.952962699999999940e-01
6.095269180000000233e+02 -2.042474070000000197e-01
6.098277699999999868e+02 -2.130113150000000066e-01
6.101286219999999503e+02 -2.215844739999999757e-01
6.104294750000000249e+02 -2.299612520000000049e-01
6.107303269999999884e+02 -2.381395379999999840e-01
6.110311789999999519e+02 -2.461137020000000175e-01
6.113320320000000265e+02 -2.538809269999999785e-01
6.116328839999999900e+02 -2.614362869999999894e-01
6.119337369999999510e+02 -2.687769660000000060e-01
6.122345890000000281e+02 -2.758987409999999474e-01
6.125354409999999916e+02 -2.827994999999999814e-01
6.128362939999999526e+02 -2.894736129999999630e-01
6.131371460000000297e+02 -2.959196709999999952e-01
6.134379979999999932e+02 -3.021341550000000153e-01
6.137388509999999542e+02 -3.081135459999999604e-01
6.140397030000000314e+02 -3.138550279999999804e-01
6.143405559999999923e+02 -3.193557860000000304e-01
6.146414079999999558e+02 -3.246130039999999828e-01
6.149422600000000330e+02 -3.296245720000000046e-01
6.152431129999999939e+02 -3.343883759999999872e-01
6.155439649999999574e+02 -3.389008980000000060e-01
6.158448170000000346e+02 -3.431607300000000249e-01
6.161456699999999955e+02 -3.471657610000000171e-01
6.164465219999999590e+02 -3.509145819999999749e-01
6.167473750000000337e+02 -3.544043780000000199e-01
6.170482269999999971e+02 -3.576337420000000322e-01
6.173490789999999606e+02 -3.606019700000000494e-01
6.176499320000000353e+02 -3.633062449999999721e-01
6.179507839999999987e+02 -3.657472719999999566e-01
6.182516359999999622e+02 -3.679222360000000136e-01
6.185524890000000369e+02 -3.698304329999999585e-01
6.188533410000000003e+02 -3.714718619999999860e-01
6.191541939999999613e+02 -3.728451159999999764e-01
6.194550460000000385e+02 -3.739501940000000135e-01
6.197558980000000020e+02 -3.747856900000000047e-01
6.200567509999999629e+02 -3.753523069999999962e-01
6.203576030000000401e+02 -3.756493409999999700e-01
6.206584560000000010e+02 -3.756774959999999997e-01
6.209593079999999645e+02 -3.754360680000000117e-01
6.212601600000000417e+02 -3.749264650000000421e-01
6.215610130000000026e+02 -3.741472789999999993e-01
6.218618649999999661e+02 -3.731006209999999657e-01
6.221627170000000433e+02 -3.717871960000000420e-01
6.224635700000000043e+02 -3.702070040000000062e-01
6.227644219999999677e+02 -3.683614519999999781e-01
6.230652750000000424e+02 -3.662512450000000030e-01
6.233661270000000059e+02 -3.638784930000000251e-01
6.236669789999999693e+02 -3.612439009999999784e-01
6.239678320000000440e+02 -3.583495800000000009e-01
6.242686840000000075e+02 -3.551962339999999996e-01
6.245695359999999710e+02 -3.517866789999999910e-01
6.248703890000000456e+02 -3.481223229999999558e-01
6.251712410000000091e+02 -3.442052760000000045e-01
6.254720939999999700e+02 -3.400369469999999783e-01
6.257729460000000472e+02 -3.356215590000000137e-01
6.260737980000000107e+02 -3.309598160000000178e-01
6.263746509999999716e+02 -3.260552379999999695e-01
6.266755030000000488e+02 -3.209099349999999795e-01
6.269763550000000123e+02 -3.155267230000000089e-01
6.272772079999999733e+02 -3.099091229999999531e-01
6.275780600000000504e+02 -3.040592440000000063e-01
6.278789130000000114e+02 -2.979806070000000084e-01
6.281797649999999749e+02 -2.916774349999999849e-01
6.284806170000000520e+02 -2.851518399999999898e-01
6.287814700000000130e+02 -2.784073400000000031e-01
6.290823219999999765e+02 -2.714481599999999939e-01
6.293831740000000536e+02 -2.642778179999999977e-01
6.296840270000000146e+02 -2.568998330000000219e-01
6.299848789999999781e+02 -2.493177260000000173e-01
6.302857320000000527e+02 -2.415364239999999996e-01
6.305865840000000162e+02 -2.335594450000000044e-01
6.308874359999999797e+02 -2.253910120000000017e-01
6.311882890000000543e+02 -2.170353500000000158e-01
6.314891410000000178e+02 -2.084966810000000170e-01
6.317899929999999813e+02 -1.997799330000000206e-01
6.320908460000000559e+02 -1.908886240000000067e-01
6.323916980000000194e+02 -1.818276829999999900e-01
6.326925509999999804e+02 -1.726020349999999870e-01
6.329934029999999439e+02 -1.632159049999999945e-01
6.332942550000000210e+02 -1.536742180000000013e-01
6.335951079999999820e+02 -1.439819039999999939e-01
6.338959599999999455e+02 -1.341438880000000167e-01
6.341968130000000201e+02 -1.241650969999999882e-01
6.344976649999999836e+02 -1.140497550000000027e-01
6.347985169999999471e+02 -1.038034939999999962e-01
6.350993700000000217e+02 -9.343194270000000634e-02
6.354002219999999852e+02 -8.293862189999999524e-02
6.357010739999999487e+02 -7.233057000000001069e-02
6.360019270000000233e+02 -6.161095449999999529e-02
6.363027789999999868e+02 -5.078632119999999806e-02
6.366036319999999478e+02 -3.986145659999999757e-02
6.369044840000000249e+02 -2.884156929999999799e-02
6.372053359999999884e+02 -1.773200880000000076e-02
6.375061889999999494e+02 -6.537906179999999727e-03
6.378070410000000265e+02 4.735382000000000653e-03
6.381078929999999900e+02 1.608262599999999917e-02
6.384087459999999510e+02 2.749851149999999952e-02
6.387095980000000282e+02 3.897774559999999527e-02
6.390104509999999891e+02 5.051511939999999562e-02
6.393113029999999526e+02 6.210528359999999831e-02
6.396121550000000298e+02 7.374324070000000397e-02
6.399130079999999907e+02 8.542328940000000481e-02
6.402138599999999542e+02 9.714064320000000141e-02
6.405147120000000314e+02 1.088896709999999934e-01
6.408155649999999923e+02 1.206654469999999951e-01
6.411164169999999558e+02 1.324630420000000031e-01
6.414172700000000304e+02 1.442775299999999872e-01
6.417181219999999939e+02 1.561025759999999929e-01
6.420189739999999574e+02 1.679346609999999851e-01
6.423198270000000321e+02 1.797674499999999953e-01
6.426206789999999955e+02 1.915974229999999889e-01
6.429215309999999590e+02 2.034182459999999970e-01
6.432223840000000337e+02 2.152264000000000121e-01
6.435232359999999971e+02 2.270162520000000017e-01
6.438240889999999581e+02 2.387835809999999948e-01
6.441249410000000353e+02 2.505227549999999859e-01
6.444257929999999988e+02 2.622302550000000232e-01
6.447266459999999597e+02 2.739011530000000083e-01
6.450274980000000369e+02 2.855305230000000360e-01
6.453283500000000004e+02 2.971148450000000163e-01
6.456292029999999613e+02 3.086491920000000166e-01
6.459300550000000385e+02 3.201293410000000117e-01
6.462309079999999994e+02 3.315510690000000316e-01
6.465317599999999629e+02 3.429108559999999861e-01
6.468326120000000401e+02 3.542044789999999610e-01
6.471334650000000011e+02 3.654277149999999863e-01
6.474343169999999645e+02 3.765770439999999719e-01
6.477351700000000392e+02 3.876489470000000215e-01
6.480360220000000027e+02 3.986392020000000258e-01
6.483368739999999661e+02 4.095449910000000249e-01
6.486377270000000408e+02 4.203627970000000103e-01
6.489385790000000043e+02 4.310883959999999848e-01
6.492394309999999678e+02 4.417196749999999783e-01
6.495402840000000424e+02 4.522531169999999823e-01
6.498411360000000059e+02 4.626852009999999904e-01
6.501419889999999668e+02 4.730138150000000041e-01
6.504428410000000440e+02 4.832361460000000331e-01
6.507436930000000075e+02 4.933493760000000616e-01
6.510445459999999684e+02 5.033506899999999895e-01
6.513453980000000456e+02 5.132372729999999938e-01
6.516462500000000091e+02 5.230084219999999728e-01
6.519471029999999701e+02 5.326599120000000687e-01
6.522479550000000472e+02 5.421910399999999575e-01
6.525488080000000082e+02 5.515996939999999737e-01
6.528496599999999717e+02 5.608830589999999061e-01
6.531505120000000488e+02 5.700404310000000141e-01
6.534513650000000098e+02 5.790696990000000488e-01
6.537522169999999733e+02 5.879694540000000025e-01
6.540530690000000504e+02 5.967382890000000328e-01
6.543539220000000114e+02 6.053754999999999553e-01
6.546547739999999749e+02 6.138789749999999934e-01
6.549556270000000495e+02 6.222480110000000453e-01
6.552564790000000130e+02 6.304826070000000282e-01
6.555573309999999765e+02 6.385806520000000264e-01
6.558581840000000511e+02 6.465421460000000398e-01
6.561590360000000146e+02 6.543663849999999949e-01
6.564598879999999781e+02 6.620533689999998916e-01
6.567607410000000527e+02 6.696023939999999897e-01
6.570615930000000162e+02 6.770134599999999558e-01
6.573624459999999772e+02 6.842865670000000122e-01
6.576632980000000543e+02 6.914210119999999460e-01
6.579641500000000178e+02 6.984182009999999607e-01
6.582650029999999788e+02 7.052795439999999250e-01
6.585658550000000560e+02 7.120015189999999716e-01
6.588667070000000194e+02 7.185827209999999798e-01
6.591675599999999804e+02 7.250372250000000074e-01
6.594684119999999439e+02 7.313509549999999138e-01
6.597692650000000185e+02 7.375309490000000467e-01
6.600701169999999820e+02 7.435772079999999340e-01
6.603709689999999455e+02 7.494897310000000479e-01
6.606718220000000201e+02 7.552685190000000270e-01
6.609726739999999836e+02 7.609206089999999145e-01
6.612735269999999446e+02 7.664460029999999868e-01
6.615743790000000217e+02 7.718376609999999527e-01
6.618752309999999852e+02 7.771096610000000071e-01
6.621760839999999462e+02 7.822549639999999416e-01
6.624769360000000233e+02 7.872735699999999781e-01
6.627777879999999868e+02 7.921725170000000205e-01
6.630786409999999478e+02 7.969588459999999985e-01
6.633794930000000249e+02 8.016255159999999824e-01
6.636803459999999859e+02 8.061725269999999721e-01
6.639811979999999494e+02 8.106069200000000086e-01
6.642820500000000266e+02 8.149357310000000520e-01
6.645829029999999875e+02 8.191519229999999485e-01
6.648837549999999510e+02 8.232625350000000175e-01
6.651846070000000282e+02 8.272746039999999690e-01
6.654854599999999891e+02 8.311810920000000102e-01
6.657863119999999526e+02 8.349890389999999885e-01
6.660871650000000272e+02 8.386984429999999602e-01
6.663880169999999907e+02 8.423163439999999946e-01
6.666888689999999542e+02 8.458427420000000918e-01
6.669897220000000289e+02 8.492776360000000579e-01
6.672905739999999923e+02 8.526280659999999623e-01
6.675914259999999558e+02 8.559010700000000416e-01
6.678922790000000305e+02 8.590896089999999763e-01
6.681931309999999939e+02 8.622007229999999467e-01
6.684939839999999549e+02 8.652344100000000093e-01
6.687948360000000321e+02 8.682047489999999978e-01
6.690956879999999956e+02 8.710976620000000503e-01
6.693965409999999565e+02 8.739272270000000287e-01
6.696973930000000337e+02 8.767004820000000587e-01
6.699982449999999972e+02 8.794033489999999453e-01
6.702990979999999581e+02 8.820569459999999529e-01
6.705999500000000353e+02 8.846542329999999010e-01
6.709008029999999962e+02 8.872022489999999983e-01
6.712016549999999597e+02 8.897009940000000228e-01
6.715025070000000369e+02 8.921575069999999608e-01
6.718033599999999979e+02 8.945717870000000627e-01
6.721042119999999613e+02 8.969438349999999671e-01
6.724050640000000385e+02 8.992806890000000219e-01
6.727059169999999995e+02 9.015823499999999768e-01
6.730067689999999629e+02 9.038558559999999575e-01
6.733076220000000376e+02 9.061012069999999641e-01
6.736084740000000011e+02 9.083254420000000939e-01
6.739093259999999646e+02 9.105215220000000276e-01
6.742101790000000392e+02 9.127035239999999883e-01
6.745110310000000027e+02 9.148714489999999477e-01
6.748118839999999636e+02 9.170182579999999195e-01
6.751127360000000408e+02 9.191580289999999875e-01
6.754135880000000043e+02 9.212907599999999864e-01
6.757144409999999652e+02 9.234164529999999704e-01
6.760152930000000424e+02 9.255421459999999545e-01
6.763161450000000059e+02 9.276608000000000631e-01
6.766169979999999669e+02 9.297794539999999497e-01
6.769178500000000440e+02 9.319121860000000312e-01
6.772187030000000050e+02 9.340378790000000153e-01
6.775195549999999685e+02 9.361846879999999871e-01
6.778204070000000456e+02 9.383314969999999589e-01
6.781212600000000066e+02 9.404923830000000429e-01
6.784221119999999701e+02 9.426743859999999753e-01
6.787229640000000472e+02 9.448634270000000335e-01
6.790238170000000082e+02 9.470735840000000794e-01
6.793246689999999717e+02 9.493048580000000847e-01
6.796255220000000463e+02 9.515572479999999667e-01
6.799263740000000098e+02 9.538307540000000584e-01
6.802272259999999733e+02 9.561324140000000416e-01
6.805280790000000479e+02 9.584551909999999841e-01
6.808289310000000114e+02 9.608061230000000119e-01
6.811297829999999749e+02 9.631781710000000274e-01
6.814306360000000495e+02 9.655854130000000035e-01
6.817314880000000130e+02 9.680278479999999686e-01
6.820323409999999740e+02 9.704913990000000323e-01
6.823331930000000511e+02 9.729901440000000568e-01
6.826340450000000146e+02 9.755240819999999591e-01
6.829348979999999756e+02 9.780932150000000158e-01
6.832357500000000528e+02 9.806905019999999640e-01
6.835366020000000162e+02 9.833159429999999146e-01
6.838374549999999772e+02 9.859836170000001454e-01
6.841383070000000544e+02 9.886864849999998928e-01
6.844391600000000153e+02 9.914175079999999474e-01
6.847400119999999788e+02 9.941837239999999909e-01
6.850408640000000560e+02 9.969851339999999951e-01
6.853417170000000169e+02 9.998217369999999882e-01
6.856425689999999804e+02 1.002686500000000036e+00
6.859434209999999439e+02 1.005586450000000021e+00
6.862442740000000185e+02 1.008514550000000121e+00
6.865451259999999820e+02 1.011477850000000123e+00
6.868459790000000567e+02 1.014469309999999957e+00
6.871468310000000201e+02 1.017495959999999977e+00
6.874476829999999836e+02 1.020543720000000043e+00
6.877485359999999446e+02 1.023619639999999942e+00
6.880493880000000217e+02 1.026723719999999895e+00
6.883502409999999827e+02 1.029855949999999964e+00
6.886510929999999462e+02 1.033002250000000011e+00
6.889519450000000234e+02 1.036176719999999829e+00
6.892527979999999843e+02 1.039365250000000129e+00
6.895536499999999478e+02 1.042574909999999910e+00
6.898545020000000250e+02 1.045798639999999891e+00
6.901553549999999859e+02 1.049036450000000009e+00
6.904562069999999494e+02 1.052288339999999822e+00
6.907570600000000240e+02 1.055547269999999926e+00
6.910579119999999875e+02 1.058820270000000008e+00
6.913587639999999510e+02 1.062093280000000028e+00
6.916596170000000257e+02 1.065366280000000110e+00
6.919604689999999891e+02 1.068639280000000191e+00
6.922613209999999526e+02 1.071912289999999990e+00
6.925621740000000273e+02 1.075178250000000002e+00
6.928630259999999907e+02 1.078437179999999884e+00
6.931638789999999517e+02 1.081682029999999850e+00
6.934647310000000289e+02 1.084912799999999899e+00
6.937655829999999924e+02 1.088129490000000033e+00
6.940664359999999533e+02 1.091318030000000050e+00
6.943672880000000305e+02 1.094492490000000151e+00
6.946681399999999940e+02 1.097631759999999845e+00
6.949689929999999549e+02 1.100742880000000090e+00
6.952698450000000321e+02 1.103825830000000119e+00
6.955706979999999930e+02 1.106866559999999833e+00
6.958715499999999565e+02 1.109865050000000020e+00
6.961724020000000337e+02 1.112821319999999892e+00
6.964732549999999947e+02 1.115728309999999945e+00
6.967741069999999581e+02 1.118586030000000120e+00
6.970749590000000353e+02 1.121387439999999902e+00
6.973758119999999963e+02 1.124132539999999958e+00
6.976766639999999597e+02 1.126807249999999927e+00
6.979775170000000344e+02 1.129418610000000101e+00
6.982783689999999979e+02 1.131959589999999904e+00
6.985792209999999614e+02 1.134430180000000066e+00
6.988800740000000360e+02 1.136816309999999941e+00
6.991809259999999995e+02 1.139117970000000035e+00
6.994817779999999630e+02 1.141342199999999973e+00
6.997826310000000376e+02 1.143467889999999931e+00
7.000834830000000011e+02 1.145502079999999978e+00
7.003843359999999620e+02 1.147437730000000045e+00
7.006851880000000392e+02 1.149274839999999909e+00
7.009860400000000027e+02 1.150999319999999937e+00
7.012868929999999636e+02 1.152618229999999855e+00
7.015877450000000408e+02 1.154117469999999868e+00
7.018885980000000018e+02 1.155504099999999923e+00
7.021894499999999653e+02 1.156764029999999943e+00
7.024903020000000424e+02 1.157904299999999997e+00
7.027911550000000034e+02 1.158910840000000109e+00
7.030920069999999669e+02 1.159783639999999894e+00
7.033928590000000440e+02 1.160522709999999957e+00
7.036937120000000050e+02 1.161113960000000001e+00
7.039945639999999685e+02 1.161564440000000031e+00
7.042954170000000431e+02 1.161867100000000042e+00
7.045962690000000066e+02 1.162014920000000062e+00
7.048971209999999701e+02 1.162007879999999993e+00
7.051979740000000447e+02 1.161838949999999926e+00
7.054988260000000082e+02 1.161508130000000083e+00
7.057996779999999717e+02 1.161015420000000020e+00
7.061005310000000463e+02 1.160346739999999821e+00
7.064013830000000098e+02 1.159509129999999999e+00
7.067022359999999708e+02 1.158495559999999980e+00
7.070030880000000479e+02 1.157298970000000038e+00
7.073039400000000114e+02 1.155919389999999991e+00
7.076047929999999724e+02 1.154356790000000021e+00
7.079056450000000495e+02 1.152611190000000008e+00
7.082064970000000130e+02 1.150668500000000094e+00
7.085073499999999740e+02 1.148528729999999998e+00
7.088082020000000512e+02 1.146198920000000010e+00
7.091090550000000121e+02 1.143672019999999900e+00
7.094099069999999756e+02 1.140940990000000044e+00
7.097107590000000528e+02 1.138005849999999874e+00
7.100116120000000137e+02 1.134859540000000111e+00
7.103124639999999772e+02 1.131509109999999874e+00
7.106133160000000544e+02 1.127954560000000050e+00
7.109141690000000153e+02 1.124181809999999837e+00
7.112150209999999788e+02 1.120197890000000029e+00
7.115158740000000535e+02 1.116002820000000062e+00
7.118167260000000169e+02 1.111582499999999918e+00
7.121175779999999804e+02 1.106951020000000119e+00
7.124184310000000551e+02 1.102101350000000091e+00
7.127192830000000185e+02 1.097026430000000108e+00
7.130201349999999820e+02 1.091733319999999896e+00
7.133209880000000567e+02 1.086214959999999952e+00
7.136218400000000202e+02 1.080478410000000000e+00
7.139226929999999811e+02 1.074516609999999872e+00
7.142235449999999446e+02 1.068329580000000112e+00
7.145243970000000218e+02 1.061917309999999892e+00
7.148252499999999827e+02 1.055279799999999879e+00
7.151261019999999462e+02 1.048424079999999980e+00
7.154269550000000208e+02 1.041336099999999876e+00
7.157278069999999843e+02 1.034029909999999886e+00
7.160286589999999478e+02 1.026498480000000102e+00
7.163295120000000225e+02 1.018741810000000081e+00
7.166303639999999859e+02 1.010766939999999892e+00
7.169312159999999494e+02 1.002566840000000070e+00
7.172320690000000241e+02 9.941485300000001413e-01
7.175329209999999875e+02 9.855049850000000555e-01
7.178337739999999485e+02 9.766502770000000666e-01
7.181346260000000257e+02 9.675773699999999922e-01
7.184354779999999892e+02 9.582862619999999998e-01
7.187363309999999501e+02 9.487769540000000612e-01
7.190371830000000273e+02 9.390635230000000666e-01
7.193380349999999908e+02 9.291318920000000148e-01
7.196388879999999517e+02 9.189961380000000180e-01
7.199397400000000289e+02 9.086562610000000761e-01
7.202405929999999898e+02 8.981122619999999390e-01
7.205414449999999533e+02 8.873641399999999679e-01
7.208422970000000305e+02 8.764259720000000531e-01
7.211431499999999915e+02 8.652836809999999712e-01
7.214440019999999549e+02 8.539513449999999173e-01
7.217448540000000321e+02 8.424289640000000023e-01
7.220457069999999931e+02 8.307165370000000326e-01
7.223465589999999565e+02 8.188281420000000921e-01
7.226474120000000312e+02 8.067567410000000550e-01
7.229482639999999947e+02 7.945093720000000470e-01
7.232491159999999581e+02 7.820860339999999855e-01
7.235499690000000328e+02 7.694937680000000224e-01
7.238508209999999963e+02 7.567396109999999787e-01
7.241516729999999598e+02 7.438235630000000764e-01
7.244525260000000344e+02 7.307526640000000517e-01
7.247533779999999979e+02 7.175269130000000439e-01
7.250542309999999588e+02 7.041533490000000395e-01
7.253550830000000360e+02 6.906390100000000531e-01
7.256559349999999995e+02 6.769831929999999831e-01
7.259567879999999604e+02 6.631922329999999643e-01
7.262576400000000376e+02 6.492717609999999473e-01
7.265584929999999986e+02 6.352259989999999856e-01
7.268593449999999621e+02 6.210605790000000015e-01
7.271601970000000392e+02 6.067804280000000938e-01
7.274610500000000002e+02 5.923897689999999550e-01
7.277619019999999637e+02 5.778942329999999794e-01
7.280627540000000408e+02 5.632994510000000066e-01
7.283636070000000018e+02 5.486096470000000336e-01
7.286644589999999653e+02 5.338318579999999924e-01
7.289653120000000399e+02 5.189703089999999630e-01
7.292661640000000034e+02 5.040306300000000350e-01
7.295670159999999669e+02 4.890191559999999549e-01
7.298678690000000415e+02 4.739401109999999973e-01
7.301687210000000050e+02 4.588005319999999831e-01
7.304695729999999685e+02 4.436053480000000104e-01
7.307704260000000431e+02 4.283608919999999931e-01
7.310712780000000066e+02 4.130720930000000291e-01
7.313721309999999676e+02 3.977452840000000323e-01
7.316729830000000447e+02 3.823868020000000256e-01
7.319738350000000082e+02 3.670008679999999801e-01
7.322746879999999692e+02 3.515952259999999829e-01
7.325755400000000463e+02 3.361748030000000220e-01
7.328763920000000098e+02 3.207459329999999831e-01
7.331772449999999708e+02 3.053135439999999923e-01
7.334780970000000480e+02 2.898853779999999714e-01
7.337789500000000089e+02 2.744649540000000387e-01
7.340798019999999724e+02 2.590607200000000221e-01
7.343806540000000496e+02 2.436761940000000126e-01
7.346815070000000105e+02 2.283191190000000148e-01
7.349823589999999740e+02 2.129944220000000166e-01
7.352832110000000512e+02 1.977077339999999961e-01
7.355840640000000121e+02 1.824653910000000046e-01
7.358849159999999756e+02 1.672730219999999934e-01
7.361857690000000503e+02 1.521362589999999959e-01
7.364866210000000137e+02 1.370614360000000087e-01
7.367874729999999772e+02 1.220527780000000007e-01
7.370883260000000519e+02 1.071173220000000009e-01
7.373891780000000153e+02 9.225999619999999957e-02
7.376900299999999788e+02 7.748572709999999863e-02
7.379908830000000535e+02 6.280127209999999960e-02
7.382917350000000170e+02 4.821092470000000463e-02
7.385925879999999779e+02 3.372038630000000203e-02
7.388934400000000551e+02 1.933479520000000104e-02
7.391942920000000186e+02 5.059261570000000117e-03
7.394951449999999795e+02 -9.101062369999999430e-03
7.397959970000000567e+02 -2.314126359999999979e-02
7.400968500000000176e+02 -3.705645710000000231e-02
7.403977019999999811e+02 -5.084171589999999380e-02
7.406985539999999446e+02 -6.449253520000000628e-02
7.409994070000000193e+02 -7.800377669999999930e-02
7.413002589999999827e+02 -9.137170999999999488e-02
7.416011109999999462e+02 -1.045918300000000106e-01
7.419019640000000209e+02 -1.176592100000000002e-01
7.422028159999999843e+02 -1.305703309999999839e-01
7.425036689999999453e+02 -1.433202640000000028e-01
7.428045210000000225e+02 -1.559061959999999969e-01
7.431053729999999860e+02 -1.683231980000000072e-01
7.434062259999999469e+02 -1.805684560000000161e-01
7.437070780000000241e+02 -1.926377459999999986e-01
7.440079299999999876e+02 -2.045275480000000035e-01
7.443087829999999485e+02 -2.162350480000000130e-01
7.446096350000000257e+02 -2.277560220000000024e-01
7.449104879999999866e+02 -2.390890609999999916e-01
7.452113399999999501e+02 -2.502299439999999819e-01
7.455121920000000273e+02 -2.611758550000000123e-01
7.458130449999999882e+02 -2.719246810000000014e-01
7.461138969999999517e+02 -2.824736079999999872e-01
7.464147490000000289e+02 -2.928205229999999992e-01
7.467156019999999899e+02 -3.029626119999999645e-01
7.470164539999999533e+02 -3.128984660000000417e-01
7.473173070000000280e+02 -3.226252709999999913e-01
7.476181589999999915e+02 -3.321423210000000181e-01
7.479190109999999549e+02 -3.414468019999999937e-01
7.482198640000000296e+02 -3.505380110000000382e-01
7.485207159999999931e+02 -3.594138340000000431e-01
7.488215679999999566e+02 -3.680735689999999893e-01
7.491224210000000312e+02 -3.765165109999999982e-01
7.494232729999999947e+02 -3.847405489999999872e-01
7.497241259999999556e+02 -3.927463869999999746e-01
7.500249780000000328e+02 -4.005319130000000172e-01
7.503258299999999963e+02 -4.080978309999999665e-01
7.506266829999999572e+02 -4.154434369999999710e-01
7.509275350000000344e+02 -4.225680270000000127e-01
7.512283869999999979e+02 -4.294723059999999704e-01
7.515292399999999589e+02 -4.361555689999999652e-01
7.518300920000000360e+02 -4.426192229999999506e-01
7.521309449999999970e+02 -4.488632699999999809e-01
7.524317969999999605e+02 -4.548877089999999734e-01
7.527326490000000376e+02 -4.606932429999999745e-01
7.530335019999999986e+02 -4.662812819999999636e-01
7.533343539999999621e+02 -4.716525269999999881e-01
7.536352070000000367e+02 -4.768083879999999719e-01
7.539360590000000002e+02 -4.817502720000000349e-01
7.542369109999999637e+02 -4.864788829999999731e-01
7.545377640000000383e+02 -4.909956280000000173e-01
7.548386160000000018e+02 -4.953033239999999893e-01
7.551394679999999653e+02 -4.994026730000000747e-01
7.554403210000000399e+02 -5.032957879999999662e-01
7.557411730000000034e+02 -5.069854839999999863e-01
7.560420259999999644e+02 -5.104738730000000224e-01
7.563428780000000415e+02 -5.137616580000000654e-01
7.566437300000000050e+02 -5.168537670000000750e-01
7.569445829999999660e+02 -5.197501989999999683e-01
7.572454350000000431e+02 -5.224558819999999271e-01
7.575462870000000066e+02 -5.249722239999999873e-01
7.578471399999999676e+02 -5.273020399999999164e-01
7.581479920000000448e+02 -5.294488489999999992e-01
7.584488450000000057e+02 -5.314161699999999655e-01
7.587496969999999692e+02 -5.332061160000000077e-01
7.590505490000000464e+02 -5.348229099999999292e-01
7.593514020000000073e+02 -5.362693659999999696e-01
7.596522539999999708e+02 -5.375497089999999867e-01
7.599531060000000480e+02 -5.386667539999999699e-01
7.602539590000000089e+02 -5.396240190000000103e-01
7.605548109999999724e+02 -5.404257289999999658e-01
7.608556640000000471e+02 -5.410754030000000103e-01
7.611565160000000105e+02 -5.415779670000000490e-01
7.614573679999999740e+02 -5.419355340000000520e-01
7.617582210000000487e+02 -5.421537349999999700e-01
7.620590730000000121e+02 -5.422353840000000424e-01
7.623599249999999756e+02 -5.421861130000000806e-01
7.626607780000000503e+02 -5.420087369999999627e-01
7.629616300000000138e+02 -5.417081839999999815e-01
7.632624829999999747e+02 -5.412886759999999686e-01
7.635633350000000519e+02 -5.407551409999999947e-01
7.638641870000000154e+02 -5.401103950000000209e-01
7.641650399999999763e+02 -5.393600669999999431e-01
7.644658920000000535e+02 -5.385083830000000349e-01
7.647667440000000170e+02 -5.375602670000000360e-01
7.650675969999999779e+02 -5.365192409999999246e-01
7.653684490000000551e+02 -5.353909340000000405e-01
7.656693020000000161e+02 -5.341788669999999462e-01
7.659701539999999795e+02 -5.328879660000001017e-01
7.662710060000000567e+02 -5.315231590000000228e-01
7.665718590000000177e+02 -5.300886679999999851e-01
7.668727109999999811e+02 -5.285894210000000593e-01
7.671735640000000558e+02 -5.270289369999999751e-01
7.674744160000000193e+02 -5.254128479999999879e-01
7.677752679999999827e+02 -5.237453749999999575e-01
7.680761209999999437e+02 -5.220314480000000090e-01
7.683769730000000209e+02 -5.202752870000000307e-01
7.686778249999999844e+02 -5.184804140000000006e-01
7.689786779999999453e+02 -5.166531629999999709e-01
7.692795300000000225e+02 -5.147963490000000419e-01
7.695803829999999834e+02 -5.129149000000000624e-01
7.698812349999999469e+02 -5.110137420000000485e-01
7.701820870000000241e+02 -5.090963960000000066e-01
7.704829399999999850e+02 -5.071677869999999810e-01
7.707837919999999485e+02 -5.052314350000000065e-01
7.710846440000000257e+02 -5.032922690000000143e-01
7.713854969999999867e+02 -5.013538060000000129e-01
7.716863489999999501e+02 -4.994209740000000175e-01
7.719872020000000248e+02 -4.974965879999999618e-01
7.722880539999999883e+02 -4.955855759999999721e-01
7.725889059999999517e+02 -4.936907529999999822e-01
7.728897590000000264e+02 -4.918170470000000072e-01
7.731906109999999899e+02 -4.899679750000000000e-01
7.734914629999999534e+02 -4.881470589999999943e-01
7.737923160000000280e+02 -4.863571130000000076e-01
7.740931679999999915e+02 -4.846030649999999995e-01
7.743940209999999524e+02 -4.828870249999999698e-01
7.746948730000000296e+02 -4.812132179999999981e-01
7.749957249999999931e+02 -4.795837550000000005e-01
7.752965779999999540e+02 -4.780035629999999647e-01
7.755974300000000312e+02 -4.764740490000000106e-01
7.758982819999999947e+02 -4.749987340000000335e-01
7.761991349999999557e+02 -4.735811360000000136e-01
7.764999870000000328e+02 -4.722233670000000050e-01
7.768008399999999938e+02 -4.709275390000000061e-01
7.771016919999999573e+02 -4.696971710000000244e-01
7.774025440000000344e+02 -4.685343750000000029e-01
7.777033969999999954e+02 -4.674412620000000240e-01
7.780042489999999589e+02 -4.664206479999999932e-01
7.783051010000000360e+02 -4.654739409999999467e-01
7.786059539999999970e+02 -4.646039550000000129e-01
7.789068059999999605e+02 -4.638113959999999869e-01
7.792076590000000351e+02 -4.630997809999999881e-01
7.795085109999999986e+02 -4.624691120000000155e-01
7.798093629999999621e+02 -4.619215000000000404e-01
7.801102160000000367e+02 -4.614590559999999786e-01
7.804110680000000002e+02 -4.610824849999999864e-01
7.807119209999999612e+02 -4.607931930000000453e-01
7.810127730000000383e+02 -4.605925899999999684e-01
7.813136250000000018e+02 -4.604806739999999787e-01
7.816144779999999628e+02 -4.604595580000000465e-01
7.819153300000000399e+02 -4.605292410000000336e-01
7.822161820000000034e+02 -4.606897240000000227e-01
7.825170349999999644e+02 -4.609431180000000405e-01
7.828178870000000416e+02 -4.612887190000000137e-01
7.831187400000000025e+02 -4.617272310000000157e-01
7.834195919999999660e+02 -4.622586539999999911e-01
7.837204440000000432e+02 -4.628836919999999577e-01
7.840212970000000041e+02 -4.636009379999999624e-01
7.843221489999999676e+02 -4.644110940000000243e-01
7.846230010000000448e+02 -4.653141619999999756e-01
7.849238540000000057e+02 -4.663087330000000308e-01
7.852247059999999692e+02 -4.673955110000000412e-01
7.855255590000000439e+02 -4.685723840000000084e-01
7.858264110000000073e+02 -4.698407609999999957e-01
7.861272629999999708e+02 -4.711978259999999863e-01
7.864281160000000455e+02 -4.726428749999999623e-01
7.867289680000000089e+02 -4.741759080000000348e-01
7.870298199999999724e+02 -4.757955170000000011e-01
7.873306730000000471e+02 -4.774995900000000293e-01
7.876315250000000106e+02 -4.792881290000000072e-01
7.879323779999999715e+02 -4.811583160000000303e-01
7.882332300000000487e+02 -4.831087450000000061e-01
7.885340820000000122e+02 -4.851387110000000003e-01
7.888349349999999731e+02 -4.872461029999999860e-01
7.891357870000000503e+02 -4.894288099999999919e-01
7.894366390000000138e+02 -4.916854230000000103e-01
7.897374919999999747e+02 -4.940138310000000144e-01
7.900383440000000519e+02 -4.964112179999999874e-01
7.903391970000000128e+02 -4.988761770000000317e-01
7.906400489999999763e+02 -5.014058920000000752e-01
7.909409010000000535e+02 -5.039989559999999980e-01
7.912417540000000145e+02 -5.066518489999999320e-01
7.915426059999999779e+02 -5.093631629999999522e-01
7.918434580000000551e+02 -5.121293789999999957e-01
7.921443110000000161e+02 -5.149490899999999982e-01
7.924451629999999795e+02 -5.178187750000000644e-01
7.927460160000000542e+02 -5.207356200000000657e-01
7.930468680000000177e+02 -5.236968079999999581e-01
7.933477199999999812e+02 -5.267002290000000198e-01
7.936485730000000558e+02 -5.297430669999999564e-01
7.939494250000000193e+02 -5.328210979999999930e-01
7.942502779999999802e+02 -5.359329159999999259e-01
7.945511299999999437e+02 -5.390742949999999256e-01
7.948519820000000209e+02 -5.422424220000000572e-01
7.951528349999999818e+02 -5.454351849999999891e-01
7.954536869999999453e+02 -5.486476559999999836e-01
7.957545390000000225e+02 -5.518784270000000047e-01
7.960553919999999835e+02 -5.551225730000000080e-01
7.963562439999999469e+02 -5.583786829999999313e-01
7.966570970000000216e+02 -5.616418330000000347e-01
7.969579489999999851e+02 -5.649099100000000151e-01
7.972588009999999485e+02 -5.681793939999999488e-01
7.975596540000000232e+02 -5.714467669999999666e-01
7.978605059999999867e+02 -5.747085089999999230e-01
7.981613579999999502e+02 -5.779618050000000506e-01
7.984622110000000248e+02 -5.812031340000000101e-01
7.987630629999999883e+02 -5.844289790000000151e-01
7.990639159999999492e+02 -5.876358189999999482e-01
7.993647680000000264e+02 -5.908208390000000421e-01
7.996656199999999899e+02 -5.939805190000000401e-01
7.999664729999999508e+02 -5.971113410000000732e-01
8.002673250000000280e+02 -6.002097849999999957e-01
8.005681769999999915e+02 -6.032737379999999483e-01
8.008690299999999525e+02 -6.062982759999999693e-01
8.011698820000000296e+02 -6.092812840000000341e-01
8.014707349999999906e+02 -6.122192450000000230e-01
8.017715869999999541e+02 -6.151093429999999751e-01
8.020724390000000312e+02 -6.179473540000000042e-01
8.023732919999999922e+02 -6.207304630000000101e-01
8.026741439999999557e+02 -6.234565579999999940e-01
8.029749960000000328e+02 -6.261207130000000509e-01
8.032758489999999938e+02 -6.287215200000000337e-01
8.035767009999999573e+02 -6.312554579999999360e-01
8.038775540000000319e+02 -6.337197129999999623e-01
8.041784059999999954e+02 -6.361107660000000497e-01
8.044792579999999589e+02 -6.384258000000000433e-01
8.047801110000000335e+02 -6.406627049999999990e-01
8.050809629999999970e+02 -6.428179600000000216e-01
8.053818149999999605e+02 -6.448887509999999823e-01
8.056826680000000351e+02 -6.468729659999999937e-01
8.059835199999999986e+02 -6.487677880000000119e-01
8.062843729999999596e+02 -6.505704039999999910e-01
8.065852250000000367e+02 -6.522787009999999608e-01
8.068860770000000002e+02 -6.538905669999999226e-01
8.071869299999999612e+02 -6.554024840000000074e-01
8.074877820000000384e+02 -6.568123390000000228e-01
8.077886349999999993e+02 -6.581187250000000155e-01
8.080894869999999628e+02 -6.593188269999999962e-01
8.083903390000000400e+02 -6.604105319999999946e-01
8.086911920000000009e+02 -6.613924330000000573e-01
8.089920439999999644e+02 -6.622617149999999731e-01
8.092928960000000416e+02 -6.630162649999999935e-01
8.095937490000000025e+02 -6.636553809999999887e-01
8.098946009999999660e+02 -6.641762460000000257e-01
8.101954540000000407e+02 -6.645781570000000027e-01
8.104963060000000041e+02 -6.648590019999999212e-01
8.107971579999999676e+02 -6.650166690000000047e-01
8.110980110000000423e+02 -6.650504549999999293e-01
8.113988630000000057e+02 -6.649582480000000295e-01
8.116997149999999692e+02 -6.647400470000000006e-01
8.120005680000000439e+02 -6.643930379999999358e-01
8.123014200000000073e+02 -6.639172209999999463e-01
8.126022729999999683e+02 -6.633118909999999868e-01
8.129031250000000455e+02 -6.625742340000000397e-01
8.132039770000000090e+02 -6.617049520000000129e-01
8.135048299999999699e+02 -6.607026390000000360e-01
8.138056820000000471e+02 -6.595665900000000637e-01
8.141065340000000106e+02 -6.582961010000000224e-01
8.144073869999999715e+02 -6.568911729999999949e-01
8.147082390000000487e+02 -6.553503969999999734e-01
8.150090920000000096e+02 -6.536737749999999014e-01
8.153099439999999731e+02 -6.518613049999999465e-01
8.156107960000000503e+02 -6.499122840000000068e-01
8.159116490000000113e+02 -6.478260080000000087e-01
8.162125009999999747e+02 -6.456038849999999885e-01
8.165133530000000519e+02 -6.432445060000000492e-01
8.168142060000000129e+02 -6.407485769999999858e-01
8.171150579999999763e+02 -6.381153929999999752e-01
8.174159110000000510e+02 -6.353463610000000816e-01
8.177167630000000145e+02 -6.324414819999999438e-01
8.180176149999999780e+02 -6.294007560000000057e-01
8.183184680000000526e+02 -6.262248860000000361e-01
8.186193200000000161e+02 -6.229138730000000068e-01
8.189201729999999770e+02 -6.194684209999999913e-01
8.192210250000000542e+02 -6.158899370000000539e-01
8.195218770000000177e+02 -6.121784209999999726e-01
8.198227299999999786e+02 -6.083345769999999320e-01
8.201235820000000558e+02 -6.043598129999999680e-01
8.204244340000000193e+02 -6.002541279999999979e-01
8.207252869999999803e+02 -5.960196359999999638e-01
8.210261389999999437e+02 -5.916570379999999130e-01
8.213269920000000184e+02 -5.871670400000000845e-01
8.216278439999999819e+02 -5.825510489999999875e-01
8.219286959999999453e+02 -5.778104719999999084e-01
8.222295490000000200e+02 -5.729460140000000035e-01
8.225304009999999835e+02 -5.679597860000000775e-01
8.228312529999999470e+02 -5.628531959999999446e-01
8.231321060000000216e+02 -5.576262439999999376e-01
8.234329579999999851e+02 -5.522824499999999803e-01
8.237338109999999460e+02 -5.468225159999999807e-01
8.240346630000000232e+02 -5.412471479999999557e-01
8.243355149999999867e+02 -5.355591600000000341e-01
8.246363679999999476e+02 -5.297606640000001033e-01
8.249372200000000248e+02 -5.238516599999999412e-01
8.252380719999999883e+02 -5.178356679999999157e-01
8.255389249999999493e+02 -5.117133910000000174e-01
8.258397770000000264e+02 -5.054869410000000229e-01
8.261406299999999874e+02 -4.991584299999999863e-01
8.264414819999999509e+02 -4.927299680000000737e-01
8.267423340000000280e+02 -4.862029650000000425e-01
8.270431869999999890e+02 -4.795795319999999751e-01
8.273440389999999525e+02 -4.728617790000000376e-01
8.276448910000000296e+02 -4.660525229999999963e-01
8.279457439999999906e+02 -4.591524680000000358e-01
8.282465959999999541e+02 -4.521644289999999788e-01
8.285474490000000287e+02 -4.450912209999999813e-01
8.288483009999999922e+02 -4.379335490000000330e-01
8.291491529999999557e+02 -4.306942269999999851e-01
8.294500060000000303e+02 -4.233760719999999922e-01
8.297508579999999938e+02 -4.159804909999999523e-01
8.300517099999999573e+02 -4.085095959999999748e-01
8.303525630000000319e+02 -4.009662019999999938e-01
8.306534149999999954e+02 -3.933517169999999896e-01
8.309542679999999564e+02 -3.856689560000000072e-01
8.312551200000000335e+02 -3.779200309999999896e-01
8.315559719999999970e+02 -3.701077580000000089e-01
8.318568249999999580e+02 -3.622328409999999721e-01
8.321576770000000352e+02 -3.542987980000000259e-01
8.324585299999999961e+02 -3.463077410000000023e-01
8.327593819999999596e+02 -3.382617829999999826e-01
8.330602340000000368e+02 -3.301630339999999664e-01
8.333610869999999977e+02 -3.220136060000000078e-01
8.336619389999999612e+02 -3.138156109999999943e-01
8.339627910000000384e+02 -3.055711609999999800e-01
8.342636439999999993e+02 -2.972830700000000381e-01
8.345644959999999628e+02 -2.889527469999999543e-01
8.348653490000000374e+02 -2.805830080000000226e-01
8.351662010000000009e+02 -2.721759629999999652e-01
8.354670529999999644e+02 -2.637330210000000119e-01
8.357679060000000391e+02 -2.552569969999999855e-01
8.360687580000000025e+02 -2.467500019999999961e-01
8.363696099999999660e+02 -2.382134449999999959e-01
8.366704630000000407e+02 -2.296494370000000118e-01
8.369713150000000041e+02 -2.210600889999999874e-01
8.372721679999999651e+02 -2.124482179999999942e-01
8.375730200000000423e+02 -2.038145259999999959e-01
8.378738720000000058e+02 -1.951611259999999903e-01
8.381747249999999667e+02 -1.864908329999999947e-01
8.384755770000000439e+02 -1.778043519999999988e-01
8.387764290000000074e+02 -1.691044959999999930e-01
8.390772819999999683e+02 -1.603926749999999846e-01
8.393781340000000455e+02 -1.516702950000000105e-01
8.396789870000000064e+02 -1.429387659999999949e-01
8.399798389999999699e+02 -1.342009009999999836e-01
8.402806910000000471e+02 -1.254581100000000116e-01
8.405815440000000081e+02 -1.167110950000000008e-01
8.408823959999999715e+02 -1.079619680000000054e-01
8.411832480000000487e+02 -9.921284179999999286e-02
8.414841010000000097e+02 -9.046371540000000544e-02
8.417849529999999731e+02 -8.171740439999999883e-02
8.420858060000000478e+02 -7.297531659999999254e-02
8.423866580000000113e+02 -6.423766320000000307e-02
8.426875099999999748e+02 -5.550662630000000042e-02
8.429883630000000494e+02 -4.678326149999999933e-02
8.432892150000000129e+02 -3.806876549999999720e-02
8.435900669999999764e+02 -2.936440530000000021e-02
8.438909200000000510e+02 -2.067123660000000016e-02
8.441917720000000145e+02 -1.199045609999999963e-02
8.444926249999999754e+02 -3.323028039999999846e-03
8.447934770000000526e+02 5.329998820000000047e-03
8.450943290000000161e+02 1.396763200000000066e-02
8.453951819999999771e+02 2.258907610000000094e-02
8.456960340000000542e+02 3.119327540000000482e-02
8.459968870000000152e+02 3.977952590000000122e-02
8.462977389999999787e+02 4.834698310000000443e-02
8.465985910000000558e+02 5.689501339999999963e-02
8.468994440000000168e+02 6.542270179999999657e-02
8.472002959999999803e+02 7.392976680000000467e-02
8.475011479999999437e+02 8.241494130000000251e-02
8.478020010000000184e+02 9.087829580000000851e-02
8.481028529999999819e+02 9.931912649999999343e-02
8.484037060000000565e+02 1.077367290000000033e-01
8.487045580000000200e+02 1.161311039999999989e-01
8.490054099999999835e+02 1.245015480000000174e-01
8.493062629999999444e+02 1.328473559999999998e-01
8.496071150000000216e+02 1.411685280000000153e-01
8.499079669999999851e+02 1.494650650000000081e-01
8.502088199999999460e+02 1.577362629999999877e-01
8.505096720000000232e+02 1.659821209999999825e-01
8.508105249999999842e+02 1.742026399999999919e-01
8.511113769999999477e+02 1.823978189999999888e-01
8.514122290000000248e+02 1.905662509999999921e-01
8.517130819999999858e+02 1.987093439999999822e-01
8.520139339999999493e+02 2.068263940000000245e-01
8.523147860000000264e+02 2.149181039999999987e-01
8.526156389999999874e+02 2.229830670000000070e-01
8.529164909999999509e+02 2.310226910000000022e-01
8.532173440000000255e+02 2.390362709999999946e-01
8.535181959999999890e+02 2.470238079999999836e-01
8.538190479999999525e+02 2.549860059999999873e-01
8.541199010000000271e+02 2.629228639999999784e-01
8.544207529999999906e+02 2.708350870000000299e-01
8.547216049999999541e+02 2.787212669999999948e-01
8.550224580000000287e+02 2.865828109999999929e-01
8.553233099999999922e+02 2.944197200000000514e-01
8.556241629999999532e+02 3.022326970000000501e-01
8.559250150000000303e+02 3.100210380000000265e-01
8.562258669999999938e+02 3.177854480000000259e-01
8.565267199999999548e+02 3.255259260000000210e-01
8.568275720000000319e+02 3.332438799999999923e-01
8.571284239999999954e+02 3.409386070000000046e-01
8.574292769999999564e+02 3.486101060000000307e-01
8.577301290000000336e+02 3.562597840000000238e-01
8.580309819999999945e+02 3.638869390000000204e-01
8.583318339999999580e+02 3.714929780000000292e-01
8.586326860000000352e+02 3.790764929999999588e-01
8.589335389999999961e+02 3.866395950000000026e-01
8.592343909999999596e+02 3.941822849999999656e-01
8.595352440000000342e+02 4.017038589999999965e-01
8.598360959999999977e+02 4.092057250000000201e-01
8.601369479999999612e+02 4.166871779999999914e-01
8.604378010000000359e+02 4.241496270000000290e-01
8.607386529999999993e+02 4.315923680000000040e-01
8.610395049999999628e+02 4.390161040000000181e-01
8.613403580000000375e+02 4.464208350000000158e-01
8.616412100000000009e+02 4.538072659999999869e-01
8.619420629999999619e+02 4.611753960000000152e-01
8.622429150000000391e+02 4.685252249999999896e-01
8.625437670000000026e+02 4.758574570000000392e-01
8.628446199999999635e+02 4.831713889999999512e-01
8.631454720000000407e+02 4.904677239999999938e-01
8.634463240000000042e+02 4.977471669999999904e-01
8.637471769999999651e+02 5.050083079999999613e-01
8.640480290000000423e+02 5.122525569999999417e-01
8.643488820000000032e+02 5.194792080000000256e-01
8.646497339999999667e+02 5.266882630000000454e-01
8.649505860000000439e+02 5.338804249999999918e-01
8.652514390000000049e+02 5.410549909999999851e-01
8.655522909999999683e+02 5.482112550000000084e-01
8.658531430000000455e+02 5.553506270000000411e-01
8.661539960000000065e+02 5.624716979999999644e-01
8.664548479999999699e+02 5.695744680000000004e-01
8.667557010000000446e+02 5.766582340000000473e-01
8.670565530000000081e+02 5.837244029999999473e-01
8.673574049999999716e+02 5.907708640000000067e-01
8.676582580000000462e+02 5.977976160000000316e-01
8.679591100000000097e+02 6.048046599999999939e-01
8.682599619999999732e+02 6.117912909999999593e-01
8.685608150000000478e+02 6.187575100000000106e-01
8.688616670000000113e+02 6.257019100000000833e-01
8.691625199999999722e+02 6.326237850000000495e-01
8.694633720000000494e+02 6.395231359999999921e-01
8.697642240000000129e+02 6.463985560000000685e-01
8.700650769999999739e+02 6.532500439999999742e-01
8.703659290000000510e+02 6.600761929999999778e-01
8.706667810000000145e+02 6.668770019999999965e-01
8.709676339999999755e+02 6.736496570000000128e-01
8.712684860000000526e+02 6.803955640000000082e-01
8.715693390000000136e+02 6.871112050000000027e-01
8.718701909999999771e+02 6.937979869999999494e-01
8.721710430000000542e+02 7.004530949999999700e-01
8.724718960000000152e+02 7.070744169999999551e-01
8.727727479999999787e+02 7.136626569999999781e-01
8.730736010000000533e+02 7.202157029999999294e-01
8.733744530000000168e+02 7.267335560000000028e-01
8.736753049999999803e+02 7.332162150000000045e-01
8.739761580000000549e+02 7.396566420000000308e-01
8.742770100000000184e+02 7.460548369999999707e-01
8.745778619999999819e+02 7.524107989999999635e-01
8.748787150000000565e+02 7.587245289999999809e-01
8.751795670000000200e+02 7.649960270000000229e-01
8.754804199999999810e+02 7.712182539999999920e-01
8.757812719999999445e+02 7.773841710000000127e-01
8.760821240000000216e+02 7.835078549999999753e-01
8.763829769999999826e+02 7.895752299999999613e-01
8.766838289999999461e+02 7.955862960000000816e-01
8.769846810000000232e+02 8.015410510000000599e-01
8.772855339999999842e+02 8.074394970000000615e-01
8.775863859999999477e+02 8.132745940000000173e-01
8.778872390000000223e+02 8.190533810000000248e-01
8.781880909999999858e+02 8.247617820000000544e-01
8.784889429999999493e+02 8.303997949999999406e-01
8.787897960000000239e+02 8.359744590000000031e-01
8.790906479999999874e+02 8.414716979999999902e-01
8.793914999999999509e+02 8.468985500000000277e-01
8.796923530000000255e+02 8.522479750000000465e-01
8.799932049999999890e+02 8.575199749999999899e-01
8.802940579999999500e+02 8.627075100000000107e-01
8.805949100000000271e+02 8.678176200000000673e-01
8.808957619999999906e+02 8.728362259999999928e-01
8.811966149999999516e+02 8.777633280000000093e-01
8.814974670000000287e+02 8.826059659999999640e-01
8.817983189999999922e+02 8.873571009999999815e-01
8.820991719999999532e+02 8.920026549999999776e-01
8.824000240000000304e+02 8.965567049999999538e-01
8.827008769999999913e+02 9.010051749999999915e-01
8.830017289999999548e+02 9.053551029999999944e-01
8.833025810000000320e+02 9.095924109999999896e-01
8.836034339999999929e+02 9.137241379999999635e-01
8.839042859999999564e+02 9.177432460000000125e-01
8.842051380000000336e+02 9.216497349999999145e-01
8.845059909999999945e+02 9.254436040000000308e-01
8.848068429999999580e+02 9.291107759999999161e-01
8.851076960000000327e+02 9.326582900000000009e-01
8.854085479999999961e+02 9.360791070000000769e-01
8.857093999999999596e+02 9.393732270000000328e-01
8.860102530000000343e+02 9.425406499999999799e-01
8.863111049999999977e+02 9.455743369999999315e-01
8.866119579999999587e+02 9.484672510000000667e-01
8.869128100000000359e+02 9.512334669999999992e-01
8.872136619999999994e+02 9.538518700000000461e-01
8.875145149999999603e+02 9.563294989999999718e-01
8.878153670000000375e+02 9.586663530000000266e-01
8.881162190000000010e+02 9.608483549999999873e-01
8.884170719999999619e+02 9.628895840000000206e-01
8.887179240000000391e+02 9.647759599999999880e-01
8.890187770000000000e+02 9.665074850000000550e-01
8.893196289999999635e+02 9.680841580000000279e-01
8.896204810000000407e+02 9.694989400000000312e-01
8.899213340000000017e+02 9.707518320000000367e-01
8.902221859999999651e+02 9.718498719999999480e-01
8.905230380000000423e+02 9.727789820000000143e-01
8.908238910000000033e+02 9.735391640000000679e-01
8.911247429999999667e+02 9.741374550000000410e-01
8.914255960000000414e+02 9.745597779999999322e-01
8.917264480000000049e+02 9.748131720000000611e-01
8.920272999999999683e+02 9.748905979999999971e-01
8.923281530000000430e+02 9.747990949999999488e-01
8.926290050000000065e+02 9.745245849999999432e-01
8.929298569999999700e+02 9.740741069999999668e-01
8.932307100000000446e+02 9.734476610000000196e-01
8.935315620000000081e+02 9.726311690000000176e-01
8.938324149999999690e+02 9.716457490000000030e-01
8.941332670000000462e+02 9.704702830000000446e-01
8.944341190000000097e+02 9.691118099999999069e-01
8.947349719999999706e+02 9.675703310000000057e-01
8.950358240000000478e+02 9.658388070000000214e-01
8.953366760000000113e+02 9.639242749999999971e-01
8.956375289999999723e+02 9.618267369999999872e-01
8.959383810000000494e+02 9.595391540000000052e-01
8.962392340000000104e+02 9.570615249999999685e-01
8.965400859999999739e+02 9.544008900000000573e-01
8.968409380000000510e+02 9.515502090000000912e-01
8.971417910000000120e+02 9.485165220000000286e-01
8.974426429999999755e+02 9.452857499999999247e-01
8.977434950000000526e+02 9.418790100000000720e-01
8.980443480000000136e+02 9.382751870000000105e-01
8.983451999999999771e+02 9.344883569999999917e-01
8.986460530000000517e+02 9.305185199999999046e-01
8.989469050000000152e+02 9.263586369999999848e-01
8.992477569999999787e+02 9.220157480000000794e-01
8.995486100000000533e+02 9.174898529999999663e-01
8.998494620000000168e+02 9.127879890000000218e-01
9.001503149999999778e+02 9.078960799999999942e-01
9.004511670000000549e+02 9.028282029999999958e-01
9.007520190000000184e+02 8.975773190000000401e-01
9.010528719999999794e+02 8.921575069999999608e-01
9.013537240000000565e+02 8.865546869999999524e-01
9.016545760000000200e+02 8.807829380000000707e-01
9.019554289999999810e+02 8.748352219999999679e-01
9.022562809999999445e+02 8.687256140000000348e-01
9.025571340000000191e+02 8.624400389999999916e-01
9.028579859999999826e+02 8.559996120000000763e-01
9.031588379999999461e+02 8.493902559999999546e-01
9.034596910000000207e+02 8.426190090000000854e-01
9.037605429999999842e+02 8.356929109999999827e-01
9.040613949999999477e+02 8.286119600000000363e-01
9.043622480000000223e+02 8.213831970000000648e-01
9.046630999999999858e+02 8.140066210000000968e-01
9.049639529999999468e+02 8.064822310000000494e-01
9.052648050000000239e+02 7.988170669999999918e-01
9.055656569999999874e+02 7.910111290000000350e-01
9.058665099999999484e+02 7.830714549999999718e-01
9.061673620000000255e+02 7.750050840000000107e-01
9.064682139999999890e+02 7.668049780000000260e-01
9.067690669999999500e+02 7.584852129999999359e-01
9.070699190000000272e+02 7.500457899999999345e-01
9.073707719999999881e+02 7.414867089999999106e-01
9.076716239999999516e+02 7.328150079999999900e-01
9.079724760000000288e+02 7.240447660000000063e-01
9.082733289999999897e+02 7.151619040000000149e-01
9.085741809999999532e+02 7.061875380000000035e-01
9.088750330000000304e+02 6.971188539999999545e-01
9.091758859999999913e+02 6.879593699999999590e-01
9.094767379999999548e+02 6.787154220000000127e-01
9.097775910000000295e+02 6.693919360000000207e-01
9.100784429999999929e+02 6.599931359999999803e-01
9.103792949999999564e+02 6.505246519999999810e-01
9.106801480000000311e+02 6.409914130000000654e-01
9.109809999999999945e+02 6.313983439999999447e-01
9.112818529999999555e+02 6.217496690000000603e-01
9.115827050000000327e+02 6.120517239999999637e-01
9.118835569999999962e+02 6.023094340000000324e-01
9.121844099999999571e+02 5.925284320000000493e-01
9.124852620000000343e+02 5.827129389999999853e-01
9.127861139999999978e+02 5.728692919999999189e-01
9.130869669999999587e+02 5.630017130000000147e-01
9.133878190000000359e+02 5.531172420000000090e-01
9.136886719999999968e+02 5.432200999999999835e-01
9.139895239999999603e+02 5.333159200000000544e-01
9.142903760000000375e+02 5.234110359999999407e-01
9.145912289999999985e+02 5.135096719999999726e-01
9.148920809999999619e+02 5.036181610000000086e-01
9.151929330000000391e+02 4.937414320000000356e-01
9.154937860000000001e+02 4.838858189999999948e-01
9.157946379999999635e+02 4.740562500000000123e-01
9.160954910000000382e+02 4.642576499999999662e-01
9.163963430000000017e+02 4.544963560000000458e-01
9.166971949999999651e+02 4.447772939999999897e-01
9.169980480000000398e+02 4.351068000000000158e-01
9.172989000000000033e+02 4.254890949999999838e-01
9.175997519999999668e+02 4.159298120000000099e-01
9.179006050000000414e+02 4.064345819999999887e-01
9.182014570000000049e+02 3.970076269999999741e-01
9.185023099999999658e+02 3.876559860000000080e-01
9.188031620000000430e+02 3.783831789999999584e-01
9.191040140000000065e+02 3.691955399999999887e-01
9.194048669999999674e+02 3.600972940000000122e-01
9.197057190000000446e+02 3.510926619999999998e-01
9.200065710000000081e+02 3.421879790000000310e-01
9.203074239999999691e+02 3.333874700000000191e-01
9.206082760000000462e+02 3.246960609999999803e-01
9.209091290000000072e+02 3.161179759999999672e-01
9.212099809999999707e+02 3.076581409999999961e-01
9.215108330000000478e+02 2.993200750000000188e-01
9.218116860000000088e+02 2.911094109999999846e-01
9.221125379999999723e+02 2.830289619999999950e-01
9.224133900000000494e+02 2.750843609999999995e-01
9.227142430000000104e+02 2.672784230000000427e-01
9.230150949999999739e+02 2.596153710000000392e-01
9.233159480000000485e+02 2.520994280000000143e-01
9.236168000000000120e+02 2.447341130000000031e-01
9.239176519999999755e+02 2.375222429999999940e-01
9.242185050000000501e+02 2.304673359999999949e-01
9.245193570000000136e+02 2.235736150000000033e-01
9.248202099999999746e+02 2.168431929999999896e-01
9.251210620000000517e+02 2.102795889999999890e-01
9.254219140000000152e+02 2.038849130000000009e-01
9.257227669999999762e+02 1.976626870000000036e-01
9.260236190000000533e+02 1.916150199999999970e-01
9.263244710000000168e+02 1.857440250000000070e-01
9.266253239999999778e+02 1.800525179999999947e-01
9.269261760000000550e+02 1.745419059999999967e-01
9.272270290000000159e+02 1.692150040000000022e-01
9.275278809999999794e+02 1.640725170000000011e-01
9.278287330000000566e+02 1.591158510000000026e-01
9.281295860000000175e+02 1.543478239999999946e-01
9.284304379999999810e+02 1.497691379999999961e-01
9.287312899999999445e+02 1.453797930000000072e-01
9.290321430000000191e+02 1.411819019999999980e-01
9.293329949999999826e+02 1.371754629999999975e-01
9.296338479999999436e+02 1.333618860000000128e-01
9.299347000000000207e+02 1.297404659999999987e-01
9.302355519999999842e+02 1.263126100000000196e-01
9.305364049999999452e+02 1.230769110000000111e-01
9.308372570000000223e+02 1.200347769999999953e-01
9.311381089999999858e+02 1.171847999999999917e-01
9.314389619999999468e+02 1.145276840000000046e-01
9.317398140000000240e+02 1.120613179999999931e-01
9.320406669999999849e+02 1.097857000000000000e-01
9.323415189999999484e+02 1.077001280000000061e-01
9.326423710000000256e+02 1.058024899999999990e-01
9.329432239999999865e+02 1.040927849999999932e-01
9.332440759999999500e+02 1.025681989999999988e-01
9.335449280000000272e+02 1.012280269999999982e-01
9.338457809999999881e+02 1.000701580000000063e-01
9.341466329999999516e+02 9.909247969999999961e-02
9.344474860000000263e+02 9.829358529999999983e-02
9.347483379999999897e+02 9.766995480000000007e-02
9.350491899999999532e+02 9.721947690000000419e-02
9.353500430000000279e+02 9.694003980000000242e-02
9.356508949999999913e+02 9.682882800000000567e-02
9.359517469999999548e+02 9.688232230000000389e-02
9.362526000000000295e+02 9.709841090000000119e-02
9.365534519999999929e+02 9.747287070000000553e-02
9.368543049999999539e+02 9.800359009999999593e-02
9.371551570000000311e+02 9.868564179999998742e-02
9.374560089999999946e+02 9.951691440000000333e-02
9.377568619999999555e+02 1.004924810000000085e-01
9.380577140000000327e+02 1.016088210000000019e-01
9.383585669999999936e+02 1.028617129999999935e-01
9.386594189999999571e+02 1.042483410000000082e-01
9.389602710000000343e+02 1.057630729999999991e-01
9.392611239999999952e+02 1.074016859999999962e-01
9.395619759999999587e+02 1.091606620000000055e-01
9.398628280000000359e+02 1.110343689999999939e-01
9.401636809999999969e+02 1.130192869999999961e-01
9.404645329999999603e+02 1.151097860000000056e-01
9.407653860000000350e+02 1.173016429999999971e-01
9.410662379999999985e+02 1.195892269999999924e-01
9.413670899999999619e+02 1.219683130000000088e-01
9.416679430000000366e+02 1.244339760000000017e-01
9.419687950000000001e+02 1.269798799999999894e-01
9.422696469999999636e+02 1.296018030000000154e-01
9.425705000000000382e+02 1.322948160000000095e-01
9.428713520000000017e+02 1.350525860000000022e-01
9.431722049999999626e+02 1.378701850000000062e-01
9.434730570000000398e+02 1.407426860000000057e-01
9.437739090000000033e+02 1.436637540000000046e-01
9.440747619999999642e+02 1.466291660000000052e-01
9.443756140000000414e+02 1.496318829999999933e-01
9.446764660000000049e+02 1.526676819999999990e-01
9.449773189999999659e+02 1.557302279999999983e-01
9.452781710000000430e+02 1.588145940000000034e-01
9.455790240000000040e+02 1.619151500000000077e-01
9.458798759999999675e+02 1.650255589999999883e-01
9.461807280000000446e+02 1.681408959999999841e-01
9.464815810000000056e+02 1.712548239999999999e-01
9.467824329999999691e+02 1.743631220000000093e-01
9.470832850000000462e+02 1.774594540000000165e-01
9.473841380000000072e+02 1.805381899999999873e-01
9.476849899999999707e+02 1.835936970000000001e-01
9.479858430000000453e+02 1.866217540000000008e-01
9.482866950000000088e+02 1.896153199999999761e-01
9.485875469999999723e+02 1.925701739999999829e-01
9.488884000000000469e+02 1.954806839999999879e-01
9.491892520000000104e+02 1.983412190000000130e-01
9.494901039999999739e+02 2.011468520000000149e-01
9.497909570000000485e+02 2.038926560000000054e-01
9.500918090000000120e+02 2.065729999999999789e-01
9.503926619999999730e+02 2.091836600000000213e-01
9.506935140000000501e+02 2.117190059999999874e-01
9.509943660000000136e+02 2.141741110000000003e-01
9.512952189999999746e+02 2.165447520000000070e-01
9.515960710000000518e+02 2.188260000000000205e-01
9.518969240000000127e+02 2.210129299999999963e-01
9.521977759999999762e+02 2.231020210000000115e-01
9.524986280000000534e+02 2.250876440000000034e-01
9.527994810000000143e+02 2.269655740000000033e-01
9.531003329999999778e+02 2.287329959999999940e-01
9.534011850000000550e+02 2.303842789999999974e-01
9.537020380000000159e+02 2.319159040000000060e-01
9.540028899999999794e+02 2.333243510000000132e-01
9.543037430000000541e+02 2.346061019999999830e-01
9.546045950000000175e+02 2.357569319999999746e-01
9.549054469999999810e+02 2.367733230000000078e-01
9.552063000000000557e+02 2.376524589999999826e-01
9.555071520000000191e+02 2.383901169999999847e-01
9.558080039999999826e+02 2.389841849999999879e-01
9.561088569999999436e+02 2.394318470000000032e-01
9.564097090000000208e+02 2.397295849999999950e-01
9.567105619999999817e+02 2.398745820000000029e-01
9.570114139999999452e+02 2.398647279999999993e-01
9.573122660000000224e+02 2.396972069999999955e-01
9.576131189999999833e+02 2.393706100000000114e-01
9.579139709999999468e+02 2.388821230000000018e-01
9.582148230000000240e+02 2.382296339999999957e-01
9.585156759999999849e+02 2.374117349999999849e-01
9.588165279999999484e+02 2.364270179999999888e-01
9.591173810000000231e+02 2.352726689999999898e-01
9.594182329999999865e+02 2.339486859999999890e-01
9.597190849999999500e+02 2.324536619999999776e-01
9.600199380000000247e+02 2.307854859999999841e-01
9.603207899999999881e+02 2.289441569999999815e-01
9.606216419999999516e+02 2.269289720000000066e-01
9.609224950000000263e+02 2.247385230000000234e-01
9.612233469999999897e+02 2.223728100000000041e-01
9.615241999999999507e+02 2.198318330000000043e-01
9.618250520000000279e+02 2.171155919999999961e-01
9.621259039999999914e+02 2.142226779999999997e-01
9.624267569999999523e+02 2.111545009999999944e-01
9.627276090000000295e+02 2.079110600000000086e-01
9.630284609999999930e+02 2.044923550000000145e-01
9.633293139999999539e+02 2.008990890000000029e-01
9.636301660000000311e+02 1.971326710000000093e-01
9.639310189999999920e+02 1.931931010000000060e-01
9.642318709999999555e+02 1.890817860000000017e-01
9.645327230000000327e+02 1.848001330000000053e-01
9.648335759999999937e+02 1.803488479999999783e-01
9.651344279999999571e+02 1.757293369999999855e-01
9.654352810000000318e+02 1.709437129999999971e-01
9.657361329999999953e+02 1.659933830000000221e-01
9.660369849999999587e+02 1.608797539999999859e-01
9.663378380000000334e+02 1.556056429999999879e-01
9.666386899999999969e+02 1.501724560000000097e-01
9.669395419999999604e+02 1.445830100000000118e-01
9.672403950000000350e+02 1.388387130000000025e-01
9.675412469999999985e+02 1.329430819999999902e-01
9.678420999999999594e+02 1.268975270000000100e-01
9.681429520000000366e+02 1.207055669999999997e-01
9.684438040000000001e+02 1.143700170000000044e-01
9.687446569999999610e+02 1.078929889999999947e-01
9.690455090000000382e+02 1.012787059999999961e-01
9.693463610000000017e+02 9.452927889999999944e-02
9.696472139999999627e+02 8.764822820000001125e-02
9.699480660000000398e+02 8.063907279999998901e-02
9.702489190000000008e+02 7.350533210000000095e-02
9.705497709999999643e+02 6.624968080000000203e-02
9.708506230000000414e+02 5.887669410000000159e-02
9.711514760000000024e+02 5.138975050000000461e-02
9.714523279999999659e+02 4.379251020000000244e-02
9.717531800000000430e+02 3.608891490000000479e-02
9.720540330000000040e+02 2.828290630000000055e-02
9.723548849999999675e+02 2.037849640000000129e-02
9.726557380000000421e+02 1.237969719999999947e-02
9.729565900000000056e+02 4.290767299999999687e-03
9.732574419999999691e+02 -3.884147599999999458e-03
9.735582950000000437e+02 -1.214073269999999850e-02
9.738591470000000072e+02 -2.047464519999999885e-02
9.741599989999999707e+02 -2.888154919999999862e-02
9.744608520000000453e+02 -3.735693999999999820e-02
9.747617040000000088e+02 -4.589624230000000082e-02
9.750625569999999698e+02 -5.449502170000000006e-02
9.753634090000000469e+02 -6.314870320000000314e-02
9.756642610000000104e+02 -7.185264109999998927e-02
9.759651139999999714e+02 -8.060176759999999885e-02
9.762659660000000486e+02 -8.939242250000001277e-02
9.765668180000000120e+02 -9.821827099999999588e-02
9.768676709999999730e+02 -1.070757940000000019e-01
9.771685230000000502e+02 -1.159600640000000016e-01
9.774693760000000111e+02 -1.248661529999999936e-01
9.777702279999999746e+02 -1.337891359999999752e-01
9.780710800000000518e+02 -1.427240850000000005e-01
9.783719330000000127e+02 -1.516660719999999851e-01
9.786727849999999762e+02 -1.606101709999999960e-01
9.789736380000000509e+02 -1.695521589999999801e-01
9.792744900000000143e+02 -1.784864029999999879e-01
9.795753419999999778e+02 -1.874079780000000028e-01
9.798761950000000525e+02 -1.963126609999999994e-01
9.801770470000000159e+02 -2.051955229999999908e-01
9.804778989999999794e+02 -2.140509339999999983e-01
9.807787520000000541e+02 -2.228746709999999964e-01
9.810796040000000175e+02 -2.316618059999999979e-01
9.813804569999999785e+02 -2.404067089999999962e-01
9.816813090000000557e+02 -2.491051569999999660e-01
9.819821610000000192e+02 -2.577529260000000488e-01
9.822830139999999801e+02 -2.663443850000000168e-01
9.825838659999999436e+02 -2.748753110000000111e-01
9.828847180000000208e+02 -2.833400739999999973e-01
9.831855709999999817e+02 -2.917344489999999513e-01
9.834864229999999452e+02 -3.000542130000000141e-01
9.837872760000000198e+02 -3.082944409999999746e-01
9.840881279999999833e+02 -3.164502030000000410e-01
9.843889799999999468e+02 -3.245165740000000021e-01
9.846898330000000215e+02 -3.324900339999999899e-01
9.849906849999999849e+02 -3.403656549999999892e-01
9.852915369999999484e+02 -3.481385120000000111e-01
9.855923900000000231e+02 -3.558043790000000040e-01
9.858932419999999865e+02 -3.633590349999999969e-01
9.861940949999999475e+02 -3.707982559999999927e-01
9.864949470000000247e+02 -3.781178190000000217e-01
9.867957989999999882e+02 -3.853127969999999847e-01
9.870966519999999491e+02 -3.923796700000000137e-01
9.873975040000000263e+02 -3.993142150000000279e-01
9.876983559999999898e+02 -4.061122090000000018e-01
9.879992089999999507e+02 -4.127701319999999563e-01
9.883000610000000279e+02 -4.192830579999999863e-01
9.886009139999999888e+02 -4.256481699999999924e-01
9.889017659999999523e+02 -4.318612470000000036e-01
9.892026180000000295e+02 -4.379180639999999958e-01
9.895034709999999905e+02 -4.438151020000000169e-01
9.898043229999999539e+02 -4.495488409999999768e-01
9.901051750000000311e+02 -4.551164670000000245e-01
9.904060279999999921e+02 -4.605137559999999963e-01
9.907068799999999555e+02 -4.657371889999999959e-01
9.910077330000000302e+02 -4.707832459999999886e-01
9.913085849999999937e+02 -4.756498150000000313e-01
9.916094369999999572e+02 -4.803326740000000150e-01
9.919102900000000318e+02 -4.848290070000000340e-01
9.922111419999999953e+02 -4.891359990000000435e-01
9.925119949999999562e+02 -4.932501300000000088e-01
9.928128470000000334e+02 -4.971692880000000425e-01
9.931136989999999969e+02 -5.008899540000000261e-01
9.934145519999999578e+02 -5.044107209999999508e-01
9.937154040000000350e+02 -5.077273649999999305e-01
9.940162559999999985e+02 -5.108384780000000402e-01
9.943171089999999595e+02 -5.137412459999999292e-01
9.946179610000000366e+02 -5.164328510000000261e-01
9.949188139999999976e+02 -5.189125919999999503e-01
9.952196659999999611e+02 -5.211769470000000570e-01
9.955205180000000382e+02 -5.232238059999999580e-01
9.958213709999999992e+02 -5.250524650000000237e-01
9.961222229999999627e+02 -5.266601089999999319e-01
9.964230750000000398e+02 -5.280453279999999250e-01
9.967239280000000008e+02 -5.292060130000000306e-01
9.970247799999999643e+02 -5.301407550000000191e-01
9.973256330000000389e+02 -5.308488499999999277e-01
9.976264850000000024e+02 -5.313281859999999801e-01
9.979273369999999659e+02 -5.315780609999999351e-01
9.982281900000000405e+02 -5.315970650000000353e-01
9.985290420000000040e+02 -5.313837920000000770e-01
9.988298939999999675e+02 -5.309382409999999775e-01
9.991307470000000421e+02 -5.302590050000000055e-01
9.994315990000000056e+02 -5.293453790000000048e-01
9.997324519999999666e+02 -5.281966610000000673e-01
1.000033300000000054e+03 -5.268135529999999900e-01
1.000334159999999997e+03 -5.251939439999999681e-01
1.000635009999999966e+03 -5.233392409999999551e-01
1.000935860000000048e+03 -5.212480380000000801e-01
1.001236710000000016e+03 -5.189210380000000011e-01
1.001537569999999960e+03 -5.163582409999999401e-01
1.001838420000000042e+03 -5.135596470000000080e-01
1.002139270000000010e+03 -5.105259589999999736e-01
1.002440119999999979e+03 -5.072578820000001043e-01
1.002740980000000036e+03 -5.037554159999999559e-01
1.003041830000000004e+03 -5.000199690000000086e-01
1.003342679999999973e+03 -4.960522430000000038e-01
1.003643530000000055e+03 -4.918522399999999961e-01
1.003944380000000024e+03 -4.874220709999999568e-01
1.004245239999999967e+03 -4.827631440000000329e-01
1.004546090000000049e+03 -4.778761619999999932e-01
1.004846940000000018e+03 -4.727625329999999848e-01
1.005147789999999986e+03 -4.674243690000000062e-01
1.005448650000000043e+03 -4.618637820000000005e-01
1.005749500000000012e+03 -4.560814750000000140e-01
1.006050349999999980e+03 -4.500802639999999522e-01
1.006351199999999949e+03 -4.438622609999999802e-01
1.006652060000000006e+03 -4.374288729999999958e-01
1.006952909999999974e+03 -4.307836189999999510e-01
1.007253760000000057e+03 -4.239286119999999825e-01
1.007554610000000025e+03 -4.168659619999999788e-01
1.007855469999999968e+03 -4.095984860000000394e-01
1.008156320000000051e+03 -4.021304059999999958e-01
1.008457170000000019e+03 -3.944631299999999952e-01
1.008758019999999988e+03 -3.866001780000000165e-01
1.009058880000000045e+03 -3.785450699999999835e-01
1.009359730000000013e+03 -3.703013229999999600e-01
1.009660579999999982e+03 -3.618724580000000079e-01
1.009961429999999950e+03 -3.532612909999999773e-01
1.010262280000000032e+03 -3.444727470000000236e-01
1.010563139999999976e+03 -3.355096439999999958e-01
1.010863989999999944e+03 -3.263762030000000314e-01
1.011164840000000027e+03 -3.170766490000000437e-01
1.011465689999999995e+03 -3.076159079999999935e-01
1.011766550000000052e+03 -2.979967960000000082e-01
1.012067400000000021e+03 -2.882249439999999829e-01
1.012368249999999989e+03 -2.783045749999999985e-01
1.012669099999999958e+03 -2.682399120000000248e-01
1.012969960000000015e+03 -2.580365860000000122e-01
1.013270809999999983e+03 -2.476981169999999954e-01
1.013571659999999952e+03 -2.372308399999999984e-01
1.013872510000000034e+03 -2.266396810000000095e-01
1.014173369999999977e+03 -2.159281600000000079e-01
1.014474219999999946e+03 -2.051033150000000083e-01
1.014775070000000028e+03 -1.941700749999999975e-01
1.015075919999999996e+03 -1.831333649999999924e-01
1.015376780000000053e+03 -1.719988169999999983e-01
1.015677630000000022e+03 -1.607727660000000114e-01
1.015978479999999990e+03 -1.494594340000000021e-01
1.016279329999999959e+03 -1.380658609999999842e-01
1.016580180000000041e+03 -1.265969740000000010e-01
1.016881039999999985e+03 -1.150591079999999933e-01
1.017181889999999953e+03 -1.034578930000000091e-01
1.017482740000000035e+03 -9.179966400000000304e-02
1.017783590000000004e+03 -8.009075660000000707e-02
1.018084449999999947e+03 -6.833609759999999256e-02
1.018385300000000029e+03 -5.654286630000000119e-02
1.018686149999999998e+03 -4.471683469999999938e-02
1.018986999999999966e+03 -3.286433739999999881e-02
1.019287860000000023e+03 -2.099156870000000105e-02
1.019588709999999992e+03 -9.104863280000000114e-03
1.019889559999999960e+03 2.789514329999999865e-03
1.020190410000000043e+03 1.468522929999999983e-02
1.020491269999999986e+03 2.657594679999999987e-02
1.020792119999999954e+03 3.845533190000000046e-02
1.021092970000000037e+03 5.031704990000000072e-02
1.021393820000000005e+03 6.215462499999999807e-02
1.021694679999999948e+03 7.396214490000001252e-02
1.021995530000000031e+03 8.573228909999999758e-02
1.022296379999999999e+03 9.745949720000000871e-02
1.022597229999999968e+03 1.091374339999999915e-01
1.022898080000000050e+03 1.207604689999999953e-01
1.023198939999999993e+03 1.323208600000000124e-01
1.023499789999999962e+03 1.438129750000000096e-01
1.023800640000000044e+03 1.552311829999999948e-01
1.024101490000000013e+03 1.665691499999999992e-01
1.024402350000000069e+03 1.778198370000000084e-01
1.024703199999999924e+03 1.889790199999999976e-01
1.025004050000000007e+03 2.000389580000000167e-01
1.025304900000000089e+03 2.109954259999999859e-01
1.025605759999999918e+03 2.218413870000000010e-01
1.025906610000000001e+03 2.325712090000000010e-01
1.026207460000000083e+03 2.431799639999999985e-01
1.026508309999999938e+03 2.536613189999999962e-01
1.026809169999999995e+03 2.640103460000000068e-01
1.027110020000000077e+03 2.742221179999999592e-01
1.027410869999999932e+03 2.842903010000000230e-01
1.027711720000000014e+03 2.942099660000000450e-01
1.028012580000000071e+03 3.039768909999999713e-01
1.028313429999999926e+03 3.135847410000000002e-01
1.028614280000000008e+03 3.230307009999999757e-01
1.028915130000000090e+03 3.323084350000000131e-01
1.029215979999999945e+03 3.414144239999999941e-01
1.029516840000000002e+03 3.503437420000000135e-01
1.029817690000000084e+03 3.590921649999999632e-01
1.030118539999999939e+03 3.676554690000000125e-01
1.030419390000000021e+03 3.760301360000000148e-01
1.030720250000000078e+03 3.842126450000000193e-01
1.031021099999999933e+03 3.921987749999999995e-01
1.031321950000000015e+03 3.999850050000000046e-01
1.031622800000000097e+03 4.075685190000000180e-01
1.031923659999999927e+03 4.149458000000000313e-01
1.032224510000000009e+03 4.221140300000000289e-01
1.032525360000000092e+03 4.290703949999999933e-01
1.032826209999999946e+03 4.358120790000000189e-01
1.033127070000000003e+03 4.423376750000000412e-01
1.033427920000000086e+03 4.486436619999999986e-01
1.033728769999999940e+03 4.547286340000000204e-01
1.034029620000000023e+03 4.605904780000000254e-01
1.034330480000000080e+03 4.662277870000000046e-01
1.034631329999999934e+03 4.716391540000000049e-01
1.034932180000000017e+03 4.768231700000000184e-01
1.035233030000000099e+03 4.817784270000000091e-01
1.035533879999999954e+03 4.865042219999999862e-01
1.035834740000000011e+03 4.910005549999999497e-01
1.036135590000000093e+03 4.952660190000000018e-01
1.036436439999999948e+03 4.993006119999999770e-01
1.036737290000000030e+03 5.031050389999999206e-01
1.037038150000000087e+03 5.066778920000000186e-01
1.037338999999999942e+03 5.100205789999999739e-01
1.037639850000000024e+03 5.131331000000000087e-01
1.037940700000000106e+03 5.160168630000000478e-01
1.038241559999999936e+03 5.186725709999999712e-01
1.038542410000000018e+03 5.211002249999999725e-01
1.038843260000000100e+03 5.233026399999999301e-01
1.039144109999999955e+03 5.252812239999999910e-01
1.039444970000000012e+03 5.270359760000000726e-01
1.039745820000000094e+03 5.285711199999999499e-01
1.040046669999999949e+03 5.298866570000000387e-01
1.040347520000000031e+03 5.309861049999999860e-01
1.040648370000000114e+03 5.318722790000000034e-01
1.040949229999999943e+03 5.325465879999999874e-01
1.041250080000000025e+03 5.330125519999999728e-01
1.041550930000000108e+03 5.332722799999999319e-01
1.041851779999999962e+03 5.333307019999999898e-01
1.042152640000000019e+03 5.331899270000000080e-01
1.042453490000000102e+03 5.328534759999999926e-01
1.042754339999999956e+03 5.323248689999999783e-01
1.043055190000000039e+03 5.316083270000000471e-01
1.043356050000000096e+03 5.307080749999999458e-01
1.043656899999999951e+03 5.296276320000000704e-01
1.043957750000000033e+03 5.283719249999999645e-01
1.044258599999999888e+03 5.269444729999999133e-01
1.044559459999999945e+03 5.253502030000000156e-01
1.044860310000000027e+03 5.235940430000000090e-01
1.045161160000000109e+03 5.216809190000000207e-01
1.045462009999999964e+03 5.196150559999999086e-01
1.045762870000000021e+03 5.174013790000000501e-01
1.046063720000000103e+03 5.150455200000000344e-01
1.046364569999999958e+03 5.125531100000000340e-01
1.046665420000000040e+03 5.099283720000000741e-01
1.046966269999999895e+03 5.071769369999999943e-01
1.047267129999999952e+03 5.043051400000000406e-01
1.047567980000000034e+03 5.013179079999999788e-01
1.047868829999999889e+03 4.982208720000000368e-01
1.048169679999999971e+03 4.950189600000000079e-01
1.048470540000000028e+03 4.917192089999999904e-01
1.048771390000000110e+03 4.883265459999999725e-01
1.049072239999999965e+03 4.848473080000000324e-01
1.049373090000000047e+03 4.812871249999999823e-01
1.049673950000000104e+03 4.776516269999999675e-01
1.049974799999999959e+03 4.739464460000000212e-01
1.050275650000000041e+03 4.701779159999999735e-01
1.050576499999999896e+03 4.663523729999999867e-01
1.050877359999999953e+03 4.624754469999999840e-01
1.051178210000000036e+03 4.585520650000000087e-01
1.051479059999999890e+03 4.545892670000000191e-01
1.051779909999999973e+03 4.505926829999999939e-01
1.052080770000000030e+03 4.465679439999999945e-01
1.052381620000000112e+03 4.425206810000000268e-01
1.052682469999999967e+03 4.384565260000000131e-01
1.052983320000000049e+03 4.343818120000000338e-01
1.053284169999999904e+03 4.303014669999999930e-01
1.053585029999999961e+03 4.262218260000000258e-01
1.053885880000000043e+03 4.221478160000000091e-01
1.054186729999999898e+03 4.180850680000000041e-01
1.054487579999999980e+03 4.140385089999999990e-01
1.054788440000000037e+03 4.100137699999999996e-01
1.055089289999999892e+03 4.060164820000000119e-01
1.055390139999999974e+03 4.020508680000000057e-01
1.055690990000000056e+03 3.981218559999999962e-01
1.055991850000000113e+03 3.942350760000000176e-01
1.056292699999999968e+03 3.903947509999999843e-01
1.056593550000000050e+03 3.866051059999999762e-01
1.056894399999999905e+03 3.828717689999999729e-01
1.057195259999999962e+03 3.791975590000000174e-01
1.057496110000000044e+03 3.755881040000000337e-01
1.057796959999999899e+03 3.720462210000000103e-01
1.058097809999999981e+03 3.685768369999999905e-01
1.058398670000000038e+03 3.651834709999999817e-01
1.058699519999999893e+03 3.618689390000000006e-01
1.059000369999999975e+03 3.586374630000000452e-01
1.059301220000000058e+03 3.554918600000000484e-01
1.059602069999999912e+03 3.524363530000000355e-01
1.059902929999999969e+03 3.494723490000000155e-01
1.060203780000000052e+03 3.466033669999999955e-01
1.060504629999999906e+03 3.438322240000000196e-01
1.060805479999999989e+03 3.411610300000000318e-01
1.061106340000000046e+03 3.385918980000000023e-01
1.061407189999999900e+03 3.361269390000000135e-01
1.061708039999999983e+03 3.337682650000000084e-01
1.062008890000000065e+03 3.315179870000000140e-01
1.062309749999999894e+03 3.293761049999999746e-01
1.062610599999999977e+03 3.273461389999999804e-01
1.062911450000000059e+03 3.254273840000000417e-01
1.063212299999999914e+03 3.236212489999999997e-01
1.063513159999999971e+03 3.219291410000000297e-01
1.063814010000000053e+03 3.203510609999999925e-01
1.064114859999999908e+03 3.188877109999999626e-01
1.064415709999999990e+03 3.175390929999999945e-01
1.064716570000000047e+03 3.163052060000000054e-01
1.065017419999999902e+03 3.151860489999999682e-01
1.065318269999999984e+03 3.141816239999999927e-01
1.065619120000000066e+03 3.132905229999999874e-01
1.065919969999999921e+03 3.125127440000000090e-01
1.066220829999999978e+03 3.118475860000000099e-01
1.066521680000000060e+03 3.112929349999999928e-01
1.066822529999999915e+03 3.108487910000000132e-01
1.067123379999999997e+03 3.105137479999999783e-01
1.067424240000000054e+03 3.102849899999999828e-01
1.067725089999999909e+03 3.101625159999999992e-01
1.068025939999999991e+03 3.101428079999999921e-01
1.068326790000000074e+03 3.102251610000000270e-01
1.068627649999999903e+03 3.104067600000000038e-01
1.068928499999999985e+03 3.106847889999999612e-01
1.069229350000000068e+03 3.110578410000000016e-01
1.069530199999999923e+03 3.115231009999999690e-01
1.069831059999999979e+03 3.120777519999999861e-01
1.070131910000000062e+03 3.127189790000000080e-01
1.070432759999999917e+03 3.134432629999999720e-01
1.070733609999999999e+03 3.142477880000000279e-01
1.071034470000000056e+03 3.151297399999999915e-01
1.071335319999999911e+03 3.160855980000000232e-01
1.071636169999999993e+03 3.171118430000000044e-01
1.071937020000000075e+03 3.182049560000000388e-01
1.072237869999999930e+03 3.193614169999999808e-01
1.072538729999999987e+03 3.205770039999999987e-01
1.072839580000000069e+03 3.218496040000000114e-01
1.073140429999999924e+03 3.231735869999999844e-01
1.073441280000000006e+03 3.245454329999999943e-01
1.073742140000000063e+03 3.259616229999999781e-01
1.074042989999999918e+03 3.274186370000000124e-01
1.074343840000000000e+03 3.289108459999999790e-01
1.074644690000000082e+03 3.304354320000000289e-01
1.074945549999999912e+03 3.319881729999999975e-01
1.075246399999999994e+03 3.335641420000000079e-01
1.075547250000000076e+03 3.351598199999999972e-01
1.075848099999999931e+03 3.367709819999999965e-01
1.076148959999999988e+03 3.383927029999999614e-01
1.076449810000000070e+03 3.400214620000000521e-01
1.076750659999999925e+03 3.416530369999999928e-01
1.077051510000000007e+03 3.432824999999999904e-01
1.077352370000000064e+03 3.449063319999999822e-01
1.077653219999999919e+03 3.465210140000000161e-01
1.077954070000000002e+03 3.481209150000000307e-01
1.078254920000000084e+03 3.497025150000000471e-01
1.078555769999999939e+03 3.512615909999999841e-01
1.078856629999999996e+03 3.527946240000000011e-01
1.079157480000000078e+03 3.542973899999999898e-01
1.079458329999999933e+03 3.557656660000000359e-01
1.079759180000000015e+03 3.571959339999999927e-01
1.080060040000000072e+03 3.585846729999999649e-01
1.080360889999999927e+03 3.599276599999999826e-01
1.080661740000000009e+03 3.612206729999999921e-01
1.080962590000000091e+03 3.624608950000000052e-01
1.081263449999999921e+03 3.636455110000000324e-01
1.081564300000000003e+03 3.647695950000000020e-01
1.081865150000000085e+03 3.658310329999999722e-01
1.082165999999999940e+03 3.668256040000000273e-01
1.082466859999999997e+03 3.677511950000000307e-01
1.082767710000000079e+03 3.686042880000000022e-01
1.083068559999999934e+03 3.693827699999999714e-01
1.083369410000000016e+03 3.700824189999999958e-01
1.083670270000000073e+03 3.707011219999999940e-01
1.083971119999999928e+03 3.712374720000000128e-01
1.084271970000000010e+03 3.716879499999999892e-01
1.084572820000000092e+03 3.720497410000000449e-01
1.084873669999999947e+03 3.723221389999999964e-01
1.085174530000000004e+03 3.725023299999999926e-01
1.085475380000000087e+03 3.725889059999999975e-01
1.085776229999999941e+03 3.725790520000000217e-01
1.086077080000000024e+03 3.724720639999999916e-01
1.086377940000000081e+03 3.722658289999999925e-01
1.086678789999999935e+03 3.719596450000000054e-01
1.086979640000000018e+03 3.715521030000000224e-01
1.087280490000000100e+03 3.710417959999999793e-01
1.087581349999999929e+03 3.704280199999999690e-01
1.087882200000000012e+03 3.697100710000000290e-01
1.088183050000000094e+03 3.688872449999999747e-01
1.088483899999999949e+03 3.679588380000000103e-01
1.088784760000000006e+03 3.669248499999999691e-01
1.089085610000000088e+03 3.657845779999999714e-01
1.089386459999999943e+03 3.645380209999999899e-01
1.089687310000000025e+03 3.631858830000000427e-01
1.089988160000000107e+03 3.617267570000000099e-01
1.090289019999999937e+03 3.601627539999999739e-01
1.090589870000000019e+03 3.584931700000000276e-01
1.090890720000000101e+03 3.567187090000000227e-01
1.091191569999999956e+03 3.548407789999999951e-01
1.091492430000000013e+03 3.528593800000000003e-01
1.091793280000000095e+03 3.507759189999999916e-01
1.092094129999999950e+03 3.485911010000000143e-01
1.092394980000000032e+03 3.463063330000000217e-01
1.092695840000000089e+03 3.439230229999999944e-01
1.092996689999999944e+03 3.414418750000000058e-01
1.093297540000000026e+03 3.388657050000000170e-01
1.093598390000000109e+03 3.361952150000000472e-01
1.093899249999999938e+03 3.334318140000000485e-01
1.094200100000000020e+03 3.305783180000000376e-01
1.094500950000000103e+03 3.276361340000000233e-01
1.094801799999999957e+03 3.246066699999999861e-01
1.095102660000000014e+03 3.214934450000000443e-01
1.095403510000000097e+03 3.182978670000000121e-01
1.095704359999999951e+03 3.150213430000000092e-01
1.096005210000000034e+03 3.116680980000000045e-01
1.096306059999999889e+03 3.082388349999999888e-01
1.096606919999999946e+03 3.047363690000000069e-01
1.096907770000000028e+03 3.011642190000000108e-01
1.097208620000000110e+03 2.975237939999999526e-01
1.097509469999999965e+03 2.938186130000000063e-01
1.097810330000000022e+03 2.900514909999999946e-01
1.098111180000000104e+03 2.862238360000000092e-01
1.098412029999999959e+03 2.823398719999999917e-01
1.098712880000000041e+03 2.784017089999999972e-01
1.099013740000000098e+03 2.744121640000000140e-01
1.099314589999999953e+03 2.703747550000000222e-01
1.099615440000000035e+03 2.662915949999999921e-01
1.099916289999999890e+03 2.621654979999999968e-01
1.100217149999999947e+03 2.580006890000000053e-01
1.100518000000000029e+03 2.537985739999999990e-01
1.100818850000000111e+03 2.495633780000000301e-01
1.101119699999999966e+03 2.452965070000000247e-01
1.101420560000000023e+03 2.410028889999999979e-01
1.101721410000000105e+03 2.366839310000000141e-01
1.102022259999999960e+03 2.323431539999999962e-01
1.102323110000000042e+03 2.279833719999999897e-01
1.102623959999999897e+03 2.236074010000000112e-01
1.102924819999999954e+03 2.192180569999999940e-01
1.103225670000000036e+03 2.148181540000000112e-01
1.103526519999999891e+03 2.104105090000000233e-01
1.103827369999999974e+03 2.059986400000000106e-01
1.104128230000000030e+03 2.015839560000000086e-01
1.104429080000000113e+03 1.971706800000000148e-01
1.104729929999999968e+03 1.927595159999999919e-01
1.105030780000000050e+03 1.883546859999999934e-01
1.105331640000000107e+03 1.839583029999999897e-01
1.105632489999999962e+03 1.795731809999999984e-01
1.105933340000000044e+03 1.752007300000000267e-01
1.106234189999999899e+03 1.708444669999999999e-01
1.106535049999999956e+03 1.665058010000000088e-01
1.106835900000000038e+03 1.621875480000000147e-01
1.107136749999999893e+03 1.578911139999999991e-01
1.107437599999999975e+03 1.536200200000000238e-01
1.107738460000000032e+03 1.493756730000000144e-01
1.108039309999999887e+03 1.451594810000000069e-01
1.108340159999999969e+03 1.409742599999999901e-01
1.108641010000000051e+03 1.368214160000000013e-01
1.108941859999999906e+03 1.327023580000000202e-01
1.109242719999999963e+03 1.286199020000000082e-01
1.109543570000000045e+03 1.245747509999999975e-01
1.109844419999999900e+03 1.205683119999999969e-01
1.110145269999999982e+03 1.166026990000000041e-01
1.110446130000000039e+03 1.126793170000000011e-01
1.110746979999999894e+03 1.087988719999999909e-01
1.111047829999999976e+03 1.049634740000000011e-01
1.111348680000000058e+03 1.011738289999999929e-01
1.111649539999999888e+03 9.743063840000000531e-02
1.111950389999999970e+03 9.373601529999998905e-02
1.112251240000000053e+03 9.008925560000000110e-02
1.112552089999999907e+03 8.649317449999999186e-02
1.112852949999999964e+03 8.294706839999999026e-02
1.113153800000000047e+03 7.945234489999999927e-02
1.113454649999999901e+03 7.600970790000000088e-02
1.113755499999999984e+03 7.261986129999999096e-02
1.114056360000000041e+03 6.928259400000000290e-02
1.114357209999999895e+03 6.599910239999999539e-02
1.114658059999999978e+03 6.276959779999999323e-02
1.114958910000000060e+03 5.959436180000000222e-02
1.115259759999999915e+03 5.647374609999999961e-02
1.115560619999999972e+03 5.340789169999999447e-02
1.115861470000000054e+03 5.039700969999999502e-02
1.116162319999999909e+03 4.744117049999999752e-02
1.116463169999999991e+03 4.454044439999999688e-02
1.116764030000000048e+03 4.169483150000000138e-02
1.117064879999999903e+03 3.890433169999999580e-02
1.117365729999999985e+03 3.616880440000000418e-02
1.117666580000000067e+03 3.348810860000000361e-02
1.117967439999999897e+03 3.086210370000000078e-02
1.118268289999999979e+03 2.829057849999999999e-02
1.118569140000000061e+03 2.577325139999999890e-02
1.118869989999999916e+03 2.330984089999999995e-02
1.119170849999999973e+03 2.090006540000000079e-02
1.119471700000000055e+03 1.854357300000000069e-02
1.119772549999999910e+03 1.623994130000000133e-02
1.120073399999999992e+03 1.398888890000000128e-02
1.120374260000000049e+03 1.178985270000000064e-02
1.120675109999999904e+03 9.642480559999999645e-03
1.120975959999999986e+03 7.546350339999999789e-03
1.121276810000000069e+03 5.500990389999999182e-03
1.121577659999999923e+03 3.505879859999999973e-03
1.121878519999999980e+03 1.560561210000000051e-03
1.122179370000000063e+03 -3.354491110000000238e-04
1.122480219999999917e+03 -2.182650139999999829e-03
1.122781070000000000e+03 -3.981542339999999749e-03
1.123081930000000057e+03 -5.732606450000000270e-03
1.123382779999999912e+03 -7.436335180000000662e-03
1.123683629999999994e+03 -9.093249399999999566e-03
1.123984480000000076e+03 -1.070377850000000033e-02
1.124285339999999906e+03 -1.226841510000000086e-02
1.124586189999999988e+03 -1.378765200000000093e-02
1.124887040000000070e+03 -1.526191149999999927e-02
1.125187889999999925e+03 -1.669161590000000153e-02
1.125488749999999982e+03 -1.807725790000000096e-02
1.125789600000000064e+03 -1.941911909999999991e-02
1.126090449999999919e+03 -2.071769220000000203e-02
1.126391300000000001e+03 -2.197332910000000111e-02
1.126692160000000058e+03 -2.318631139999999952e-02
1.126993009999999913e+03 -2.435706129999999983e-02
1.127293859999999995e+03 -2.548586050000000228e-02
1.127594710000000077e+03 -2.657299049999999746e-02
1.127895559999999932e+03 -2.761866250000000189e-02
1.128196419999999989e+03 -2.862315790000000137e-02
1.128497270000000071e+03 -2.958668799999999988e-02
1.128798119999999926e+03 -3.050946389999999869e-02
1.129098970000000008e+03 -3.139155609999999541e-02
1.129399830000000065e+03 -3.223317560000000387e-02
1.129700679999999920e+03 -3.303446329999999709e-02
1.130001530000000002e+03 -3.379548940000000334e-02
1.130302380000000085e+03 -3.451632460000000208e-02
1.130603239999999914e+03 -3.519689819999999997e-02
1.130904089999999997e+03 -3.583742150000000098e-02
1.131204940000000079e+03 -3.643775380000000008e-02
1.131505789999999934e+03 -3.699796539999999911e-02
1.131806649999999991e+03 -3.751791549999999864e-02
1.132107500000000073e+03 -3.799760409999999866e-02
1.132408349999999928e+03 -3.843696089999999732e-02
1.132709200000000010e+03 -3.883584500000000078e-02
1.133010050000000092e+03 -3.919418610000000025e-02
1.133310909999999922e+03 -3.951184349999999762e-02
1.133611760000000004e+03 -3.978860589999999586e-02
1.133912610000000086e+03 -4.002447329999999498e-02
1.134213459999999941e+03 -4.021916429999999876e-02
1.134514319999999998e+03 -4.037260829999999440e-02
1.134815170000000080e+03 -4.048452389999999956e-02
1.135116019999999935e+03 -4.055484069999999719e-02
1.135416870000000017e+03 -4.058327709999999533e-02
1.135717730000000074e+03 -4.056976279999999907e-02
1.136018579999999929e+03 -4.051408649999999750e-02
1.136319430000000011e+03 -4.041610760000000080e-02
1.136620280000000093e+03 -4.027561480000000499e-02
1.136921139999999923e+03 -4.009246730000000369e-02
1.137221990000000005e+03 -3.986659489999999639e-02
1.137522840000000087e+03 -3.959785660000000179e-02
1.137823689999999942e+03 -3.928611180000000230e-02
1.138124549999999999e+03 -3.893129000000000034e-02
1.138425400000000081e+03 -3.853332090000000099e-02
1.138726249999999936e+03 -3.809227480000000610e-02
1.139027100000000019e+03 -3.760801099999999675e-02
1.139327950000000101e+03 -3.708059989999999695e-02
1.139628809999999930e+03 -3.651018220000000480e-02
1.139929660000000013e+03 -3.589675789999999950e-02
1.140230510000000095e+03 -3.524046790000000262e-02
1.140531359999999950e+03 -3.454145280000000401e-02
1.140832220000000007e+03 -3.379999420000000254e-02
1.141133070000000089e+03 -3.301637369999999710e-02
1.141433919999999944e+03 -3.219080249999999727e-02
1.141734770000000026e+03 -3.132363249999999683e-02
1.142035630000000083e+03 -3.041535630000000157e-02
1.142336479999999938e+03 -2.946639629999999940e-02
1.142637330000000020e+03 -2.847724529999999879e-02
1.142938180000000102e+03 -2.744853660000000015e-02
1.143239039999999932e+03 -2.638083350000000257e-02
1.143539890000000014e+03 -2.527483980000000061e-02
1.143840740000000096e+03 -2.413132960000000105e-02
1.144141589999999951e+03 -2.295114779999999841e-02
1.144442450000000008e+03 -2.173513889999999921e-02
1.144743300000000090e+03 -2.048428829999999687e-02
1.145044149999999945e+03 -1.919965189999999974e-02
1.145345000000000027e+03 -1.788228539999999964e-02
1.145645850000000110e+03 -1.653331509999999768e-02
1.145946709999999939e+03 -1.515407830000000018e-02
1.146247560000000021e+03 -1.374584199999999944e-02
1.146548410000000104e+03 -1.230994350000000001e-02
1.146849259999999958e+03 -1.084793140000000003e-02
1.147150120000000015e+03 -9.361283780000000110e-03
1.147450970000000098e+03 -7.851619540000000230e-03
1.147751819999999952e+03 -6.320691340000000186e-03
1.148052670000000035e+03 -4.770181419999999263e-03
1.148353530000000092e+03 -3.201948009999999994e-03
1.148654379999999946e+03 -1.617912680000000098e-03
1.148955230000000029e+03 -2.005225179999999991e-05
1.149256080000000111e+03 1.589567759999999845e-03
1.149556939999999940e+03 3.208824839999999991e-03
1.149857790000000023e+03 4.835507759999999738e-03
1.150158640000000105e+03 6.467343030000000277e-03
1.150459489999999960e+03 8.101986740000000770e-03
1.150760350000000017e+03 9.737080929999999274e-03
1.151061200000000099e+03 1.137006349999999943e-02
1.151362049999999954e+03 1.299840049999999997e-02
1.151662900000000036e+03 1.461955809999999911e-02
1.151963749999999891e+03 1.623079099999999789e-02
1.152264609999999948e+03 1.782949499999999729e-02
1.152565460000000030e+03 1.941278420000000157e-02
1.152866310000000112e+03 2.097784319999999869e-02
1.153167159999999967e+03 2.252185640000000169e-02
1.153468020000000024e+03 2.404179710000000150e-02
1.153768870000000106e+03 2.553477960000000158e-02
1.154069719999999961e+03 2.699770680000000006e-02
1.154370570000000043e+03 2.842762230000000015e-02
1.154671430000000100e+03 2.982135889999999734e-02
1.154972279999999955e+03 3.117588979999999510e-02
1.155273130000000037e+03 3.248790680000000070e-02
1.155573979999999892e+03 3.375438329999999598e-02
1.155874839999999949e+03 3.497208150000000182e-02
1.156175690000000031e+03 3.613769320000000118e-02
1.156476540000000114e+03 3.724819180000000368e-02
1.156777389999999968e+03 3.830019860000000165e-02
1.157078250000000025e+03 3.929047579999999512e-02
1.157379100000000108e+03 4.021585610000000255e-02
1.157679949999999963e+03 4.107310150000000049e-02
1.157980800000000045e+03 4.185897440000000552e-02
1.158281649999999900e+03 4.257023689999999555e-02
1.158582509999999957e+03 4.320372150000000022e-02
1.158883360000000039e+03 4.375626080000000195e-02
1.159184209999999894e+03 4.422475789999999463e-02
1.159485059999999976e+03 4.460604529999999401e-02
1.159785920000000033e+03 4.489702589999999827e-02
1.160086769999999888e+03 4.509474339999999803e-02
1.160387619999999970e+03 4.519617139999999866e-02
1.160688470000000052e+03 4.519835340000000201e-02
1.160989330000000109e+03 4.509847399999999951e-02
1.161290179999999964e+03 4.489364730000000581e-02
1.161591030000000046e+03 4.458119859999999657e-02
1.161891879999999901e+03 4.415838279999999977e-02
1.162192739999999958e+03 4.362266599999999744e-02
1.162493590000000040e+03 4.297137339999999861e-02
1.162794439999999895e+03 4.220225269999999806e-02
1.163095289999999977e+03 4.131276990000000426e-02
1.163396150000000034e+03 4.030074299999999998e-02
1.163696999999999889e+03 3.916406039999999894e-02
1.163997849999999971e+03 3.790054019999999912e-02
1.164298700000000053e+03 3.650835209999999525e-02
1.164599549999999908e+03 3.498552549999999622e-02
1.164900409999999965e+03 3.333044129999999938e-02
1.165201260000000048e+03 3.154141040000000423e-02
1.165502109999999902e+03 2.961695450000000063e-02
1.165802959999999985e+03 2.755566589999999816e-02
1.166103820000000042e+03 2.535641850000000183e-02
1.166404669999999896e+03 2.301794520000000066e-02
1.166705519999999979e+03 2.053947180000000039e-02
1.167006370000000061e+03 1.792001289999999719e-02
1.167307229999999890e+03 1.515893500000000012e-02
1.167608079999999973e+03 1.225574540000000032e-02
1.167908930000000055e+03 9.209951339999999584e-03
1.168209779999999910e+03 6.021390969999999322e-03
1.168510639999999967e+03 2.689937590000000128e-03
1.168811490000000049e+03 -7.843313849999999617e-04
1.169112339999999904e+03 -4.401204780000000059e-03
1.169413189999999986e+03 -8.160267330000000111e-03
1.169714050000000043e+03 -1.206105449999999961e-02
1.170014899999999898e+03 -1.610282710000000145e-02
1.170315749999999980e+03 -2.028459990000000199e-02
1.170616600000000062e+03 -2.460552809999999938e-02
1.170917449999999917e+03 -2.906434479999999917e-02
1.171218309999999974e+03 -3.365964219999999923e-02
1.171519160000000056e+03 -3.838994219999999902e-02
1.171820009999999911e+03 -4.325348519999999697e-02
1.172120859999999993e+03 -4.824851139999999927e-02
1.172421720000000050e+03 -5.337290930000000017e-02
1.172722569999999905e+03 -5.862456719999999816e-02
1.173023419999999987e+03 -6.400109190000000114e-02
1.173324270000000070e+03 -6.949987920000000319e-02
1.173625129999999899e+03 -7.511860619999999322e-02
1.173925979999999981e+03 -8.085375370000000284e-02
1.174226830000000064e+03 -8.670292830000000950e-02
1.174527679999999918e+03 -9.266261089999999756e-02
1.174828539999999975e+03 -9.872998580000000302e-02
1.175129390000000058e+03 -1.049008300000000005e-01
1.175430239999999912e+03 -1.111716239999999967e-01
1.175731089999999995e+03 -1.175395520000000055e-01
1.176031950000000052e+03 -1.239996870000000112e-01
1.176332799999999907e+03 -1.305485100000000065e-01
1.176633649999999989e+03 -1.371817980000000214e-01
1.176934500000000071e+03 -1.438946239999999988e-01
1.177235349999999926e+03 -1.506834670000000154e-01
1.177536209999999983e+03 -1.575426979999999810e-01
1.177837060000000065e+03 -1.644687960000000004e-01
1.178137909999999920e+03 -1.714554279999999931e-01
1.178438760000000002e+03 -1.784990729999999803e-01
1.178739620000000059e+03 -1.855941010000000113e-01
1.179040469999999914e+03 -1.927355839999999876e-01
1.179341319999999996e+03 -1.999171880000000234e-01
1.179642170000000078e+03 -2.071353930000000010e-01
1.179943029999999908e+03 -2.143831609999999888e-01
1.180243879999999990e+03 -2.216555649999999988e-01
1.180544730000000072e+03 -2.289476769999999883e-01
1.180845579999999927e+03 -2.362524579999999985e-01
1.181146439999999984e+03 -2.435649819999999854e-01
1.181447290000000066e+03 -2.508796179999999709e-01
1.181748139999999921e+03 -2.581900299999999593e-01
1.182048990000000003e+03 -2.654912930000000171e-01
1.182349840000000086e+03 -2.727756620000000298e-01
1.182650699999999915e+03 -2.800389149999999994e-01
1.182951549999999997e+03 -2.872740129999999947e-01
1.183252400000000080e+03 -2.944753259999999817e-01
1.183553249999999935e+03 -3.016365169999999929e-01
1.183854109999999991e+03 -3.087519569999999658e-01
1.184154960000000074e+03 -3.158153109999999875e-01
1.184455809999999929e+03 -3.228209469999999692e-01
1.184756660000000011e+03 -3.297625309999999699e-01
1.185057520000000068e+03 -3.366337269999999937e-01
1.185358369999999923e+03 -3.434289050000000065e-01
1.185659220000000005e+03 -3.501424350000000296e-01
1.185960070000000087e+03 -3.567679799999999846e-01
1.186260929999999917e+03 -3.632999099999999482e-01
1.186561779999999999e+03 -3.697325949999999972e-01
1.186862630000000081e+03 -3.760596979999999978e-01
1.187163479999999936e+03 -3.822762939999999610e-01
1.187464339999999993e+03 -3.883760470000000020e-01
1.187765190000000075e+03 -3.943540300000000220e-01
1.188066039999999930e+03 -4.002046130000000423e-01
1.188366890000000012e+03 -4.059228670000000205e-01
1.188667740000000094e+03 -4.115031630000000051e-01
1.188968599999999924e+03 -4.169405720000000093e-01
1.189269450000000006e+03 -4.222294650000000260e-01
1.189570300000000088e+03 -4.273663209999999935e-01
1.189871149999999943e+03 -4.323455110000000157e-01
1.190172010000000000e+03 -4.371621050000000230e-01
1.190472860000000082e+03 -4.418125860000000071e-01
1.190773709999999937e+03 -4.462927300000000264e-01
1.191074560000000019e+03 -4.505969060000000193e-01
1.191375420000000076e+03 -4.547230030000000145e-01
1.191676269999999931e+03 -4.586660929999999969e-01
1.191977120000000014e+03 -4.624226560000000430e-01
1.192277970000000096e+03 -4.659891749999999777e-01
1.192578829999999925e+03 -4.693628320000000076e-01
1.192879680000000008e+03 -4.725401100000000132e-01
1.193180530000000090e+03 -4.755188950000000525e-01
1.193481379999999945e+03 -4.782949659999999881e-01
1.193782240000000002e+03 -4.808662090000000444e-01
1.194083090000000084e+03 -4.832312179999999624e-01
1.194383939999999939e+03 -4.853871779999999747e-01
1.194684790000000021e+03 -4.873326789999999908e-01
1.194985640000000103e+03 -4.890656119999999274e-01
1.195286499999999933e+03 -4.905838629999999534e-01
1.195587350000000015e+03 -4.918874340000000123e-01
1.195888200000000097e+03 -4.929742119999999672e-01
1.196189049999999952e+03 -4.938434939999999940e-01
1.196489910000000009e+03 -4.944952790000000653e-01
1.196790760000000091e+03 -4.949288639999999684e-01
1.197091609999999946e+03 -4.951435449999999627e-01
1.197392460000000028e+03 -4.951400250000000391e-01
1.197693320000000085e+03 -4.949190099999999926e-01
1.197994169999999940e+03 -4.944797940000000280e-01
1.198295020000000022e+03 -4.938237850000000151e-01
1.198595870000000104e+03 -4.929516879999999990e-01
1.198896729999999934e+03 -4.918649099999999885e-01
1.199197580000000016e+03 -4.905641550000000017e-01
1.199498430000000099e+03 -4.890522380000000280e-01
1.199799279999999953e+03 -4.873305680000000195e-01
1.200100140000000010e+03 -4.854005510000000134e-01
1.200400990000000093e+03 -4.832657080000000160e-01
1.200701839999999947e+03 -4.809274459999999807e-01
1.201002690000000030e+03 -4.783885800000000077e-01
1.201303540000000112e+03 -4.756526309999999924e-01
1.201604399999999941e+03 -4.727224119999999807e-01
1.201905250000000024e+03 -4.696007409999999882e-01
1.202206100000000106e+03 -4.662918399999999575e-01
1.202506949999999961e+03 -4.627999319999999694e-01
1.202807810000000018e+03 -4.591278330000000407e-01
1.203108660000000100e+03 -4.552797650000000029e-01
1.203409509999999955e+03 -4.512606570000000095e-01
1.203710360000000037e+03 -4.470747319999999747e-01
1.204011220000000094e+03 -4.427269159999999704e-01
1.204312069999999949e+03 -4.382214319999999663e-01
1.204612920000000031e+03 -4.335639130000000230e-01
1.204913770000000113e+03 -4.287592840000000183e-01
1.205214629999999943e+03 -4.238124729999999674e-01
1.205515480000000025e+03 -4.187291109999999872e-01
1.205816330000000107e+03 -4.135148280000000010e-01
1.206117179999999962e+03 -4.081759609999999761e-01
1.206418040000000019e+03 -4.027167309999999945e-01
1.206718890000000101e+03 -3.971448819999999769e-01
1.207019739999999956e+03 -3.914653399999999950e-01
1.207320590000000038e+03 -3.856851450000000070e-01
1.207621439999999893e+03 -3.798099269999999916e-01
1.207922299999999950e+03 -3.738460210000000283e-01
1.208223150000000032e+03 -3.677997630000000018e-01
1.208523999999999887e+03 -3.616781900000000105e-01
1.208824849999999969e+03 -3.554876369999999675e-01
1.209125710000000026e+03 -3.492344399999999793e-01
1.209426560000000109e+03 -3.429256370000000054e-01
1.209727409999999963e+03 -3.365675630000000140e-01
1.210028260000000046e+03 -3.301672569999999918e-01
1.210329120000000103e+03 -3.237317570000000089e-01
1.210629969999999958e+03 -3.172666940000000158e-01
1.210930820000000040e+03 -3.107805159999999511e-01
1.211231669999999895e+03 -3.042781480000000260e-01
1.211532529999999952e+03 -2.977680380000000127e-01
1.211833380000000034e+03 -2.912558160000000007e-01
1.212134229999999889e+03 -2.847478170000000142e-01
1.212435079999999971e+03 -2.782524880000000200e-01
1.212735940000000028e+03 -2.717747559999999507e-01
1.213036790000000110e+03 -2.653216600000000147e-01
1.213337639999999965e+03 -2.589002369999999775e-01
1.213638490000000047e+03 -2.525161200000000106e-01
1.213939339999999902e+03 -2.461756429999999995e-01
1.214240199999999959e+03 -2.398858439999999870e-01
1.214541050000000041e+03 -2.336523560000000055e-01
1.214841899999999896e+03 -2.274808080000000066e-01
1.215142749999999978e+03 -2.213775350000000142e-01
1.215443610000000035e+03 -2.153488729999999962e-01
1.215744459999999890e+03 -2.093990449999999781e-01
1.216045309999999972e+03 -2.035350890000000024e-01
1.216346160000000054e+03 -1.977612290000000106e-01
1.216647020000000111e+03 -1.920830950000000092e-01
1.216947869999999966e+03 -1.865063190000000037e-01
1.217248720000000048e+03 -1.810351229999999922e-01
1.217549569999999903e+03 -1.756737319999999991e-01
1.217850429999999960e+03 -1.704277750000000036e-01
1.218151280000000042e+03 -1.653007730000000119e-01
1.218452129999999897e+03 -1.602969479999999947e-01
1.218752979999999980e+03 -1.554212279999999946e-01
1.219053840000000037e+03 -1.506757249999999826e-01
1.219354689999999891e+03 -1.460653640000000031e-01
1.219655539999999974e+03 -1.415922589999999981e-01
1.219956390000000056e+03 -1.372606319999999935e-01
1.220257239999999911e+03 -1.330725950000000157e-01
1.220558099999999968e+03 -1.290309629999999985e-01
1.220858950000000050e+03 -1.251378479999999960e-01
1.221159799999999905e+03 -1.213967690000000016e-01
1.221460649999999987e+03 -1.178077270000000010e-01
1.221761510000000044e+03 -1.143735370000000112e-01
1.222062359999999899e+03 -1.110949020000000093e-01
1.222363209999999981e+03 -1.079739339999999936e-01
1.222664060000000063e+03 -1.050113380000000096e-01
1.222964919999999893e+03 -1.022071120000000027e-01
1.223265769999999975e+03 -9.956196220000000652e-02
1.223566620000000057e+03 -9.707659089999999547e-02
1.223867469999999912e+03 -9.475099849999998880e-02
1.224168329999999969e+03 -9.258377719999999478e-02
1.224469180000000051e+03 -9.057563100000000367e-02
1.224770029999999906e+03 -8.872444810000000570e-02
1.225070879999999988e+03 -8.703022870000000355e-02
1.225371730000000071e+03 -8.549156500000000547e-02
1.225672589999999900e+03 -8.410564140000000022e-02
1.225973439999999982e+03 -8.287245799999999607e-02
1.226274290000000065e+03 -8.178849540000000806e-02
1.226575139999999919e+03 -8.085234589999999721e-02
1.226875999999999976e+03 -8.006119400000000219e-02
1.227176850000000059e+03 -7.941222420000000615e-02
1.227477699999999913e+03 -7.890262099999999224e-02
1.227778549999999996e+03 -7.852886509999999765e-02
1.228079410000000053e+03 -7.828814100000000553e-02
1.228380259999999907e+03 -7.817552150000001143e-02
1.228681109999999990e+03 -7.818819119999999290e-02
1.228981960000000072e+03 -7.832263069999999272e-02
1.229282819999999901e+03 -7.857320900000000496e-02
1.229583669999999984e+03 -7.893570299999999595e-02
1.229884520000000066e+03 -7.940659320000000021e-02
1.230185369999999921e+03 -7.998024880000000059e-02
1.230486229999999978e+03 -8.065174249999999823e-02
1.230787080000000060e+03 -8.141614719999999694e-02
1.231087929999999915e+03 -8.226783210000000734e-02
1.231388779999999997e+03 -8.320186999999999722e-02
1.231689630000000079e+03 -8.421192599999999251e-02
1.231990489999999909e+03 -8.529307309999999143e-02
1.232291339999999991e+03 -8.643968030000000191e-02
1.232592190000000073e+03 -8.764470880000001241e-02
1.232893039999999928e+03 -8.890323160000000724e-02
1.233193899999999985e+03 -9.020891379999999848e-02
1.233494750000000067e+03 -9.155471660000000234e-02
1.233795599999999922e+03 -9.293571310000001140e-02
1.234096450000000004e+03 -9.434416060000000437e-02
1.234397310000000061e+03 -9.577513199999999893e-02
1.234698159999999916e+03 -9.722088460000000154e-02
1.234999009999999998e+03 -9.867578760000000893e-02
1.235299860000000081e+03 -1.001335059999999971e-01
1.235600719999999910e+03 -1.015870009999999962e-01
1.235901569999999992e+03 -1.030299390000000009e-01
1.236202420000000075e+03 -1.044566869999999925e-01
1.236503269999999929e+03 -1.058595029999999937e-01
1.236804129999999986e+03 -1.072327569999999980e-01
1.237104980000000069e+03 -1.085694100000000051e-01
1.237405829999999924e+03 -1.098638300000000095e-01
1.237706680000000006e+03 -1.111103869999999910e-01
1.238007530000000088e+03 -1.123013380000000005e-01
1.238308389999999918e+03 -1.134317559999999947e-01
1.238609240000000000e+03 -1.144953060000000050e-01
1.238910090000000082e+03 -1.154863580000000112e-01
1.239210939999999937e+03 -1.163992799999999939e-01
1.239511799999999994e+03 -1.172277369999999985e-01
1.239812650000000076e+03 -1.179675059999999998e-01
1.240113499999999931e+03 -1.186115489999999967e-01
1.240414350000000013e+03 -1.191563449999999968e-01
1.240715210000000070e+03 -1.195962649999999933e-01
1.241016059999999925e+03 -1.199263809999999986e-01
1.241316910000000007e+03 -1.201417659999999971e-01
1.241617760000000089e+03 -1.202389000000000097e-01
1.241918619999999919e+03 -1.202128569999999924e-01
1.242219470000000001e+03 -1.200601170000000079e-01
1.242520320000000083e+03 -1.197764559999999895e-01
1.242821169999999938e+03 -1.193583569999999983e-01
1.243122029999999995e+03 -1.188030020000000048e-01
1.243422880000000077e+03 -1.181068730000000011e-01
1.243723729999999932e+03 -1.172671529999999990e-01
1.244024580000000014e+03 -1.162810289999999941e-01
1.244325430000000097e+03 -1.151470919999999926e-01
1.244626289999999926e+03 -1.138632289999999964e-01
1.244927140000000009e+03 -1.124266270000000012e-01
1.245227990000000091e+03 -1.108365810000000035e-01
1.245528839999999946e+03 -1.090916829999999949e-01
1.245829700000000003e+03 -1.071919330000000031e-01
1.246130550000000085e+03 -1.051352189999999881e-01
1.246431399999999940e+03 -1.029215420000000047e-01
1.246732250000000022e+03 -1.005516060000000017e-01
1.247033110000000079e+03 -9.802541010000000166e-02
1.247333959999999934e+03 -9.534365849999999754e-02
1.247634810000000016e+03 -9.250705519999999349e-02
1.247935660000000098e+03 -8.951630389999999660e-02
1.248236519999999928e+03 -8.637351629999999447e-02
1.248537370000000010e+03 -8.308080399999999421e-02
1.248838220000000092e+03 -7.963887089999999169e-02
1.249139069999999947e+03 -7.605194020000000110e-02
1.249439930000000004e+03 -7.232141970000000031e-02
1.249740780000000086e+03 -6.845047669999999862e-02
1.250041629999999941e+03 -6.444277149999999565e-02
1.250342480000000023e+03 -6.030168250000000202e-02
1.250643330000000105e+03 -5.603115149999999406e-02
1.250944189999999935e+03 -5.163519059999999855e-02
1.251245040000000017e+03 -4.711837490000000267e-02
1.251545890000000099e+03 -4.248534990000000372e-02
1.251846739999999954e+03 -3.774104279999999922e-02
1.252147600000000011e+03 -3.289080300000000318e-02
1.252448450000000093e+03 -2.794005029999999806e-02
1.252749299999999948e+03 -2.289448609999999995e-02
1.253050150000000031e+03 -1.776016360000000002e-02
1.253351010000000088e+03 -1.254327700000000025e-02
1.253651859999999942e+03 -7.250301859999999828e-03
1.253952710000000025e+03 -1.887868630000000096e-03
1.254253560000000107e+03 3.537138800000000274e-03
1.254554419999999936e+03 9.017653570000000798e-03
1.254855270000000019e+03 1.454642580000000025e-02
1.255156120000000101e+03 2.011595220000000211e-02
1.255456969999999956e+03 2.571870130000000060e-02
1.255757830000000013e+03 3.134686019999999990e-02
1.256058680000000095e+03 3.699254550000000141e-02
1.256359529999999950e+03 4.264773309999999457e-02
1.256660380000000032e+03 4.830418770000000084e-02
1.256961229999999887e+03 5.395367389999999874e-02
1.257262089999999944e+03 5.958774540000000286e-02
1.257562940000000026e+03 6.519802589999999787e-02
1.257863790000000108e+03 7.077571720000000455e-02
1.258164639999999963e+03 7.631307669999999599e-02
1.258465500000000020e+03 8.180046119999999366e-02
1.258766350000000102e+03 8.722942439999999131e-02
1.259067199999999957e+03 9.259151979999999393e-02
1.259368050000000039e+03 9.787759699999999674e-02
1.259668910000000096e+03 1.030792099999999906e-01
1.259969759999999951e+03 1.081879110000000116e-01
1.260270610000000033e+03 1.131952549999999946e-01
1.260571459999999888e+03 1.180920909999999963e-01
1.260872319999999945e+03 1.228699729999999934e-01
1.261173170000000027e+03 1.275204540000000053e-01
1.261474020000000110e+03 1.320350879999999949e-01
1.261774869999999964e+03 1.364061320000000133e-01
1.262075730000000021e+03 1.406251390000000101e-01
1.262376580000000104e+03 1.446836639999999896e-01
1.262677429999999958e+03 1.485746669999999936e-01
1.262978280000000041e+03 1.522897029999999985e-01
1.263279129999999896e+03 1.558217309999999911e-01
1.263579989999999952e+03 1.591630109999999931e-01
1.263880840000000035e+03 1.623065019999999914e-01
1.264181689999999890e+03 1.652458709999999886e-01
1.264482539999999972e+03 1.679733740000000086e-01
1.264783400000000029e+03 1.704833809999999894e-01
1.265084250000000111e+03 1.727688530000000000e-01
1.265385099999999966e+03 1.748248619999999975e-01
1.265685950000000048e+03 1.766450750000000125e-01
1.265986810000000105e+03 1.782238589999999845e-01
1.266287659999999960e+03 1.795562880000000083e-01
1.266588510000000042e+03 1.806374360000000123e-01
1.266889359999999897e+03 1.814630770000000004e-01
1.267190219999999954e+03 1.820289899999999739e-01
1.267491070000000036e+03 1.823316550000000091e-01
1.267791919999999891e+03 1.823661450000000073e-01
1.268092769999999973e+03 1.821303480000000252e-01
1.268393630000000030e+03 1.816214479999999909e-01
1.268694480000000112e+03 1.808366309999999977e-01
1.268995329999999967e+03 1.797744890000000095e-01
1.269296180000000049e+03 1.784322050000000104e-01
1.269597029999999904e+03 1.768090770000000089e-01
1.269897889999999961e+03 1.749036959999999974e-01
1.270198740000000043e+03 1.727153579999999855e-01
1.270499589999999898e+03 1.702447679999999908e-01
1.270800439999999981e+03 1.674912219999999952e-01
1.271101300000000037e+03 1.644561270000000075e-01
1.271402149999999892e+03 1.611394830000000000e-01
1.271702999999999975e+03 1.575434019999999991e-01
1.272003850000000057e+03 1.536685879999999949e-01
1.272304709999999886e+03 1.495185589999999953e-01
1.272605559999999969e+03 1.450954289999999980e-01
1.272906410000000051e+03 1.404020120000000205e-01
1.273207259999999906e+03 1.354411229999999966e-01
1.273508119999999963e+03 1.302169869999999785e-01
1.273808970000000045e+03 1.247345289999999829e-01
1.274109819999999900e+03 1.189965669999999975e-01
1.274410669999999982e+03 1.130094330000000064e-01
1.274711520000000064e+03 1.067780560000000101e-01
1.275012379999999894e+03 1.003073619999999971e-01
1.275313229999999976e+03 9.360368749999999072e-02
1.275614080000000058e+03 8.667406960000000049e-02
1.275914929999999913e+03 7.952484370000000025e-02
1.276215789999999970e+03 7.216234469999999179e-02
1.276516640000000052e+03 6.459459660000001213e-02
1.276817489999999907e+03 5.682934220000000064e-02
1.277118339999999989e+03 4.887439420000000423e-02
1.277419200000000046e+03 4.073819929999999978e-02
1.277720049999999901e+03 3.242927430000000499e-02
1.278020899999999983e+03 2.395655829999999986e-02
1.278321750000000065e+03 1.532920160000000170e-02
1.278622609999999895e+03 6.556692510000000813e-03
1.278923459999999977e+03 -2.351382290000000094e-03
1.279224310000000060e+03 -1.138505599999999930e-02
1.279525159999999914e+03 -2.053426319999999972e-02
1.279826019999999971e+03 -2.978855839999999811e-02
1.280126870000000054e+03 -3.913752449999999966e-02
1.280427719999999908e+03 -4.857039200000000390e-02
1.280728569999999991e+03 -5.807625110000000368e-02
1.281029420000000073e+03 -6.764412120000000417e-02
1.281330279999999902e+03 -7.726259970000000366e-02
1.281631129999999985e+03 -8.692112859999999441e-02
1.281931980000000067e+03 -9.660781229999999831e-02
1.282232829999999922e+03 -1.063106850000000020e-01
1.282533689999999979e+03 -1.160191890000000087e-01
1.282834540000000061e+03 -1.257206539999999872e-01
1.283135389999999916e+03 -1.354045219999999994e-01
1.283436239999999998e+03 -1.450588280000000008e-01
1.283737100000000055e+03 -1.546709009999999995e-01
1.284037949999999910e+03 -1.642308879999999915e-01
1.284338799999999992e+03 -1.737254139999999947e-01
1.284639650000000074e+03 -1.831439230000000140e-01
1.284940509999999904e+03 -1.924744480000000202e-01
1.285241359999999986e+03 -2.017057260000000019e-01
1.285542210000000068e+03 -2.108264970000000016e-01
1.285843059999999923e+03 -2.198247939999999900e-01
1.286143919999999980e+03 -2.286900590000000011e-01
1.286444770000000062e+03 -2.374117349999999849e-01
1.286745619999999917e+03 -2.459785589999999855e-01
1.287046469999999999e+03 -2.543792690000000190e-01
1.287347320000000082e+03 -2.626040110000000261e-01
1.287648179999999911e+03 -2.706422259999999858e-01
1.287949029999999993e+03 -2.784847659999999947e-01
1.288249880000000076e+03 -2.861203669999999866e-01
1.288550729999999930e+03 -2.935405839999999933e-01
1.288851589999999987e+03 -3.007348580000000493e-01
1.289152440000000070e+03 -3.076954459999999836e-01
1.289453289999999924e+03 -3.144131980000000048e-01
1.289754140000000007e+03 -3.208789650000000160e-01
1.290055000000000064e+03 -3.270850020000000136e-01
1.290355849999999919e+03 -3.330242720000000101e-01
1.290656700000000001e+03 -3.386876249999999922e-01
1.290957550000000083e+03 -3.440687249999999642e-01
1.291258409999999913e+03 -3.491612370000000132e-01
1.291559259999999995e+03 -3.539581240000000406e-01
1.291860110000000077e+03 -3.584530490000000236e-01
1.292160959999999932e+03 -3.626410860000000014e-01
1.292461819999999989e+03 -3.665159000000000056e-01
1.292762670000000071e+03 -3.700732690000000380e-01
1.293063519999999926e+03 -3.733082630000000290e-01
1.293364370000000008e+03 -3.762173649999999703e-01
1.293665220000000090e+03 -3.787956479999999848e-01
1.293966079999999920e+03 -3.810409989999999913e-01
1.294266930000000002e+03 -3.829506030000000005e-01
1.294567780000000084e+03 -3.845209410000000050e-01
1.294868629999999939e+03 -3.857506049999999687e-01
1.295169489999999996e+03 -3.866374840000000312e-01
1.295470340000000078e+03 -3.871815769999999990e-01
1.295771189999999933e+03 -3.873807719999999843e-01
1.296072040000000015e+03 -3.872357750000000043e-01
1.296372900000000072e+03 -3.867465840000000044e-01
1.296673749999999927e+03 -3.859124959999999938e-01
1.296974600000000009e+03 -3.847363260000000174e-01
1.297275450000000092e+03 -3.832180739999999641e-01
1.297576309999999921e+03 -3.813598530000000264e-01
1.297877160000000003e+03 -3.791644769999999998e-01
1.298178010000000086e+03 -3.766340580000000493e-01
1.298478859999999941e+03 -3.737721150000000159e-01
1.298779719999999998e+03 -3.705814640000000271e-01
1.299080570000000080e+03 -3.670663279999999973e-01
1.299381419999999935e+03 -3.632309309999999791e-01
1.299682270000000017e+03 -3.590794950000000263e-01
1.299983120000000099e+03 -3.546176520000000054e-01
1.300283979999999929e+03 -3.498510320000000062e-01
1.300584830000000011e+03 -3.447845630000000439e-01
1.300885680000000093e+03 -3.394245790000000040e-01
1.301186529999999948e+03 -3.337774150000000217e-01
1.301487390000000005e+03 -3.278501109999999996e-01
1.301788240000000087e+03 -3.216490000000000182e-01
1.302089089999999942e+03 -3.151825300000000163e-01
1.302389940000000024e+03 -3.084577390000000086e-01
1.302690800000000081e+03 -3.014823689999999723e-01
1.302991649999999936e+03 -2.942655719999999753e-01
1.303292500000000018e+03 -2.868143850000000050e-01
1.303593350000000100e+03 -2.791386630000000091e-01
1.303894209999999930e+03 -2.712468519999999828e-01
1.304195060000000012e+03 -2.631481030000000221e-01
1.304495910000000094e+03 -2.548515660000000294e-01
1.304796759999999949e+03 -2.463670959999999799e-01
1.305097620000000006e+03 -2.377045459999999888e-01
1.305398470000000088e+03 -2.288730659999999861e-01
1.305699319999999943e+03 -2.198832149999999930e-01
1.306000170000000026e+03 -2.107448480000000124e-01
1.306301020000000108e+03 -2.014685210000000115e-01
1.306601879999999937e+03 -1.920640899999999929e-01
1.306902730000000020e+03 -1.825428159999999966e-01
1.307203580000000102e+03 -1.729138500000000078e-01
1.307504429999999957e+03 -1.631884540000000106e-01
1.307805290000000014e+03 -1.533771849999999992e-01
1.308106140000000096e+03 -1.434906009999999954e-01
1.308406989999999951e+03 -1.335392619999999919e-01
1.308707840000000033e+03 -1.235337240000000114e-01
1.309008700000000090e+03 -1.134838430000000009e-01
1.309309549999999945e+03 -1.034015829999999914e-01
1.309610400000000027e+03 -9.329539159999999942e-02
1.309911250000000109e+03 -8.317723450000000240e-02
1.310212109999999939e+03 -7.305626190000000242e-02
1.310512960000000021e+03 -6.294380609999999932e-02
1.310813810000000103e+03 -5.284887669999999843e-02
1.311114659999999958e+03 -4.278182070000000059e-02
1.311415520000000015e+03 -3.275221070000000623e-02
1.311716370000000097e+03 -2.276990079999999944e-02
1.312017219999999952e+03 -1.284411179999999861e-02
1.312318070000000034e+03 -2.984205269999999979e-03
1.312618919999999889e+03 6.800745979999999954e-03
1.312919779999999946e+03 1.650192239999999713e-02
1.313220630000000028e+03 2.611054670000000077e-02
1.313521480000000111e+03 3.561837660000000128e-02
1.313822329999999965e+03 4.501710639999999958e-02
1.314123190000000022e+03 5.429878230000000083e-02
1.314424040000000105e+03 6.345573209999999520e-02
1.314724889999999959e+03 7.248049469999999495e-02
1.315025740000000042e+03 8.136617229999999756e-02
1.315326600000000099e+03 9.010544460000000089e-02
1.315627449999999953e+03 9.869197670000000311e-02
1.315928300000000036e+03 1.071194339999999995e-01
1.316229149999999890e+03 1.153814810000000080e-01
1.316530009999999947e+03 1.234731909999999960e-01
1.316830860000000030e+03 1.313882299999999947e-01
1.317131710000000112e+03 1.391223729999999936e-01
1.317432559999999967e+03 1.466699900000000001e-01
1.317733410000000049e+03 1.540275620000000067e-01
1.318034270000000106e+03 1.611901619999999979e-01
1.318335119999999961e+03 1.681542690000000229e-01
1.318635970000000043e+03 1.749163660000000176e-01
1.318936819999999898e+03 1.814736350000000220e-01
1.319237679999999955e+03 1.878225590000000000e-01
1.319538530000000037e+03 1.939617289999999994e-01
1.319839379999999892e+03 1.998876249999999855e-01
1.320140229999999974e+03 2.055995450000000224e-01
1.320441090000000031e+03 2.110953760000000012e-01
1.320741940000000113e+03 2.163744149999999866e-01
1.321042789999999968e+03 2.214345490000000083e-01
1.321343640000000050e+03 2.262764830000000005e-01
1.321644500000000107e+03 2.308995130000000007e-01
1.321945349999999962e+03 2.353036389999999811e-01
1.322246200000000044e+03 2.394895640000000159e-01
1.322547049999999899e+03 2.434572899999999929e-01
1.322847909999999956e+03 2.472075189999999867e-01
1.323148760000000038e+03 2.507423629999999681e-01
1.323449609999999893e+03 2.540632300000000288e-01
1.323750459999999975e+03 2.571715279999999826e-01
1.324051310000000058e+03 2.600686640000000049e-01
1.324352169999999887e+03 2.627581580000000194e-01
1.324653019999999970e+03 2.652414180000000066e-01
1.324953870000000052e+03 2.675219630000000293e-01
1.325254719999999907e+03 2.696026079999999658e-01
1.325555579999999964e+03 2.714868730000000174e-01
1.325856430000000046e+03 2.731768690000000444e-01
1.326157279999999901e+03 2.746775229999999790e-01
1.326458129999999983e+03 2.759923559999999942e-01
1.326758990000000040e+03 2.771248860000000147e-01
1.327059839999999895e+03 2.780793360000000103e-01
1.327360689999999977e+03 2.788606339999999961e-01
1.327661540000000059e+03 2.794730020000000259e-01
1.327962399999999889e+03 2.799206650000000129e-01
1.328263249999999971e+03 2.802092519999999642e-01
1.328564100000000053e+03 2.803422839999999971e-01
1.328864949999999908e+03 2.803260949999999974e-01
1.329165809999999965e+03 2.801642040000000278e-01
1.329466660000000047e+03 2.798636509999999911e-01
1.329767509999999902e+03 2.794279539999999784e-01
1.330068359999999984e+03 2.788634489999999855e-01
1.330369210000000066e+03 2.781750619999999730e-01
1.330670069999999896e+03 2.773677219999999832e-01
1.330970919999999978e+03 2.764477610000000141e-01
1.331271770000000060e+03 2.754201079999999968e-01
1.331572619999999915e+03 2.742910980000000110e-01
1.331873479999999972e+03 2.730642489999999811e-01
1.332174330000000054e+03 2.717466009999999765e-01
1.332475179999999909e+03 2.703437850000000031e-01
1.332776029999999992e+03 2.688600230000000035e-01
1.333076890000000049e+03 2.673009470000000110e-01
1.333377739999999903e+03 2.656721880000000313e-01
1.333678589999999986e+03 2.639793759999999878e-01
1.333979440000000068e+03 2.622267349999999886e-01
1.334280299999999897e+03 2.604206000000000021e-01
1.334581149999999980e+03 2.585644900000000357e-01
1.334882000000000062e+03 2.566647400000000023e-01
1.335182849999999917e+03 2.547255730000000384e-01
1.335483709999999974e+03 2.527519169999999926e-01
1.335784560000000056e+03 2.507486979999999921e-01
1.336085409999999911e+03 2.487194349999999887e-01
1.336386259999999993e+03 2.466697609999999874e-01
1.336687110000000075e+03 2.446031930000000243e-01
1.336987969999999905e+03 2.425246600000000030e-01
1.337288819999999987e+03 2.404376799999999870e-01
1.337589670000000069e+03 2.383457729999999830e-01
1.337890519999999924e+03 2.362531619999999888e-01
1.338191379999999981e+03 2.341633670000000111e-01
1.338492230000000063e+03 2.320799060000000025e-01
1.338793079999999918e+03 2.300055960000000066e-01
1.339093930000000000e+03 2.279446589999999939e-01
1.339394790000000057e+03 2.258992080000000180e-01
1.339695639999999912e+03 2.238720570000000132e-01
1.339996489999999994e+03 2.218667260000000141e-01
1.340297340000000077e+03 2.198846230000000013e-01
1.340598199999999906e+03 2.179285629999999918e-01
1.340899049999999988e+03 2.160006589999999838e-01
1.341199900000000071e+03 2.141030200000000050e-01
1.341500749999999925e+03 2.122377599999999975e-01
1.341801609999999982e+03 2.104062859999999979e-01
1.342102460000000065e+03 2.086107090000000053e-01
1.342403309999999919e+03 2.068510289999999918e-01
1.342704160000000002e+03 2.051300630000000014e-01
1.343005010000000084e+03 2.034478090000000072e-01
1.343305869999999913e+03 2.018063800000000074e-01
1.343606719999999996e+03 2.002050719999999839e-01
1.343907570000000078e+03 1.986459960000000191e-01
1.344208419999999933e+03 1.971284480000000117e-01
1.344509279999999990e+03 1.956538369999999971e-01
1.344810130000000072e+03 1.942221610000000043e-01
1.345110979999999927e+03 1.928327179999999863e-01
1.345411830000000009e+03 1.914869149999999798e-01
1.345712690000000066e+03 1.901833450000000036e-01
1.346013539999999921e+03 1.889234139999999840e-01
1.346314390000000003e+03 1.877050120000000044e-01
1.346615240000000085e+03 1.865288420000000003e-01
1.346916099999999915e+03 1.853942010000000085e-01
1.347216949999999997e+03 1.843010880000000018e-01
1.347517800000000079e+03 1.832473919999999812e-01
1.347818649999999934e+03 1.822338169999999924e-01
1.348119509999999991e+03 1.812589539999999999e-01
1.348420360000000073e+03 1.803213970000000221e-01
1.348721209999999928e+03 1.794218489999999944e-01
1.349022060000000010e+03 1.785574940000000110e-01
1.349322910000000093e+03 1.777283329999999884e-01
1.349623769999999922e+03 1.769329580000000013e-01
1.349924620000000004e+03 1.761706649999999763e-01
1.350225470000000087e+03 1.754400459999999884e-01
1.350526319999999942e+03 1.747403980000000190e-01
1.350827179999999998e+03 1.740696080000000145e-01
1.351128030000000081e+03 1.734276770000000023e-01
1.351428879999999936e+03 1.728124930000000115e-01
1.351729730000000018e+03 1.722240560000000142e-01
1.352030590000000075e+03 1.716602550000000116e-01
1.352331439999999930e+03 1.711196809999999957e-01
1.352632290000000012e+03 1.706023349999999938e-01
1.352933140000000094e+03 1.701061060000000069e-01
1.353233999999999924e+03 1.696302879999999902e-01
1.353534850000000006e+03 1.691748830000000259e-01
1.353835700000000088e+03 1.687370749999999864e-01
1.354136549999999943e+03 1.683168639999999827e-01
1.354437410000000000e+03 1.679142489999999877e-01
1.354738260000000082e+03 1.675264160000000113e-01
1.355039109999999937e+03 1.671540670000000173e-01
1.355339960000000019e+03 1.667957969999999956e-01
1.355640810000000101e+03 1.664516030000000035e-01
1.355941669999999931e+03 1.661200800000000033e-01
1.356242520000000013e+03 1.658012259999999960e-01
1.356543370000000095e+03 1.654943379999999908e-01
1.356844219999999950e+03 1.651987109999999981e-01
1.357145080000000007e+03 1.649143469999999889e-01
1.357445930000000089e+03 1.646405410000000014e-01
1.357746779999999944e+03 1.643779969999999979e-01
1.358047630000000026e+03 1.641260109999999883e-01
1.358348490000000083e+03 1.638845830000000003e-01
1.358649339999999938e+03 1.636537130000000062e-01
1.358950190000000021e+03 1.634334009999999782e-01
1.359251040000000103e+03 1.632236469999999995e-01
1.359551899999999932e+03 1.630251550000000049e-01
1.359852750000000015e+03 1.628379249999999945e-01
1.360153600000000097e+03 1.626626610000000139e-01
1.360454449999999952e+03 1.624993629999999800e-01
1.360755310000000009e+03 1.623487349999999940e-01
1.361056160000000091e+03 1.622107760000000010e-01
1.361357009999999946e+03 1.620868940000000091e-01
1.361657860000000028e+03 1.619777940000000083e-01
1.361958710000000110e+03 1.618841789999999892e-01
1.362259569999999940e+03 1.618060490000000073e-01
1.362560420000000022e+03 1.617448129999999873e-01
1.362861270000000104e+03 1.617018760000000221e-01
1.363162119999999959e+03 1.616772409999999993e-01
1.363462980000000016e+03 1.616723140000000114e-01
1.363763830000000098e+03 1.616877989999999932e-01
1.364064679999999953e+03 1.617251040000000084e-01
1.364365530000000035e+03 1.617856370000000099e-01
1.364666390000000092e+03 1.618693979999999977e-01
1.364967239999999947e+03 1.619777940000000083e-01
1.365268090000000029e+03 1.621129370000000125e-01
1.365568940000000111e+03 1.622748280000000098e-01
1.365869799999999941e+03 1.624648730000000096e-01
1.366170650000000023e+03 1.626837780000000011e-01
1.366471500000000106e+03 1.629336520000000121e-01
1.366772349999999960e+03 1.632144970000000139e-01
1.367073200000000043e+03 1.635284240000000056e-01
1.367374060000000100e+03 1.638754319999999876e-01
1.367674909999999954e+03 1.642569309999999949e-01
1.367975760000000037e+03 1.646743270000000092e-01
1.368276609999999891e+03 1.651276200000000027e-01
1.368577469999999948e+03 1.656182189999999832e-01
1.368878320000000031e+03 1.661475309999999872e-01
1.369179170000000113e+03 1.667148509999999972e-01
1.369480019999999968e+03 1.673222929999999831e-01
1.369780880000000025e+03 1.679698550000000012e-01
1.370081730000000107e+03 1.686589449999999768e-01
1.370382579999999962e+03 1.693888600000000022e-01
1.370683430000000044e+03 1.701603039999999845e-01
1.370984290000000101e+03 1.709739799999999976e-01
1.371285139999999956e+03 1.718298879999999862e-01
1.371585990000000038e+03 1.727287319999999959e-01
1.371886839999999893e+03 1.736705119999999991e-01
1.372187699999999950e+03 1.746545249999999772e-01
1.372488550000000032e+03 1.756814740000000041e-01
1.372789399999999887e+03 1.767506550000000065e-01
1.373090249999999969e+03 1.778613649999999935e-01
1.373391100000000051e+03 1.790143070000000114e-01
1.373691960000000108e+03 1.802080739999999959e-01
1.373992809999999963e+03 1.814426650000000030e-01
1.374293660000000045e+03 1.827166729999999961e-01
1.374594509999999900e+03 1.840293939999999850e-01
1.374895369999999957e+03 1.853801240000000072e-01
1.375196220000000039e+03 1.867674549999999989e-01
1.375497069999999894e+03 1.881906839999999970e-01
1.375797919999999976e+03 1.896484019999999937e-01
1.376098780000000033e+03 1.911384989999999895e-01
1.376399629999999888e+03 1.926602699999999946e-01
1.376700479999999970e+03 1.942116029999999827e-01
1.377001330000000053e+03 1.957910919999999999e-01
1.377302190000000110e+03 1.973966229999999933e-01
1.377603039999999964e+03 1.990260859999999909e-01
1.377903890000000047e+03 2.006773699999999938e-01
1.378204739999999902e+03 2.023490649999999946e-01
1.378505599999999959e+03 2.040376540000000127e-01
1.378806450000000041e+03 2.057417270000000131e-01
1.379107299999999896e+03 2.074584700000000059e-01
1.379408149999999978e+03 2.091850680000000018e-01
1.379709000000000060e+03 2.109194080000000027e-01
1.380009859999999890e+03 2.126586749999999915e-01
1.380310709999999972e+03 2.143993499999999885e-01
1.380611560000000054e+03 2.161393209999999954e-01
1.380912409999999909e+03 2.178750690000000045e-01
1.381213269999999966e+03 2.196037779999999995e-01
1.381514120000000048e+03 2.213226329999999908e-01
1.381814969999999903e+03 2.230281149999999990e-01
1.382115819999999985e+03 2.247174070000000079e-01
1.382416680000000042e+03 2.263876949999999999e-01
1.382717529999999897e+03 2.280340509999999876e-01
1.383018379999999979e+03 2.296550679999999900e-01
1.383319230000000061e+03 2.312465220000000099e-01
1.383620089999999891e+03 2.328048940000000122e-01
1.383920939999999973e+03 2.343273690000000076e-01
1.384221790000000055e+03 2.358104270000000169e-01
1.384522639999999910e+03 2.372505480000000055e-01
1.384823499999999967e+03 2.386442139999999934e-01
1.385124350000000049e+03 2.399893129999999819e-01
1.385425199999999904e+03 2.412809180000000109e-01
1.385726049999999987e+03 2.425169169999999985e-01
1.386026900000000069e+03 2.436930870000000027e-01
1.386327759999999898e+03 2.448073159999999693e-01
1.386628609999999981e+03 2.458567890000000200e-01
1.386929460000000063e+03 2.468365779999999732e-01
1.387230309999999918e+03 2.477452769999999860e-01
1.387531169999999975e+03 2.485793650000000243e-01
1.387832020000000057e+03 2.493360270000000156e-01
1.388132869999999912e+03 2.500124479999999982e-01
1.388433719999999994e+03 2.506065160000000014e-01
1.388734580000000051e+03 2.511147109999999905e-01
1.389035429999999906e+03 2.515356260000000121e-01
1.389336279999999988e+03 2.518657420000000036e-01
1.389637130000000070e+03 2.521036509999999842e-01
1.389937989999999900e+03 2.522472410000000109e-01
1.390238839999999982e+03 2.522936960000000117e-01
1.390539690000000064e+03 2.522416100000000050e-01
1.390840539999999919e+03 2.520895739999999829e-01
1.391141399999999976e+03 2.518354760000000025e-01
1.391442250000000058e+03 2.514779089999999995e-01
1.391743099999999913e+03 2.510161690000000112e-01
1.392043949999999995e+03 2.504488480000000017e-01
1.392344800000000077e+03 2.497745389999999899e-01
1.392645659999999907e+03 2.489918339999999675e-01
1.392946509999999989e+03 2.481021399999999710e-01
1.393247360000000072e+03 2.471026420000000112e-01
1.393548209999999926e+03 2.459947480000000131e-01
1.393849069999999983e+03 2.447770490000000243e-01
1.394149920000000066e+03 2.434502510000000064e-01
1.394450769999999920e+03 2.420143530000000154e-01
1.394751620000000003e+03 2.404693540000000240e-01
1.395052480000000060e+03 2.388166629999999846e-01
1.395353329999999914e+03 2.370562800000000081e-01
1.395654179999999997e+03 2.351889080000000021e-01
1.395955030000000079e+03 2.332159550000000026e-01
1.396255889999999908e+03 2.311381259999999993e-01
1.396556739999999991e+03 2.289575309999999919e-01
1.396857590000000073e+03 2.266755779999999887e-01
1.397158439999999928e+03 2.242936760000000251e-01
1.397459299999999985e+03 2.218139360000000171e-01
1.397760150000000067e+03 2.192384689999999914e-01
1.398060999999999922e+03 2.165693870000000021e-01
1.398361850000000004e+03 2.138088019999999922e-01
1.398662700000000086e+03 2.109595290000000067e-01
1.398963559999999916e+03 2.080243830000000071e-01
1.399264409999999998e+03 2.050061809999999818e-01
1.399565260000000080e+03 2.019077370000000038e-01
1.399866109999999935e+03 1.987318680000000060e-01
1.400166969999999992e+03 1.954820919999999962e-01
1.400467820000000074e+03 1.921619289999999813e-01
1.400768669999999929e+03 1.887741939999999785e-01
1.401069520000000011e+03 1.853238139999999756e-01
1.401370380000000068e+03 1.818129009999999990e-01
1.401671229999999923e+03 1.782470869999999985e-01
1.401972080000000005e+03 1.746284820000000015e-01
1.402272930000000088e+03 1.709627180000000135e-01
1.402573789999999917e+03 1.672526089999999965e-01
1.402874639999999999e+03 1.635023800000000027e-01
1.403175490000000082e+03 1.597169580000000200e-01
1.403476339999999936e+03 1.559005649999999910e-01
1.403777199999999993e+03 1.520574249999999961e-01
1.404078050000000076e+03 1.481917610000000052e-01
1.404378899999999931e+03 1.443085000000000062e-01
1.404679750000000013e+03 1.404118659999999963e-01
1.404980600000000095e+03 1.365053779999999828e-01
1.405281459999999925e+03 1.325953700000000179e-01
1.405582310000000007e+03 1.286853619999999976e-01
1.405883160000000089e+03 1.247795769999999888e-01
1.406184009999999944e+03 1.208829429999999927e-01
1.406484870000000001e+03 1.170003859999999979e-01
1.406785720000000083e+03 1.131361300000000014e-01
1.407086569999999938e+03 1.092943980000000009e-01
1.407387420000000020e+03 1.054794120000000085e-01
1.407688280000000077e+03 1.016961019999999966e-01
1.407989129999999932e+03 9.794868810000000037e-02
1.408289980000000014e+03 9.424139530000000264e-02
1.408590830000000096e+03 9.057774259999999689e-02
1.408891689999999926e+03 8.696336090000000851e-02
1.409192540000000008e+03 8.340036180000000299e-02
1.409493390000000090e+03 7.989437639999999452e-02
1.409794239999999945e+03 7.644892389999999316e-02
1.410095090000000027e+03 7.306752379999999214e-02
1.410395950000000084e+03 6.975327310000001280e-02
1.410696799999999939e+03 6.651060609999999429e-02
1.410997650000000021e+03 6.334254949999999773e-02
1.411298500000000104e+03 6.025255230000000489e-02
1.411599359999999933e+03 5.724378189999999866e-02
1.411900210000000015e+03 5.431919450000000094e-02
1.412201060000000098e+03 5.148174650000000158e-02
1.412501909999999953e+03 4.873425340000000355e-02
1.412802770000000010e+03 4.607931929999999759e-02
1.413103620000000092e+03 4.351947839999999873e-02
1.413404469999999947e+03 4.105698289999999695e-02
1.413705320000000029e+03 3.869401479999999560e-02
1.414006180000000086e+03 3.643261550000000126e-02
1.414307029999999941e+03 3.427461500000000133e-02
1.414607880000000023e+03 3.222177290000000083e-02
1.414908730000000105e+03 3.027556730000000029e-02
1.415209589999999935e+03 2.843740609999999974e-02
1.415510440000000017e+03 2.670841549999999898e-02
1.415811290000000099e+03 2.508972149999999859e-02
1.416112139999999954e+03 2.358216889999999871e-02
1.416412990000000036e+03 2.218646150000000081e-02
1.416713850000000093e+03 2.090309200000000159e-02
1.417014699999999948e+03 1.973248280000000285e-02
1.417315550000000030e+03 1.867491540000000214e-02
1.417616400000000112e+03 1.773031949999999760e-02
1.417917259999999942e+03 1.689862459999999858e-02
1.418218110000000024e+03 1.617954909999999927e-02
1.418518960000000106e+03 1.557274130000000159e-02
1.418819809999999961e+03 1.507756740000000019e-02
1.419120670000000018e+03 1.469325340000000001e-02
1.419421520000000100e+03 1.441902500000000024e-02
1.419722369999999955e+03 1.425382629999999949e-02
1.420023220000000038e+03 1.419653109999999968e-02
1.420324080000000095e+03 1.424573170000000000e-02
1.420624929999999949e+03 1.440016119999999906e-02
1.420925780000000032e+03 1.465813019999999932e-02
1.421226629999999886e+03 1.501809030000000010e-02
1.421527489999999943e+03 1.547821129999999920e-02
1.421828340000000026e+03 1.603659279999999909e-02
1.422129190000000108e+03 1.669126389999999946e-02
1.422430039999999963e+03 1.744004279999999962e-02
1.422730890000000045e+03 1.828081759999999889e-02
1.423031750000000102e+03 1.921133610000000033e-02
1.423332599999999957e+03 2.022906439999999986e-02
1.423633450000000039e+03 2.133174989999999868e-02
1.423934299999999894e+03 2.251678849999999912e-02
1.424235159999999951e+03 2.378157569999999818e-02
1.424536010000000033e+03 2.512350730000000032e-02
1.424836859999999888e+03 2.653997890000000040e-02
1.425137709999999970e+03 2.802817510000000026e-02
1.425438570000000027e+03 2.958535070000000225e-02
1.425739420000000109e+03 3.120869019999999994e-02
1.426040269999999964e+03 3.289544859999999488e-02
1.426341120000000046e+03 3.464266950000000067e-02
1.426641980000000103e+03 3.644760799999999940e-02
1.426942829999999958e+03 3.830737810000000437e-02
1.427243680000000040e+03 4.021909390000000251e-02
1.427544529999999895e+03 4.217993989999999777e-02
1.427845389999999952e+03 4.418703040000000054e-02
1.428146240000000034e+03 4.623762010000000144e-02
1.428447089999999889e+03 4.832882320000000259e-02
1.428747939999999971e+03 5.045796500000000046e-02
1.429048790000000054e+03 5.262222999999999901e-02
1.429349650000000111e+03 5.481908430000000110e-02
1.429650499999999965e+03 5.704571240000000376e-02
1.429951350000000048e+03 5.929958020000000024e-02
1.430252199999999903e+03 6.157815399999999606e-02
1.430553059999999959e+03 6.387904059999999218e-02
1.430853910000000042e+03 6.619970590000000266e-02
1.431154759999999897e+03 6.853789759999999454e-02
1.431455609999999979e+03 7.089115220000000162e-02
1.431756470000000036e+03 7.325756920000001116e-02
1.432057319999999891e+03 7.563524809999999654e-02
1.432358169999999973e+03 7.802137350000000471e-02
1.432659020000000055e+03 8.041453769999999668e-02
1.432959880000000112e+03 8.281262889999999044e-02
1.433260729999999967e+03 8.521423950000001080e-02
1.433561580000000049e+03 8.761725780000000074e-02
1.433862429999999904e+03 9.002027609999999069e-02
1.434163289999999961e+03 9.242188670000001105e-02
1.434464140000000043e+03 9.482068180000000068e-02
1.434764989999999898e+03 9.721454979999999413e-02
1.435065839999999980e+03 9.960419449999999286e-02
1.435366690000000062e+03 1.019860969999999978e-01
1.435667549999999892e+03 1.043616640000000068e-01
1.435968399999999974e+03 1.067273769999999983e-01
1.436269250000000056e+03 1.090846440000000084e-01
1.436570099999999911e+03 1.114313519999999974e-01
1.436870959999999968e+03 1.137675030000000059e-01
1.437171810000000050e+03 1.160923909999999892e-01
1.437472659999999905e+03 1.184053139999999976e-01
1.437773509999999987e+03 1.207062709999999900e-01
1.438074370000000044e+03 1.229945579999999900e-01
1.438375219999999899e+03 1.252694719999999928e-01
1.438676069999999982e+03 1.275317159999999894e-01
1.438976920000000064e+03 1.297805860000000033e-01
1.439277779999999893e+03 1.320167869999999966e-01
1.439578629999999976e+03 1.342396140000000071e-01
1.439879480000000058e+03 1.364497719999999970e-01
1.440180329999999913e+03 1.386465560000000041e-01
1.440481189999999970e+03 1.408306699999999911e-01
1.440782040000000052e+03 1.430021139999999857e-01
1.441082889999999907e+03 1.451615930000000054e-01
1.441383739999999989e+03 1.473091059999999952e-01
1.441684590000000071e+03 1.494453570000000009e-01
1.441985449999999901e+03 1.515696420000000044e-01
1.442286299999999983e+03 1.536833689999999863e-01
1.442587150000000065e+03 1.557872420000000202e-01
1.442887999999999920e+03 1.578805560000000052e-01
1.443188859999999977e+03 1.599640170000000139e-01
1.443489710000000059e+03 1.620390310000000000e-01
1.443790559999999914e+03 1.641048950000000006e-01
1.444091409999999996e+03 1.661616079999999884e-01
1.444392270000000053e+03 1.682112829999999892e-01
1.444693119999999908e+03 1.702525109999999953e-01
1.444993969999999990e+03 1.722867000000000148e-01
1.445294820000000072e+03 1.743131470000000016e-01
1.445595679999999902e+03 1.763332589999999922e-01
1.445896529999999984e+03 1.783463329999999958e-01
1.446197380000000067e+03 1.803530710000000037e-01
1.446498229999999921e+03 1.823527709999999968e-01
1.446799089999999978e+03 1.843461359999999938e-01
1.447099940000000061e+03 1.863331659999999945e-01
1.447400789999999915e+03 1.883131580000000083e-01
1.447701639999999998e+03 1.902861100000000083e-01
1.448002490000000080e+03 1.922513200000000033e-01
1.448303349999999909e+03 1.942094919999999836e-01
1.448604199999999992e+03 1.961592159999999974e-01
1.448905050000000074e+03 1.981004949999999876e-01
1.449205899999999929e+03 2.000326229999999927e-01
1.449506759999999986e+03 2.019541930000000041e-01
1.449807610000000068e+03 2.038652050000000215e-01
1.450108459999999923e+03 2.057635470000000188e-01
1.450409310000000005e+03 2.076492199999999955e-01
1.450710170000000062e+03 2.095208149999999991e-01
1.451011019999999917e+03 2.113769250000000210e-01
1.451311869999999999e+03 2.132161419999999974e-01
1.451612720000000081e+03 2.150363539999999851e-01
1.451913579999999911e+03 2.168368579999999934e-01
1.452214429999999993e+03 2.186155419999999960e-01
1.452515280000000075e+03 2.203702949999999938e-01
1.452816129999999930e+03 2.220990039999999888e-01
1.453116989999999987e+03 2.238002619999999998e-01
1.453417840000000069e+03 2.254712540000000098e-01
1.453718689999999924e+03 2.271098669999999931e-01
1.454019540000000006e+03 2.287132870000000151e-01
1.454320390000000089e+03 2.302794019999999942e-01
1.454621249999999918e+03 2.318053959999999969e-01
1.454922100000000000e+03 2.332884540000000062e-01
1.455222950000000083e+03 2.347257600000000055e-01
1.455523799999999937e+03 2.361137950000000152e-01
1.455824659999999994e+03 2.374504480000000084e-01
1.456125510000000077e+03 2.387314950000000158e-01
1.456426359999999931e+03 2.399541199999999930e-01
1.456727210000000014e+03 2.411155080000000062e-01
1.457028070000000071e+03 2.422114370000000017e-01
1.457328919999999925e+03 2.432390900000000189e-01
1.457629770000000008e+03 2.441942439999999770e-01
1.457930620000000090e+03 2.450740830000000259e-01
1.458231479999999920e+03 2.458736820000000101e-01
1.458532330000000002e+03 2.465902230000000250e-01
1.458833180000000084e+03 2.472201879999999796e-01
1.459134029999999939e+03 2.477586499999999969e-01
1.459434880000000021e+03 2.482027930000000326e-01
1.459735740000000078e+03 2.485483950000000053e-01
1.460036589999999933e+03 2.487912300000000021e-01
1.460337440000000015e+03 2.489277809999999869e-01
1.460638290000000097e+03 2.489538250000000175e-01
1.460939149999999927e+03 2.488658410000000321e-01
1.461240000000000009e+03 2.486603099999999955e-01
1.461540850000000091e+03 2.483323060000000027e-01
1.461841699999999946e+03 2.478790120000000097e-01
1.462142560000000003e+03 2.472962070000000179e-01
1.462443410000000085e+03 2.465803689999999659e-01
1.462744259999999940e+03 2.457272759999999945e-01
1.463045110000000022e+03 2.447334090000000129e-01
1.463345970000000079e+03 2.435959530000000040e-01
1.463646819999999934e+03 2.423113869999999892e-01
1.463947670000000016e+03 2.408754879999999987e-01
1.464248520000000099e+03 2.392861460000000051e-01
1.464549379999999928e+03 2.375398400000000021e-01
1.464850230000000010e+03 2.356323469999999920e-01
1.465151080000000093e+03 2.335629640000000118e-01
1.465451929999999948e+03 2.313267629999999908e-01
1.465752780000000030e+03 2.289230409999999938e-01
1.466053640000000087e+03 2.263475739999999958e-01
1.466354489999999942e+03 2.235996590000000062e-01
1.466655340000000024e+03 2.206757749999999907e-01
1.466956190000000106e+03 2.175752200000000136e-01
1.467257049999999936e+03 2.142951770000000034e-01
1.467557900000000018e+03 2.108349429999999969e-01
1.467858750000000100e+03 2.071924069999999951e-01
1.468159599999999955e+03 2.033668640000000083e-01
1.468460460000000012e+03 1.993569060000000004e-01
1.468761310000000094e+03 1.951625339999999986e-01
1.469062159999999949e+03 1.907823399999999947e-01
1.469363010000000031e+03 1.862163229999999892e-01
1.469663870000000088e+03 1.814637809999999907e-01
1.469964719999999943e+03 1.765261199999999808e-01
1.470265570000000025e+03 1.714033410000000146e-01
1.470566420000000107e+03 1.660954439999999810e-01
1.470867279999999937e+03 1.606038359999999998e-01
1.471168130000000019e+03 1.549299259999999956e-01
1.471468980000000101e+03 1.490737119999999971e-01
1.471769829999999956e+03 1.430387159999999824e-01
1.472070680000000038e+03 1.368256389999999989e-01
1.472371540000000095e+03 1.304372990000000065e-01
1.472672389999999950e+03 1.238758059999999911e-01
1.472973240000000033e+03 1.171432719999999927e-01
1.473274089999999887e+03 1.102439209999999947e-01
1.473574949999999944e+03 1.031798629999999967e-01
1.473875800000000027e+03 9.595461930000000195e-02
1.474176650000000109e+03 8.857311569999999634e-02
1.474477499999999964e+03 8.103816810000000204e-02
1.474778360000000021e+03 7.335470349999999307e-02
1.475079210000000103e+03 6.552680439999999940e-02
1.475380059999999958e+03 5.755946840000000092e-02
1.475680910000000040e+03 4.945776320000000448e-02
1.475981770000000097e+03 4.122682710000000195e-02
1.476282619999999952e+03 3.287222080000000435e-02
1.476583470000000034e+03 2.439971589999999704e-02
1.476884319999999889e+03 1.581536589999999950e-02
1.477185179999999946e+03 7.125364620000000475e-03
1.477486030000000028e+03 -1.663861430000000002e-03
1.477786880000000110e+03 -1.054568889999999912e-02
1.478087729999999965e+03 -1.951315640000000212e-02
1.478388580000000047e+03 -2.855917599999999862e-02
1.478689440000000104e+03 -3.767656820000000323e-02
1.478990289999999959e+03 -4.685780149999999727e-02
1.479291140000000041e+03 -5.609527430000000453e-02
1.479591989999999896e+03 -6.538110299999999597e-02
1.479892849999999953e+03 -7.470754509999999460e-02
1.480193700000000035e+03 -8.406552070000000709e-02
1.480494549999999890e+03 -9.344813180000000052e-02
1.480795399999999972e+03 -1.028462279999999979e-01
1.481096260000000029e+03 -1.122513630000000068e-01
1.481397110000000112e+03 -1.216543860000000032e-01
1.481697959999999966e+03 -1.310475559999999817e-01
1.481998810000000049e+03 -1.404210159999999818e-01
1.482299670000000106e+03 -1.497656179999999893e-01
1.482600519999999960e+03 -1.590736189999999994e-01
1.482901370000000043e+03 -1.683351640000000093e-01
1.483202219999999897e+03 -1.775411030000000057e-01
1.483503079999999954e+03 -1.866822870000000023e-01
1.483803930000000037e+03 -1.957495629999999875e-01
1.484104779999999892e+03 -2.047337830000000025e-01
1.484405629999999974e+03 -2.136250909999999892e-01
1.484706480000000056e+03 -2.224150420000000072e-01
1.485007340000000113e+03 -2.310937819999999976e-01
1.485308189999999968e+03 -2.396528629999999938e-01
1.485609040000000050e+03 -2.480831350000000102e-01
1.485909889999999905e+03 -2.563740409999999970e-01
1.486210749999999962e+03 -2.645185419999999676e-01
1.486511600000000044e+03 -2.725067830000000302e-01
1.486812449999999899e+03 -2.803296140000000047e-01
1.487113299999999981e+03 -2.879785890000000070e-01
1.487414160000000038e+03 -2.954452610000000146e-01
1.487715009999999893e+03 -3.027204800000000140e-01
1.488015859999999975e+03 -3.097972069999999634e-01
1.488316710000000057e+03 -3.166655880000000534e-01
1.488617569999999887e+03 -3.233185840000000200e-01
1.488918419999999969e+03 -3.297484529999999969e-01
1.489219270000000051e+03 -3.359467480000000172e-01
1.489520119999999906e+03 -3.419064310000000106e-01
1.489820979999999963e+03 -3.476204619999999634e-01
1.490121830000000045e+03 -3.530810989999999538e-01
1.490422679999999900e+03 -3.582813039999999671e-01
1.490723529999999982e+03 -3.632154459999999974e-01
1.491024380000000065e+03 -3.678757810000000128e-01
1.491325239999999894e+03 -3.722573829999999973e-01
1.491626089999999976e+03 -3.763539169999999823e-01
1.491926940000000059e+03 -3.801597509999999902e-01
1.492227789999999914e+03 -3.836699600000000321e-01
1.492528649999999971e+03 -3.868782080000000012e-01
1.492829500000000053e+03 -3.897809750000000295e-01
1.493130349999999908e+03 -3.923733350000000453e-01
1.493431199999999990e+03 -3.946510639999999959e-01
1.493732060000000047e+03 -3.966106430000000405e-01
1.494032909999999902e+03 -3.982485530000000051e-01
1.494333759999999984e+03 -3.995605699999999483e-01
1.494634610000000066e+03 -4.005452870000000276e-01
1.494935469999999896e+03 -4.011991830000000148e-01
1.495236319999999978e+03 -4.015194449999999748e-01
1.495537170000000060e+03 -4.015060720000000472e-01
1.495838019999999915e+03 -4.011562470000000213e-01
1.496138879999999972e+03 -4.004685639999999713e-01
1.496439730000000054e+03 -3.994430230000000082e-01
1.496740579999999909e+03 -3.980782159999999847e-01
1.497041429999999991e+03 -3.963748460000000029e-01
1.497342280000000073e+03 -3.943329139999999788e-01
1.497643139999999903e+03 -3.919531230000000144e-01
1.497943989999999985e+03 -3.892354739999999702e-01
1.498244840000000067e+03 -3.861827820000000022e-01
1.498545689999999922e+03 -3.827950469999999994e-01
1.498846549999999979e+03 -3.790750850000000338e-01
1.499147400000000061e+03 -3.750257109999999838e-01
1.499448249999999916e+03 -3.706483319999999693e-01
1.499749099999999999e+03 -3.659471719999999872e-01
1.500049960000000056e+03 -3.609250469999999988e-01
1.500350809999999910e+03 -3.555861790000000022e-01
1.500651659999999993e+03 -3.499340890000000037e-01
1.500952510000000075e+03 -3.439729979999999743e-01
1.501253369999999904e+03 -3.377078350000000118e-01
1.501554219999999987e+03 -3.311442310000000111e-01
1.501855070000000069e+03 -3.242864080000000260e-01
1.502155919999999924e+03 -3.171414049999999873e-01
1.502456770000000006e+03 -3.097141499999999659e-01
1.502757630000000063e+03 -3.020109770000000138e-01
1.503058479999999918e+03 -2.940389250000000065e-01
1.503359330000000000e+03 -2.858043290000000236e-01
1.503660180000000082e+03 -2.773156350000000048e-01
1.503961039999999912e+03 -2.685784740000000115e-01
1.504261889999999994e+03 -2.596012930000000107e-01
1.504562740000000076e+03 -2.503925390000000251e-01
1.504863589999999931e+03 -2.409599530000000045e-01
1.505164449999999988e+03 -2.313119819999999993e-01
1.505465300000000070e+03 -2.214563689999999863e-01
1.505766149999999925e+03 -2.114036720000000147e-01
1.506067000000000007e+03 -2.011623369999999966e-01
1.506367860000000064e+03 -1.907408109999999823e-01
1.506668709999999919e+03 -1.801496519999999935e-01
1.506969560000000001e+03 -1.693980110000000150e-01
1.507270410000000084e+03 -1.584957399999999961e-01
1.507571269999999913e+03 -1.474526959999999942e-01
1.507872119999999995e+03 -1.362794350000000043e-01
1.508172970000000078e+03 -1.249858119999999878e-01
1.508473819999999932e+03 -1.135823850000000079e-01
1.508774670000000015e+03 -1.020797120000000030e-01
1.509075530000000072e+03 -9.048835090000000025e-02
1.509376379999999926e+03 -7.881886030000000154e-02
1.509677230000000009e+03 -6.708243149999999766e-02
1.509978080000000091e+03 -5.528962260000000462e-02
1.510278939999999920e+03 -4.345141400000000070e-02
1.510579790000000003e+03 -3.157878599999999758e-02
1.510880640000000085e+03 -1.968278949999999888e-02
1.511181489999999940e+03 -7.774334419999999989e-03
1.511482349999999997e+03 4.135415750000000397e-03
1.511783200000000079e+03 1.603553699999999901e-02
1.512084049999999934e+03 2.791492209999999960e-02
1.512384900000000016e+03 3.976256259999999543e-02
1.512685760000000073e+03 5.156754849999999751e-02
1.512986609999999928e+03 6.331889940000000327e-02
1.513287460000000010e+03 7.500598679999999352e-02
1.513588310000000092e+03 8.661705599999999783e-02
1.513889169999999922e+03 9.814295670000000582e-02
1.514190020000000004e+03 1.095717229999999959e-01
1.514490870000000086e+03 1.208935010000000004e-01
1.514791719999999941e+03 1.320977319999999955e-01
1.515092570000000023e+03 1.431738590000000144e-01
1.515393430000000080e+03 1.541127310000000028e-01
1.515694279999999935e+03 1.649023809999999868e-01
1.515995130000000017e+03 1.755350689999999880e-01
1.516295980000000100e+03 1.859995309999999957e-01
1.516596839999999929e+03 1.962873210000000146e-01
1.516897690000000011e+03 2.063885849999999855e-01
1.517198540000000094e+03 2.162941730000000062e-01
1.517499389999999948e+03 2.259949340000000084e-01
1.517800250000000005e+03 2.354824219999999968e-01
1.518101100000000088e+03 2.447481909999999761e-01
1.518401949999999943e+03 2.537837930000000353e-01
1.518702800000000025e+03 2.625814870000000023e-01
1.519003660000000082e+03 2.711328250000000217e-01
1.519304509999999937e+03 2.794307699999999950e-01
1.519605360000000019e+03 2.874675780000000014e-01
1.519906210000000101e+03 2.952369150000000442e-01
1.520207069999999931e+03 3.027317420000000259e-01
1.520507920000000013e+03 3.099457239999999780e-01
1.520808770000000095e+03 3.168718220000000252e-01
1.521109619999999950e+03 3.235051100000000401e-01
1.521410470000000032e+03 3.298392529999999989e-01
1.521711330000000089e+03 3.358693219999999702e-01
1.522012179999999944e+03 3.415903920000000205e-01
1.522313030000000026e+03 3.469975350000000236e-01
1.522613880000000108e+03 3.520872320000000277e-01
1.522914739999999938e+03 3.568538519999999714e-01
1.523215590000000020e+03 3.612952829999999671e-01
1.523516440000000102e+03 3.654073019999999894e-01
1.523817289999999957e+03 3.691863899999999754e-01
1.524118150000000014e+03 3.726311390000000001e-01
1.524419000000000096e+03 3.757380290000000289e-01
1.524719849999999951e+03 3.785049489999999794e-01
1.525020700000000033e+03 3.809311950000000002e-01
1.525321560000000090e+03 3.830146549999999817e-01
1.525622409999999945e+03 3.847546270000000157e-01
1.525923260000000028e+03 3.861496999999999846e-01
1.526224110000000110e+03 3.872005809999999881e-01
1.526524969999999939e+03 3.879065640000000093e-01
1.526825820000000022e+03 3.882683549999999539e-01
1.527126670000000104e+03 3.882859509999999625e-01
1.527427519999999959e+03 3.879607629999999863e-01
1.527728370000000041e+03 3.872941960000000350e-01
1.528029230000000098e+03 3.862883630000000235e-01
1.528330079999999953e+03 3.849439679999999697e-01
1.528630930000000035e+03 3.832645299999999922e-01
1.528931779999999890e+03 3.812528640000000246e-01
1.529232639999999947e+03 3.789110829999999819e-01
1.529533490000000029e+03 3.762427050000000106e-01
1.529834340000000111e+03 3.732519539999999969e-01
1.530135189999999966e+03 3.699416449999999856e-01
1.530436050000000023e+03 3.663174089999999827e-01
1.530736900000000105e+03 3.623827649999999956e-01
1.531037749999999960e+03 3.581426420000000110e-01
1.531338600000000042e+03 3.536033720000000269e-01
1.531639460000000099e+03 3.487684770000000212e-01
1.531940309999999954e+03 3.436449939999999814e-01
1.532241160000000036e+03 3.382385549999999963e-01
1.532542009999999891e+03 3.325554940000000070e-01
1.532842869999999948e+03 3.266021460000000376e-01
1.533143720000000030e+03 3.203848469999999726e-01
1.533444570000000112e+03 3.139113379999999842e-01
1.533745419999999967e+03 3.071886580000000033e-01
1.534046270000000050e+03 3.002245499999999789e-01
1.534347130000000107e+03 2.930260539999999803e-01
1.534647979999999961e+03 2.856009099999999856e-01
1.534948830000000044e+03 2.779582699999999518e-01
1.535249679999999898e+03 2.701058760000000225e-01
1.535550539999999955e+03 2.620514709999999803e-01
1.535851390000000038e+03 2.538049090000000230e-01
1.536152239999999892e+03 2.453739330000000163e-01
1.536453089999999975e+03 2.367683960000000198e-01
1.536753950000000032e+03 2.279974500000000182e-01
1.537054799999999886e+03 2.190695400000000070e-01
1.537355649999999969e+03 2.099945209999999896e-01
1.537656500000000051e+03 2.007815430000000068e-01
1.537957360000000108e+03 1.914404600000000067e-01
1.538258209999999963e+03 1.819811270000000203e-01
1.538559060000000045e+03 1.724133969999999960e-01
1.538859909999999900e+03 1.627471259999999920e-01
1.539160769999999957e+03 1.529914629999999942e-01
1.539461620000000039e+03 1.431569660000000244e-01
1.539762469999999894e+03 1.332534900000000022e-01
1.540063319999999976e+03 1.232908880000000013e-01
1.540364170000000058e+03 1.132797200000000004e-01
1.540665029999999888e+03 1.032298379999999904e-01
1.540965879999999970e+03 9.315109789999999335e-02
1.541266730000000052e+03 8.305335300000001031e-02
1.541567579999999907e+03 7.294645789999999741e-02
1.541868439999999964e+03 6.284075930000000698e-02
1.542169290000000046e+03 5.274618190000000123e-02
1.542470139999999901e+03 4.267243899999999951e-02
1.542770989999999983e+03 3.262917390000000251e-02
1.543071850000000040e+03 2.262617020000000020e-02
1.543372699999999895e+03 1.267293019999999985e-02
1.543673549999999977e+03 2.778899940000000186e-03
1.543974400000000060e+03 -7.046530980000000055e-03
1.544275259999999889e+03 -1.679409960000000090e-02
1.544576109999999971e+03 -2.645481040000000061e-02
1.544876960000000054e+03 -3.601965389999999684e-02
1.545177809999999909e+03 -4.547997250000000019e-02
1.545478669999999966e+03 -5.482703809999999595e-02
1.545779520000000048e+03 -6.405247459999999227e-02
1.546080369999999903e+03 -7.314776519999999227e-02
1.546381219999999985e+03 -8.210594159999999586e-02
1.546682070000000067e+03 -9.091771270000000016e-02
1.546982929999999897e+03 -9.957603969999999360e-02
1.547283779999999979e+03 -1.080738839999999951e-01
1.547584630000000061e+03 -1.164035030000000054e-01
1.547885479999999916e+03 -1.245585609999999843e-01
1.548186339999999973e+03 -1.325320209999999999e-01
1.548487190000000055e+03 -1.403168429999999967e-01
1.548788039999999910e+03 -1.479081010000000140e-01
1.549088889999999992e+03 -1.552994580000000013e-01
1.549389750000000049e+03 -1.624845819999999885e-01
1.549690599999999904e+03 -1.694585440000000165e-01
1.549991449999999986e+03 -1.762164169999999863e-01
1.550292300000000068e+03 -1.827532739999999933e-01
1.550593159999999898e+03 -1.890641889999999936e-01
1.550894009999999980e+03 -1.951456409999999808e-01
1.551194860000000062e+03 -2.009941120000000025e-01
1.551495709999999917e+03 -2.066046740000000159e-01
1.551796559999999999e+03 -2.119752159999999941e-01
1.552097420000000056e+03 -2.171015140000000232e-01
1.552398269999999911e+03 -2.219828650000000014e-01
1.552699119999999994e+03 -2.266150450000000149e-01
1.552999970000000076e+03 -2.309966469999999994e-01
1.553300829999999905e+03 -2.351255590000000117e-01
1.553601679999999988e+03 -2.390017809999999965e-01
1.553902530000000070e+03 -2.426224979999999920e-01
1.554203379999999925e+03 -2.459884130000000169e-01
1.554504239999999982e+03 -2.490974150000000165e-01
1.554805090000000064e+03 -2.519509109999999996e-01
1.555105939999999919e+03 -2.545489019999999658e-01
1.555406790000000001e+03 -2.568906830000000086e-01
1.555707650000000058e+03 -2.589783669999999871e-01
1.556008499999999913e+03 -2.608119529999999853e-01
1.556309349999999995e+03 -2.623935530000000016e-01
1.556610200000000077e+03 -2.637252780000000074e-01
1.556911059999999907e+03 -2.648078329999999925e-01
1.557211909999999989e+03 -2.656447369999999641e-01
1.557512760000000071e+03 -2.662373969999999868e-01
1.557813609999999926e+03 -2.665900370000000019e-01
1.558114460000000008e+03 -2.667047679999999810e-01
1.558415320000000065e+03 -2.665851089999999868e-01
1.558716169999999920e+03 -2.662352849999999882e-01
1.559017020000000002e+03 -2.656581100000000029e-01
1.559317870000000084e+03 -2.648592160000000084e-01
1.559618729999999914e+03 -2.638414170000000225e-01
1.559919579999999996e+03 -2.626103450000000228e-01
1.560220430000000079e+03 -2.611709280000000244e-01
1.560521279999999933e+03 -2.595273869999999983e-01
1.560822139999999990e+03 -2.576853540000000331e-01
1.561122990000000073e+03 -2.556504609999999955e-01
1.561423839999999927e+03 -2.534283379999999752e-01
1.561724690000000010e+03 -2.510246160000000337e-01
1.562025550000000067e+03 -2.484456290000000012e-01
1.562326399999999921e+03 -2.456970099999999657e-01
1.562627250000000004e+03 -2.427850920000000079e-01
1.562928100000000086e+03 -2.397162110000000124e-01
1.563228959999999915e+03 -2.364974049999999939e-01
1.563529809999999998e+03 -2.331350100000000036e-01
1.563830660000000080e+03 -2.296353590000000111e-01
1.564131509999999935e+03 -2.260061960000000203e-01
1.564432360000000017e+03 -2.222538559999999996e-01
1.564733220000000074e+03 -2.183853759999999922e-01
1.565034069999999929e+03 -2.144077969999999833e-01
1.565334920000000011e+03 -2.103281559999999883e-01
1.565635770000000093e+03 -2.061534919999999937e-01
1.565936629999999923e+03 -2.018908449999999855e-01
1.566237480000000005e+03 -1.975479560000000245e-01
1.566538330000000087e+03 -1.931318639999999864e-01
1.566839179999999942e+03 -1.886489040000000061e-01
1.567140039999999999e+03 -1.841068200000000044e-01
1.567440890000000081e+03 -1.795126480000000246e-01
1.567741739999999936e+03 -1.748734289999999969e-01
1.568042590000000018e+03 -1.701954970000000011e-01
1.568343450000000075e+03 -1.654865949999999863e-01
1.568644299999999930e+03 -1.607530570000000048e-01
1.568945150000000012e+03 -1.560019230000000146e-01
1.569246000000000095e+03 -1.512395259999999853e-01
1.569546859999999924e+03 -1.464722019999999958e-01
1.569847710000000006e+03 -1.417069899999999771e-01
1.570148560000000089e+03 -1.369495210000000185e-01
1.570449409999999943e+03 -1.322061290000000056e-01
1.570750260000000026e+03 -1.274831490000000178e-01
1.571051120000000083e+03 -1.227855079999999877e-01
1.571351969999999937e+03 -1.181195420000000079e-01
1.571652820000000020e+03 -1.134908810000000018e-01
1.571953670000000102e+03 -1.089044530000000122e-01
1.572254529999999932e+03 -1.043651830000000003e-01
1.572555380000000014e+03 -9.987800069999999697e-02
1.572856230000000096e+03 -9.544853539999999248e-02
1.573157079999999951e+03 -9.108030699999999924e-02
1.573457940000000008e+03 -8.677753870000000369e-02
1.573758790000000090e+03 -8.254445370000000615e-02
1.574059639999999945e+03 -7.838527530000000132e-02
1.574360490000000027e+03 -7.430352269999999926e-02
1.574661350000000084e+03 -7.030229310000001008e-02
1.574962199999999939e+03 -6.638468339999999135e-02
1.575263050000000021e+03 -6.255379070000000041e-02
1.575563900000000103e+03 -5.881207860000000481e-02
1.575864759999999933e+03 -5.516208100000000170e-02
1.576165610000000015e+03 -5.160590950000000510e-02
1.576466460000000097e+03 -4.814532379999999362e-02
1.576767309999999952e+03 -4.478215399999999763e-02
1.577068160000000034e+03 -4.151766700000000115e-02
1.577369020000000091e+03 -3.835305929999999891e-02
1.577669869999999946e+03 -3.528924620000000595e-02
1.577970720000000028e+03 -3.232679050000000082e-02
1.578271570000000111e+03 -2.946604439999999867e-02
1.578572429999999940e+03 -2.670728929999999918e-02
1.578873280000000022e+03 -2.405038439999999944e-02
1.579174130000000105e+03 -2.149490739999999900e-02
1.579474979999999960e+03 -1.904036569999999901e-02
1.579775840000000017e+03 -1.668584409999999962e-02
1.580076690000000099e+03 -1.443035730000000010e-02
1.580377539999999954e+03 -1.227263830000000118e-02
1.580678390000000036e+03 -1.021113859999999915e-02
1.580979250000000093e+03 -8.244168839999999748e-03
1.581280099999999948e+03 -6.369793429999999479e-03
1.581580950000000030e+03 -4.585907780000000530e-03
1.581881800000000112e+03 -2.890153920000000133e-03
1.582182659999999942e+03 -1.280011980000000157e-03
1.582483510000000024e+03 2.472187809999999730e-04
1.582784360000000106e+03 1.694430580000000092e-03
1.583085209999999961e+03 3.064671890000000062e-03
1.583386060000000043e+03 4.361168559999999833e-03
1.583686920000000100e+03 5.587292120000000167e-03
1.583987769999999955e+03 6.746554890000000006e-03
1.584288620000000037e+03 7.842609979999999939e-03
1.584589469999999892e+03 8.879272369999999942e-03
1.584890329999999949e+03 9.860328879999999754e-03
1.585191180000000031e+03 1.078993240000000048e-02
1.585492030000000113e+03 1.167216530000000051e-02
1.585792879999999968e+03 1.251111010000000023e-02
1.586093740000000025e+03 1.331120119999999914e-02
1.586394590000000107e+03 1.407666169999999967e-02
1.586695439999999962e+03 1.481192620000000050e-02
1.586996290000000045e+03 1.552156979999999922e-02
1.587297150000000101e+03 1.620995639999999946e-02
1.587597999999999956e+03 1.688166129999999973e-02
1.587898850000000039e+03 1.754125949999999975e-02
1.588199699999999893e+03 1.819332640000000112e-02
1.588500559999999950e+03 1.884236649999999902e-02
1.588801410000000033e+03 1.949302559999999823e-02
1.589102259999999887e+03 2.014966760000000065e-02
1.589403109999999970e+03 2.081700850000000116e-02
1.589703960000000052e+03 2.149934180000000195e-02
1.590004820000000109e+03 2.220117240000000006e-02
1.590305669999999964e+03 2.292686420000000086e-02
1.590606520000000046e+03 2.368064049999999907e-02
1.590907369999999901e+03 2.446679489999999818e-02
1.591208229999999958e+03 2.528933950000000069e-02
1.591509080000000040e+03 2.615242710000000026e-02
1.591809929999999895e+03 2.705992899999999993e-02
1.592110779999999977e+03 2.801571649999999927e-02
1.592411640000000034e+03 2.902337940000000033e-02
1.592712489999999889e+03 3.008657780000000004e-02
1.593013339999999971e+03 3.120876059999999966e-02
1.593314190000000053e+03 3.239323599999999886e-02
1.593615050000000110e+03 3.364303080000000112e-02
1.593915899999999965e+03 3.496131229999999840e-02
1.594216750000000047e+03 3.635075520000000115e-02
1.594517599999999902e+03 3.781417509999999982e-02
1.594818449999999984e+03 3.935396499999999770e-02
1.595119310000000041e+03 4.097251829999999651e-02
1.595420159999999896e+03 4.267194629999999933e-02
1.595721009999999978e+03 4.445414970000000077e-02
1.596021860000000061e+03 4.632102889999999834e-02
1.596322719999999890e+03 4.827399159999999634e-02
1.596623569999999972e+03 5.031451590000000224e-02
1.596924420000000055e+03 5.244379849999999954e-02
1.597225269999999909e+03 5.466275439999999930e-02
1.597526129999999966e+03 5.697215779999999924e-02
1.597826980000000049e+03 5.937264210000000458e-02
1.598127829999999904e+03 6.186455950000000620e-02
1.598428679999999986e+03 6.444798009999999633e-02
1.598729540000000043e+03 6.712290409999999152e-02
1.599030389999999898e+03 6.988912030000000997e-02
1.599331239999999980e+03 7.274585440000000403e-02
1.599632090000000062e+03 7.569296560000000895e-02
1.599932949999999892e+03 7.872946860000000491e-02
1.600233799999999974e+03 8.185395549999999187e-02
1.600534650000000056e+03 8.506572249999999613e-02
1.600835499999999911e+03 8.836265800000001058e-02
1.601136349999999993e+03 9.174335429999999625e-02
1.601437210000000050e+03 9.520640349999999474e-02
1.601738059999999905e+03 9.874899030000000577e-02
1.602038909999999987e+03 1.023690030000000001e-01
1.602339760000000069e+03 1.060643299999999983e-01
1.602640619999999899e+03 1.098328599999999905e-01
1.602941469999999981e+03 1.136710719999999980e-01
1.603242320000000063e+03 1.175761530000000027e-01
1.603543169999999918e+03 1.215452860000000024e-01
1.603844029999999975e+03 1.255749520000000174e-01
1.604144880000000057e+03 1.296616320000000266e-01
1.604445729999999912e+03 1.338025099999999856e-01
1.604746579999999994e+03 1.379933630000000078e-01
1.605047440000000051e+03 1.422306710000000030e-01
1.605348289999999906e+03 1.465109150000000193e-01
1.605649139999999989e+03 1.508284649999999949e-01
1.605949990000000071e+03 1.551812080000000149e-01
1.606250849999999900e+03 1.595635139999999896e-01
1.606551699999999983e+03 1.639718629999999955e-01
1.606852550000000065e+03 1.684006239999999988e-01
1.607153399999999920e+03 1.728469820000000101e-01
1.607454250000000002e+03 1.773053059999999959e-01
1.607755110000000059e+03 1.817706689999999958e-01
1.608055959999999914e+03 1.862395510000000032e-01
1.608356809999999996e+03 1.907063220000000114e-01
1.608657660000000078e+03 1.951660530000000060e-01
1.608958519999999908e+03 1.996145229999999882e-01
1.609259369999999990e+03 2.040468039999999983e-01
1.609560220000000072e+03 2.084572650000000027e-01
1.609861069999999927e+03 2.128423860000000223e-01
1.610161929999999984e+03 2.171965369999999951e-01
1.610462780000000066e+03 2.215140859999999989e-01
1.610763629999999921e+03 2.257915149999999982e-01
1.611064480000000003e+03 2.300238959999999777e-01
1.611365340000000060e+03 2.342055989999999865e-01
1.611666189999999915e+03 2.383316950000000101e-01
1.611967039999999997e+03 2.423986669999999843e-01
1.612267890000000079e+03 2.464008820000000155e-01
1.612568749999999909e+03 2.503341170000000226e-01
1.612869599999999991e+03 2.541941500000000076e-01
1.613170450000000073e+03 2.579760529999999830e-01
1.613471299999999928e+03 2.616749000000000436e-01
1.613772150000000011e+03 2.652871699999999611e-01
1.614073010000000068e+03 2.688079370000000523e-01
1.614373859999999922e+03 2.722343839999999959e-01
1.614674710000000005e+03 2.755608829999999787e-01
1.614975560000000087e+03 2.787846150000000134e-01
1.615276419999999916e+03 2.819006560000000272e-01
1.615577269999999999e+03 2.849068919999999672e-01
1.615878120000000081e+03 2.877976939999999928e-01
1.616178969999999936e+03 2.905716529999999853e-01
1.616479829999999993e+03 2.932238420000000123e-01
1.616780680000000075e+03 2.957514450000000017e-01
1.617081529999999930e+03 2.981523520000000094e-01
1.617382380000000012e+03 3.004223380000000110e-01
1.617683240000000069e+03 3.025592930000000069e-01
1.617984089999999924e+03 3.045596970000000181e-01
1.618284940000000006e+03 3.064221420000000085e-01
1.618585790000000088e+03 3.081438119999999614e-01
1.618886649999999918e+03 3.097225969999999884e-01
1.619187500000000000e+03 3.111556800000000456e-01
1.619488350000000082e+03 3.124423570000000039e-01
1.619789199999999937e+03 3.135798139999999568e-01
1.620090050000000019e+03 3.145673460000000254e-01
1.620390910000000076e+03 3.154028420000000166e-01
1.620691759999999931e+03 3.160848940000000051e-01
1.620992610000000013e+03 3.166127979999999731e-01
1.621293460000000096e+03 3.169851459999999954e-01
1.621594319999999925e+03 3.172012339999999986e-01
1.621895170000000007e+03 3.172610640000000370e-01
1.622196020000000090e+03 3.171625209999999750e-01
1.622496869999999944e+03 3.169070159999999858e-01
1.622797730000000001e+03 3.164931389999999789e-01
1.623098580000000084e+03 3.159215949999999995e-01
1.623399429999999938e+03 3.151916799999999741e-01
1.623700280000000021e+03 3.143033940000000137e-01
1.624001140000000078e+03 3.132588479999999787e-01
1.624301989999999932e+03 3.120566350000000266e-01
1.624602840000000015e+03 3.106981629999999717e-01
1.624903690000000097e+03 3.091841350000000266e-01
1.625204549999999927e+03 3.075152550000000429e-01
1.625505400000000009e+03 3.056936339999999919e-01
1.625806250000000091e+03 3.037185700000000210e-01
1.626107099999999946e+03 3.015928770000000370e-01
1.626407950000000028e+03 2.993179639999999919e-01
1.626708810000000085e+03 2.968945330000000160e-01
1.627009659999999940e+03 2.943246969999999685e-01
1.627310510000000022e+03 2.916105669999999872e-01
1.627611360000000104e+03 2.887535520000000244e-01
1.627912219999999934e+03 2.857550580000000062e-01
1.628213070000000016e+03 2.826186050000000227e-01
1.628513920000000098e+03 2.793456009999999989e-01
1.628814769999999953e+03 2.759388620000000070e-01
1.629115630000000010e+03 2.723997940000000284e-01
1.629416480000000092e+03 2.687319180000000141e-01
1.629717329999999947e+03 2.649373460000000180e-01
1.630018180000000029e+03 2.610188909999999751e-01
1.630319040000000086e+03 2.569786669999999940e-01
1.630619889999999941e+03 2.528201919999999991e-01
1.630920740000000023e+03 2.485462830000000067e-01
1.631221590000000106e+03 2.441604579999999969e-01
1.631522449999999935e+03 2.396641249999999779e-01
1.631823300000000017e+03 2.350622109999999931e-01
1.632124150000000100e+03 2.303561239999999954e-01
1.632424999999999955e+03 2.255500870000000102e-01
1.632725850000000037e+03 2.206476199999999888e-01
1.633026710000000094e+03 2.156515380000000037e-01
1.633327559999999949e+03 2.105646570000000162e-01
1.633628410000000031e+03 2.053919029999999868e-01
1.633929260000000113e+03 2.001346840000000071e-01
1.634230119999999943e+03 1.947979280000000091e-01
1.634530970000000025e+03 1.893851540000000000e-01
1.634831820000000107e+03 1.838991769999999970e-01
1.635132669999999962e+03 1.783435169999999792e-01
1.635433530000000019e+03 1.727223969999999997e-01
1.635734380000000101e+03 1.670386319999999925e-01
1.636035229999999956e+03 1.612964459999999822e-01
1.636336080000000038e+03 1.554993580000000042e-01
1.636636940000000095e+03 1.496501829999999922e-01
1.636937789999999950e+03 1.437538490000000169e-01
1.637238640000000032e+03 1.378131709999999843e-01
1.637539489999999887e+03 1.318316689999999847e-01
1.637840349999999944e+03 1.258135649999999883e-01
1.638141200000000026e+03 1.197623790000000021e-01
1.638442050000000108e+03 1.136816309999999913e-01
1.638742899999999963e+03 1.075741350000000013e-01
1.639043750000000045e+03 1.014448189999999916e-01
1.639344610000000102e+03 9.529649909999998725e-02
1.639645459999999957e+03 8.913339760000001111e-02
1.639946310000000040e+03 8.295833029999999386e-02
1.640247159999999894e+03 7.677481660000000374e-02
1.640548019999999951e+03 7.058707960000000503e-02
1.640848870000000034e+03 6.439814600000000333e-02
1.641149719999999888e+03 5.821160560000000067e-02
1.641450569999999971e+03 5.203083690000000205e-02
1.641751430000000028e+03 4.585935940000000072e-02
1.642052280000000110e+03 3.970041070000000089e-02
1.642353129999999965e+03 3.355736960000000463e-02
1.642653980000000047e+03 2.743361459999999960e-02
1.642954840000000104e+03 2.133231300000000205e-02
1.643255689999999959e+03 1.525677320000000045e-02
1.643556540000000041e+03 9.210092119999999105e-03
1.643857389999999896e+03 3.195458310000000041e-03
1.644158239999999978e+03 -2.784066360000000268e-03
1.644459100000000035e+03 -8.725405989999998960e-03
1.644759949999999890e+03 -1.462568170000000042e-02
1.645060799999999972e+03 -2.048189509999999783e-02
1.645361650000000054e+03 -2.629108990000000173e-02
1.645662510000000111e+03 -3.205066159999999525e-02
1.645963359999999966e+03 -3.775765419999999734e-02
1.646264210000000048e+03 -4.340946319999999803e-02
1.646565059999999903e+03 -4.900348429999999700e-02
1.646865919999999960e+03 -5.453704290000000593e-02
1.647166770000000042e+03 -6.000781609999999988e-02
1.647467619999999897e+03 -6.541319949999999106e-02
1.647768469999999979e+03 -7.075108169999999586e-02
1.648069330000000036e+03 -7.601885830000000566e-02
1.648370179999999891e+03 -8.121413599999999233e-02
1.648671029999999973e+03 -8.633550719999999457e-02
1.648971880000000056e+03 -9.138086030000000526e-02
1.649272740000000113e+03 -9.634737969999999929e-02
1.649573589999999967e+03 -1.012343620000000083e-01
1.649874440000000050e+03 -1.060389909999999991e-01
1.650175289999999904e+03 -1.107598590000000022e-01
1.650476139999999987e+03 -1.153948550000000045e-01
1.650777000000000044e+03 -1.199432740000000025e-01
1.651077849999999899e+03 -1.244037099999999868e-01
1.651378699999999981e+03 -1.287740500000000010e-01
1.651679550000000063e+03 -1.330535899999999994e-01
1.651980409999999893e+03 -1.372409240000000141e-01
1.652281259999999975e+03 -1.413353460000000006e-01
1.652582110000000057e+03 -1.453347450000000152e-01
1.652882959999999912e+03 -1.492398259999999921e-01
1.653183819999999969e+03 -1.530484759999999889e-01
1.653484670000000051e+03 -1.567606960000000049e-01
1.653785519999999906e+03 -1.603750780000000042e-01
1.654086369999999988e+03 -1.638923250000000054e-01
1.654387230000000045e+03 -1.673117349999999892e-01
1.654688079999999900e+03 -1.706318979999999763e-01
1.654988929999999982e+03 -1.738542230000000022e-01
1.655289780000000064e+03 -1.769773020000000030e-01
1.655590639999999894e+03 -1.800018389999999968e-01
1.655891489999999976e+03 -1.829278339999999836e-01
1.656192340000000058e+03 -1.857552869999999912e-01
1.656493189999999913e+03 -1.884841979999999917e-01
1.656794039999999995e+03 -1.911159750000000213e-01
1.657094900000000052e+03 -1.936506169999999971e-01
1.657395749999999907e+03 -1.960881250000000020e-01
1.657696599999999989e+03 -1.984292029999999984e-01
1.657997450000000072e+03 -2.006759619999999855e-01
1.658298309999999901e+03 -2.028276980000000007e-01
1.658599159999999983e+03 -2.048865229999999871e-01
1.658900010000000066e+03 -2.068524370000000001e-01
1.659200859999999921e+03 -2.087275509999999834e-01
1.659501719999999978e+03 -2.105118660000000197e-01
1.659802570000000060e+03 -2.122081969999999873e-01
1.660103419999999915e+03 -2.138165439999999973e-01
1.660404269999999997e+03 -2.153390189999999926e-01
1.660705130000000054e+03 -2.167777330000000002e-01
1.661005979999999909e+03 -2.181326859999999923e-01
1.661306829999999991e+03 -2.194066939999999855e-01
1.661607680000000073e+03 -2.206004609999999977e-01
1.661908539999999903e+03 -2.217168019999999906e-01
1.662209389999999985e+03 -2.227571240000000008e-01
1.662510240000000067e+03 -2.237235399999999985e-01
1.662811089999999922e+03 -2.246167530000000023e-01
1.663111940000000004e+03 -2.254402829999999913e-01
1.663412800000000061e+03 -2.261948340000000113e-01
1.663713649999999916e+03 -2.268832209999999960e-01
1.664014499999999998e+03 -2.275075550000000002e-01
1.664315350000000080e+03 -2.280685410000000135e-01
1.664616209999999910e+03 -2.285696970000000161e-01
1.664917059999999992e+03 -2.290131370000000055e-01
1.665217910000000074e+03 -2.293995620000000013e-01
1.665518759999999929e+03 -2.297317899999999913e-01
1.665819619999999986e+03 -2.300119310000000028e-01
1.666120470000000068e+03 -2.302420969999999789e-01
1.666421319999999923e+03 -2.304244000000000014e-01
1.666722170000000006e+03 -2.305602469999999959e-01
1.667023030000000063e+03 -2.306524540000000068e-01
1.667323879999999917e+03 -2.307024289999999866e-01
1.667624730000000000e+03 -2.307115790000000000e-01
1.667925580000000082e+03 -2.306827210000000072e-01
1.668226439999999911e+03 -2.306172600000000183e-01
1.668527289999999994e+03 -2.305166069999999845e-01
1.668828140000000076e+03 -2.303828709999999891e-01
1.669128989999999931e+03 -2.302174610000000121e-01
1.669429840000000013e+03 -2.300224889999999967e-01
1.669730700000000070e+03 -2.297986579999999890e-01
1.670031549999999925e+03 -2.295473749999999979e-01
1.670332400000000007e+03 -2.292700500000000030e-01
1.670633250000000089e+03 -2.289680889999999858e-01
1.670934109999999919e+03 -2.286428999999999823e-01
1.671234960000000001e+03 -2.282944829999999925e-01
1.671535810000000083e+03 -2.279242469999999965e-01
1.671836659999999938e+03 -2.275335980000000036e-01
1.672137519999999995e+03 -2.271225370000000132e-01
1.672438370000000077e+03 -2.266917669999999885e-01
1.672739219999999932e+03 -2.262412890000000121e-01
1.673040070000000014e+03 -2.257718069999999910e-01
1.673340930000000071e+03 -2.252840239999999994e-01
1.673641779999999926e+03 -2.247772360000000191e-01
1.673942630000000008e+03 -2.242521480000000123e-01
1.674243480000000091e+03 -2.237073509999999987e-01
1.674544339999999920e+03 -2.231442540000000141e-01
1.674845190000000002e+03 -2.225607440000000048e-01
1.675146040000000085e+03 -2.219575259999999883e-01
1.675446889999999939e+03 -2.213331910000000124e-01
1.675747740000000022e+03 -2.206863329999999845e-01
1.676048600000000079e+03 -2.200176549999999787e-01
1.676349449999999933e+03 -2.193250449999999963e-01
1.676650300000000016e+03 -2.186070960000000007e-01
1.676951150000000098e+03 -2.178631030000000024e-01
1.677252009999999927e+03 -2.170909560000000016e-01
1.677552860000000010e+03 -2.162892460000000183e-01
1.677853710000000092e+03 -2.154565660000000160e-01
1.678154559999999947e+03 -2.145915070000000147e-01
1.678455420000000004e+03 -2.136905509999999786e-01
1.678756270000000086e+03 -2.127536979999999911e-01
1.679057119999999941e+03 -2.117774280000000175e-01
1.679357970000000023e+03 -2.107603329999999942e-01
1.679658830000000080e+03 -2.096995980000000148e-01
1.679959679999999935e+03 -2.085931120000000250e-01
1.680260530000000017e+03 -2.074380579999999807e-01
1.680561380000000099e+03 -2.062323260000000213e-01
1.680862239999999929e+03 -2.049730989999999919e-01
1.681163090000000011e+03 -2.036582670000000039e-01
1.681463940000000093e+03 -2.022843089999999955e-01
1.681764789999999948e+03 -2.008491139999999953e-01
1.682065640000000030e+03 -1.993498670000000139e-01
1.682366500000000087e+03 -1.977837530000000066e-01
1.682667349999999942e+03 -1.961479550000000127e-01
1.682968200000000024e+03 -1.944389539999999972e-01
1.683269050000000107e+03 -1.926553430000000067e-01
1.683569909999999936e+03 -1.907936020000000066e-01
1.683870760000000018e+03 -1.888509160000000076e-01
1.684171610000000101e+03 -1.868251729999999833e-01
1.684472459999999955e+03 -1.847128529999999824e-01
1.684773320000000012e+03 -1.825118460000000054e-01
1.685074170000000095e+03 -1.802200399999999980e-01
1.685375019999999950e+03 -1.778346179999999999e-01
1.685675870000000032e+03 -1.753527660000000210e-01
1.685976730000000089e+03 -1.727730759999999977e-01
1.686277579999999944e+03 -1.700927319999999965e-01
1.686578430000000026e+03 -1.673103269999999809e-01
1.686879280000000108e+03 -1.644237490000000079e-01
1.687180129999999963e+03 -1.614301820000000054e-01
1.687480990000000020e+03 -1.583296270000000006e-01
1.687781840000000102e+03 -1.551199709999999954e-01
1.688082689999999957e+03 -1.517998080000000083e-01
1.688383540000000039e+03 -1.483684329999999940e-01
1.688684400000000096e+03 -1.448251420000000178e-01
1.688985249999999951e+03 -1.411678239999999973e-01
1.689286100000000033e+03 -1.373978869999999963e-01
1.689586949999999888e+03 -1.335132189999999885e-01
1.689887809999999945e+03 -1.295152270000000105e-01
1.690188660000000027e+03 -1.254039120000000063e-01
1.690489510000000109e+03 -1.211792730000000040e-01
1.690790359999999964e+03 -1.168420149999999935e-01
1.691091220000000021e+03 -1.123928410000000072e-01
1.691392070000000103e+03 -1.078331599999999973e-01
1.691692919999999958e+03 -1.031650820000000052e-01
1.691993770000000040e+03 -9.838931180000000387e-02
1.692294630000000097e+03 -9.350866480000000203e-02
1.692595479999999952e+03 -8.852454849999999431e-02
1.692896330000000034e+03 -8.344048249999999611e-02
1.693197179999999889e+03 -7.825857830000000626e-02
1.693498029999999972e+03 -7.298235530000000970e-02
1.693798890000000029e+03 -6.761469939999999179e-02
1.694099740000000111e+03 -6.215997449999999258e-02
1.694400589999999966e+03 -5.662177040000000022e-02
1.694701440000000048e+03 -5.100452149999999685e-02
1.695002300000000105e+03 -4.531273250000000113e-02
1.695303149999999960e+03 -3.955126030000000181e-02
1.695604000000000042e+03 -3.372517270000000011e-02
1.695904849999999897e+03 -2.783995979999999773e-02
1.696205709999999954e+03 -2.190118220000000088e-02
1.696506560000000036e+03 -1.591482290000000022e-02
1.696807409999999891e+03 -9.887146399999999571e-03
1.697108259999999973e+03 -3.824487429999999695e-03
1.697409120000000030e+03 2.266361620000000281e-03
1.697709970000000112e+03 8.378467579999999970e-03
1.698010819999999967e+03 1.450468620000000021e-02
1.698311670000000049e+03 2.063766200000000106e-02
1.698612530000000106e+03 2.676965229999999848e-02
1.698913379999999961e+03 3.289298499999999958e-02
1.699214230000000043e+03 3.899963599999999725e-02
1.699515079999999898e+03 4.508136990000000122e-02
1.699815929999999980e+03 5.112995139999999827e-02
1.700116790000000037e+03 5.713679339999999662e-02
1.700417639999999892e+03 6.309323810000000421e-02
1.700718489999999974e+03 6.899069830000000014e-02
1.701019340000000057e+03 7.482016460000000257e-02
1.701320200000000114e+03 8.057290880000000932e-02
1.701621049999999968e+03 8.623978069999999052e-02
1.701921900000000051e+03 9.181092600000000103e-02
1.702222749999999905e+03 9.727860210000000007e-02
1.702523609999999962e+03 1.026329549999999979e-01
1.702824460000000045e+03 1.078648339999999928e-01
1.703125309999999899e+03 1.129650889999999908e-01
1.703426159999999982e+03 1.179245700000000063e-01
1.703727020000000039e+03 1.227341259999999989e-01
1.704027869999999893e+03 1.273853110000000011e-01
1.704328719999999976e+03 1.318682700000000096e-01
1.704629570000000058e+03 1.361752619999999914e-01
1.704930429999999888e+03 1.402964309999999992e-01
1.705231279999999970e+03 1.442240359999999999e-01
1.705532130000000052e+03 1.479496289999999992e-01
1.705832979999999907e+03 1.514640610000000109e-01
1.706133829999999989e+03 1.547602930000000210e-01
1.706434690000000046e+03 1.578305809999999976e-01
1.706735539999999901e+03 1.606671849999999901e-01
1.707036389999999983e+03 1.632623599999999953e-01
1.707337240000000065e+03 1.656090689999999976e-01
1.707638099999999895e+03 1.677009759999999738e-01
1.707938949999999977e+03 1.695317460000000109e-01
1.708239800000000059e+03 1.710943419999999826e-01
1.708540649999999914e+03 1.723845390000000033e-01
1.708841509999999971e+03 1.733952989999999750e-01
1.709142360000000053e+03 1.741223980000000116e-01
1.709443209999999908e+03 1.745616140000000038e-01
1.709744059999999990e+03 1.747073160000000014e-01
1.710044920000000047e+03 1.745566869999999882e-01
1.710345769999999902e+03 1.741069130000000020e-01
1.710646619999999984e+03 1.733530660000000001e-01
1.710947470000000067e+03 1.722944429999999916e-01
1.711248329999999896e+03 1.709282279999999876e-01
1.711549179999999978e+03 1.692530129999999799e-01
1.711850030000000061e+03 1.672680950000000055e-01
1.712150879999999916e+03 1.649713610000000108e-01
1.712451729999999998e+03 1.623642200000000035e-01
1.712752590000000055e+03 1.594466709999999843e-01
1.713053439999999910e+03 1.562194189999999983e-01
1.713354289999999992e+03 1.526838709999999988e-01
1.713655140000000074e+03 1.488421390000000122e-01
1.713955999999999904e+03 1.446970380000000000e-01
1.714256849999999986e+03 1.402506789999999892e-01
1.714557700000000068e+03 1.355065830000000138e-01
1.714858549999999923e+03 1.304696770000000061e-01
1.715159409999999980e+03 1.251434789999999742e-01
1.715460260000000062e+03 1.195336209999999927e-01
1.715761109999999917e+03 1.136457329999999988e-01
1.716061959999999999e+03 1.074854469999999979e-01
1.716362820000000056e+03 1.010598009999999908e-01
1.716663669999999911e+03 9.437513090000000660e-02
1.716964519999999993e+03 8.743917820000000896e-02
1.717265370000000075e+03 8.026038970000000383e-02
1.717566229999999905e+03 7.284721190000000013e-02
1.717867079999999987e+03 6.520809129999999287e-02
1.718167930000000069e+03 5.735245969999999693e-02
1.718468779999999924e+03 4.929017129999999774e-02
1.718769630000000006e+03 4.103143229999999669e-02
1.719070490000000063e+03 3.258666000000000340e-02
1.719371339999999918e+03 2.396690519999999935e-02
1.719672190000000001e+03 1.518342980000000030e-02
1.719973040000000083e+03 6.247896919999999972e-03
1.720273899999999912e+03 -2.827776800000000000e-03
1.720574749999999995e+03 -1.203135110000000049e-02
1.720875600000000077e+03 -2.135019139999999940e-02
1.721176449999999932e+03 -3.077165619999999713e-02
1.721477309999999989e+03 -4.028258309999999814e-02
1.721778160000000071e+03 -4.986980970000000346e-02
1.722079009999999926e+03 -5.951989209999999919e-02
1.722379860000000008e+03 -6.921917510000000218e-02
1.722680720000000065e+03 -7.895400369999999723e-02
1.722981569999999920e+03 -8.871037069999999913e-02
1.723282420000000002e+03 -9.847448030000000019e-02
1.723583270000000084e+03 -1.082322549999999994e-01
1.723884129999999914e+03 -1.179696180000000122e-01
1.724184979999999996e+03 -1.276724899999999996e-01
1.724485830000000078e+03 -1.373267960000000010e-01
1.724786679999999933e+03 -1.469184570000000023e-01
1.725087530000000015e+03 -1.564341000000000204e-01
1.725388390000000072e+03 -1.658589430000000087e-01
1.725689239999999927e+03 -1.751796140000000113e-01
1.725990090000000009e+03 -1.843827370000000188e-01
1.726290940000000091e+03 -1.934549409999999914e-01
1.726591799999999921e+03 -2.023821470000000122e-01
1.726892650000000003e+03 -2.111516860000000051e-01
1.727193500000000085e+03 -2.197515909999999961e-01
1.727494349999999940e+03 -2.281684900000000016e-01
1.727795209999999997e+03 -2.363904169999999916e-01
1.728096060000000080e+03 -2.444054050000000200e-01
1.728396909999999934e+03 -2.522014890000000009e-01
1.728697760000000017e+03 -2.597688149999999863e-01
1.728998620000000074e+03 -2.670947130000000391e-01
1.729299469999999928e+03 -2.741700320000000080e-01
1.729600320000000011e+03 -2.809842149999999816e-01
1.729901170000000093e+03 -2.875281109999999751e-01
1.730202029999999922e+03 -2.937925700000000306e-01
1.730502880000000005e+03 -2.997691449999999591e-01
1.730803730000000087e+03 -3.054493910000000145e-01
1.731104579999999942e+03 -3.108255639999999986e-01
1.731405430000000024e+03 -3.158906249999999805e-01
1.731706290000000081e+03 -3.206382400000000188e-01
1.732007139999999936e+03 -3.250627790000000239e-01
1.732307990000000018e+03 -3.291586089999999909e-01
1.732608840000000100e+03 -3.329200989999999694e-01
1.732909699999999930e+03 -3.363444360000000244e-01
1.733210550000000012e+03 -3.394266899999999754e-01
1.733511400000000094e+03 -3.421647519999999609e-01
1.733812249999999949e+03 -3.445558040000000211e-01
1.734113110000000006e+03 -3.465977359999999896e-01
1.734413960000000088e+03 -3.482898439999999596e-01
1.734714809999999943e+03 -3.496314239999999685e-01
1.735015660000000025e+03 -3.506217710000000265e-01
1.735316520000000082e+03 -3.512622950000000022e-01
1.735617369999999937e+03 -3.515536979999999700e-01
1.735918220000000019e+03 -3.514973880000000217e-01
1.736219070000000102e+03 -3.510975889999999877e-01
1.736519919999999956e+03 -3.503550039999999699e-01
1.736820780000000013e+03 -3.492752650000000014e-01
1.737121630000000096e+03 -3.478611859999999889e-01
1.737422479999999950e+03 -3.461183999999999927e-01
1.737723330000000033e+03 -3.440511279999999839e-01
1.738024190000000090e+03 -3.416664100000000315e-01
1.738325039999999944e+03 -3.389705810000000485e-01
1.738625890000000027e+03 -3.359692719999999855e-01
1.738926740000000109e+03 -3.326709290000000041e-01
1.739227599999999939e+03 -3.290832939999999707e-01
1.739528450000000021e+03 -3.252148149999999904e-01
1.739829300000000103e+03 -3.210739369999999759e-01
1.740130149999999958e+03 -3.166705150000000413e-01
1.740431010000000015e+03 -3.120136990000000332e-01
1.740731860000000097e+03 -3.071140480000000283e-01
1.741032709999999952e+03 -3.019814140000000036e-01
1.741333560000000034e+03 -2.966263580000000344e-01
1.741634420000000091e+03 -2.910615469999999760e-01
1.741935269999999946e+03 -2.852961330000000073e-01
1.742236120000000028e+03 -2.793434899999999721e-01
1.742536970000000110e+03 -2.732148779999999944e-01
1.742837819999999965e+03 -2.669229679999999827e-01
1.743138680000000022e+03 -2.604797249999999953e-01
1.743439530000000104e+03 -2.538971160000000338e-01
1.743740379999999959e+03 -2.471892179999999883e-01
1.744041230000000041e+03 -2.403672930000000096e-01
1.744342090000000098e+03 -2.334454169999999884e-01
1.744642939999999953e+03 -2.264355580000000090e-01
1.744943790000000035e+03 -2.193517919999999899e-01
1.745244639999999890e+03 -2.122060860000000160e-01
1.745545499999999947e+03 -2.050125160000000057e-01
1.745846350000000029e+03 -1.977830490000000163e-01
1.746147200000000112e+03 -1.905317609999999939e-01
1.746448049999999967e+03 -1.832706199999999952e-01
1.746748910000000024e+03 -1.760122940000000136e-01
1.747049760000000106e+03 -1.687694529999999860e-01
1.747350609999999961e+03 -1.615547670000000158e-01
1.747651460000000043e+03 -1.543809060000000122e-01
1.747952320000000100e+03 -1.472591309999999876e-01
1.748253169999999955e+03 -1.402007040000000093e-01
1.748554020000000037e+03 -1.332182960000000138e-01
1.748854869999999892e+03 -1.263231679999999857e-01
1.749155719999999974e+03 -1.195251739999999979e-01
1.749456580000000031e+03 -1.128362810000000105e-01
1.749757430000000113e+03 -1.062656369999999961e-01
1.750058279999999968e+03 -9.982309870000000140e-02
1.750359130000000050e+03 -9.351922280000000975e-02
1.750659990000000107e+03 -8.736316010000000354e-02
1.750960839999999962e+03 -8.136265300000000700e-02
1.751261690000000044e+03 -7.552614800000000128e-02
1.751562539999999899e+03 -6.986286589999998742e-02
1.751863399999999956e+03 -6.437900069999999420e-02
1.752164250000000038e+03 -5.908201350000000240e-02
1.752465099999999893e+03 -5.397837979999999675e-02
1.752765949999999975e+03 -4.907415310000000364e-02
1.753066810000000032e+03 -4.437489380000000233e-02
1.753367659999999887e+03 -3.988581060000000178e-02
1.753668509999999969e+03 -3.561133789999999799e-02
1.753969360000000052e+03 -3.155569899999999955e-02
1.754270220000000108e+03 -2.772248360000000023e-02
1.754571069999999963e+03 -2.411464790000000108e-02
1.754871920000000046e+03 -2.073500739999999815e-02
1.755172769999999900e+03 -1.758546269999999856e-02
1.755473619999999983e+03 -1.466763250000000136e-02
1.755774480000000040e+03 -1.198264310000000075e-02
1.756075329999999894e+03 -9.531057659999999862e-03
1.756376179999999977e+03 -7.313016840000000421e-03
1.756677030000000059e+03 -5.328049089999999273e-03
1.756977889999999888e+03 -3.575359040000000016e-03
1.757278739999999971e+03 -2.053595249999999942e-03
1.757579590000000053e+03 -7.609769190000000277e-04
1.757880439999999908e+03 3.047504460000000147e-04
1.758181299999999965e+03 1.146255230000000052e-03
1.758482150000000047e+03 1.766640789999999973e-03
1.758782999999999902e+03 2.169431429999999893e-03
1.759083849999999984e+03 2.358526589999999923e-03
1.759384710000000041e+03 2.338233959999999959e-03
1.759685559999999896e+03 2.113220229999999804e-03
1.759986409999999978e+03 1.688503980000000040e-03
1.760287260000000060e+03 1.069441699999999990e-03
1.760588119999999890e+03 2.617079819999999996e-04
1.760888969999999972e+03 -7.287184749999999975e-04
1.761189820000000054e+03 -1.895590109999999943e-03
1.761490669999999909e+03 -3.232369350000000030e-03
1.761791519999999991e+03 -4.732299040000000415e-03
1.762092380000000048e+03 -6.388389730000000079e-03
1.762393229999999903e+03 -8.193419690000000241e-03
1.762694079999999985e+03 -1.014004749999999899e-02
1.762994930000000068e+03 -1.222069260000000109e-02
1.763295789999999897e+03 -1.442775300000000149e-02
1.763596639999999979e+03 -1.675327499999999803e-02
1.763897490000000062e+03 -1.918937529999999864e-02
1.764198339999999916e+03 -2.172817049999999778e-02
1.764499199999999973e+03 -2.436142529999999959e-02
1.764800050000000056e+03 -2.708111560000000043e-02
1.765100899999999911e+03 -2.987921710000000092e-02
1.765401749999999993e+03 -3.274742430000000121e-02
1.765702610000000050e+03 -3.567764260000000354e-02
1.766003459999999905e+03 -3.866191830000000051e-02
1.766304309999999987e+03 -4.169215679999999785e-02
1.766605160000000069e+03 -4.476033399999999884e-02
1.766906019999999899e+03 -4.785870719999999606e-02
1.767206869999999981e+03 -5.097946359999999677e-02
1.767507720000000063e+03 -5.411500129999999992e-02
1.767808569999999918e+03 -5.725785930000000523e-02
1.768109420000000000e+03 -6.040057649999999723e-02
1.768410280000000057e+03 -6.353618459999998969e-02
1.768711129999999912e+03 -6.665750410000000070e-02
1.769011979999999994e+03 -6.975791859999999622e-02
1.769312830000000076e+03 -7.283102290000000034e-02
1.769613689999999906e+03 -7.586963750000000339e-02
1.769914539999999988e+03 -7.886883520000000092e-02
1.770215390000000070e+03 -8.182228129999999378e-02
1.770516239999999925e+03 -8.472364079999999964e-02
1.770817099999999982e+03 -8.756869059999999871e-02
1.771117950000000064e+03 -9.035179969999999894e-02
1.771418799999999919e+03 -9.306804099999999025e-02
1.771719650000000001e+03 -9.571319120000000569e-02
1.772020510000000058e+03 -9.828302719999999770e-02
1.772321359999999913e+03 -1.007733260000000103e-01
1.772622209999999995e+03 -1.031805670000000008e-01
1.772923060000000078e+03 -1.055012320000000003e-01
1.773223919999999907e+03 -1.077325060000000057e-01
1.773524769999999990e+03 -1.098715720000000007e-01
1.773825620000000072e+03 -1.119156159999999955e-01
1.774126469999999927e+03 -1.138632289999999964e-01
1.774427320000000009e+03 -1.157115969999999994e-01
1.774728180000000066e+03 -1.174600140000000015e-01
1.775029029999999921e+03 -1.191063710000000025e-01
1.775329880000000003e+03 -1.206499610000000000e-01
1.775630730000000085e+03 -1.220900830000000159e-01
1.775931589999999915e+03 -1.234253280000000008e-01
1.776232439999999997e+03 -1.246571039999999908e-01
1.776533290000000079e+03 -1.257847060000000239e-01
1.776834139999999934e+03 -1.268081360000000157e-01
1.777134999999999991e+03 -1.277273920000000229e-01
1.777435850000000073e+03 -1.285445870000000157e-01
1.777736699999999928e+03 -1.292597209999999941e-01
1.778037550000000010e+03 -1.298734969999999767e-01
1.778338410000000067e+03 -1.303887320000000072e-01
1.778639259999999922e+03 -1.308054240000000035e-01
1.778940110000000004e+03 -1.311256849999999918e-01
1.779240960000000086e+03 -1.313516279999999981e-01
1.779541809999999941e+03 -1.314853639999999935e-01
1.779842669999999998e+03 -1.315282999999999869e-01
1.780143520000000080e+03 -1.314832519999999949e-01
1.780444369999999935e+03 -1.313523319999999883e-01
1.780745220000000018e+03 -1.311383550000000120e-01
1.781046080000000075e+03 -1.308427290000000187e-01
1.781346929999999929e+03 -1.304689729999999881e-01
1.781647780000000012e+03 -1.300199030000000200e-01
1.781948630000000094e+03 -1.294969260000000122e-01
1.782249489999999923e+03 -1.289042659999999896e-01
1.782550340000000006e+03 -1.282433300000000165e-01
1.782851190000000088e+03 -1.275169349999999979e-01
1.783152039999999943e+03 -1.267285979999999979e-01
1.783452900000000000e+03 -1.258804330000000138e-01
1.783753750000000082e+03 -1.249752540000000078e-01
1.784054599999999937e+03 -1.240151719999999930e-01
1.784355450000000019e+03 -1.230023010000000083e-01
1.784656310000000076e+03 -1.219401579999999929e-01
1.784957159999999931e+03 -1.208308560000000004e-01
1.785258010000000013e+03 -1.196758029999999973e-01
1.785558860000000095e+03 -1.184771089999999971e-01
1.785859709999999950e+03 -1.172375910000000021e-01
1.786160570000000007e+03 -1.159593599999999974e-01
1.786461420000000089e+03 -1.146431190000000017e-01
1.786762269999999944e+03 -1.132909819999999984e-01
1.787063120000000026e+03 -1.119043539999999975e-01
1.787363980000000083e+03 -1.104839410000000022e-01
1.787664829999999938e+03 -1.090325570000000022e-01
1.787965680000000020e+03 -1.075494989999999929e-01
1.788266530000000103e+03 -1.060361750000000103e-01
1.788567389999999932e+03 -1.044932880000000036e-01
1.788868240000000014e+03 -1.029215420000000047e-01
1.789169090000000097e+03 -1.013209379999999993e-01
1.789469939999999951e+03 -9.969217849999999215e-02
1.789770800000000008e+03 -9.803385659999999668e-02
1.790071650000000091e+03 -9.634737969999999929e-02
1.790372499999999945e+03 -9.463134029999999142e-02
1.790673350000000028e+03 -9.288503430000000227e-02
1.790974210000000085e+03 -9.110846190000000677e-02
1.791275059999999939e+03 -8.930021529999999930e-02
1.791575910000000022e+03 -8.745959050000000345e-02
1.791876760000000104e+03 -8.558517989999998854e-02
1.792177609999999959e+03 -8.367557570000000444e-02
1.792478470000000016e+03 -8.172937019999999830e-02
1.792779320000000098e+03 -7.974445169999999639e-02
1.793080169999999953e+03 -7.771941250000000134e-02
1.793381020000000035e+03 -7.565214110000000047e-02
1.793681880000000092e+03 -7.354052569999999789e-02
1.793982729999999947e+03 -7.138245470000000037e-02
1.794283580000000029e+03 -6.917609820000000798e-02
1.794584430000000111e+03 -6.691835899999999671e-02
1.794885289999999941e+03 -6.460705519999999924e-02
1.795186140000000023e+03 -6.223951199999999684e-02
1.795486990000000105e+03 -5.981326590000000248e-02
1.795787839999999960e+03 -5.732557179999999558e-02
1.796088700000000017e+03 -5.477368459999999717e-02
1.796389550000000099e+03 -5.215478879999999734e-02
1.796690399999999954e+03 -4.946620969999999951e-02
1.796991250000000036e+03 -4.670513169999999936e-02
1.797292110000000093e+03 -4.386866920000000170e-02
1.797592959999999948e+03 -4.095407680000000272e-02
1.797893810000000030e+03 -3.795860959999999840e-02
1.798194660000000113e+03 -3.487945199999999829e-02
1.798495509999999967e+03 -3.171392940000000021e-02
1.798796370000000024e+03 -2.845936689999999797e-02
1.799097220000000107e+03 -2.511330120000000027e-02
1.799398069999999962e+03 -2.167312780000000064e-02
1.799698920000000044e+03 -1.813645350000000003e-02
1.799999780000000101e+03 -1.450095570000000007e-02
