0 -7.29572e-07
0.902557 1.06988e-06
1.80511 2.86814e-06
2.70767 4.66316e-06
3.61023 6.45289e-06
4.51279 8.2353e-06
5.41534 1.00083e-05
6.3179 1.177e-05
7.22046 1.35183e-05
8.12301 1.52512e-05
9.02557 1.69668e-05
9.92813 1.86631e-05
10.8307 2.03383e-05
11.7332 2.19904e-05
12.6358 2.36176e-05
13.5384 2.5218e-05
14.4409 2.67899e-05
15.3435 2.83315e-05
16.246 2.98411e-05
17.1486 3.13172e-05
18.0511 3.27581e-05
18.9537 3.41619e-05
19.8563 3.55277e-05
20.7588 3.68536e-05
21.6614 3.81381e-05
22.5639 3.93801e-05
23.4665 4.05783e-05
24.369 4.17314e-05
25.2716 4.28381e-05
26.1742 4.38975e-05
27.0767 4.49084e-05
27.9793 4.58698e-05
28.8818 4.67809e-05
29.7844 4.76406e-05
30.6869 4.84485e-05
31.5895 4.92036e-05
32.4921 4.99051e-05
33.3946 5.05529e-05
34.2972 5.11461e-05
35.1997 5.16845e-05
36.1023 5.21677e-05
37.0048 5.25955e-05
37.9074 5.29673e-05
38.81 5.32837e-05
39.7125 5.3544e-05
40.6151 5.37486e-05
41.5176 5.38975e-05
42.4202 5.3991e-05
43.3227 5.40293e-05
44.2253 5.40126e-05
45.1279 5.39414e-05
46.0304 5.38164e-05
46.933 5.3638e-05
47.8355 5.3407e-05
48.7381 5.31238e-05
49.6406 5.27895e-05
50.5432 5.24052e-05
51.4458 5.19713e-05
52.3483 5.14892e-05
53.2509 5.09598e-05
54.1534 5.03846e-05
55.056 4.97644e-05
55.9585 4.91008e-05
56.8611 4.83951e-05
57.7637 4.76486e-05
58.6662 4.68629e-05
59.5688 4.60396e-05
60.4713 4.51801e-05
61.3739 4.42863e-05
62.2764 4.33597e-05
63.179 4.24021e-05
64.0816 4.14155e-05
64.9841 4.04015e-05
65.8867 3.93624e-05
66.7892 3.82996e-05
67.6918 3.72153e-05
68.5943 3.61116e-05
69.4969 3.49903e-05
70.3995 3.38538e-05
71.302 3.27039e-05
72.2046 3.15427e-05
73.1071 3.03724e-05
74.0097 2.91952e-05
74.9122 2.80133e-05
75.8148 2.68285e-05
76.7174 2.5643e-05
77.6199 2.44595e-05
78.5225 2.32793e-05
79.425 2.21052e-05
80.3276 2.09391e-05
81.2301 1.9783e-05
82.1327 1.8639e-05
83.0353 1.75092e-05
83.9378 1.63957e-05
84.8404 1.53004e-05
85.7429 1.42253e-05
86.6455 1.31722e-05
87.548 1.21431e-05
88.4506 1.11399e-05
89.3532 1.01642e-05
90.2557 9.21773e-06
91.1583 8.30228e-06
92.0608 7.41939e-06
92.9634 6.57061e-06
93.8659 5.7574e-06
94.7685 4.9812e-06
95.6711 4.24329e-06
96.5736 3.54498e-06
97.4762 2.88744e-06
98.3787 2.27176e-06
99.2813 1.69896e-06
100.184 1.16998e-06
101.086 6.85654e-07
101.989 2.46759e-07
102.892 -1.4604e-07
103.794 -4.92163e-07
104.697 -7.91121e-07
105.599 -1.04252e-06
106.502 -1.24605e-06
107.404 -1.40152e-06
108.307 -1.5088e-06
109.209 -1.56788e-06
110.112 -1.57883e-06
111.015 -1.54182e-06
111.917 -1.45712e-06
112.82 -1.32509e-06
113.722 -1.14617e-06
114.625 -9.20913e-07
115.527 -6.49938e-07
116.43 -3.33969e-07
117.332 2.61895e-08
118.235 4.29646e-07
119.138 8.75427e-07
120.04 1.36248e-06
120.943 1.88967e-06
121.845 2.45581e-06
122.748 3.05958e-06
123.65 3.69968e-06
124.553 4.37468e-06
125.455 5.08308e-06
126.358 5.82335e-06
127.261 6.59394e-06
128.163 7.39317e-06
129.066 8.21934e-06
129.968 9.07072e-06
130.871 9.94556e-06
131.773 1.0842e-05
132.676 1.17583e-05
133.578 1.26925e-05
134.481 1.36426e-05
135.384 1.46069e-05
136.286 1.55834e-05
137.189 1.65701e-05
138.091 1.75651e-05
138.994 1.85665e-05
139.896 1.95722e-05
140.799 2.05805e-05
141.701 2.15894e-05
142.604 2.25968e-05
143.507 2.36009e-05
144.409 2.46001e-05
145.312 2.55921e-05
146.214 2.65755e-05
147.117 2.75486e-05
148.019 2.85091e-05
148.922 2.9456e-05
149.824 3.03872e-05
150.727 3.13013e-05
151.63 3.21969e-05
152.532 3.30721e-05
153.435 3.39258e-05
154.337 3.47568e-05
155.24 3.55634e-05
156.142 3.63445e-05
157.045 3.70992e-05
157.947 3.78262e-05
158.85 3.85245e-05
159.753 3.91933e-05
160.655 3.98314e-05
161.558 4.04385e-05
162.46 4.10133e-05
163.363 4.15557e-05
164.265 4.20649e-05
165.168 4.25404e-05
166.071 4.29819e-05
166.973 4.33891e-05
167.876 4.37615e-05
168.778 4.40994e-05
169.681 4.44022e-05
170.583 4.467e-05
171.486 4.49031e-05
172.388 4.51016e-05
173.291 4.52652e-05
174.194 4.53949e-05
175.096 4.54905e-05
175.999 4.55526e-05
176.901 4.55815e-05
177.804 4.55782e-05
178.706 4.55425e-05
179.609 4.54757e-05
180.511 4.53782e-05
181.414 4.52507e-05
182.317 4.5094e-05
183.219 4.4909e-05
184.122 4.46966e-05
185.024 4.44575e-05
185.927 4.41927e-05
186.829 4.39032e-05
187.732 4.35901e-05
188.634 4.32543e-05
189.537 4.28968e-05
190.44 4.25186e-05
191.342 4.21208e-05
192.245 4.17046e-05
193.147 4.12709e-05
194.05 4.08209e-05
194.952 4.03555e-05
195.855 3.9876e-05
196.757 3.93833e-05
197.66 3.88786e-05
198.563 3.8363e-05
199.465 3.78372e-05
200.368 3.73023e-05
201.27 3.67596e-05
202.173 3.62098e-05
203.075 3.5654e-05
203.978 3.50929e-05
204.88 3.45277e-05
205.783 3.3959e-05
206.686 3.33876e-05
207.588 3.28145e-05
208.491 3.22401e-05
209.393 3.16656e-05
210.296 3.10912e-05
211.198 3.05177e-05
212.101 2.99459e-05
213.003 2.93762e-05
213.906 2.88088e-05
214.809 2.82445e-05
215.711 2.76837e-05
216.614 2.71267e-05
217.516 2.65736e-05
218.419 2.6025e-05
219.321 2.54811e-05
220.224 2.4942e-05
221.126 2.4408e-05
222.029 2.38788e-05
222.932 2.33549e-05
223.834 2.28363e-05
224.737 2.23227e-05
225.639 2.18143e-05
226.542 2.13111e-05
227.444 2.08126e-05
228.347 2.03189e-05
229.25 1.98299e-05
230.152 1.93452e-05
231.055 1.88648e-05
231.957 1.83882e-05
232.86 1.79152e-05
233.762 1.74455e-05
234.665 1.69788e-05
235.567 1.65147e-05
236.47 1.60529e-05
237.373 1.55929e-05
238.275 1.51345e-05
239.178 1.46772e-05
240.08 1.42207e-05
240.983 1.37644e-05
241.885 1.33081e-05
242.788 1.28512e-05
243.69 1.23934e-05
244.593 1.19344e-05
245.496 1.14736e-05
246.398 1.10107e-05
247.301 1.05454e-05
248.203 1.00773e-05
249.106 9.60595e-06
250.008 9.13107e-06
250.911 8.65237e-06
251.813 8.16952e-06
252.716 7.68223e-06
253.619 7.19024e-06
254.521 6.69331e-06
255.424 6.19126e-06
256.326 5.68384e-06
257.229 5.1709e-06
258.131 4.65233e-06
259.034 4.128e-06
259.936 3.59779e-06
260.839 3.06169e-06
261.742 2.51966e-06
262.644 1.97171e-06
263.547 1.41785e-06
264.449 8.58152e-07
265.352 2.9271e-07
266.254 -2.78355e-07
267.157 -8.5489e-07
268.059 -1.43671e-06
268.962 -2.02361e-06
269.865 -2.61534e-06
270.767 -3.21164e-06
271.67 -3.8122e-06
272.572 -4.41672e-06
273.475 -5.0248e-06
274.377 -5.63611e-06
275.28 -6.25021e-06
276.182 -6.86668e-06
277.085 -7.48509e-06
277.988 -8.10493e-06
278.89 -8.72572e-06
279.793 -9.34694e-06
280.695 -9.96805e-06
281.598 -1.05885e-05
282.5 -1.12077e-05
283.403 -1.18251e-05
284.305 -1.244e-05
285.208 -1.30519e-05
286.111 -1.36602e-05
287.013 -1.42641e-05
287.916 -1.48631e-05
288.818 -1.54564e-05
289.721 -1.60435e-05
290.623 -1.66236e-05
291.526 -1.71961e-05
292.429 -1.77604e-05
293.331 -1.83156e-05
294.234 -1.88613e-05
295.136 -1.93966e-05
296.039 -1.9921e-05
296.941 -2.04338e-05
297.844 -2.09343e-05
298.746 -2.14219e-05
299.649 -2.1896e-05
300.552 -2.23557e-05
301.454 -2.28008e-05
302.357 -2.32303e-05
303.259 -2.3644e-05
304.162 -2.40412e-05
305.064 -2.4421e-05
305.967 -2.47834e-05
306.869 -2.51276e-05
307.772 -2.54532e-05
308.675 -2.57596e-05
309.577 -2.60464e-05
310.48 -2.63133e-05
311.382 -2.65595e-05
312.285 -2.67852e-05
313.187 -2.69896e-05
314.09 -2.71725e-05
314.992 -2.73336e-05
315.895 -2.74727e-05
316.798 -2.75895e-05
317.7 -2.76839e-05
318.603 -2.77555e-05
319.505 -2.78041e-05
320.408 -2.78298e-05
321.31 -2.78326e-05
322.213 -2.78121e-05
323.115 -2.77686e-05
324.018 -2.77019e-05
324.921 -2.76121e-05
325.823 -2.74991e-05
326.726 -2.73634e-05
327.628 -2.72048e-05
328.531 -2.70234e-05
329.433 -2.68198e-05
330.336 -2.65939e-05
331.238 -2.63462e-05
332.141 -2.60768e-05
333.044 -2.5786e-05
333.946 -2.54743e-05
334.849 -2.51422e-05
335.751 -2.47899e-05
336.654 -2.44179e-05
337.556 -2.4027e-05
338.459 -2.36174e-05
339.361 -2.31895e-05
340.264 -2.27442e-05
341.167 -2.22822e-05
342.069 -2.18039e-05
342.972 -2.131e-05
343.874 -2.08011e-05
344.777 -2.02782e-05
345.679 -1.97418e-05
346.582 -1.91928e-05
347.484 -1.86319e-05
348.387 -1.806e-05
349.29 -1.74778e-05
350.192 -1.68863e-05
351.095 -1.62863e-05
351.997 -1.56787e-05
352.9 -1.50645e-05
353.802 -1.44444e-05
354.705 -1.38195e-05
355.608 -1.31907e-05
356.51 -1.25589e-05
357.413 -1.19252e-05
358.315 -1.12905e-05
359.218 -1.06557e-05
360.12 -1.00219e-05
361.023 -9.39006e-06
361.925 -8.76111e-06
362.828 -8.13612e-06
363.731 -7.516e-06
364.633 -6.90175e-06
365.536 -6.29437e-06
366.438 -5.69482e-06
367.341 -5.10401e-06
368.243 -4.52293e-06
369.146 -3.95248e-06
370.048 -3.3936e-06
370.951 -2.84718e-06
371.854 -2.31408e-06
372.756 -1.79518e-06
373.659 -1.2913e-06
374.561 -8.0325e-07
375.464 -3.31807e-07
376.366 1.22277e-07
377.269 5.58279e-07
378.171 9.75516e-07
379.074 1.37333e-06
379.977 1.75111e-06
380.879 2.10829e-06
381.782 2.4443e-06
382.684 2.75868e-06
383.587 3.05097e-06
384.489 3.32075e-06
385.392 3.56766e-06
386.294 3.79143e-06
387.197 3.99173e-06
388.1 4.16841e-06
389.002 4.32127e-06
389.905 4.45023e-06
390.807 4.55524e-06
391.71 4.63628e-06
392.612 4.69342e-06
393.515 4.72681e-06
394.417 4.73659e-06
395.32 4.72299e-06
396.223 4.68631e-06
397.125 4.62691e-06
398.028 4.54519e-06
398.93 4.44164e-06
399.833 4.31673e-06
400.735 4.1711e-06
401.638 4.00538e-06
402.54 3.82025e-06
403.443 3.6165e-06
404.346 3.39491e-06
405.248 3.15638e-06
406.151 2.9018e-06
407.053 2.63217e-06
407.956 2.3485e-06
408.858 2.05187e-06
409.761 1.74341e-06
410.663 1.42428e-06
411.566 1.09569e-06
412.469 7.58904e-07
413.371 4.15207e-07
414.274 6.59263e-08
415.176 -2.8757e-07
416.079 -6.43893e-07
416.981 -1.00162e-06
417.884 -1.35929e-06
418.787 -1.71545e-06
419.689 -2.0686e-06
420.592 -2.41725e-06
421.494 -2.75986e-06
422.397 -3.09493e-06
423.299 -3.4209e-06
424.202 -3.73627e-06
425.104 -4.03952e-06
426.007 -4.32909e-06
426.91 -4.60349e-06
427.812 -4.86123e-06
428.715 -5.10082e-06
429.617 -5.32083e-06
430.52 -5.5198e-06
431.422 -5.69638e-06
432.325 -5.84917e-06
433.227 -5.97686e-06
434.13 -6.07816e-06
435.033 -6.15187e-06
435.935 -6.19679e-06
436.838 -6.21178e-06
437.74 -6.19582e-06
438.643 -6.14786e-06
439.545 -6.06701e-06
440.448 -5.95235e-06
441.35 -5.80314e-06
442.253 -5.61863e-06
443.156 -5.3982e-06
444.058 -5.14128e-06
444.961 -4.84742e-06
445.863 -4.51626e-06
446.766 -4.14747e-06
447.668 -3.7409e-06
448.571 -3.2964e-06
449.473 -2.814e-06
450.376 -2.29381e-06
451.279 -1.736e-06
452.181 -1.14089e-06
453.084 -5.08866e-07
453.986 1.59559e-07
454.889 8.6378e-07
455.791 1.60308e-06
456.694 2.37664e-06
457.596 3.18358e-06
458.499 4.02282e-06
459.402 4.89329e-06
460.304 5.79372e-06
461.207 6.72283e-06
462.109 7.67921e-06
463.012 8.66132e-06
463.914 9.66757e-06
464.817 1.06963e-05
465.719 1.17456e-05
466.622 1.28138e-05
467.525 1.38989e-05
468.427 1.49988e-05
469.33 1.61114e-05
470.232 1.72347e-05
471.135 1.83664e-05
472.037 1.95043e-05
472.94 2.06459e-05
473.842 2.17889e-05
474.745 2.29311e-05
475.648 2.40697e-05
476.55 2.52023e-05
477.453 2.63268e-05
478.355 2.74402e-05
479.258 2.85402e-05
480.16 2.96241e-05
481.063 3.06894e-05
481.966 3.17336e-05
482.868 3.27543e-05
483.771 3.37489e-05
484.673 3.4715e-05
485.576 3.565e-05
486.478 3.65516e-05
487.381 3.74176e-05
488.283 3.82456e-05
489.186 3.90334e-05
490.089 3.97788e-05
490.991 4.04797e-05
491.894 4.11341e-05
492.796 4.17401e-05
493.699 4.22961e-05
494.601 4.27999e-05
495.504 4.32503e-05
496.406 4.36456e-05
497.309 4.39845e-05
498.212 4.42658e-05
499.114 4.44881e-05
500.017 4.46505e-05
500.919 4.47523e-05
501.822 4.47924e-05
502.724 4.47707e-05
503.627 4.46862e-05
504.529 4.45388e-05
505.432 4.43285e-05
506.335 4.40551e-05
507.237 4.37187e-05
508.14 4.33196e-05
509.042 4.28584e-05
509.945 4.23358e-05
510.847 4.17521e-05
511.75 4.11085e-05
512.652 4.04062e-05
513.555 3.96462e-05
514.458 3.88299e-05
515.36 3.79588e-05
516.263 3.70348e-05
517.165 3.60592e-05
518.068 3.50344e-05
518.97 3.39622e-05
519.873 3.28449e-05
520.775 3.16848e-05
521.678 3.04845e-05
522.581 2.92463e-05
523.483 2.79732e-05
524.386 2.66676e-05
525.288 2.53326e-05
526.191 2.39711e-05
527.093 2.2586e-05
527.996 2.11808e-05
528.898 1.97582e-05
529.801 1.83218e-05
530.704 1.68747e-05
531.606 1.54202e-05
532.509 1.39618e-05
533.411 1.25028e-05
534.314 1.10466e-05
535.216 9.59655e-06
536.119 8.15616e-06
537.021 6.72875e-06
537.924 5.3177e-06
538.827 3.92636e-06
539.729 2.55799e-06
540.632 1.21585e-06
541.534 -9.68596e-08
542.437 -1.37704e-06
543.339 -2.62163e-06
544.242 -3.82768e-06
545.145 -4.99232e-06
546.047 -6.11279e-06
546.95 -7.18644e-06
547.852 -8.21072e-06
548.755 -9.18323e-06
549.657 -1.01017e-05
550.56 -1.09639e-05
551.462 -1.17679e-05
552.365 -1.25119e-05
553.268 -1.31941e-05
554.17 -1.38131e-05
555.073 -1.43674e-05
555.975 -1.48559e-05
556.878 -1.52775e-05
557.78 -1.56315e-05
558.683 -1.59171e-05
559.585 -1.61339e-05
560.488 -1.62815e-05
561.391 -1.636e-05
562.293 -1.63693e-05
563.196 -1.63098e-05
564.098 -1.61818e-05
565.001 -1.59862e-05
565.903 -1.57235e-05
566.806 -1.5395e-05
567.708 -1.50018e-05
568.611 -1.45452e-05
569.514 -1.40269e-05
570.416 -1.34485e-05
571.319 -1.28119e-05
572.221 -1.21192e-05
573.124 -1.13726e-05
574.026 -1.05744e-05
574.929 -9.72722e-06
575.831 -8.83356e-06
576.734 -7.89624e-06
577.637 -6.91814e-06
578.539 -5.90228e-06
579.442 -4.85177e-06
580.344 -3.7698e-06
581.247 -2.65969e-06
582.149 -1.52477e-06
583.052 -3.68521e-07
583.954 8.05564e-07
584.857 1.99394e-06
585.76 3.19299e-06
586.662 4.39913e-06
587.565 5.60868e-06
588.467 6.818e-06
589.37 8.02344e-06
590.272 9.22138e-06
591.175 1.04082e-05
592.077 1.15803e-05
592.98 1.27341e-05
593.883 1.38662e-05
594.785 1.49731e-05
595.688 1.60515e-05
596.59 1.70981e-05
597.493 1.81097e-05
598.395 1.90832e-05
599.298 2.00158e-05
600.2 2.09045e-05
601.103 2.17465e-05
602.006 2.25394e-05
602.908 2.32808e-05
603.811 2.39681e-05
604.713 2.45993e-05
605.616 2.51726e-05
606.518 2.56859e-05
607.421 2.61376e-05
608.324 2.65263e-05
609.226 2.68509e-05
610.129 2.71098e-05
611.031 2.73026e-05
611.934 2.74282e-05
612.836 2.74863e-05
613.739 2.74763e-05
614.641 2.73982e-05
615.544 2.72521e-05
616.447 2.7038e-05
617.349 2.67563e-05
618.252 2.64079e-05
619.154 2.59931e-05
620.057 2.55134e-05
620.959 2.49694e-05
621.862 2.4363e-05
622.764 2.36953e-05
623.667 2.29678e-05
624.57 2.21827e-05
625.472 2.13417e-05
626.375 2.04469e-05
627.277 1.95007e-05
628.18 1.85054e-05
629.082 1.74635e-05
629.985 1.63775e-05
630.887 1.52503e-05
631.79 1.40846e-05
632.693 1.28833e-05
633.595 1.16495e-05
634.498 1.03861e-05
635.4 9.09633e-06
636.303 7.78327e-06
637.205 6.45016e-06
638.108 5.10021e-06
639.01 3.73667e-06
639.913 2.36281e-06
640.816 9.81853e-07
641.718 -4.02949e-07
642.621 -1.78838e-06
643.523 -3.17129e-06
644.426 -4.5485e-06
645.328 -5.91696e-06
646.231 -7.27365e-06
647.133 -8.61564e-06
648.036 -9.94007e-06
648.939 -1.12442e-05
649.841 -1.25253e-05
650.744 -1.37808e-05
651.646 -1.50084e-05
652.549 -1.62057e-05
653.451 -1.73705e-05
654.354 -1.85009e-05
655.256 -1.95948e-05
656.159 -2.06506e-05
657.062 -2.16667e-05
657.964 -2.26416e-05
658.867 -2.35743e-05
659.769 -2.44633e-05
660.672 -2.53079e-05
661.574 -2.61076e-05
662.477 -2.68614e-05
663.379 -2.75693e-05
664.282 -2.82308e-05
665.185 -2.88461e-05
666.087 -2.94152e-05
666.99 -2.99385e-05
667.892 -3.04166e-05
668.795 -3.08501e-05
669.697 -3.12397e-05
670.6 -3.15866e-05
671.503 -3.18919e-05
672.405 -3.21572e-05
673.308 -3.23837e-05
674.21 -3.25731e-05
675.113 -3.27273e-05
676.015 -3.28481e-05
676.918 -3.29376e-05
677.82 -3.2998e-05
678.723 -3.30316e-05
679.626 -3.30407e-05
680.528 -3.30278e-05
681.431 -3.29955e-05
682.333 -3.29463e-05
683.236 -3.28831e-05
684.138 -3.28088e-05
685.041 -3.27258e-05
685.943 -3.26373e-05
686.846 -3.25459e-05
687.749 -3.24547e-05
688.651 -3.23666e-05
689.554 -3.22843e-05
690.456 -3.22108e-05
691.359 -3.21491e-05
692.261 -3.21016e-05
693.164 -3.20714e-05
694.066 -3.20611e-05
694.969 -3.20733e-05
695.872 -3.21107e-05
696.774 -3.21755e-05
697.677 -3.22701e-05
698.579 -3.2397e-05
699.482 -3.25582e-05
700.384 -3.27556e-05
701.287 -3.29912e-05
702.189 -3.32668e-05
703.092 -3.3584e-05
703.995 -3.3944e-05
704.897 -3.43482e-05
705.8 -3.47979e-05
706.702 -3.5294e-05
707.605 -3.58371e-05
708.507 -3.64277e-05
709.41 -3.70667e-05
710.312 -3.77538e-05
711.215 -3.84893e-05
712.118 -3.92729e-05
713.02 -4.01044e-05
713.923 -4.09833e-05
714.825 -4.19086e-05
715.728 -4.28797e-05
716.63 -4.38956e-05
717.533 -4.49546e-05
718.435 -4.60556e-05
719.338 -4.71967e-05
720.241 -4.83763e-05
721.143 -4.95923e-05
722.046 -5.08426e-05
722.948 -5.2125e-05
723.851 -5.34368e-05
724.753 -5.47757e-05
725.656 -5.61388e-05
726.558 -5.75234e-05
727.461 -5.89263e-05
728.364 -6.03445e-05
729.266 -6.17749e-05
730.169 -6.32142e-05
731.071 -6.46589e-05
731.974 -6.6106e-05
732.876 -6.75514e-05
733.779 -6.89922e-05
734.682 -7.04243e-05
735.584 -7.18443e-05
736.487 -7.32488e-05
737.389 -7.46338e-05
738.292 -7.5996e-05
739.194 -7.73318e-05
740.097 -7.86374e-05
740.999 -7.99094e-05
741.902 -8.11445e-05
742.805 -8.23393e-05
743.707 -8.34905e-05
744.61 -8.45947e-05
745.512 -8.56488e-05
746.415 -8.66499e-05
747.317 -8.75953e-05
748.22 -8.8482e-05
749.122 -8.93074e-05
750.025 -9.00691e-05
750.928 -9.07648e-05
751.83 -9.13926e-05
752.733 -9.19501e-05
753.635 -9.24358e-05
754.538 -9.28482e-05
755.44 -9.31856e-05
756.343 -9.34472e-05
757.245 -9.36318e-05
758.148 -9.37386e-05
759.051 -9.37673e-05
759.953 -9.37173e-05
760.856 -9.35887e-05
761.758 -9.33813e-05
762.661 -9.30958e-05
763.563 -9.27324e-05
764.466 -9.22924e-05
765.368 -9.17761e-05
766.271 -9.11853e-05
767.174 -9.05212e-05
768.076 -8.97855e-05
768.979 -8.89799e-05
769.881 -8.81065e-05
770.784 -8.71677e-05
771.686 -8.61659e-05
772.589 -8.51038e-05
773.491 -8.3984e-05
774.394 -8.28097e-05
775.297 -8.15837e-05
776.199 -8.03098e-05
777.102 -7.89911e-05
778.004 -7.76314e-05
778.907 -7.62342e-05
779.809 -7.48031e-05
780.712 -7.33425e-05
781.614 -7.18562e-05
782.517 -7.03483e-05
783.42 -6.88226e-05
784.322 -6.72837e-05
785.225 -6.57359e-05
786.127 -6.4183e-05
787.03 -6.26295e-05
787.932 -6.10797e-05
788.835 -5.95381e-05
789.737 -5.80082e-05
790.64 -5.6495e-05
791.543 -5.50021e-05
792.445 -5.35337e-05
793.348 -5.2094e-05
794.25 -5.06864e-05
795.153 -4.93153e-05
796.055 -4.79839e-05
796.958 -4.66958e-05
797.861 -4.54548e-05
798.763 -4.42637e-05
799.666 -4.31259e-05
800.568 -4.20442e-05
801.471 -4.10213e-05
802.373 -4.00597e-05
803.276 -3.9162e-05
804.178 -3.83303e-05
805.081 -3.75663e-05
805.984 -3.6872e-05
806.886 -3.62488e-05
807.789 -3.56979e-05
808.691 -3.52205e-05
809.594 -3.48172e-05
810.496 -3.44886e-05
811.399 -3.42352e-05
812.301 -3.40568e-05
813.204 -3.39533e-05
814.107 -3.39244e-05
815.009 -3.39693e-05
815.912 -3.40874e-05
816.814 -3.4277e-05
817.717 -3.45369e-05
818.619 -3.48657e-05
819.522 -3.52614e-05
820.424 -3.57218e-05
821.327 -3.62448e-05
822.23 -3.68276e-05
823.132 -3.74679e-05
824.035 -3.81624e-05
824.937 -3.89082e-05
825.84 -3.97017e-05
826.742 -4.05398e-05
827.645 -4.14189e-05
828.547 -4.23349e-05
829.45 -4.32841e-05
830.353 -4.42624e-05
831.255 -4.52659e-05
832.158 -4.629e-05
833.06 -4.73306e-05
833.963 -4.83832e-05
834.865 -4.94435e-05
835.768 -5.05069e-05
836.67 -5.15686e-05
837.573 -5.26244e-05
838.476 -5.36695e-05
839.378 -5.46993e-05
840.281 -5.57095e-05
841.183 -5.66954e-05
842.086 -5.76528e-05
842.988 -5.85768e-05
843.891 -5.94637e-05
844.793 -6.03088e-05
845.696 -6.11082e-05
846.599 -6.18581e-05
847.501 -6.25543e-05
848.404 -6.3193e-05
849.306 -6.3771e-05
850.209 -6.42845e-05
851.111 -6.47305e-05
852.014 -6.5106e-05
852.916 -6.54081e-05
853.819 -6.56339e-05
854.722 -6.57813e-05
855.624 -6.5848e-05
856.527 -6.58317e-05
857.429 -6.5731e-05
858.332 -6.55443e-05
859.234 -6.52702e-05
860.137 -6.49079e-05
861.04 -6.44562e-05
861.942 -6.3915e-05
862.845 -6.32838e-05
863.747 -6.25627e-05
864.65 -6.17519e-05
865.552 -6.08519e-05
866.455 -5.98635e-05
867.357 -5.87876e-05
868.26 -5.76254e-05
869.163 -5.63787e-05
870.065 -5.50488e-05
870.968 -5.3638e-05
871.87 -5.21487e-05
872.773 -5.05827e-05
873.675 -4.89432e-05
874.578 -4.7233e-05
875.48 -4.54548e-05
876.383 -4.36122e-05
877.286 -4.17086e-05
878.188 -3.97474e-05
879.091 -3.77325e-05
879.993 -3.56679e-05
880.896 -3.35574e-05
881.798 -3.14052e-05
882.701 -2.92159e-05
883.603 -2.69934e-05
884.506 -2.47426e-05
885.409 -2.24676e-05
886.311 -2.01734e-05
887.214 -1.78644e-05
888.116 -1.55452e-05
889.019 -1.32207e-05
889.921 -1.08953e-05
890.824 -8.57383e-06
891.726 -6.26088e-06
892.629 -3.96101e-06
893.532 -1.67878e-06
894.434 5.81385e-07
895.337 2.8151e-06
896.239 5.01809e-06
897.142 7.18619e-06
898.044 9.31537e-06
898.947 1.14017e-05
899.849 1.34415e-05
900.752 1.54311e-05
901.655 1.73671e-05
902.557 1.92462e-05
903.46 2.10654e-05
904.362 2.28219e-05
905.265 2.45129e-05
906.167 2.61361e-05
907.07 2.76894e-05
907.972 2.91705e-05
908.875 3.05781e-05
909.778 3.19103e-05
910.68 3.31659e-05
911.583 3.43442e-05
912.485 3.54443e-05
913.388 3.64657e-05
914.29 3.74081e-05
915.193 3.82718e-05
916.095 3.90566e-05
916.998 3.97638e-05
917.901 4.03935e-05
918.803 4.09472e-05
919.706 4.14259e-05
920.608 4.18315e-05
921.511 4.21656e-05
922.413 4.24304e-05
923.316 4.2628e-05
924.219 4.27611e-05
925.121 4.28322e-05
926.024 4.28445e-05
926.926 4.2801e-05
927.829 4.27053e-05
928.731 4.25605e-05
929.634 4.23706e-05
930.536 4.21396e-05
931.439 4.18714e-05
932.342 4.15701e-05
933.244 4.12401e-05
934.147 4.08859e-05
935.049 4.0512e-05
935.952 4.0123e-05
936.854 3.97239e-05
937.757 3.93191e-05
938.659 3.89139e-05
939.562 3.85131e-05
940.465 3.81218e-05
941.367 3.77447e-05
942.27 3.73872e-05
943.172 3.7054e-05
944.075 3.67503e-05
944.977 3.64811e-05
945.88 3.62512e-05
946.782 3.60658e-05
947.685 3.59296e-05
948.588 3.58474e-05
949.49 3.5824e-05
950.393 3.58641e-05
951.295 3.59722e-05
952.198 3.61528e-05
953.1 3.64102e-05
954.003 3.67487e-05
954.905 3.71722e-05
955.808 3.76852e-05
956.711 3.8291e-05
957.613 3.89935e-05
958.516 3.97966e-05
959.418 4.07031e-05
960.321 4.17169e-05
961.223 4.28407e-05
962.126 4.40776e-05
963.028 4.54306e-05
963.931 4.69019e-05
964.834 4.84947e-05
965.736 5.02108e-05
966.639 5.20526e-05
967.541 5.40223e-05
968.444 5.61217e-05
969.346 5.83526e-05
970.249 6.07165e-05
971.151 6.32154e-05
972.054 6.58503e-05
972.957 6.86229e-05
973.859 7.15341e-05
974.762 7.45852e-05
975.664 7.77771e-05
976.567 8.11109e-05
977.469 8.45875e-05
978.372 8.82077e-05
979.274 9.19725e-05
980.177 9.58825e-05
981.08 9.99385e-05
981.982 0.000104142
982.885 0.000108492
983.787 0.000112992
984.69 0.00011764
985.592 0.00012244
986.495 0.00012739
987.398 0.000132494
988.3 0.000137751
989.203 0.000143163
990.105 0.000148732
991.008 0.000154459
991.91 0.000160346
992.813 0.000166396
993.715 0.000172609
994.618 0.00017899
995.521 0.00018554
996.423 0.000192263
997.326 0.000199161
998.228 0.000206239
999.131 0.000213499
1000.03 0.000220947
1000.94 0.000228587
1001.84 0.000236421
1002.74 0.00024446
1003.64 0.000252703
1004.55 0.00026116
1005.45 0.000269837
1006.35 0.000278742
1007.25 0.000287879
1008.16 0.000297256
1009.06 0.000306883
1009.96 0.00031677
1010.86 0.00032692
1011.77 0.00033735
1012.67 0.000348066
1013.57 0.000359078
1014.47 0.000370401
1015.38 0.000382042
1016.28 0.000394017
1017.18 0.000406336
1018.08 0.000419014
1018.99 0.000432064
1019.89 0.0004455
1020.79 0.00045934
1021.69 0.000473595
1022.6 0.000488286
1023.5 0.000503428
1024.4 0.000519037
1025.3 0.000535132
1026.21 0.000551731
1027.11 0.000568857
1028.01 0.000586524
1028.92 0.000604758
1029.82 0.000623577
1030.72 0.000643004
1031.62 0.00066306
1032.53 0.000683769
1033.43 0.000705155
1034.33 0.000727242
1035.23 0.000750058
1036.14 0.000773624
1037.04 0.000797969
1037.94 0.000823118
1038.84 0.000849102
1039.75 0.000875945
1040.65 0.000903681
1041.55 0.000932335
1042.45 0.00096194
1043.36 0.000992527
1044.26 0.00102413
1045.16 0.00105677
1046.06 0.0010905
1046.97 0.00112534
1047.87 0.00116133
1048.77 0.0011985
1049.67 0.00123689
1050.58 0.00127653
1051.48 0.00131747
1052.38 0.00135975
1053.28 0.00140339
1054.19 0.00144845
1055.09 0.00149496
1055.99 0.00154297
1056.89 0.00159251
1057.8 0.00164363
1058.7 0.00169638
1059.6 0.0017508
1060.5 0.00180693
1061.41 0.00186483
1062.31 0.00192454
1063.21 0.00198611
1064.11 0.00204959
1065.02 0.00211504
1065.92 0.0021825
1066.82 0.00225202
1067.73 0.00232366
1068.63 0.00239751
1069.53 0.00247357
1070.43 0.00255193
1071.34 0.00263264
1072.24 0.00271575
1073.14 0.00280135
1074.04 0.00288947
1074.95 0.00298021
1075.85 0.00307363
1076.75 0.00316977
1077.65 0.00326872
1078.56 0.00337054
1079.46 0.0034753
1080.36 0.00358309
1081.26 0.003694
1082.17 0.00380804
1083.07 0.00392537
1083.97 0.00404602
1084.87 0.0041701
1085.78 0.00429767
1086.68 0.00442884
1087.58 0.00456367
1088.48 0.00470227
1089.39 0.00484474
1090.29 0.00499116
1091.19 0.00514164
1092.09 0.00529627
1093 0.00545515
1093.9 0.00561838
1094.8 0.00578608
1095.7 0.00595837
1096.61 0.00613532
1097.51 0.00631707
1098.41 0.00650373
1099.31 0.00669545
1100.22 0.00689231
1101.12 0.00709446
1102.02 0.00730201
1102.92 0.00751511
1103.83 0.0077339
1104.73 0.00795847
1105.63 0.00818901
1106.54 0.00842564
1107.44 0.00866852
1108.34 0.0089178
1109.24 0.0091736
1110.15 0.00943611
1111.05 0.00970549
1111.95 0.0099819
1112.85 0.0102655
1113.76 0.0105565
1114.66 0.010855
1115.56 0.0111612
1116.46 0.0114753
1117.37 0.0117975
1118.27 0.012128
1119.17 0.012467
1120.07 0.0128146
1120.98 0.0131712
1121.88 0.0135367
1122.78 0.0139116
1123.68 0.014296
1124.59 0.0146902
1125.49 0.0150942
1126.39 0.0155085
1127.29 0.0159332
1128.2 0.0163686
1129.1 0.0168148
1130 0.0172722
1130.9 0.017741
1131.81 0.0182215
1132.71 0.0187139
1133.61 0.0192185
1134.51 0.0197356
1135.42 0.0202654
1136.32 0.0208082
1137.22 0.0213645
1138.12 0.0219342
1139.03 0.0225181
1139.93 0.0231159
1140.83 0.0237284
1141.73 0.0243558
1142.64 0.0249984
1143.54 0.0256563
1144.44 0.0263304
1145.35 0.0270204
1146.25 0.027727
1147.15 0.0284506
1148.05 0.0291914
1148.96 0.0299499
1149.86 0.0307263
1150.76 0.0315211
1151.66 0.0323347
1152.57 0.0331676
1153.47 0.0340198
1154.37 0.0348921
1155.27 0.0357849
1156.18 0.0366984
1157.08 0.0376332
1157.98 0.0385896
1158.88 0.0395681
1159.79 0.0405692
1160.69 0.0415933
1161.59 0.0426409
1162.49 0.0437126
1163.4 0.0448085
1164.3 0.0459295
1165.2 0.0470759
1166.1 0.0482483
1167.01 0.0494471
1167.91 0.0506729
1168.81 0.0519261
1169.71 0.0532074
1170.62 0.0545173
1171.52 0.0558562
1172.42 0.057225
1173.32 0.0586239
1174.23 0.0600537
1175.13 0.0615149
1176.03 0.0630081
1176.93 0.0645339
1177.84 0.0660931
1178.74 0.0676861
1179.64 0.0693136
1180.54 0.0709763
1181.45 0.0726748
1182.35 0.0744097
1183.25 0.0761818
1184.15 0.0779915
1185.06 0.07984
1185.96 0.0817273
1186.86 0.0836548
1187.77 0.0856228
1188.67 0.0876323
1189.57 0.0896837
1190.47 0.091778
1191.38 0.0939158
1192.28 0.0960979
1193.18 0.0983253
1194.08 0.100599
1194.99 0.102918
1195.89 0.105286
1196.79 0.107702
1197.69 0.110167
1198.6 0.112682
1199.5 0.115248
1200.4 0.117865
1201.3 0.120535
1202.21 0.123259
1203.11 0.126036
1204.01 0.128869
1204.91 0.131759
1205.82 0.134705
1206.72 0.137709
1207.62 0.140773
1208.52 0.143896
1209.43 0.14708
1210.33 0.150325
1211.23 0.153634
1212.13 0.157006
1213.04 0.160444
1213.94 0.163947
1214.84 0.167517
1215.74 0.171154
1216.65 0.174861
1217.55 0.178638
1218.45 0.182486
1219.35 0.186406
1220.26 0.190399
1221.16 0.194466
1222.06 0.198609
1222.96 0.202828
1223.87 0.207125
1224.77 0.211502
1225.67 0.215957
1226.58 0.220493
1227.48 0.225113
1228.38 0.229816
1229.28 0.234603
1230.19 0.239476
1231.09 0.244436
1231.99 0.249483
1232.89 0.254621
1233.8 0.259849
1234.7 0.26517
1235.6 0.270582
1236.5 0.276092
1237.41 0.281694
1238.31 0.287395
1239.21 0.293194
1240.11 0.299091
1241.02 0.30509
1241.92 0.311193
1242.82 0.317397
1243.72 0.323706
1244.63 0.330122
1245.53 0.336644
1246.43 0.343275
1247.33 0.350017
1248.24 0.356869
1249.14 0.363836
1250.04 0.370916
1250.94 0.37811
1251.85 0.385423
1252.75 0.392853
1253.65 0.400402
1254.55 0.408074
1255.46 0.415866
1256.36 0.423784
1257.26 0.431825
1258.16 0.439995
1259.07 0.448292
1259.97 0.456717
1260.87 0.465273
1261.77 0.473963
1262.68 0.482785
1263.58 0.49174
1264.48 0.500835
1265.39 0.510065
1266.29 0.519436
1267.19 0.528947
1268.09 0.538599
1269 0.548397
1269.9 0.558336
1270.8 0.568424
1271.7 0.578659
1272.61 0.589041
1273.51 0.599576
1274.41 0.610261
1275.31 0.6211
1276.22 0.632093
1277.12 0.643242
1278.02 0.654548
1278.92 0.666012
1279.83 0.677636
1280.73 0.689421
1281.63 0.701371
1282.53 0.713483
1283.44 0.72576
1284.34 0.738204
1285.24 0.750814
1286.14 0.763594
1287.05 0.776544
1287.95 0.789668
1288.85 0.802963
1289.75 0.816431
1290.66 0.830076
1291.56 0.843897
1292.46 0.857894
1293.36 0.872072
1294.27 0.886431
1295.17 0.900969
1296.07 0.915689
1296.97 0.930593
1297.88 0.945683
1298.78 0.960956
1299.68 0.976415
1300.58 0.992064
1301.49 1.0079
1302.39 1.02393
1303.29 1.04014
1304.2 1.05655
1305.1 1.07315
1306 1.08995
1306.9 1.10693
1307.81 1.12412
1308.71 1.14149
1309.61 1.15907
1310.51 1.17684
1311.42 1.19481
1312.32 1.21298
1313.22 1.23135
1314.12 1.24992
1315.03 1.26869
1315.93 1.28765
1316.83 1.30683
1317.73 1.3262
1318.64 1.34577
1319.54 1.36555
1320.44 1.38553
1321.34 1.40572
1322.25 1.42611
1323.15 1.4467
1324.05 1.4675
1324.95 1.48851
1325.86 1.50971
1326.76 1.53112
1327.66 1.55274
1328.56 1.57456
1329.47 1.59659
1330.37 1.61882
1331.27 1.64126
1332.17 1.6639
1333.08 1.68674
1333.98 1.70979
1334.88 1.73304
1335.78 1.7565
1336.69 1.78016
1337.59 1.80402
1338.49 1.82808
1339.39 1.85234
1340.3 1.87681
1341.2 1.90147
1342.1 1.92633
1343.01 1.95139
1343.91 1.97665
1344.81 2.00211
1345.71 2.02776
1346.62 2.0536
1347.52 2.07964
1348.42 2.10587
1349.32 2.13229
1350.23 2.15889
1351.13 2.18571
1352.03 2.2127
1352.93 2.23985
1353.84 2.26722
1354.74 2.29476
1355.64 2.32248
1356.54 2.35038
1357.45 2.37844
1358.35 2.40669
1359.25 2.43511
1360.15 2.46371
1361.06 2.49247
1361.96 2.52142
1362.86 2.55049
1363.76 2.57976
1364.67 2.60918
1365.57 2.63876
1366.47 2.66849
1367.37 2.69837
1368.28 2.72842
1369.18 2.75859
1370.08 2.78892
1370.98 2.81939
1371.89 2.85001
1372.79 2.88075
1373.69 2.91162
1374.59 2.94262
1375.5 2.97377
1376.4 3.00502
1377.3 3.0364
1378.2 3.06788
1379.11 3.09949
1380.01 3.13121
1380.91 3.16303
1381.81 3.19496
1382.72 3.22699
1383.62 3.25911
1384.52 3.29131
1385.43 3.3236
1386.33 3.35599
1387.23 3.38845
1388.13 3.42096
1389.04 3.45357
1389.94 3.48623
1390.84 3.51896
1391.74 3.55176
1392.65 3.58459
1393.55 3.61747
1394.45 3.65041
1395.35 3.68338
1396.26 3.71638
1397.16 3.74941
1398.06 3.78245
1398.96 3.81552
1399.87 3.84861
1400.77 3.8817
1401.67 3.91481
1402.57 3.9479
1403.48 3.98099
1404.38 4.01405
1405.28 4.04712
1406.18 4.08015
1407.09 4.11315
1407.99 4.14614
1408.89 4.17906
1409.79 4.21193
1410.7 4.24477
1411.6 4.27754
1412.5 4.31025
1413.4 4.3429
1414.31 4.37546
1415.21 4.40795
1416.11 4.44035
1417.01 4.47265
1417.92 4.50486
1418.82 4.53695
1419.72 4.56892
1420.62 4.60081
1421.53 4.63255
1422.43 4.66416
1423.33 4.69564
1424.24 4.72696
1425.14 4.75815
1426.04 4.78916
1426.94 4.82004
1427.85 4.85074
1428.75 4.88125
1429.65 4.9116
1430.55 4.94173
1431.46 4.97169
1432.36 5.00145
1433.26 5.03099
1434.16 5.06032
1435.07 5.08942
1435.97 5.1183
1436.87 5.14696
1437.77 5.17536
1438.68 5.20351
1439.58 5.23142
1440.48 5.25906
1441.38 5.28643
1442.29 5.31352
1443.19 5.34036
1444.09 5.36688
1444.99 5.39313
1445.9 5.41906
1446.8 5.44469
1447.7 5.47003
1448.6 5.49504
1449.51 5.5197
1450.41 5.54405
1451.31 5.56808
1452.21 5.59173
1453.12 5.61504
1454.02 5.63801
1454.92 5.66061
1455.82 5.68282
1456.73 5.70468
1457.63 5.72615
1458.53 5.74725
1459.43 5.76794
1460.34 5.78823
1461.24 5.80812
1462.14 5.82762
1463.05 5.84668
1463.95 5.86535
1464.85 5.88357
1465.75 5.90135
1466.66 5.91871
1467.56 5.93565
1468.46 5.95212
1469.36 5.96812
1470.27 5.98368
1471.17 5.99878
1472.07 6.01344
1472.97 6.02761
1473.88 6.04129
1474.78 6.05451
1475.68 6.06724
1476.58 6.07949
1477.49 6.09123
1478.39 6.10248
1479.29 6.11325
1480.19 6.12349
1481.1 6.13325
1482 6.1425
1482.9 6.15122
1483.8 6.15943
1484.71 6.16712
1485.61 6.17428
1486.51 6.18093
1487.41 6.18705
1488.32 6.19263
1489.22 6.1977
1490.12 6.20222
1491.02 6.20619
1491.93 6.20963
1492.83 6.21254
1493.73 6.21491
1494.63 6.21672
1495.54 6.21799
1496.44 6.21873
1497.34 6.21892
1498.24 6.21854
1499.15 6.21763
1500.05 6.21617
1500.95 6.21417
1501.86 6.21161
1502.76 6.20851
1503.66 6.20486
1504.56 6.20063
1505.47 6.19588
1506.37 6.1906
1507.27 6.18475
1508.17 6.17835
1509.08 6.17143
1509.98 6.16395
1510.88 6.15593
1511.78 6.14738
1512.69 6.1383
1513.59 6.12867
1514.49 6.11851
1515.39 6.10783
1516.3 6.09659
1517.2 6.08487
1518.1 6.0726
1519 6.05983
1519.91 6.04653
1520.81 6.03274
1521.71 6.01842
1522.61 6.0036
1523.52 5.98829
1524.42 5.97247
1525.32 5.95619
1526.22 5.9394
1527.13 5.92213
1528.03 5.90439
1528.93 5.88619
1529.83 5.8675
1530.74 5.84837
1531.64 5.82878
1532.54 5.80874
1533.44 5.78828
1534.35 5.76735
1535.25 5.746
1536.15 5.72425
1537.05 5.70206
1537.96 5.67946
1538.86 5.65647
1539.76 5.63309
1540.67 5.60932
1541.57 5.58516
1542.47 5.56062
1543.37 5.53573
1544.28 5.51047
1545.18 5.48488
1546.08 5.45895
1546.98 5.43266
1547.89 5.40607
1548.79 5.37917
1549.69 5.35195
1550.59 5.32444
1551.5 5.29663
1552.4 5.26854
1553.3 5.24018
1554.2 5.21157
1555.11 5.18271
1556.01 5.15361
1556.91 5.12426
1557.81 5.09469
1558.72 5.06492
1559.62 5.03494
1560.52 5.00476
1561.42 4.97442
1562.33 4.94388
1563.23 4.91318
1564.13 4.88233
1565.03 4.85135
1565.94 4.82023
1566.84 4.78897
1567.74 4.75764
1568.64 4.72618
1569.55 4.69463
1570.45 4.663
1571.35 4.6313
1572.25 4.59956
1573.16 4.56776
1574.06 4.53592
1574.96 4.50405
1575.86 4.47217
1576.77 4.44028
1577.67 4.4084
1578.57 4.37653
1579.47 4.34469
1580.38 4.31287
1581.28 4.28111
1582.18 4.24941
1583.09 4.21778
1583.99 4.18624
1584.89 4.15477
1585.79 4.12339
1586.7 4.09214
1587.6 4.061
1588.5 4.03
1589.4 3.99913
1590.31 3.9684
1591.21 3.93785
1592.11 3.90746
1593.01 3.87724
1593.92 3.84722
1594.82 3.8174
1595.72 3.78777
1596.62 3.75836
1597.53 3.72918
1598.43 3.70025
1599.33 3.67153
1600.23 3.64309
1601.14 3.6149
1602.04 3.58698
1602.94 3.55932
1603.84 3.53197
1604.75 3.5049
1605.65 3.47813
1606.55 3.45167
1607.45 3.42553
1608.36 3.3997
1609.26 3.37419
1610.16 3.34904
1611.06 3.32421
1611.97 3.29976
1612.87 3.27564
1613.77 3.25189
1614.67 3.22849
1615.58 3.20547
1616.48 3.18284
1617.38 3.16058
1618.28 3.13873
1619.19 3.11725
1620.09 3.09618
1620.99 3.07548
1621.9 3.05521
1622.8 3.03536
1623.7 3.01589
1624.6 2.99687
1625.51 2.97824
1626.41 2.96004
1627.31 2.94226
1628.21 2.9249
1629.12 2.90799
1630.02 2.89148
1630.92 2.87541
1631.82 2.85978
1632.73 2.84458
1633.63 2.8298
1634.53 2.81546
1635.43 2.80154
1636.34 2.78807
1637.24 2.77502
1638.14 2.76242
1639.04 2.75023
1639.95 2.73847
1640.85 2.72713
1641.75 2.71623
1642.65 2.70574
1643.56 2.69569
1644.46 2.68604
1645.36 2.67681
1646.26 2.66798
1647.17 2.65958
1648.07 2.65158
1648.97 2.64395
1649.87 2.63675
1650.78 2.62993
1651.68 2.62349
1652.58 2.61743
1653.48 2.61175
1654.39 2.60645
1655.29 2.60149
1656.19 2.59691
1657.09 2.59266
1658 2.58878
1658.9 2.58523
1659.8 2.582
1660.71 2.57911
1661.61 2.57651
1662.51 2.57423
1663.41 2.57226
1664.32 2.57058
1665.22 2.56916
1666.12 2.56804
1667.02 2.56718
1667.93 2.56656
1668.83 2.5662
1669.73 2.5661
1670.63 2.5662
1671.54 2.56652
1672.44 2.56707
1673.34 2.56779
1674.24 2.56872
1675.15 2.56981
1676.05 2.57108
1676.95 2.5725
1677.85 2.57408
1678.76 2.57577
1679.66 2.57761
1680.56 2.57953
1681.46 2.58158
1682.37 2.58371
1683.27 2.58591
1684.17 2.58819
1685.07 2.59051
1685.98 2.59287
1686.88 2.59526
1687.78 2.59769
1688.68 2.6001
1689.59 2.60252
1690.49 2.60493
1691.39 2.6073
1692.29 2.60962
1693.2 2.6119
1694.1 2.6141
1695 2.61623
1695.9 2.61828
1696.81 2.62022
1697.71 2.62204
1698.61 2.62372
1699.52 2.62529
1700.42 2.6267
1701.32 2.62795
1702.22 2.629
1703.13 2.62989
1704.03 2.63059
1704.93 2.63107
1705.83 2.63133
1706.74 2.63135
1707.64 2.63114
1708.54 2.63067
1709.44 2.62993
1710.35 2.62892
1711.25 2.62761
1712.15 2.626
1713.05 2.6241
1713.96 2.62189
1714.86 2.61933
1715.76 2.61644
1716.66 2.61321
1717.57 2.60962
1718.47 2.60565
1719.37 2.60132
1720.27 2.59659
1721.18 2.59148
1722.08 2.58597
1722.98 2.58004
1723.88 2.5737
1724.79 2.56692
1725.69 2.55972
1726.59 2.55208
1727.49 2.54399
1728.4 2.53546
1729.3 2.52646
1730.2 2.517
1731.1 2.50706
1732.01 2.49665
1732.91 2.48575
1733.81 2.47439
1734.71 2.4625
1735.62 2.45015
1736.52 2.43729
1737.42 2.42392
1738.33 2.41005
1739.23 2.39567
1740.13 2.38078
1741.03 2.36539
1741.94 2.34947
1742.84 2.33304
1743.74 2.31608
1744.64 2.29862
1745.55 2.28063
1746.45 2.26211
1747.35 2.24311
1748.25 2.22355
1749.16 2.20349
1750.06 2.18292
1750.96 2.16183
1751.86 2.14025
1752.77 2.11814
1753.67 2.09552
1754.57 2.0724
1755.47 2.04879
1756.38 2.02468
1757.28 2.00008
1758.18 1.97499
1759.08 1.94942
1759.99 1.92338
1760.89 1.89686
1761.79 1.86988
1762.69 1.84245
1763.6 1.81456
1764.5 1.78622
1765.4 1.75746
1766.3 1.72826
1767.21 1.69864
1768.11 1.66861
1769.01 1.63818
1769.91 1.60735
1770.82 1.57614
1771.72 1.54455
1772.62 1.5126
1773.52 1.48029
1774.43 1.44764
1775.33 1.41466
1776.23 1.38136
1777.13 1.34774
1778.04 1.31383
1778.94 1.27963
1779.84 1.24516
1780.75 1.21042
1781.65 1.17544
1782.55 1.14023
1783.45 1.10479
1784.36 1.06914
1785.26 1.0333
1786.16 0.997284
1787.06 0.961098
1787.97 0.924759
1788.87 0.888285
1789.77 0.851686
1790.67 0.814982
1791.58 0.778185
1792.48 0.741312
1793.38 0.704378
1794.28 0.667397
1795.19 0.630387
1796.09 0.593362
1796.99 0.556337
1797.89 0.519331
1798.8 0.482358
1799.7 0.445437
1800.6 0.408579
1801.5 0.371805
1802.41 0.33513
1803.31 0.29857
1804.21 0.26214
1805.11 0.225858
1806.02 0.189742
1806.92 0.153806
1807.82 0.118068
1808.72 0.0825426
1809.63 0.0472476
1810.53 0.0121988
1811.43 -0.0225875
1812.33 -0.0570949
1813.24 -0.0913073
1814.14 -0.125209
1815.04 -0.158784
1815.94 -0.192016
1816.85 -0.224889
1817.75 -0.257389
1818.65 -0.289498
1819.56 -0.321204
1820.46 -0.352488
1821.36 -0.383338
1822.26 -0.413739
1823.17 -0.443674
1824.07 -0.473131
1824.97 -0.502096
1825.87 -0.530552
1826.78 -0.558486
1827.68 -0.585889
1828.58 -0.612742
1829.48 -0.639034
1830.39 -0.664753
1831.29 -0.689884
1832.19 -0.714419
1833.09 -0.738341
1834 -0.761643
1834.9 -0.784309
1835.8 -0.806331
1836.7 -0.827696
1837.61 -0.848398
1838.51 -0.868421
1839.41 -0.887759
1840.31 -0.906402
1841.22 -0.924341
1842.12 -0.941565
1843.02 -0.958067
1843.92 -0.973839
1844.83 -0.988874
1845.73 -1.00317
1846.63 -1.0167
1847.53 -1.02948
1848.44 -1.0415
1849.34 -1.05274
1850.24 -1.06321
1851.14 -1.0729
1852.05 -1.08181
1852.95 -1.08992
1853.85 -1.09724
1854.75 -1.10377
1855.66 -1.10949
1856.56 -1.11442
1857.46 -1.11854
1858.37 -1.12185
1859.27 -1.12436
1860.17 -1.12606
1861.07 -1.12695
1861.98 -1.12703
1862.88 -1.12631
1863.78 -1.12478
1864.68 -1.12244
1865.59 -1.1193
1866.49 -1.11536
1867.39 -1.11062
1868.29 -1.10508
1869.2 -1.09875
1870.1 -1.09164
1871 -1.08373
1871.9 -1.07505
1872.81 -1.06559
1873.71 -1.05536
1874.61 -1.04437
1875.51 -1.03262
1876.42 -1.02011
1877.32 -1.00686
1878.22 -0.992879
1879.12 -0.978166
1880.03 -0.96273
1880.93 -0.94658
1881.83 -0.929727
1882.73 -0.912178
1883.64 -0.893942
1884.54 -0.875032
1885.44 -0.855456
1886.34 -0.835222
1887.25 -0.814344
1888.15 -0.792833
1889.05 -0.770699
1889.95 -0.747953
1890.86 -0.724609
1891.76 -0.700678
1892.66 -0.676173
1893.56 -0.651106
1894.47 -0.62549
1895.37 -0.59934
1896.27 -0.572666
1897.18 -0.545483
1898.08 -0.517806
1898.98 -0.489648
1899.88 -0.461023
1900.79 -0.431946
1901.69 -0.402432
1902.59 -0.372495
1903.49 -0.342149
1904.4 -0.31141
1905.3 -0.280296
1906.2 -0.248816
1907.1 -0.216992
1908.01 -0.184833
1908.91 -0.152359
1909.81 -0.119584
1910.71 -0.0865247
1911.62 -0.053196
1912.52 -0.0196137
1913.42 0.0142061
1914.32 0.0482479
1915.23 0.0824955
1916.13 0.116933
1917.03 0.151545
1917.93 0.186316
1918.84 0.22123
1919.74 0.25627
1920.64 0.291422
1921.54 0.326669
1922.45 0.361996
1923.35 0.397389
1924.25 0.432833
1925.15 0.468308
1926.06 0.503804
1926.96 0.539302
1927.86 0.574792
1928.76 0.610255
1929.67 0.645679
1930.57 0.681049
1931.47 0.716351
1932.37 0.751568
1933.28 0.786691
1934.18 0.821703
1935.08 0.856592
1935.99 0.891345
1936.89 0.925948
1937.79 0.960388
1938.69 0.994653
1939.6 1.02873
1940.5 1.06261
1941.4 1.09628
1942.3 1.12973
1943.21 1.16295
1944.11 1.19592
1945.01 1.22863
1945.91 1.26109
1946.82 1.29327
1947.72 1.32516
1948.62 1.35676
1949.52 1.38806
1950.43 1.41904
1951.33 1.44971
1952.23 1.48005
1953.13 1.51005
1954.04 1.53971
1954.94 1.56903
1955.84 1.59798
1956.74 1.62657
1957.65 1.6548
1958.55 1.68265
1959.45 1.71012
1960.35 1.73721
1961.26 1.76391
1962.16 1.79021
1963.06 1.81613
1963.96 1.84164
1964.87 1.86674
1965.77 1.89145
1966.67 1.91574
1967.57 1.93963
1968.48 1.9631
1969.38 1.98616
1970.28 2.00881
1971.18 2.03104
1972.09 2.05286
1972.99 2.07426
1973.89 2.09525
1974.8 2.11584
1975.7 2.136
1976.6 2.15575
1977.5 2.17511
1978.41 2.19405
1979.31 2.21259
1980.21 2.23073
1981.11 2.24847
1982.02 2.26581
1982.92 2.28276
1983.82 2.29934
1984.72 2.31551
1985.63 2.33133
1986.53 2.34676
1987.43 2.36182
1988.33 2.37652
1989.24 2.39088
1990.14 2.40488
1991.04 2.41852
1991.94 2.43182
1992.85 2.44481
1993.75 2.45746
1994.65 2.46979
1995.55 2.48182
1996.46 2.49354
1997.36 2.50497
1998.26 2.5161
1999.16 2.52695
2000.07 2.53753
2000.97 2.54783
2001.87 2.55788
2002.77 2.5677
2003.68 2.57727
2004.58 2.5866
2005.48 2.5957
2006.38 2.60461
2007.29 2.61329
2008.19 2.62178
2009.09 2.6301
2009.99 2.63821
2010.9 2.64617
2011.8 2.65396
2012.7 2.66161
2013.6 2.6691
2014.51 2.67647
2015.41 2.68372
2016.31 2.69083
2017.22 2.69784
2018.12 2.70475
2019.02 2.71157
2019.92 2.7183
2020.83 2.72498
2021.73 2.73156
2022.63 2.73811
2023.53 2.74461
2024.44 2.75105
2025.34 2.75747
2026.24 2.76387
2027.14 2.77025
2028.05 2.77663
2028.95 2.78298
2029.85 2.78934
2030.75 2.79574
2031.66 2.80211
2032.56 2.80855
2033.46 2.81499
2034.36 2.82148
2035.27 2.82802
2036.17 2.83459
2037.07 2.84122
2037.97 2.84791
2038.88 2.85467
2039.78 2.86149
2040.68 2.8684
2041.58 2.87537
2042.49 2.88242
2043.39 2.88953
2044.29 2.89676
2045.19 2.90408
2046.1 2.91147
2047 2.91897
2047.9 2.92657
2048.8 2.93428
2049.71 2.94207
2050.61 2.94995
2051.51 2.95795
2052.41 2.96606
2053.32 2.97425
2054.22 2.98255
2055.12 2.99096
2056.03 2.99947
2056.93 3.00806
2057.83 3.01676
2058.73 3.02554
2059.64 3.03443
2060.54 3.04341
2061.44 3.05249
2062.34 3.06163
2063.25 3.07086
2064.15 3.08017
2065.05 3.08957
2065.95 3.09901
2066.86 3.10853
2067.76 3.1181
2068.66 3.12772
2069.56 3.1374
2070.47 3.14711
2071.37 3.15687
2072.27 3.16664
2073.17 3.17646
2074.08 3.18628
2074.98 3.1961
2075.88 3.20592
2076.78 3.21574
2077.69 3.22553
2078.59 3.23531
2079.49 3.24505
2080.39 3.25474
2081.3 3.26439
2082.2 3.27395
2083.1 3.28348
2084 3.2929
2084.91 3.30223
2085.81 3.31148
2086.71 3.3206
2087.61 3.3296
2088.52 3.33846
2089.42 3.34718
2090.32 3.35576
2091.22 3.36416
2092.13 3.3724
2093.03 3.38042
2093.93 3.38826
2094.84 3.39588
2095.74 3.40329
2096.64 3.41045
2097.54 3.41735
2098.45 3.42403
2099.35 3.4304
2100.25 3.43651
2101.15 3.44231
2102.06 3.44782
2102.96 3.453
2103.86 3.45785
2104.76 3.46235
2105.67 3.46651
2106.57 3.47029
2107.47 3.47371
2108.37 3.47673
2109.28 3.47935
2110.18 3.48157
2111.08 3.48334
2111.98 3.48469
2112.89 3.4856
2113.79 3.48604
2114.69 3.48602
2115.59 3.48552
2116.5 3.48452
2117.4 3.48305
2118.3 3.48104
2119.2 3.47853
2120.11 3.47549
2121.01 3.4719
2121.91 3.46776
2122.81 3.46307
2123.72 3.45783
2124.62 3.45201
2125.52 3.44559
2126.42 3.4386
2127.33 3.43102
2128.23 3.42282
2129.13 3.41402
2130.03 3.40458
2130.94 3.39453
2131.84 3.38386
2132.74 3.37255
2133.65 3.36059
2134.55 3.34801
2135.45 3.33475
2136.35 3.32085
2137.26 3.3063
2138.16 3.29108
2139.06 3.2752
2139.96 3.25864
2140.87 3.24144
2141.77 3.22355
2142.67 3.20499
2143.57 3.18575
2144.48 3.16584
2145.38 3.14527
2146.28 3.12401
2147.18 3.10209
2148.09 3.0795
2148.99 3.05623
2149.89 3.0323
2150.79 3.0077
2151.7 2.98245
2152.6 2.95651
2153.5 2.92995
2154.4 2.90273
2155.31 2.87486
2156.21 2.84633
2157.11 2.81719
2158.01 2.7874
2158.92 2.75699
2159.82 2.72597
2160.72 2.69434
2161.62 2.66209
2162.53 2.62928
2163.43 2.59585
2164.33 2.56185
2165.23 2.52729
2166.14 2.49215
2167.04 2.45648
2167.94 2.42027
2168.84 2.38353
2169.75 2.34626
2170.65 2.30848
2171.55 2.27022
2172.46 2.23147
2173.36 2.19226
2174.26 2.15258
2175.16 2.11246
2176.07 2.07192
2176.97 2.03095
2177.87 1.98958
2178.77 1.94782
2179.68 1.90568
2180.58 1.86318
2181.48 1.82034
2182.38 1.77717
2183.29 1.73368
2184.19 1.6899
2185.09 1.64583
2185.99 1.6015
2186.9 1.55691
2187.8 1.51209
2188.7 1.46706
2189.6 1.42182
2190.51 1.3764
2191.41 1.33082
2192.31 1.28508
2193.21 1.23922
2194.12 1.19324
2195.02 1.14716
2195.92 1.101
2196.82 1.05479
2197.73 1.00852
2198.63 0.962238
2199.53 0.915941
2200.43 0.869656
2201.34 0.823395
2202.24 0.777182
2203.14 0.731029
2204.04 0.684957
2204.95 0.638983
2205.85 0.593123
2206.75 0.547396
2207.65 0.501819
2208.56 0.456409
2209.46 0.411184
2210.36 0.366158
2211.26 0.321352
2212.17 0.27678
2213.07 0.232457
2213.97 0.188404
2214.88 0.144633
2215.78 0.101161
2216.68 0.0580044
2217.58 0.0151778
2218.49 -0.0273032
2219.39 -0.0694238
2220.29 -0.111169
2221.19 -0.152525
2222.1 -0.193478
2223 -0.234011
2223.9 -0.274115
2224.8 -0.313775
2225.71 -0.352978
2226.61 -0.391711
2227.51 -0.429961
2228.41 -0.467719
2229.32 -0.50497
2230.22 -0.541705
2231.12 -0.577913
2232.02 -0.613583
2232.93 -0.648705
2233.83 -0.683268
2234.73 -0.717267
2235.63 -0.75069
2236.54 -0.783528
2237.44 -0.815774
2238.34 -0.847421
2239.24 -0.878462
2240.15 -0.908888
2241.05 -0.938695
2241.95 -0.967876
2242.85 -0.996427
2243.76 -1.02434
2244.66 -1.05161
2245.56 -1.07824
2246.46 -1.10422
2247.37 -1.12955
2248.27 -1.15422
2249.17 -1.17824
2250.07 -1.2016
2250.98 -1.22429
2251.88 -1.24633
2252.78 -1.2677
2253.69 -1.28842
2254.59 -1.30847
2255.49 -1.32786
2256.39 -1.34659
2257.3 -1.36466
2258.2 -1.38208
2259.1 -1.39884
2260 -1.41496
2260.91 -1.43043
2261.81 -1.44525
2262.71 -1.45944
2263.61 -1.47299
2264.52 -1.48591
2265.42 -1.49821
2266.32 -1.50989
2267.22 -1.52096
2268.13 -1.53142
2269.03 -1.54128
2269.93 -1.55056
2270.83 -1.55925
2271.74 -1.56737
2272.64 -1.57492
2273.54 -1.58191
2274.44 -1.58835
2275.35 -1.59425
2276.25 -1.59962
2277.15 -1.60447
2278.05 -1.60881
2278.96 -1.61265
2279.86 -1.616
2280.76 -1.61887
2281.66 -1.62128
2282.57 -1.62323
2283.47 -1.62473
2284.37 -1.62581
2285.27 -1.62646
2286.18 -1.62671
2287.08 -1.62656
2287.98 -1.62603
2288.88 -1.62512
2289.79 -1.62387
2290.69 -1.62227
2291.59 -1.62033
2292.5 -1.61808
2293.4 -1.61553
2294.3 -1.61268
2295.2 -1.60956
2296.11 -1.60617
2297.01 -1.60254
2297.91 -1.59866
2298.81 -1.59457
2299.72 -1.59027
2300.62 -1.58577
2301.52 -1.58109
2302.42 -1.57624
2303.33 -1.57124
2304.23 -1.56609
2305.13 -1.56083
2306.03 -1.55544
2306.94 -1.54996
2307.84 -1.54439
2308.74 -1.53874
2309.64 -1.53304
2310.55 -1.52729
2311.45 -1.5215
2312.35 -1.51569
2313.25 -1.50988
2314.16 -1.50406
2315.06 -1.49826
2315.96 -1.49249
2316.86 -1.48676
2317.77 -1.48107
2318.67 -1.47545
2319.57 -1.4699
2320.47 -1.46444
2321.38 -1.45907
2322.28 -1.45381
2323.18 -1.44866
2324.08 -1.44364
2324.99 -1.43875
2325.89 -1.43401
2326.79 -1.42942
2327.69 -1.425
2328.6 -1.42074
2329.5 -1.41667
2330.4 -1.41278
2331.31 -1.40909
2332.21 -1.4056
2333.11 -1.40232
2334.01 -1.39926
2334.92 -1.39642
2335.82 -1.39381
2336.72 -1.39143
2337.62 -1.3893
2338.53 -1.38741
2339.43 -1.38576
2340.33 -1.38438
2341.23 -1.38325
2342.14 -1.38238
2343.04 -1.38178
2343.94 -1.38144
2344.84 -1.38138
2345.75 -1.38159
2346.65 -1.38207
2347.55 -1.38283
2348.45 -1.38387
2349.36 -1.38518
2350.26 -1.38678
2351.16 -1.38865
2352.06 -1.3908
2352.97 -1.39323
2353.87 -1.39594
2354.77 -1.39893
2355.67 -1.40219
2356.58 -1.40572
2357.48 -1.40952
2358.38 -1.41359
2359.28 -1.41793
2360.19 -1.42253
2361.09 -1.42739
2361.99 -1.4325
2362.89 -1.43786
2363.8 -1.44347
2364.7 -1.44933
2365.6 -1.45542
2366.5 -1.46174
2367.41 -1.46829
2368.31 -1.47506
2369.21 -1.48204
2370.12 -1.48923
2371.02 -1.49663
2371.92 -1.50422
2372.82 -1.512
2373.73 -1.51996
2374.63 -1.52809
2375.53 -1.53639
2376.43 -1.54485
2377.34 -1.55346
2378.24 -1.56221
2379.14 -1.57109
2380.04 -1.5801
2380.95 -1.58923
2381.85 -1.59846
2382.75 -1.6078
2383.65 -1.61722
2384.56 -1.62673
2385.46 -1.63631
2386.36 -1.64594
2387.26 -1.65564
2388.17 -1.66537
2389.07 -1.67514
2389.97 -1.68493
2390.87 -1.69473
2391.78 -1.70454
2392.68 -1.71434
2393.58 -1.72413
2394.48 -1.73389
2395.39 -1.74361
2396.29 -1.75329
2397.19 -1.76291
2398.09 -1.77246
2399 -1.78194
2399.9 -1.79133
2400.8 -1.80063
2401.7 -1.80982
2402.61 -1.81889
2403.51 -1.82784
2404.41 -1.83666
2405.31 -1.84533
2406.22 -1.85384
2407.12 -1.86219
2408.02 -1.87037
2408.92 -1.87836
2409.83 -1.88616
2410.73 -1.89377
2411.63 -1.90116
2412.54 -1.90833
2413.44 -1.91528
2414.34 -1.92199
2415.24 -1.92845
2416.15 -1.93467
2417.05 -1.94062
2417.95 -1.9463
2418.85 -1.95171
2419.76 -1.95684
2420.66 -1.96167
2421.56 -1.96621
2422.46 -1.97044
2423.37 -1.97436
2424.27 -1.97796
2425.17 -1.98123
2426.07 -1.98418
2426.98 -1.98679
2427.88 -1.98905
2428.78 -1.99097
2429.68 -1.99253
2430.59 -1.99373
2431.49 -1.99458
2432.39 -1.99505
2433.29 -1.99515
2434.2 -1.99487
2435.1 -1.99422
2436 -1.99318
2436.9 -1.99175
2437.81 -1.98994
2438.71 -1.98772
2439.61 -1.98511
2440.51 -1.98211
2441.42 -1.9787
2442.32 -1.97489
2443.22 -1.97067
2444.12 -1.96605
2445.03 -1.96102
2445.93 -1.95558
2446.83 -1.94974
2447.73 -1.94348
2448.64 -1.93681
2449.54 -1.92973
2450.44 -1.92225
2451.35 -1.91435
2452.25 -1.90604
2453.15 -1.89732
2454.05 -1.8882
2454.96 -1.87867
2455.86 -1.86874
2456.76 -1.85841
2457.66 -1.84767
2458.57 -1.83654
2459.47 -1.825
2460.37 -1.81308
2461.27 -1.80076
2462.18 -1.78806
2463.08 -1.77497
2463.98 -1.7615
2464.88 -1.74765
2465.79 -1.73343
2466.69 -1.71884
2467.59 -1.70388
2468.49 -1.68856
2469.4 -1.67288
2470.3 -1.65685
2471.2 -1.64047
2472.1 -1.62374
2473.01 -1.60668
2473.91 -1.58928
2474.81 -1.57155
2475.71 -1.55351
2476.62 -1.53514
2477.52 -1.51646
2478.42 -1.49748
2479.32 -1.47819
2480.23 -1.45861
2481.13 -1.43874
2482.03 -1.41859
2482.93 -1.39816
2483.84 -1.37746
2484.74 -1.35649
2485.64 -1.33527
2486.54 -1.3138
2487.45 -1.29208
2488.35 -1.27013
2489.25 -1.24794
2490.16 -1.22553
2491.06 -1.2029
2491.96 -1.18006
2492.86 -1.15701
2493.77 -1.13376
2494.67 -1.11032
2495.57 -1.0867
2496.47 -1.0629
2497.38 -1.03892
2498.28 -1.01479
2499.18 -0.990489
2500.08 -0.966041
2500.99 -0.941447
2501.89 -0.916713
2502.79 -0.891849
2503.69 -0.866858
2504.6 -0.841749
2505.5 -0.816528
2506.4 -0.791199
2507.3 -0.765771
2508.21 -0.74025
2509.11 -0.71464
2510.01 -0.688948
2510.91 -0.66318
2511.82 -0.637345
2512.72 -0.611444
2513.62 -0.585483
2514.52 -0.559472
2515.43 -0.533413
2516.33 -0.507313
2517.23 -0.481178
2518.13 -0.455011
2519.04 -0.428816
2519.94 -0.402603
2520.84 -0.376374
2521.74 -0.350133
2522.65 -0.323886
2523.55 -0.297639
2524.45 -0.271391
2525.35 -0.245152
2526.26 -0.218926
2527.16 -0.192713
2528.06 -0.16652
2528.97 -0.14035
2529.87 -0.114206
2530.77 -0.0880932
2531.67 -0.0620137
2532.58 -0.0359714
2533.48 -0.00996908
2534.38 0.01599
2535.28 0.0419029
2536.19 0.0677672
2537.09 0.0935798
2537.99 0.119339
2538.89 0.145041
2539.8 0.170685
2540.7 0.196268
2541.6 0.221789
2542.5 0.247245
2543.41 0.272635
2544.31 0.297957
2545.21 0.32321
2546.11 0.348393
2547.02 0.373505
2547.92 0.398542
2548.82 0.423506
2549.72 0.448395
2550.63 0.473209
2551.53 0.497946
2552.43 0.522608
2553.33 0.547193
2554.24 0.571699
2555.14 0.596128
2556.04 0.620479
2556.94 0.644754
2557.85 0.668949
2558.75 0.693068
2559.65 0.717109
2560.55 0.741071
2561.46 0.764958
2562.36 0.788769
2563.26 0.812505
2564.16 0.836164
2565.07 0.859748
2565.97 0.883259
2566.87 0.906698
2567.78 0.930063
2568.68 0.953356
2569.58 0.976578
2570.48 0.999732
2571.39 1.02282
2572.29 1.04583
2573.19 1.06878
2574.09 1.09166
2575 1.11448
2575.9 1.13723
2576.8 1.15992
2577.7 1.18255
2578.61 1.20511
2579.51 1.22762
2580.41 1.25006
2581.31 1.27245
2582.22 1.29478
2583.12 1.31705
2584.02 1.33926
2584.92 1.36142
2585.83 1.38353
2586.73 1.40558
2587.63 1.42757
2588.53 1.44951
2589.44 1.4714
2590.34 1.49324
2591.24 1.51502
2592.14 1.53676
2593.05 1.55844
2593.95 1.58006
2594.85 1.60164
2595.75 1.62316
2596.66 1.64463
2597.56 1.66605
2598.46 1.68742
2599.36 1.70872
2600.27 1.72997
2601.17 1.75117
2602.07 1.77231
2602.97 1.79339
2603.88 1.81441
2604.78 1.83537
2605.68 1.85627
2606.59 1.87711
2607.49 1.89787
2608.39 1.91857
2609.29 1.9392
2610.2 1.95975
2611.1 1.98023
2612 2.00063
2612.9 2.02095
2613.81 2.04119
2614.71 2.06133
2615.61 2.08139
2616.51 2.10136
2617.42 2.12122
2618.32 2.14099
2619.22 2.16065
2620.12 2.1802
2621.03 2.19965
2621.93 2.21897
2622.83 2.23816
2623.73 2.25723
2624.64 2.27617
2625.54 2.29499
2626.44 2.31365
2627.34 2.33215
2628.25 2.35052
2629.15 2.36873
2630.05 2.38676
2630.95 2.40462
2631.86 2.42232
2632.76 2.43982
2633.66 2.45716
2634.56 2.47429
2635.47 2.4912
2636.37 2.50792
2637.27 2.52442
2638.17 2.5407
2639.08 2.55674
2639.98 2.57256
2640.88 2.58812
2641.78 2.60345
2642.69 2.61851
2643.59 2.63329
2644.49 2.64782
2645.39 2.66207
2646.3 2.67601
2647.2 2.68967
2648.1 2.70302
2649.01 2.71607
2649.91 2.72878
2650.81 2.74117
2651.71 2.75323
2652.62 2.76495
2653.52 2.77633
2654.42 2.78733
2655.32 2.79797
2656.23 2.80824
2657.13 2.81812
2658.03 2.82762
2658.93 2.83672
2659.84 2.8454
2660.74 2.8537
2661.64 2.86156
2662.54 2.86899
2663.45 2.876
2664.35 2.88255
2665.25 2.88867
2666.15 2.89433
2667.06 2.89952
2667.96 2.90425
2668.86 2.9085
2669.76 2.91226
2670.67 2.91555
2671.57 2.91834
2672.47 2.92062
2673.37 2.92241
2674.28 2.92368
2675.18 2.92444
2676.08 2.92467
2676.98 2.9244
2677.89 2.92357
2678.79 2.92222
2679.69 2.92034
2680.59 2.91789
2681.5 2.91494
2682.4 2.91141
2683.3 2.90734
2684.2 2.90271
2685.11 2.89752
2686.01 2.89177
2686.91 2.88548
2687.82 2.87862
2688.72 2.87118
2689.62 2.8632
2690.52 2.85465
2691.43 2.84555
2692.33 2.83586
2693.23 2.82564
2694.13 2.81483
2695.04 2.80347
2695.94 2.79156
2696.84 2.77908
2697.74 2.76605
2698.65 2.75247
2699.55 2.73836
2700.45 2.72369
2701.35 2.70848
2702.26 2.69273
2703.16 2.67647
2704.06 2.65966
2704.96 2.64235
2705.87 2.62451
2706.77 2.60618
2707.67 2.58732
2708.57 2.568
2709.48 2.54817
2710.38 2.52786
2711.28 2.50708
2712.18 2.48584
2713.09 2.46415
2713.99 2.44202
2714.89 2.41945
2715.79 2.39645
2716.7 2.37303
2717.6 2.34921
2718.5 2.32502
2719.4 2.30041
2720.31 2.27546
2721.21 2.25014
2722.11 2.22446
2723.01 2.19845
2723.92 2.17213
2724.82 2.14549
2725.72 2.11856
2726.63 2.09136
2727.53 2.06388
2728.43 2.03615
2729.33 2.00818
2730.24 1.97998
2731.14 1.95157
2732.04 1.92297
2732.94 1.8942
2733.85 1.86525
2734.75 1.83616
2735.65 1.80693
2736.55 1.77759
2737.46 1.74814
2738.36 1.71861
2739.26 1.68901
2740.16 1.65935
2741.07 1.62966
2741.97 1.59995
2742.87 1.57023
2743.77 1.54053
2744.68 1.51085
2745.58 1.48122
2746.48 1.45166
2747.38 1.42217
2748.29 1.39277
2749.19 1.36349
2750.09 1.33433
2750.99 1.30532
2751.9 1.27647
2752.8 1.24779
2753.7 1.2193
2754.6 1.19102
2755.51 1.16297
2756.41 1.13515
2757.31 1.10759
2758.21 1.08029
2759.12 1.05328
2760.02 1.02656
2760.92 1.00016
2761.82 0.974088
2762.73 0.948354
2763.63 0.922974
2764.53 0.89796
2765.44 0.873328
2766.34 0.849087
2767.24 0.825253
2768.14 0.801835
2769.05 0.778846
2769.95 0.756298
2770.85 0.734202
2771.75 0.712567
2772.66 0.691402
2773.56 0.670721
2774.46 0.65053
2775.36 0.630839
2776.27 0.611655
2777.17 0.592988
2778.07 0.574845
2778.97 0.557232
2779.88 0.540158
2780.78 0.523626
2781.68 0.507645
2782.58 0.492218
2783.49 0.477348
2784.39 0.463043
2785.29 0.449307
2786.19 0.436139
2787.1 0.423546
2788 0.411526
2788.9 0.400086
2789.8 0.389221
2790.71 0.378938
2791.61 0.369231
2792.51 0.360104
2793.41 0.351554
2794.32 0.343583
2795.22 0.336184
2796.12 0.329357
2797.02 0.3231
2797.93 0.317407
2798.83 0.312278
2799.73 0.307705
2800.63 0.303684
2801.54 0.30021
2802.44 0.297277
2803.34 0.294881
2804.25 0.29301
2805.15 0.291658
2806.05 0.29082
2806.95 0.290486
2807.86 0.290647
2808.76 0.291295
2809.66 0.292419
2810.56 0.294011
2811.47 0.296057
2812.37 0.298551
2813.27 0.301477
2814.17 0.304826
2815.08 0.308585
2815.98 0.312745
2816.88 0.317289
2817.78 0.322205
2818.69 0.327482
2819.59 0.333103
2820.49 0.339058
2821.39 0.345329
2822.3 0.351905
2823.2 0.358768
2824.1 0.365905
2825 0.373302
2825.91 0.38094
2826.81 0.388805
2827.71 0.396884
2828.61 0.405158
2829.52 0.413611
2830.42 0.422228
2831.32 0.430991
2832.22 0.439887
2833.13 0.448896
2834.03 0.458003
2834.93 0.467191
2835.83 0.476444
2836.74 0.485745
2837.64 0.495077
2838.54 0.504423
2839.44 0.513764
2840.35 0.523089
2841.25 0.532378
2842.15 0.541615
2843.05 0.550781
2843.96 0.559865
2844.86 0.568846
2845.76 0.577711
2846.67 0.586442
2847.57 0.595024
2848.47 0.603441
2849.37 0.611678
2850.28 0.619719
2851.18 0.627551
2852.08 0.635157
2852.98 0.642522
2853.89 0.649634
2854.79 0.656478
2855.69 0.663039
2856.59 0.669306
2857.5 0.675263
2858.4 0.680897
2859.3 0.686199
2860.2 0.691153
2861.11 0.695748
2862.01 0.699973
2862.91 0.703818
2863.81 0.707271
2864.72 0.71032
2865.62 0.712957
2866.52 0.71517
2867.42 0.716953
2868.33 0.718296
2869.23 0.719189
2870.13 0.719624
2871.03 0.719594
2871.94 0.719092
2872.84 0.718112
2873.74 0.716646
2874.64 0.714689
2875.55 0.712235
2876.45 0.709281
2877.35 0.705818
2878.25 0.701846
2879.16 0.697361
2880.06 0.692356
2880.96 0.686832
2881.86 0.680787
2882.77 0.674216
2883.67 0.667118
2884.57 0.659495
2885.48 0.651347
2886.38 0.642668
2887.28 0.633464
2888.18 0.623733
2889.09 0.613477
2889.99 0.602697
2890.89 0.591398
2891.79 0.579579
2892.7 0.567245
2893.6 0.5544
2894.5 0.541047
2895.4 0.527188
2896.31 0.512831
2897.21 0.49798
2898.11 0.482639
2899.01 0.466817
2899.92 0.450517
2900.82 0.433749
2901.72 0.416516
2902.62 0.398829
2903.53 0.380693
2904.43 0.362117
2905.33 0.34311
2906.23 0.323679
2907.14 0.303836
2908.04 0.283588
2908.94 0.262945
2909.84 0.241917
2910.75 0.220516
2911.65 0.198749
2912.55 0.17663
2913.45 0.154169
2914.36 0.131378
2915.26 0.108267
2916.16 0.0848487
2917.06 0.0611355
2917.97 0.0371391
2918.87 0.0128723
2919.77 -0.0116524
2920.67 -0.0364222
2921.58 -0.0614239
2922.48 -0.0866446
2923.38 -0.112071
2924.29 -0.137689
2925.19 -0.163485
2926.09 -0.189446
2926.99 -0.215558
2927.9 -0.241805
2928.8 -0.268177
2929.7 -0.294655
2930.6 -0.321227
2931.51 -0.34788
2932.41 -0.374598
2933.31 -0.401367
2934.21 -0.428172
2935.12 -0.454998
2936.02 -0.481831
2936.92 -0.508656
2937.82 -0.535459
2938.73 -0.562224
2939.63 -0.588938
2940.53 -0.615587
2941.43 -0.642153
2942.34 -0.668624
2943.24 -0.694985
2944.14 -0.72122
2945.04 -0.747315
2945.95 -0.773259
2946.85 -0.799033
2947.75 -0.824626
2948.65 -0.85002
2949.56 -0.875203
2950.46 -0.900163
2951.36 -0.924883
2952.26 -0.949351
2953.17 -0.97355
2954.07 -0.99747
2954.97 -1.0211
2955.87 -1.04442
2956.78 -1.06741
2957.68 -1.09008
2958.58 -1.11239
2959.48 -1.13435
2960.39 -1.15594
2961.29 -1.17714
2962.19 -1.19794
2963.1 -1.21834
2964 -1.23831
2964.9 -1.25785
2965.8 -1.27694
2966.71 -1.29558
2967.61 -1.31375
2968.51 -1.33145
2969.41 -1.34865
2970.32 -1.36535
2971.22 -1.38154
2972.12 -1.39721
2973.02 -1.41235
2973.93 -1.42695
2974.83 -1.441
2975.73 -1.45449
2976.63 -1.46741
2977.54 -1.47975
2978.44 -1.49151
2979.34 -1.50267
2980.24 -1.51323
2981.15 -1.52318
2982.05 -1.53252
2982.95 -1.54122
2983.85 -1.5493
2984.76 -1.55674
2985.66 -1.56353
2986.56 -1.56967
2987.46 -1.57516
2988.37 -1.57998
2989.27 -1.58414
2990.17 -1.58762
2991.07 -1.59042
2991.98 -1.59255
2992.88 -1.59398
2993.78 -1.59473
2994.68 -1.59479
2995.59 -1.59415
2996.49 -1.59281
2997.39 -1.59078
2998.29 -1.58804
2999.2 -1.58459
3000.1 -1.58044
3001 -1.57558
3001.91 -1.57002
3002.81 -1.56374
3003.71 -1.55676
3004.61 -1.54907
3005.52 -1.54068
3006.42 -1.53158
3007.32 -1.52177
3008.22 -1.51127
3009.13 -1.50006
3010.03 -1.48816
3010.93 -1.47556
3011.83 -1.46227
3012.74 -1.44829
3013.64 -1.43363
3014.54 -1.41829
3015.44 -1.40227
3016.35 -1.38559
3017.25 -1.36824
3018.15 -1.35024
3019.05 -1.33159
3019.96 -1.31229
3020.86 -1.29235
3021.76 -1.27179
3022.66 -1.2506
3023.57 -1.2288
3024.47 -1.20639
3025.37 -1.18339
3026.27 -1.1598
3027.18 -1.13564
3028.08 -1.1109
3028.98 -1.08562
3029.88 -1.05978
3030.79 -1.03342
3031.69 -1.00653
3032.59 -0.979129
3033.49 -0.95123
3034.4 -0.922848
3035.3 -0.89399
3036.2 -0.864675
3037.1 -0.834914
3038.01 -0.80472
3038.91 -0.77411
3039.81 -0.743094
3040.71 -0.711693
3041.62 -0.679919
3042.52 -0.647784
3043.42 -0.61531
3044.33 -0.58251
3045.23 -0.5494
3046.13 -0.515996
3047.03 -0.482318
3047.94 -0.448378
3048.84 -0.414198
3049.74 -0.379791
3050.64 -0.345177
3051.55 -0.310374
3052.45 -0.275399
3053.35 -0.240272
3054.25 -0.205008
3055.16 -0.169629
3056.06 -0.134151
3056.96 -0.098593
3057.86 -0.0629747
3058.77 -0.0273146
3059.67 0.00836854
3060.57 0.0440557
3061.47 0.0797278
3062.38 0.115366
3063.28 0.150951
3064.18 0.186464
3065.08 0.221886
3065.99 0.257197
3066.89 0.292378
3067.79 0.327412
3068.69 0.362281
3069.6 0.396963
3070.5 0.431439
3071.4 0.465694
3072.3 0.499707
3073.21 0.53346
3074.11 0.566937
3075.01 0.600117
3075.91 0.632986
3076.82 0.665524
3077.72 0.697714
3078.62 0.72954
3079.52 0.760984
3080.43 0.792031
3081.33 0.822666
3082.23 0.852871
3083.14 0.88263
3084.04 0.911931
3084.94 0.940754
3085.84 0.969092
3086.75 0.996925
3087.65 1.02424
3088.55 1.05103
3089.45 1.07728
3090.36 1.10297
3091.26 1.12809
3092.16 1.15264
3093.06 1.1766
3093.97 1.19996
3094.87 1.22271
3095.77 1.24484
3096.67 1.26634
3097.58 1.28721
3098.48 1.30744
3099.38 1.32701
3100.28 1.34593
3101.19 1.36419
3102.09 1.38177
3102.99 1.39868
3103.89 1.41492
3104.8 1.43047
3105.7 1.44534
3106.6 1.45951
3107.5 1.473
3108.41 1.4858
3109.31 1.4979
3110.21 1.50932
3111.11 1.52003
3112.02 1.53006
3112.92 1.5394
3113.82 1.54805
3114.72 1.55602
3115.63 1.5633
3116.53 1.56991
3117.43 1.57584
3118.33 1.58111
3119.24 1.58571
3120.14 1.58966
3121.04 1.59296
3121.95 1.59562
3122.85 1.59764
3123.75 1.59904
3124.65 1.59982
3125.56 1.59999
3126.46 1.59957
3127.36 1.59856
3128.26 1.59697
3129.17 1.59482
3130.07 1.59212
3130.97 1.58888
3131.87 1.58512
3132.78 1.58083
3133.68 1.57605
3134.58 1.57078
3135.48 1.56504
3136.39 1.55885
3137.29 1.5522
3138.19 1.54514
3139.09 1.53766
3140 1.52979
3140.9 1.52153
3141.8 1.51292
3142.7 1.50395
3143.61 1.49466
3144.51 1.48506
3145.41 1.47516
3146.31 1.46498
3147.22 1.45454
3148.12 1.44386
3149.02 1.43295
3149.92 1.42184
3150.83 1.41053
3151.73 1.39906
3152.63 1.38743
3153.53 1.37566
3154.44 1.36377
3155.34 1.35178
3156.24 1.3397
3157.14 1.32756
3158.05 1.31537
3158.95 1.30315
3159.85 1.2909
3160.76 1.27867
3161.66 1.26644
3162.56 1.25426
3163.46 1.24212
3164.37 1.23004
3165.27 1.21805
3166.17 1.20615
3167.07 1.19437
3167.98 1.18271
3168.88 1.17118
3169.78 1.15982
3170.68 1.14862
3171.59 1.13759
3172.49 1.12676
3173.39 1.11614
3174.29 1.10573
3175.2 1.09555
3176.1 1.08561
3177 1.07591
3177.9 1.06648
3178.81 1.05731
3179.71 1.04842
3180.61 1.03981
3181.51 1.0315
3182.42 1.02348
3183.32 1.01578
3184.22 1.00838
3185.12 1.0013
3186.03 0.994554
3186.93 0.988128
3187.83 0.982038
3188.73 0.976282
3189.64 0.970864
3190.54 0.965787
3191.44 0.961053
3192.34 0.956663
3193.25 0.952617
3194.15 0.948916
3195.05 0.945558
3195.95 0.942545
3196.86 0.939872
3197.76 0.937538
3198.66 0.935543
3199.57 0.933879
3200.47 0.932546
3201.37 0.931541
3202.27 0.930855
3203.18 0.930488
3204.08 0.930428
3204.98 0.930675
3205.88 0.93122
3206.79 0.932054
3207.69 0.933174
3208.59 0.934569
3209.49 0.936233
3210.4 0.938157
3211.3 0.94033
3212.2 0.942743
3213.1 0.945389
3214.01 0.948257
3214.91 0.951336
3215.81 0.954615
3216.71 0.958084
3217.62 0.961731
3218.52 0.965549
3219.42 0.969521
3220.32 0.973636
3221.23 0.977885
3222.13 0.982256
3223.03 0.986733
3223.93 0.991306
3224.84 0.995965
3225.74 1.00069
3226.64 1.00548
3227.54 1.01031
3228.45 1.01518
3229.35 1.02006
3230.25 1.02496
3231.15 1.02985
3232.06 1.03472
3232.96 1.03956
3233.86 1.04436
3234.76 1.04911
3235.67 1.05378
3236.57 1.05838
3237.47 1.06289
3238.37 1.0673
3239.28 1.07159
3240.18 1.07575
3241.08 1.07978
3241.99 1.08366
3242.89 1.08738
3243.79 1.09094
3244.69 1.09431
3245.6 1.09749
3246.5 1.10048
3247.4 1.10325
3248.3 1.10581
3249.21 1.10815
3250.11 1.11025
3251.01 1.1121
3251.91 1.11371
3252.82 1.11506
3253.72 1.11615
3254.62 1.11697
3255.52 1.11751
3256.43 1.11777
3257.33 1.11774
3258.23 1.11742
3259.13 1.1168
3260.04 1.11588
3260.94 1.11466
3261.84 1.11313
3262.74 1.11128
3263.65 1.10913
3264.55 1.10666
3265.45 1.10388
3266.35 1.10077
3267.26 1.09735
3268.16 1.09361
3269.06 1.08956
3269.96 1.08518
3270.87 1.08049
3271.77 1.07548
3272.67 1.07016
3273.57 1.06452
3274.48 1.05858
3275.38 1.05233
3276.28 1.04577
3277.18 1.03892
3278.09 1.03177
3278.99 1.02433
3279.89 1.0166
3280.8 1.00859
3281.7 1.0003
3282.6 0.991735
3283.5 0.982908
3284.41 0.97382
3285.31 0.96448
3286.21 0.954894
3287.11 0.945064
3288.02 0.935004
3288.92 0.924717
3289.82 0.914209
3290.72 0.903493
3291.63 0.892571
3292.53 0.881456
3293.43 0.870154
3294.33 0.858672
3295.24 0.84702
3296.14 0.835205
3297.04 0.823236
3297.94 0.811124
3298.85 0.798875
3299.75 0.786496
3300.65 0.774002
3301.55 0.761396
3302.46 0.74869
3303.36 0.73589
3304.26 0.723009
3305.16 0.710052
3306.07 0.697029
3306.97 0.68395
3307.87 0.670822
3308.77 0.657654
3309.68 0.644454
3310.58 0.631232
3311.48 0.617996
3312.38 0.604752
3313.29 0.591512
3314.19 0.578279
3315.09 0.565064
3315.99 0.551875
3316.9 0.53872
3317.8 0.525602
3318.7 0.512533
3319.61 0.499517
3320.51 0.486563
3321.41 0.473673
3322.31 0.46086
3323.22 0.448127
3324.12 0.435478
3325.02 0.422923
3325.92 0.410464
3326.83 0.398107
3327.73 0.38586
3328.63 0.373724
3329.53 0.361705
3330.44 0.349808
3331.34 0.338038
3332.24 0.326397
3333.14 0.31489
3334.05 0.303521
3334.95 0.292292
3335.85 0.281208
3336.75 0.270268
3337.66 0.25948
3338.56 0.248841
3339.46 0.238357
3340.36 0.228029
3341.27 0.21786
3342.17 0.207848
3343.07 0.197997
3343.97 0.188309
3344.88 0.178783
3345.78 0.169421
3346.68 0.160224
3347.58 0.151191
3348.49 0.142324
3349.39 0.133621
3350.29 0.125084
3351.19 0.116713
3352.1 0.108506
3353 0.100464
3353.9 0.0925863
3354.8 0.0848717
3355.71 0.0773198
3356.61 0.0699295
3357.51 0.0627002
3358.42 0.0556307
3359.32 0.0487198
3360.22 0.0419667
3361.12 0.0353696
3362.03 0.0289274
3362.93 0.0226391
3363.83 0.016503
3364.73 0.0105176
3365.64 0.00468168
3366.54 -0.00100635
3367.44 -0.00654795
3368.34 -0.0119446
3369.25 -0.0171978
3370.15 -0.022309
3371.05 -0.0272797
3371.95 -0.0321113
3372.86 -0.0368052
3373.76 -0.041363
3374.66 -0.0457857
3375.56 -0.0500748
3376.47 -0.0542318
3377.37 -0.0582574
3378.27 -0.0621531
3379.17 -0.06592
3380.08 -0.0695589
3380.98 -0.0730712
3381.88 -0.0764576
3382.78 -0.079719
3383.69 -0.082856
3384.59 -0.0858695
3385.49 -0.0887601
3386.39 -0.0915284
3387.3 -0.0941747
3388.2 -0.0966995
3389.1 -0.0991034
3390 -0.101386
3390.91 -0.103549
3391.81 -0.105591
3392.71 -0.107512
3393.61 -0.109313
3394.52 -0.110994
3395.42 -0.112554
3396.32 -0.113993
3397.23 -0.115311
3398.13 -0.116508
3399.03 -0.117583
3399.93 -0.118536
3400.84 -0.119366
3401.74 -0.120073
3402.64 -0.120657
3403.54 -0.121118
3404.45 -0.121454
3405.35 -0.121665
3406.25 -0.12175
3407.15 -0.121709
3408.06 -0.121542
3408.96 -0.121248
3409.86 -0.120827
3410.76 -0.120277
3411.67 -0.1196
3412.57 -0.118794
3413.47 -0.117858
3414.37 -0.116794
3415.28 -0.1156
3416.18 -0.114277
3417.08 -0.112824
3417.98 -0.111242
3418.89 -0.109531
3419.79 -0.10769
3420.69 -0.105721
3421.59 -0.103624
3422.5 -0.1014
3423.4 -0.0990491
3424.3 -0.0965724
3425.2 -0.0939709
3426.11 -0.0912461
3427.01 -0.0883992
3427.91 -0.0854317
3428.81 -0.0823456
3429.72 -0.0791425
3430.62 -0.0758245
3431.52 -0.072394
3432.42 -0.0688534
3433.33 -0.0652054
3434.23 -0.0614529
3435.13 -0.057599
3436.03 -0.0536469
3436.94 -0.0495999
3437.84 -0.0454622
3438.74 -0.0412375
3439.65 -0.0369298
3440.55 -0.0325438
3441.45 -0.0280839
3442.35 -0.0235549
3443.26 -0.0189621
3444.16 -0.0143105
3445.06 -0.00960584
3445.96 -0.00485374
3446.87 -6.01568e-05
3447.77 0.0047687
3448.67 0.00962647
3449.57 0.0145065
3450.48 0.019402
3451.38 0.024306
3452.28 0.0292112
3453.18 0.0341102
3454.09 0.0389952
3454.99 0.0438587
3455.89 0.0486924
3456.79 0.0534885
3457.7 0.0582384
3458.6 0.0629335
3459.5 0.0675656
3460.4 0.0721254
3461.31 0.0766043
3462.21 0.0809931
3463.11 0.0852829
3464.01 0.0894641
3464.92 0.0935277
3465.82 0.0974637
3466.72 0.101263
3467.62 0.104916
3468.53 0.108413
3469.43 0.111745
3470.33 0.114901
3471.23 0.117871
3472.14 0.120648
3473.04 0.123219
3473.94 0.125577
3474.84 0.127711
3475.75 0.129611
3476.65 0.131269
3477.55 0.132674
3478.46 0.133818
3479.36 0.134691
3480.26 0.135284
3481.16 0.135589
3482.07 0.135595
3482.97 0.135295
3483.87 0.134681
3484.77 0.133744
3485.68 0.132475
3486.58 0.130868
3487.48 0.128914
3488.38 0.126607
3489.29 0.123938
3490.19 0.120902
3491.09 0.117492
3491.99 0.113702
3492.9 0.109525
3493.8 0.104957
3494.7 0.0999913
3495.6 0.0946242
3496.51 0.0888509
3497.41 0.082667
3498.31 0.0760693
3499.21 0.0690538
3500.12 0.0616184
3501.02 0.05376
3501.92 0.0454768
3502.82 0.0367672
3503.73 0.0276299
3504.63 0.0180642
3505.53 0.00806981
3506.43 -0.00235299
3507.34 -0.0132036
3508.24 -0.0244808
3509.14 -0.0361832
3510.04 -0.0483085
3510.95 -0.0608538
3511.85 -0.0738166
3512.75 -0.087193
3513.65 -0.100979
3514.56 -0.11517
3515.46 -0.12976
3516.36 -0.144746
3517.27 -0.160119
3518.17 -0.175874
3519.07 -0.192003
3519.97 -0.2085
3520.88 -0.225356
3521.78 -0.242561
3522.68 -0.260109
3523.58 -0.277988
3524.49 -0.29619
3525.39 -0.314702
3526.29 -0.333515
3527.19 -0.352619
3528.1 -0.371999
3529 -0.391646
3529.9 -0.411545
3530.8 -0.431684
3531.71 -0.45205
3532.61 -0.472628
3533.51 -0.493406
3534.41 -0.514366
3535.32 -0.535497
3536.22 -0.556782
3537.12 -0.578207
3538.02 -0.599752
3538.93 -0.621406
3539.83 -0.643149
3540.73 -0.664967
3541.63 -0.686843
3542.54 -0.708757
3543.44 -0.730695
3544.34 -0.752639
3545.24 -0.77457
3546.15 -0.796474
3547.05 -0.818327
3547.95 -0.840117
3548.85 -0.861822
3549.76 -0.883426
3550.66 -0.90491
3551.56 -0.926256
3552.46 -0.947446
3553.37 -0.968463
3554.27 -0.989288
3555.17 -1.0099
3556.08 -1.03029
3556.98 -1.05043
3557.88 -1.0703
3558.78 -1.0899
3559.69 -1.1092
3560.59 -1.12818
3561.49 -1.14683
3562.39 -1.16513
3563.3 -1.18306
3564.2 -1.20061
3565.1 -1.21777
3566 -1.23451
3566.91 -1.25082
3567.81 -1.26669
3568.71 -1.2821
3569.61 -1.29704
3570.52 -1.31149
3571.42 -1.32544
3572.32 -1.33888
3573.22 -1.35179
3574.13 -1.36417
3575.03 -1.376
3575.93 -1.38727
3576.83 -1.39797
3577.74 -1.40809
3578.64 -1.41762
3579.54 -1.42656
3580.44 -1.43488
3581.35 -1.4426
3582.25 -1.44969
3583.15 -1.45616
3584.05 -1.462
3584.96 -1.4672
3585.86 -1.47175
3586.76 -1.47566
3587.66 -1.47892
3588.57 -1.48153
3589.47 -1.48349
3590.37 -1.48479
3591.27 -1.48543
3592.18 -1.48542
3593.08 -1.48476
3593.98 -1.48344
3594.89 -1.48147
3595.79 -1.47886
3596.69 -1.47559
3597.59 -1.47169
3598.5 -1.46716
3599.4 -1.46199
3600.3 -1.4562
3601.2 -1.4498
3602.11 -1.44278
3603.01 -1.43517
3603.91 -1.42696
3604.81 -1.41817
3605.72 -1.4088
3606.62 -1.39888
3607.52 -1.3884
3608.42 -1.37738
3609.33 -1.36584
3610.23 -1.35378
3611.13 -1.34122
3612.03 -1.32818
3612.94 -1.31466
3613.84 -1.30069
3614.74 -1.28628
3615.64 -1.27144
3616.55 -1.25619
3617.45 -1.24054
3618.35 -1.22453
3619.25 -1.20815
3620.16 -1.19143
3621.06 -1.1744
3621.96 -1.15706
3622.86 -1.13943
3623.77 -1.12154
3624.67 -1.1034
3625.57 -1.08503
3626.47 -1.06646
3627.38 -1.0477
3628.28 -1.02878
3629.18 -1.0097
3630.08 -0.990502
3630.99 -0.971195
3631.89 -0.9518
3632.79 -0.932342
3633.7 -0.912834
3634.6 -0.893304
3635.5 -0.873767
3636.4 -0.854243
3637.31 -0.834757
3638.21 -0.815324
3639.11 -0.795965
3640.01 -0.776701
3640.92 -0.757548
3641.82 -0.738527
3642.72 -0.719658
3643.62 -0.700957
3644.53 -0.682442
3645.43 -0.664133
3646.33 -0.646047
3647.23 -0.628197
3648.14 -0.610605
3649.04 -0.593284
3649.94 -0.576249
3650.84 -0.559519
3651.75 -0.543105
3652.65 -0.527021
3653.55 -0.511283
3654.45 -0.495902
3655.36 -0.480891
3656.26 -0.466264
3657.16 -0.452027
3658.06 -0.438196
3658.97 -0.424777
3659.87 -0.411782
3660.77 -0.399218
3661.67 -0.387093
3662.58 -0.375414
3663.48 -0.36419
3664.38 -0.353423
3665.28 -0.343121
3666.19 -0.333285
3667.09 -0.323922
3667.99 -0.315034
3668.89 -0.306621
3669.8 -0.298686
3670.7 -0.29123
3671.6 -0.284253
3672.5 -0.277751
3673.41 -0.271727
3674.31 -0.266173
3675.21 -0.261091
3676.12 -0.256475
3677.02 -0.252317
3677.92 -0.248617
3678.82 -0.245365
3679.73 -0.242557
3680.63 -0.240184
3681.53 -0.238237
3682.43 -0.236708
3683.34 -0.235587
3684.24 -0.234864
3685.14 -0.234527
3686.04 -0.234565
3686.95 -0.234968
3687.85 -0.23572
3688.75 -0.236807
3689.65 -0.23822
3690.56 -0.239941
3691.46 -0.241955
3692.36 -0.244248
3693.26 -0.246803
3694.17 -0.249606
3695.07 -0.252636
3695.97 -0.255879
3696.87 -0.259319
3697.78 -0.262934
3698.68 -0.26671
3699.58 -0.270627
3700.48 -0.274664
3701.39 -0.278807
3702.29 -0.283032
3703.19 -0.287325
3704.09 -0.291663
3705 -0.296027
3705.9 -0.300401
3706.8 -0.304761
3707.7 -0.30909
3708.61 -0.31337
3709.51 -0.317579
3710.41 -0.321698
3711.31 -0.325708
3712.22 -0.329591
3713.12 -0.333331
3714.02 -0.336904
3714.93 -0.340295
3715.83 -0.343486
3716.73 -0.346459
3717.63 -0.349198
3718.54 -0.351683
3719.44 -0.353903
3720.34 -0.355835
3721.24 -0.357469
3722.15 -0.358789
3723.05 -0.359779
3723.95 -0.360425
3724.85 -0.360717
3725.76 -0.360639
3726.66 -0.36018
3727.56 -0.359329
3728.46 -0.358075
3729.37 -0.356409
3730.27 -0.354321
3731.17 -0.351801
3732.07 -0.348843
3732.98 -0.345441
3733.88 -0.34159
3734.78 -0.33728
3735.68 -0.33251
3736.59 -0.327275
3737.49 -0.321576
3738.39 -0.315406
3739.29 -0.308765
3740.2 -0.301655
3741.1 -0.294076
3742 -0.286031
3742.9 -0.277521
3743.81 -0.268549
3744.71 -0.259121
3745.61 -0.249242
3746.51 -0.238917
3747.42 -0.228156
3748.32 -0.216964
3749.22 -0.205351
3750.12 -0.193328
3751.03 -0.180905
3751.93 -0.168093
3752.83 -0.154906
3753.74 -0.141355
3754.64 -0.127456
3755.54 -0.113223
3756.44 -0.0986724
3757.35 -0.0838202
3758.25 -0.0686835
3759.15 -0.0532805
3760.05 -0.0376298
3760.96 -0.0217509
3761.86 -0.00566361
3762.76 0.0106114
3763.66 0.027053
3764.57 0.0436393
3765.47 0.0603479
3766.37 0.0771561
3767.27 0.0940406
3768.18 0.110978
3769.08 0.127943
3769.98 0.144913
3770.88 0.161861
3771.79 0.178763
3772.69 0.195594
3773.59 0.212327
3774.49 0.228939
3775.4 0.245401
3776.3 0.261688
3777.2 0.277775
3778.1 0.293633
3779.01 0.309238
3779.91 0.324564
3780.81 0.339586
3781.71 0.354276
3782.62 0.36861
3783.52 0.382561
3784.42 0.396105
3785.32 0.409218
3786.23 0.421875
3787.13 0.434051
3788.03 0.445724
3788.93 0.456869
3789.84 0.467465
3790.74 0.477489
3791.64 0.48692
3792.55 0.495738
3793.45 0.50392
3794.35 0.51145
3795.25 0.518307
3796.16 0.524475
3797.06 0.529935
3797.96 0.534672
3798.86 0.538669
3799.77 0.541912
3800.67 0.544389
3801.57 0.546087
3802.47 0.546995
3803.38 0.547098
3804.28 0.546391
3805.18 0.544864
3806.08 0.54251
3806.99 0.539323
3807.89 0.535297
3808.79 0.530427
3809.69 0.524711
3810.6 0.518146
3811.5 0.510734
3812.4 0.502474
3813.3 0.493368
3814.21 0.483418
3815.11 0.47263
3816.01 0.461006
3816.91 0.448556
3817.82 0.435286
3818.72 0.421206
3819.62 0.406323
3820.52 0.390651
3821.43 0.374204
3822.33 0.35699
3823.23 0.339028
3824.13 0.320334
3825.04 0.300922
3825.94 0.280811
3826.84 0.260022
3827.74 0.238575
3828.65 0.216487
3829.55 0.193784
3830.45 0.170488
3831.36 0.146623
3832.26 0.122215
3833.16 0.0972878
3834.06 0.0718697
3834.97 0.0459876
3835.87 0.0196701
3836.77 -0.00705415
3837.67 -0.0341552
3838.58 -0.0616028
3839.48 -0.0893657
3840.38 -0.117413
3841.28 -0.145711
3842.19 -0.174229
3843.09 -0.202932
3843.99 -0.231788
3844.89 -0.260763
3845.8 -0.289823
3846.7 -0.318932
3847.6 -0.348058
3848.5 -0.377162
3849.41 -0.406214
3850.31 -0.435176
3851.21 -0.464013
3852.11 -0.492693
3853.02 -0.521176
3853.92 -0.549432
3854.82 -0.577423
3855.72 -0.605117
3856.63 -0.632479
3857.53 -0.659474
3858.43 -0.68607
3859.33 -0.712235
3860.24 -0.737936
3861.14 -0.763138
3862.04 -0.787812
3862.94 -0.811927
3863.85 -0.835454
3864.75 -0.858361
3865.65 -0.880622
3866.55 -0.902205
3867.46 -0.923086
3868.36 -0.94324
3869.26 -0.962637
3870.16 -0.981255
3871.07 -0.999073
3871.97 -1.01606
3872.87 -1.03221
3873.78 -1.04748
3874.68 -1.06187
3875.58 -1.07536
3876.48 -1.08792
3877.39 -1.09955
3878.29 -1.11022
3879.19 -1.11992
3880.09 -1.12865
3881 -1.13639
3881.9 -1.14312
3882.8 -1.14885
3883.7 -1.15356
3884.61 -1.15725
3885.51 -1.15991
3886.41 -1.16154
3887.31 -1.16214
3888.22 -1.16171
3889.12 -1.16024
3890.02 -1.15774
3890.92 -1.15421
3891.83 -1.14965
3892.73 -1.14408
3893.63 -1.13749
3894.53 -1.1299
3895.44 -1.12132
3896.34 -1.11174
3897.24 -1.1012
3898.14 -1.08969
3899.05 -1.07724
3899.95 -1.06385
3900.85 -1.04955
3901.75 -1.03435
3902.66 -1.01827
3903.56 -1.00133
3904.46 -0.98355
3905.36 -0.964947
3906.27 -0.945548
3907.17 -0.925373
3908.07 -0.904447
3908.97 -0.882797
3909.88 -0.860443
3910.78 -0.837416
3911.68 -0.813741
3912.59 -0.789444
3913.49 -0.764555
3914.39 -0.739101
3915.29 -0.713114
3916.2 -0.686619
3917.1 -0.65965
3918 -0.632235
3918.9 -0.604406
3919.81 -0.576192
3920.71 -0.547628
3921.61 -0.518742
3922.51 -0.489565
3923.42 -0.460132
3924.32 -0.430472
3925.22 -0.400618
3926.12 -0.370601
3927.03 -0.340452
3927.93 -0.310205
3928.83 -0.279886
3929.73 -0.249532
3930.64 -0.219169
3931.54 -0.188831
3932.44 -0.158547
3933.34 -0.128345
3934.25 -0.0982566
3935.15 -0.0683097
3936.05 -0.0385323
3936.95 -0.00895262
3937.86 0.0204022
3938.76 0.0495058
3939.66 0.0783316
3940.56 0.106855
3941.47 0.135051
3942.37 0.162896
3943.27 0.190367
3944.17 0.217441
3945.08 0.244099
3945.98 0.270316
3946.88 0.296076
3947.78 0.321358
3948.69 0.346144
3949.59 0.37042
3950.49 0.394165
3951.4 0.417367
3952.3 0.44001
3953.2 0.462083
3954.1 0.48357
3955.01 0.504463
3955.91 0.524749
3956.81 0.544421
3957.71 0.563468
3958.62 0.581885
3959.52 0.599663
3960.42 0.616799
3961.32 0.633286
3962.23 0.649123
3963.13 0.664304
3964.03 0.678829
3964.93 0.692699
3965.84 0.705911
3966.74 0.718469
3967.64 0.730372
3968.54 0.741623
3969.45 0.752227
3970.35 0.76219
3971.25 0.771515
3972.15 0.780206
3973.06 0.788274
3973.96 0.795724
3974.86 0.802566
3975.76 0.808808
3976.67 0.814461
3977.57 0.819531
3978.47 0.824033
3979.37 0.827977
3980.28 0.831375
3981.18 0.834238
3982.08 0.836582
3982.98 0.838419
3983.89 0.839762
3984.79 0.840628
3985.69 0.841027
3986.59 0.840978
3987.5 0.840493
3988.4 0.839591
3989.3 0.838284
3990.21 0.83659
3991.11 0.834525
3992.01 0.832103
3992.91 0.829343
3993.82 0.82626
3994.72 0.822873
3995.62 0.819193
3996.52 0.81524
3997.43 0.811031
3998.33 0.80658
3999.23 0.801903
4000.13 0.797017
4001.04 0.791938
4001.94 0.78668
4002.84 0.781262
4003.74 0.775693
4004.65 0.769994
4005.55 0.764177
4006.45 0.758256
4007.35 0.752246
4008.26 0.746158
4009.16 0.740009
4010.06 0.73381
4010.96 0.727574
4011.87 0.721313
4012.77 0.715037
4013.67 0.708759
4014.57 0.70249
4015.48 0.69624
4016.38 0.690017
4017.28 0.683834
4018.18 0.677698
4019.09 0.671616
4019.99 0.6656
4020.89 0.659654
4021.79 0.653786
4022.7 0.648002
4023.6 0.642309
4024.5 0.636713
4025.4 0.631219
4026.31 0.625832
4027.21 0.620553
4028.11 0.61539
4029.02 0.610343
4029.92 0.605419
4030.82 0.600615
4031.72 0.595938
4032.63 0.591385
4033.53 0.586962
4034.43 0.582666
4035.33 0.578498
4036.24 0.574461
4037.14 0.57055
4038.04 0.56677
4038.94 0.563115
4039.85 0.559587
4040.75 0.556183
4041.65 0.552903
4042.55 0.549742
4043.46 0.546701
4044.36 0.543777
4045.26 0.540964
4046.16 0.538266
4047.07 0.535672
4047.97 0.533185
4048.87 0.530799
4049.77 0.528512
4050.68 0.52632
4051.58 0.524221
4052.48 0.522209
4053.38 0.520283
4054.29 0.518437
4055.19 0.516672
4056.09 0.514981
4056.99 0.513359
4057.9 0.511807
4058.8 0.510318
4059.7 0.508891
4060.6 0.507525
4061.51 0.506211
4062.41 0.504951
4063.31 0.503743
4064.21 0.502579
4065.12 0.501462
4066.02 0.500387
4066.92 0.499355
4067.83 0.49836
4068.73 0.497404
4069.63 0.496483
4070.53 0.495596
4071.44 0.494743
4072.34 0.493922
4073.24 0.493134
4074.14 0.492378
4075.05 0.491654
4075.95 0.490961
4076.85 0.4903
4077.75 0.489671
4078.66 0.489075
4079.56 0.488514
4080.46 0.487988
4081.36 0.487498
4082.27 0.487046
4083.17 0.486632
4084.07 0.486261
4084.97 0.485933
4085.88 0.485653
4086.78 0.485418
4087.68 0.485234
4088.58 0.485106
4089.49 0.485032
4090.39 0.485017
4091.29 0.485063
4092.19 0.485175
4093.1 0.485357
4094 0.485608
4094.9 0.485933
4095.8 0.486339
4096.71 0.486824
4097.61 0.487395
4098.51 0.488051
4099.41 0.488801
4100.32 0.489643
4101.22 0.490585
4102.12 0.491626
4103.02 0.492771
4103.93 0.494023
4104.83 0.495383
4105.73 0.496855
4106.63 0.498443
4107.54 0.500145
4108.44 0.501967
4109.34 0.50391
4110.25 0.505977
4111.15 0.508167
4112.05 0.510481
4112.95 0.512922
4113.86 0.51549
4114.76 0.518186
4115.66 0.521012
4116.56 0.523964
4117.47 0.527044
4118.37 0.530252
4119.27 0.533584
4120.17 0.537043
4121.08 0.540624
4121.98 0.544328
4122.88 0.54815
4123.78 0.552088
4124.69 0.55614
4125.59 0.560302
4126.49 0.564572
4127.39 0.568945
4128.3 0.573415
4129.2 0.577981
4130.1 0.582635
4131 0.587373
4131.91 0.59219
4132.81 0.597078
4133.71 0.602032
4134.61 0.607047
4135.52 0.612113
4136.42 0.617225
4137.32 0.622375
4138.22 0.627555
4139.13 0.632758
4140.03 0.637976
4140.93 0.643198
4141.83 0.648418
4142.74 0.653625
4143.64 0.658811
4144.54 0.663968
4145.44 0.669084
4146.35 0.674152
4147.25 0.679163
4148.15 0.684102
4149.06 0.688965
4149.96 0.69374
4150.86 0.698415
4151.76 0.702982
4152.67 0.707431
4153.57 0.711752
4154.47 0.715933
4155.37 0.719968
4156.28 0.723843
4157.18 0.727551
4158.08 0.731079
4158.98 0.734422
4159.89 0.73757
4160.79 0.74051
4161.69 0.743236
4162.59 0.745738
4163.5 0.748008
4164.4 0.750037
4165.3 0.75182
4166.2 0.753344
4167.11 0.754607
4168.01 0.755597
4168.91 0.756311
4169.81 0.756742
4170.72 0.756881
4171.62 0.756725
4172.52 0.756269
4173.42 0.755506
4174.33 0.754434
4175.23 0.753049
4176.13 0.751347
4177.03 0.749324
4177.94 0.746976
4178.84 0.744306
4179.74 0.741308
4180.64 0.737984
4181.55 0.734331
4182.45 0.730351
4183.35 0.726043
4184.25 0.721408
4185.16 0.71645
4186.06 0.711169
4186.96 0.705567
4187.87 0.699648
4188.77 0.693414
4189.67 0.686873
4190.57 0.680027
4191.48 0.672881
4192.38 0.665442
4193.28 0.657715
4194.18 0.649708
4195.09 0.641426
4195.99 0.632879
4196.89 0.624073
4197.79 0.615019
4198.7 0.605723
4199.6 0.596196
4200.5 0.586446
4201.4 0.576486
4202.31 0.566323
4203.21 0.555971
4204.11 0.545439
4205.01 0.534741
4205.92 0.523885
4206.82 0.512888
4207.72 0.501758
4208.62 0.490507
4209.53 0.479151
4210.43 0.467702
4211.33 0.456172
4212.23 0.444575
4213.14 0.432926
4214.04 0.421236
4214.94 0.409516
4215.84 0.397786
4216.75 0.386056
4217.65 0.374339
4218.55 0.362649
4219.45 0.351001
4220.36 0.339408
4221.26 0.327883
4222.16 0.316438
4223.06 0.305088
4223.97 0.293846
4224.87 0.282724
4225.77 0.271733
4226.68 0.26089
4227.58 0.250201
4228.48 0.239683
4229.38 0.229347
4230.29 0.219203
4231.19 0.20926
4232.09 0.199532
4232.99 0.190028
4233.9 0.180758
4234.8 0.171731
4235.7 0.162958
4236.6 0.154445
4237.51 0.146203
4238.41 0.138238
4239.31 0.130558
4240.21 0.123171
4241.12 0.116082
4242.02 0.109298
4242.92 0.102824
4243.82 0.0966653
4244.73 0.0908267
4245.63 0.0853122
4246.53 0.0801252
4247.43 0.0752692
4248.34 0.0707465
4249.24 0.0665594
4250.14 0.0627093
4251.04 0.0591974
4251.95 0.0560247
4252.85 0.053191
4253.75 0.0506959
4254.65 0.0485386
4255.56 0.0467182
4256.46 0.0452327
4257.36 0.0440798
4258.26 0.0432571
4259.17 0.0427615
4260.07 0.0425896
4260.97 0.0427372
4261.87 0.0432005
4262.78 0.0439744
4263.68 0.0450543
4264.58 0.0464346
4265.49 0.0481098
4266.39 0.0500738
4267.29 0.0523201
4268.19 0.0548425
4269.1 0.057634
4270 0.0606872
4270.9 0.0639952
4271.8 0.0675504
4272.71 0.0713447
4273.61 0.0753705
4274.51 0.0796199
4275.41 0.0840845
4276.32 0.0887561
4277.22 0.0936261
4278.12 0.0986863
4279.02 0.103928
4279.93 0.109343
4280.83 0.114922
4281.73 0.120657
4282.63 0.12654
4283.54 0.132561
4284.44 0.138713
4285.34 0.144986
4286.24 0.151374
4287.15 0.157867
4288.05 0.164457
4288.95 0.171137
4289.85 0.177899
4290.76 0.184734
4291.66 0.191637
4292.56 0.198599
4293.46 0.205614
4294.37 0.212673
4295.27 0.219773
4296.17 0.226906
4297.07 0.234064
4297.98 0.241244
4298.88 0.248438
4299.78 0.255643
4300.68 0.262852
4301.59 0.270061
4302.49 0.277266
4303.39 0.284462
4304.29 0.291644
4305.2 0.298813
4306.1 0.305958
4307 0.313085
4307.91 0.320182
4308.81 0.327254
4309.71 0.334294
4310.61 0.341303
4311.52 0.348277
4312.42 0.355216
4313.32 0.362119
4314.22 0.368984
4315.13 0.375808
4316.03 0.382595
4316.93 0.389342
4317.83 0.39605
4318.74 0.402719
4319.64 0.409349
4320.54 0.41594
4321.44 0.422492
4322.35 0.429006
4323.25 0.435485
4324.15 0.441927
4325.05 0.448336
4325.96 0.454709
4326.86 0.46105
4327.76 0.467362
4328.66 0.473642
4329.57 0.479892
4330.47 0.486117
4331.37 0.492315
4332.27 0.498485
4333.18 0.504634
4334.08 0.510758
4334.98 0.51686
4335.88 0.522939
4336.79 0.529
4337.69 0.535039
4338.59 0.541059
4339.49 0.547058
4340.4 0.553038
4341.3 0.558999
4342.2 0.564939
4343.1 0.570858
4344.01 0.576754
4344.91 0.582628
4345.81 0.588478
4346.72 0.594301
4347.62 0.600098
4348.52 0.605863
4349.42 0.611596
4350.33 0.617291
4351.23 0.622948
4352.13 0.628562
4353.03 0.634131
4353.94 0.639648
4354.84 0.645109
4355.74 0.650511
4356.64 0.655847
4357.55 0.661111
4358.45 0.666297
4359.35 0.671401
4360.25 0.676414
4361.16 0.68133
4362.06 0.68614
4362.96 0.690838
4363.86 0.695416
4364.77 0.699865
4365.67 0.704177
4366.57 0.708341
4367.47 0.712351
4368.38 0.716194
4369.28 0.719862
4370.18 0.723347
4371.08 0.726634
4371.99 0.729717
4372.89 0.732583
4373.79 0.735222
4374.69 0.737621
4375.6 0.739771
4376.5 0.741661
4377.4 0.743276
4378.3 0.744608
4379.21 0.745645
4380.11 0.746374
4381.01 0.746783
4381.91 0.746861
4382.82 0.746598
4383.72 0.745981
4384.62 0.744997
4385.53 0.743637
4386.43 0.741889
4387.33 0.739741
4388.23 0.737182
4389.14 0.7342
4390.04 0.730788
4390.94 0.726934
4391.84 0.722626
4392.75 0.717858
4393.65 0.71262
4394.55 0.706897
4395.45 0.700689
4396.36 0.69398
4397.26 0.686769
4398.16 0.679043
4399.06 0.670799
4399.97 0.662027
4400.87 0.652726
4401.77 0.642886
4402.67 0.632505
4403.58 0.621577
4404.48 0.610101
4405.38 0.598071
4406.28 0.585488
4407.19 0.572347
4408.09 0.558649
4408.99 0.544391
4409.89 0.529578
4410.8 0.51421
4411.7 0.498286
4412.6 0.481812
4413.5 0.46479
4414.41 0.447221
4415.31 0.429116
4416.21 0.410477
4417.11 0.391312
4418.02 0.371627
4418.92 0.35143
4419.82 0.330732
4420.72 0.30954
4421.63 0.287864
4422.53 0.265719
4423.43 0.243115
4424.34 0.220064
4425.24 0.19658
4426.14 0.172678
4427.04 0.148373
4427.95 0.12368
4428.85 0.0986167
4429.75 0.0731991
4430.65 0.0474461
4431.56 0.0213761
4432.46 -0.00499158
4433.36 -0.0316371
4434.26 -0.0585395
4435.17 -0.0856775
4436.07 -0.11303
4436.97 -0.140573
4437.87 -0.168286
4438.78 -0.196143
4439.68 -0.224123
4440.58 -0.252197
4441.48 -0.280344
4442.39 -0.308539
4443.29 -0.336754
4444.19 -0.364963
4445.09 -0.393143
4446 -0.421263
4446.9 -0.449297
4447.8 -0.477221
4448.7 -0.505005
4449.61 -0.532623
4450.51 -0.560047
4451.41 -0.587249
4452.31 -0.614201
4453.22 -0.640875
4454.12 -0.667245
4455.02 -0.693281
4455.92 -0.718959
4456.83 -0.744249
4457.73 -0.769122
4458.63 -0.793556
4459.53 -0.81752
4460.44 -0.840989
4461.34 -0.863936
4462.24 -0.886336
4463.15 -0.908161
4464.05 -0.929392
4464.95 -0.949997
4465.85 -0.969956
4466.76 -0.989245
4467.66 -1.00784
4468.56 -1.02572
4469.46 -1.04286
4470.37 -1.05924
4471.27 -1.07484
4472.17 -1.08965
4473.07 -1.10363
4473.98 -1.11677
4474.88 -1.12906
4475.78 -1.14048
4476.68 -1.15101
4477.59 -1.16063
4478.49 -1.16934
4479.39 -1.17712
4480.29 -1.18395
4481.2 -1.18983
4482.1 -1.19475
4483 -1.19868
4483.9 -1.20164
4484.81 -1.2036
4485.71 -1.20456
4486.61 -1.20452
4487.51 -1.20347
4488.42 -1.20141
4489.32 -1.19833
4490.22 -1.19423
4491.12 -1.18912
4492.03 -1.183
4492.93 -1.17586
4493.83 -1.16771
4494.73 -1.15855
4495.64 -1.14839
4496.54 -1.13723
4497.44 -1.12508
4498.34 -1.11194
4499.25 -1.09784
4500.15 -1.08278
4501.05 -1.06676
4501.95 -1.0498
4502.86 -1.03192
4503.76 -1.01312
4504.66 -0.993433
4505.57 -0.972859
4506.47 -0.951424
4507.37 -0.929142
4508.27 -0.906033
4509.18 -0.882117
4510.08 -0.857413
4510.98 -0.831947
4511.88 -0.805735
4512.79 -0.778804
4513.69 -0.751178
4514.59 -0.72288
4515.49 -0.693936
4516.4 -0.664369
4517.3 -0.634211
4518.2 -0.603487
4519.1 -0.572222
4520.01 -0.540449
4520.91 -0.508194
4521.81 -0.475487
4522.71 -0.442358
4523.62 -0.408838
4524.52 -0.374957
4525.42 -0.340747
4526.32 -0.306239
4527.23 -0.271465
4528.13 -0.236457
4529.03 -0.201247
4529.93 -0.165869
4530.84 -0.130354
4531.74 -0.0947364
4532.64 -0.0590484
4533.54 -0.023323
4534.45 0.0124062
4535.35 0.0481066
4536.25 0.0837448
4537.15 0.119288
4538.06 0.154703
4538.96 0.189957
4539.86 0.225018
4540.76 0.259851
4541.67 0.294429
4542.57 0.328715
4543.47 0.362681
4544.38 0.396293
4545.28 0.429522
4546.18 0.462338
4547.08 0.494707
4547.99 0.526605
4548.89 0.557999
4549.79 0.588862
4550.69 0.619166
4551.6 0.648883
4552.5 0.677985
4553.4 0.706447
4554.3 0.734245
4555.21 0.761351
4556.11 0.787744
4557.01 0.813398
4557.91 0.838292
4558.82 0.862403
4559.72 0.885711
4560.62 0.908195
4561.52 0.929837
4562.43 0.950615
4563.33 0.970515
4564.23 0.989518
4565.13 1.00761
4566.04 1.02477
4566.94 1.04099
4567.84 1.05626
4568.74 1.07056
4569.65 1.08389
4570.55 1.09622
4571.45 1.10756
4572.35 1.11789
4573.26 1.12721
4574.16 1.13551
4575.06 1.14279
4575.96 1.14904
4576.87 1.15426
4577.77 1.15845
4578.67 1.1616
4579.57 1.16372
4580.48 1.16481
4581.38 1.16486
4582.28 1.16388
4583.19 1.16188
4584.09 1.15887
4584.99 1.15483
4585.89 1.14979
4586.8 1.14376
4587.7 1.13673
4588.6 1.12873
4589.5 1.11976
4590.41 1.10982
4591.31 1.09895
4592.21 1.08715
4593.11 1.07443
4594.02 1.06081
4594.92 1.04631
4595.82 1.03093
4596.72 1.01472
4597.63 0.997666
4598.53 0.979806
4599.43 0.961155
4600.33 0.941734
4601.24 0.921566
4602.14 0.900674
4603.04 0.879078
4603.94 0.856803
4604.85 0.833875
4605.75 0.810318
4606.65 0.786154
4607.55 0.761415
4608.46 0.736122
4609.36 0.710305
4610.26 0.683992
4611.16 0.657209
4612.07 0.629984
4612.97 0.602345
4613.87 0.574321
4614.77 0.545943
4615.68 0.51724
4616.58 0.488241
4617.48 0.458974
4618.38 0.429471
4619.29 0.39976
4620.19 0.369873
4621.09 0.339839
4622 0.30969
4622.9 0.279453
4623.8 0.24916
4624.7 0.218839
4625.61 0.188522
4626.51 0.158239
4627.41 0.128017
4628.31 0.0978875
4629.22 0.0678785
4630.12 0.0380188
4631.02 0.0083367
4631.92 -0.0211396
4632.83 -0.0503823
4633.73 -0.0793644
4634.63 -0.108059
4635.53 -0.13644
4636.44 -0.164481
4637.34 -0.192157
4638.24 -0.219443
4639.14 -0.246318
4640.05 -0.272753
4640.95 -0.298728
4641.85 -0.324222
4642.75 -0.349211
4643.66 -0.373676
4644.56 -0.397596
4645.46 -0.420951
4646.36 -0.443724
4647.27 -0.465898
4648.17 -0.487454
4649.07 -0.508376
4649.97 -0.528649
4650.88 -0.54826
4651.78 -0.567193
4652.68 -0.585437
4653.58 -0.602982
4654.49 -0.619814
4655.39 -0.635926
4656.29 -0.651305
4657.19 -0.665949
4658.1 -0.679845
4659 -0.69299
4659.9 -0.705377
4660.81 -0.717005
4661.71 -0.727867
4662.61 -0.737965
4663.51 -0.747292
4664.42 -0.755853
4665.32 -0.763647
4666.22 -0.770672
4667.12 -0.776935
4668.03 -0.782436
4668.93 -0.787181
4669.83 -0.791176
4670.73 -0.794423
4671.64 -0.796934
4672.54 -0.798712
4673.44 -0.79977
4674.34 -0.800114
4675.25 -0.799755
4676.15 -0.798706
4677.05 -0.796974
4677.95 -0.794578
4678.86 -0.791524
4679.76 -0.787831
4680.66 -0.783513
4681.56 -0.778582
4682.47 -0.773056
4683.37 -0.766951
4684.27 -0.760285
4685.17 -0.753074
4686.08 -0.745337
4686.98 -0.737091
4687.88 -0.728355
4688.78 -0.719149
4689.69 -0.709492
4690.59 -0.699405
4691.49 -0.688906
4692.39 -0.678019
4693.3 -0.666762
4694.2 -0.655156
4695.1 -0.643223
4696 -0.630984
4696.91 -0.61846
4697.81 -0.605673
4698.71 -0.592644
4699.61 -0.579396
4700.52 -0.565947
4701.42 -0.55232
4702.32 -0.538538
4703.23 -0.52462
4704.13 -0.510586
4705.03 -0.49646
4705.93 -0.482259
4706.84 -0.468006
4707.74 -0.453719
4708.64 -0.439417
4709.54 -0.425121
4710.45 -0.410849
4711.35 -0.396618
4712.25 -0.382449
4713.15 -0.368357
4714.06 -0.354359
4714.96 -0.340473
4715.86 -0.326713
4716.76 -0.313096
4717.67 -0.299634
4718.57 -0.286346
4719.47 -0.273241
4720.37 -0.260333
4721.28 -0.247633
4722.18 -0.235156
4723.08 -0.222911
4723.98 -0.210907
4724.89 -0.199154
4725.79 -0.187661
4726.69 -0.176436
4727.59 -0.165486
4728.5 -0.154818
4729.4 -0.144436
4730.3 -0.134346
4731.2 -0.124553
4732.11 -0.115059
4733.01 -0.105868
4733.91 -0.0969804
4734.81 -0.0883981
4735.72 -0.0801219
4736.62 -0.0721512
4737.52 -0.0644847
4738.42 -0.0571211
4739.33 -0.0500575
4740.23 -0.0432911
4741.13 -0.0368179
4742.04 -0.0306334
4742.94 -0.0247325
4743.84 -0.0191094
4744.74 -0.0137577
4745.65 -0.00867046
4746.55 -0.00384004
4747.45 0.000741656
4748.35 0.00508329
4749.26 0.00919402
4750.16 0.0130835
4751.06 0.0167619
4751.96 0.0202397
4752.87 0.0235278
4753.77 0.0266378
4754.67 0.029581
4755.57 0.0323698
4756.48 0.0350165
4757.38 0.0375333
4758.28 0.0399336
4759.18 0.04223
4760.09 0.0444358
4760.99 0.0465647
4761.89 0.0486299
4762.79 0.050645
4763.7 0.0526238
4764.6 0.05458
4765.5 0.0565271
4766.4 0.0584791
4767.31 0.060449
4768.21 0.062451
4769.11 0.064498
4770.01 0.0666035
4770.92 0.0687806
4771.82 0.0710419
4772.72 0.0734004
4773.62 0.075868
4774.53 0.0784573
4775.43 0.0811798
4776.33 0.0840471
4777.23 0.0870701
4778.14 0.0902597
4779.04 0.0936263
4779.94 0.0971797
4780.85 0.100929
4781.75 0.104884
4782.65 0.109052
4783.55 0.113443
4784.46 0.118062
4785.36 0.122918
4786.26 0.128016
4787.16 0.133362
4788.07 0.138963
4788.97 0.144822
4789.87 0.150944
4790.77 0.157331
4791.68 0.163988
4792.58 0.170916
4793.48 0.178118
4794.38 0.185594
4795.29 0.193344
4796.19 0.201369
4797.09 0.209667
4797.99 0.218238
4798.9 0.227079
4799.8 0.236188
4800.7 0.245562
4801.6 0.255197
4802.51 0.265088
4803.41 0.27523
4804.31 0.285619
4805.21 0.296247
4806.12 0.307107
4807.02 0.318193
4807.92 0.329499
4808.82 0.341013
4809.73 0.352728
4810.63 0.364636
4811.53 0.376725
4812.43 0.388985
4813.34 0.401408
4814.24 0.41398
4815.14 0.426692
4816.04 0.439533
4816.95 0.452485
4817.85 0.465544
4818.75 0.478691
4819.66 0.491916
4820.56 0.505202
4821.46 0.518541
4822.36 0.531916
4823.27 0.545312
4824.17 0.558719
4825.07 0.572119
4825.97 0.585498
4826.88 0.598844
4827.78 0.61214
4828.68 0.625372
4829.58 0.638527
4830.49 0.65159
4831.39 0.664542
4832.29 0.677375
4833.19 0.690072
4834.1 0.702617
4835 0.714995
4835.9 0.727196
4836.8 0.739203
4837.71 0.751002
4838.61 0.762582
4839.51 0.773928
4840.41 0.785025
4841.32 0.795862
4842.22 0.806424
4843.12 0.816703
4844.02 0.826683
4844.93 0.836354
4845.83 0.845702
4846.73 0.854721
4847.63 0.863393
4848.54 0.871715
4849.44 0.879672
4850.34 0.887254
4851.24 0.894457
4852.15 0.901267
4853.05 0.907678
4853.95 0.913679
4854.85 0.919266
4855.76 0.924431
4856.66 0.929168
4857.56 0.933467
4858.47 0.937327
4859.37 0.940739
4860.27 0.943702
4861.17 0.946209
4862.08 0.948255
4862.98 0.949838
4863.88 0.950955
4864.78 0.951604
4865.69 0.951783
4866.59 0.951488
4867.49 0.950721
4868.39 0.949479
4869.3 0.947765
4870.2 0.945575
4871.1 0.94291
4872 0.939777
4872.91 0.93617
4873.81 0.932094
4874.71 0.927552
4875.61 0.922546
4876.52 0.917081
4877.42 0.911156
4878.32 0.904779
4879.22 0.897954
4880.13 0.890684
4881.03 0.882974
4881.93 0.874832
4882.83 0.866261
4883.74 0.857265
4884.64 0.847856
4885.54 0.838037
4886.44 0.827817
4887.35 0.817199
4888.25 0.806196
4889.15 0.794812
4890.05 0.783057
4890.96 0.770936
4891.86 0.758461
4892.76 0.745639
4893.66 0.732481
4894.57 0.718992
4895.47 0.705187
4896.37 0.691068
4897.27 0.67665
4898.18 0.661943
4899.08 0.646955
4899.98 0.631694
4900.89 0.616176
4901.79 0.600404
4902.69 0.584394
4903.59 0.568155
4904.5 0.551698
4905.4 0.535031
4906.3 0.518167
4907.2 0.501116
4908.11 0.483889
4909.01 0.466498
4909.91 0.448951
4910.81 0.431262
4911.72 0.41344
4912.62 0.395495
4913.52 0.377441
4914.42 0.359287
4915.33 0.341045
4916.23 0.322722
4917.13 0.304334
4918.03 0.285889
4918.94 0.2674
4919.84 0.248875
4920.74 0.230324
4921.64 0.211761
4922.55 0.193194
4923.45 0.174635
4924.35 0.156093
4925.25 0.137578
4926.16 0.119101
4927.06 0.100672
4927.96 0.0823008
4928.86 0.0639969
4929.77 0.0457703
4930.67 0.0276303
4931.57 0.00958637
4932.47 -0.0083522
4933.38 -0.0261762
4934.28 -0.043877
4935.18 -0.0614457
4936.08 -0.0788733
4936.99 -0.096152
4937.89 -0.113273
4938.79 -0.130228
4939.7 -0.14701
4940.6 -0.163611
4941.5 -0.180023
4942.4 -0.19624
4943.31 -0.212253
4944.21 -0.228057
4945.11 -0.243642
4946.01 -0.259007
4946.92 -0.274143
4947.82 -0.289042
4948.72 -0.303703
4949.62 -0.318117
4950.53 -0.33228
4951.43 -0.346185
4952.33 -0.35983
4953.23 -0.373211
4954.14 -0.386322
4955.04 -0.399161
4955.94 -0.411723
4956.84 -0.424006
4957.75 -0.436004
4958.65 -0.447719
4959.55 -0.459145
4960.45 -0.470282
4961.36 -0.481125
4962.26 -0.491677
4963.16 -0.501935
4964.06 -0.511896
4964.97 -0.521563
4965.87 -0.530932
4966.77 -0.540006
4967.67 -0.548784
4968.58 -0.557266
4969.48 -0.565453
4970.38 -0.573348
4971.28 -0.580952
4972.19 -0.588264
4973.09 -0.595288
4973.99 -0.602028
4974.89 -0.608483
4975.8 -0.61466
4976.7 -0.620557
4977.6 -0.626183
4978.51 -0.631536
4979.41 -0.636625
4980.31 -0.64145
4981.21 -0.646017
4982.12 -0.650333
4983.02 -0.654398
4983.92 -0.65822
4984.82 -0.661801
4985.73 -0.66515
4986.63 -0.668271
4987.53 -0.671171
4988.43 -0.67385
4989.34 -0.676321
4990.24 -0.678585
4991.14 -0.68065
4992.04 -0.682523
4992.95 -0.684206
4993.85 -0.685709
4994.75 -0.687039
4995.65 -0.688199
4996.56 -0.689195
4997.46 -0.690036
4998.36 -0.690726
4999.26 -0.691273
5000.17 -0.691681
5001.07 -0.691957
5001.97 -0.692107
5002.87 -0.692135
5003.78 -0.692048
5004.68 -0.691852
5005.58 -0.69155
5006.48 -0.691149
5007.39 -0.690652
5008.29 -0.690067
5009.19 -0.689396
5010.09 -0.688642
5011 -0.68781
5011.9 -0.686904
5012.8 -0.685929
5013.7 -0.684883
5014.61 -0.683773
5015.51 -0.682601
5016.41 -0.681368
5017.32 -0.680075
5018.22 -0.678724
5019.12 -0.677315
5020.02 -0.675852
5020.93 -0.674332
5021.83 -0.672756
5022.73 -0.671122
5023.63 -0.669433
5024.54 -0.667682
5025.44 -0.665873
5026.34 -0.664
5027.24 -0.662059
5028.15 -0.660053
5029.05 -0.657975
5029.95 -0.655821
5030.85 -0.653589
5031.76 -0.651273
5032.66 -0.648868
5033.56 -0.64637
5034.46 -0.643775
5035.37 -0.641072
5036.27 -0.638261
5037.17 -0.635332
5038.07 -0.632281
5038.98 -0.629099
5039.88 -0.625779
5040.78 -0.622314
5041.68 -0.618697
5042.59 -0.614919
5043.49 -0.610975
5044.39 -0.606853
5045.29 -0.602547
5046.2 -0.59805
5047.1 -0.593351
5048 -0.588444
5048.9 -0.583317
5049.81 -0.577966
5050.71 -0.572381
5051.61 -0.566553
5052.51 -0.560476
5053.42 -0.554139
5054.32 -0.547536
5055.22 -0.54066
5056.13 -0.533504
5057.03 -0.526058
5057.93 -0.518319
5058.83 -0.510278
5059.74 -0.501931
5060.64 -0.493271
5061.54 -0.484291
5062.44 -0.474989
5063.35 -0.46536
5064.25 -0.455399
5065.15 -0.445105
5066.05 -0.434475
5066.96 -0.423503
5067.86 -0.412194
5068.76 -0.40054
5069.66 -0.388546
5070.57 -0.376212
5071.47 -0.363538
5072.37 -0.350526
5073.27 -0.337179
5074.18 -0.323499
5075.08 -0.309495
5075.98 -0.295168
5076.88 -0.280526
5077.79 -0.265574
5078.69 -0.250321
5079.59 -0.234776
5080.49 -0.218947
5081.4 -0.202844
5082.3 -0.18648
5083.2 -0.169865
5084.1 -0.153014
5085.01 -0.135938
5085.91 -0.118654
5086.81 -0.101176
5087.71 -0.0835199
5088.62 -0.0657035
5089.52 -0.0477445
5090.42 -0.0296614
5091.32 -0.0114735
5092.23 0.00679908
5093.13 0.0251354
5094.03 0.0435141
5094.94 0.061913
5095.84 0.080309
5096.74 0.098679
5097.64 0.116999
5098.55 0.135244
5099.45 0.15339
5100.35 0.17141
5101.25 0.18928
5102.16 0.206972
5103.06 0.22446
5103.96 0.241719
5104.86 0.258719
5105.77 0.275433
5106.67 0.291836
5107.57 0.307899
5108.47 0.323595
5109.38 0.338895
5110.28 0.353774
5111.18 0.368202
5112.08 0.382156
5112.99 0.395605
5113.89 0.408526
5114.79 0.420889
5115.69 0.432672
5116.6 0.443849
5117.5 0.454392
5118.4 0.464281
5119.3 0.473492
5120.21 0.482002
5121.11 0.489787
5122.01 0.496827
5122.91 0.503103
5123.82 0.508595
5124.72 0.513283
5125.62 0.517154
5126.52 0.520186
5127.43 0.522367
5128.33 0.523685
5129.23 0.524122
5130.13 0.52367
5131.04 0.522321
5131.94 0.520059
5132.84 0.516883
5133.74 0.512785
5134.65 0.507759
5135.55 0.501804
5136.45 0.494914
5137.36 0.487093
5138.26 0.47834
5139.16 0.468658
5140.06 0.458052
5140.97 0.446526
5141.87 0.434091
5142.77 0.420752
5143.67 0.40652
5144.58 0.391409
5145.48 0.37543
5146.38 0.358601
5147.28 0.340937
5148.19 0.322456
5149.09 0.303179
5149.99 0.283125
5150.89 0.262318
5151.8 0.240781
5152.7 0.218542
5153.6 0.195624
5154.5 0.172057
5155.41 0.147871
5156.31 0.123094
5157.21 0.09776
5158.11 0.0719007
5159.02 0.0455503
5159.92 0.0187437
5160.82 -0.00848333
5161.72 -0.0360941
5162.63 -0.0640506
5163.53 -0.092315
5164.43 -0.120848
5165.33 -0.149609
5166.24 -0.17856
5167.14 -0.207658
5168.04 -0.236862
5168.94 -0.266131
5169.85 -0.295423
5170.75 -0.324697
5171.65 -0.353909
5172.55 -0.383017
5173.46 -0.41198
5174.36 -0.440755
5175.26 -0.469302
5176.17 -0.497577
5177.07 -0.525539
5177.97 -0.553148
5178.87 -0.580365
5179.78 -0.607146
5180.68 -0.633455
5181.58 -0.659255
5182.48 -0.684505
5183.39 -0.709171
5184.29 -0.733216
5185.19 -0.756604
5186.09 -0.779306
5187 -0.801284
5187.9 -0.82251
5188.8 -0.842953
5189.7 -0.862584
5190.61 -0.881378
5191.51 -0.899307
5192.41 -0.916348
5193.31 -0.932477
5194.22 -0.947672
5195.12 -0.961915
5196.02 -0.975188
5196.92 -0.987476
5197.83 -0.99876
5198.73 -1.00903
5199.63 -1.01828
5200.53 -1.02649
5201.44 -1.03367
5202.34 -1.03979
5203.24 -1.04487
5204.14 -1.04889
5205.05 -1.05187
5205.95 -1.05379
5206.85 -1.05466
5207.75 -1.05449
5208.66 -1.05329
5209.56 -1.05107
5210.46 -1.04783
5211.36 -1.04358
5212.27 -1.03836
5213.17 -1.03215
5214.07 -1.025
5214.98 -1.01691
5215.88 -1.00791
5216.78 -0.998013
5217.68 -0.98725
5218.59 -0.975644
5219.49 -0.963222
5220.39 -0.950012
5221.29 -0.936041
5222.2 -0.921342
5223.1 -0.905944
5224 -0.889879
5224.9 -0.873185
5225.81 -0.855888
5226.71 -0.83803
5227.61 -0.819645
5228.51 -0.800769
5229.42 -0.781439
5230.32 -0.761691
5231.22 -0.741568
5232.12 -0.721102
5233.03 -0.700336
5233.93 -0.679307
5234.83 -0.658055
5235.73 -0.636618
5236.64 -0.615038
5237.54 -0.593349
5238.44 -0.571595
5239.34 -0.549812
5240.25 -0.528037
5241.15 -0.506308
5242.05 -0.484664
5242.95 -0.463143
5243.86 -0.441777
5244.76 -0.420602
5245.66 -0.399655
5246.56 -0.37897
5247.47 -0.358576
5248.37 -0.338509
5249.27 -0.318797
5250.17 -0.299469
5251.08 -0.280558
5251.98 -0.262089
5252.88 -0.244088
5253.79 -0.226578
5254.69 -0.209589
5255.59 -0.193137
5256.49 -0.177246
5257.4 -0.161935
5258.3 -0.147222
5259.2 -0.133125
5260.1 -0.119657
5261.01 -0.106834
5261.91 -0.0946671
5262.81 -0.0831675
5263.71 -0.0723439
5264.62 -0.062205
5265.52 -0.0527564
5266.42 -0.0440029
5267.32 -0.0359479
5268.23 -0.0285932
5269.13 -0.0219391
5270.03 -0.0159841
5270.93 -0.0107261
5271.84 -0.00616079
5272.74 -0.00228293
5273.64 0.000914251
5274.54 0.00343877
5275.45 0.00529992
5276.35 0.00650829
5277.25 0.00707558
5278.15 0.0070147
5279.06 0.00633966
5279.96 0.00506551
5280.86 0.00320833
5281.76 0.000785124
5282.67 -0.00218616
5283.57 -0.00568677
5284.47 -0.00969711
5285.37 -0.0141969
5286.28 -0.0191652
5287.18 -0.0245803
5288.08 -0.0304201
5288.98 -0.0366621
5289.89 -0.0432833
5290.79 -0.0502598
5291.69 -0.0575681
5292.6 -0.0651845
5293.5 -0.0730843
5294.4 -0.0812433
5295.3 -0.0896377
5296.21 -0.0982423
5297.11 -0.107033
5298.01 -0.115986
5298.91 -0.125076
5299.82 -0.134281
5300.72 -0.143576
5301.62 -0.152938
5302.52 -0.162345
5303.43 -0.171774
5304.33 -0.181202
5305.23 -0.190609
5306.13 -0.199973
5307.04 -0.209274
5307.94 -0.218493
5308.84 -0.227609
5309.74 -0.236607
5310.65 -0.245467
5311.55 -0.254171
5312.45 -0.262706
5313.35 -0.271055
5314.26 -0.279204
5315.16 -0.28714
5316.06 -0.294849
5316.96 -0.30232
5317.87 -0.309542
5318.77 -0.316504
5319.67 -0.323198
5320.57 -0.329615
5321.48 -0.335747
5322.38 -0.34159
5323.28 -0.347135
5324.18 -0.35238
5325.09 -0.357319
5325.99 -0.36195
5326.89 -0.36627
5327.79 -0.370276
5328.7 -0.373971
5329.6 -0.377354
5330.5 -0.380424
5331.4 -0.383182
5332.31 -0.385634
5333.21 -0.387779
5334.11 -0.38962
5335.02 -0.391166
5335.92 -0.392416
5336.82 -0.393377
5337.72 -0.394055
5338.63 -0.394456
5339.53 -0.394585
5340.43 -0.39445
5341.33 -0.394057
5342.24 -0.393415
5343.14 -0.392528
5344.04 -0.391407
5344.94 -0.39006
5345.85 -0.388491
5346.75 -0.386713
5347.65 -0.38473
5348.55 -0.382551
5349.46 -0.380186
5350.36 -0.377641
5351.26 -0.374926
5352.16 -0.372046
5353.07 -0.369007
5353.97 -0.36582
5354.87 -0.362493
5355.77 -0.359027
5356.68 -0.355431
5357.58 -0.351713
5358.48 -0.347878
5359.38 -0.343929
5360.29 -0.339873
5361.19 -0.335713
5362.09 -0.331452
5362.99 -0.327098
5363.9 -0.322648
5364.8 -0.318109
5365.7 -0.31348
5366.6 -0.308765
5367.51 -0.303963
5368.41 -0.299077
5369.31 -0.294102
5370.21 -0.289042
5371.12 -0.283894
5372.02 -0.278655
5372.92 -0.273325
5373.83 -0.267901
5374.73 -0.262379
5375.63 -0.256756
5376.53 -0.251027
5377.44 -0.245188
5378.34 -0.239233
5379.24 -0.233158
5380.14 -0.226956
5381.05 -0.220622
5381.95 -0.214147
5382.85 -0.207528
5383.75 -0.200755
5384.66 -0.193821
5385.56 -0.186719
5386.46 -0.17944
5387.36 -0.171977
5388.27 -0.164321
5389.17 -0.156464
5390.07 -0.148399
5390.97 -0.140115
5391.88 -0.131606
5392.78 -0.122862
5393.68 -0.113876
5394.58 -0.104638
5395.49 -0.0951418
5396.39 -0.0853781
5397.29 -0.0753399
5398.19 -0.0650194
5399.1 -0.0544094
5400 -0.0435029
