0.000000000000000000e+00 -2.758841728791594505e-03
1.617644882202148438e+01 -2.758842427283525467e-03
3.235289764404296875e+01 -2.758844755589962006e-03
4.529405593872070312e+01 -2.758848015218973160e-03
6.147050094604492188e+01 -2.758854767307639122e-03
7.764694976806640625e+01 -2.758864546194672585e-03
9.058811187744140625e+01 -2.758875489234924316e-03
1.067645568847656250e+02 -2.758893882855772972e-03
1.229410018920898438e+02 -2.758918795734643936e-03
1.358821563720703125e+02 -2.758944407105445862e-03
1.520586090087890625e+02 -2.758985152468085289e-03
1.682350616455078125e+02 -2.759037073701620102e-03
1.811762084960937500e+02 -2.759087830781936646e-03
1.973526611328125000e+02 -2.759164432063698769e-03
2.102938232421875000e+02 -2.759237540885806084e-03
2.264702606201171875e+02 -2.759345574304461479e-03
2.426467132568359375e+02 -2.759473631158471107e-03
2.555878753662109375e+02 -2.759591676294803619e-03
2.717643127441406250e+02 -2.759760478511452675e-03
2.879407653808593750e+02 -2.759954426437616348e-03
3.008819274902343750e+02 -2.760128350928425789e-03
3.170583801269531250e+02 -2.760370494797825813e-03
3.332348022460937500e+02 -2.760640578344464302e-03
3.461759643554687500e+02 -2.760877367109060287e-03
3.623524169921875000e+02 -2.761199371889233589e-03
3.752935791015625000e+02 -2.761477371677756310e-03
3.914700317382812500e+02 -2.761850133538246155e-03
4.076464538574218750e+02 -2.762249903753399849e-03
4.205876159667968750e+02 -2.762588439509272575e-03
4.367640686035156250e+02 -2.763033146038651466e-03
4.529405212402343750e+02 -2.763500204309821129e-03
4.658816833496093750e+02 -2.763888565823435783e-03
4.820581359863281250e+02 -2.764390781521797180e-03
4.982345581054687500e+02 -2.764909295365214348e-03
5.111757202148437500e+02 -2.765334676951169968e-03
5.273521728515625000e+02 -2.765878802165389061e-03
5.402933349609375000e+02 -2.766323275864124298e-03
5.564697875976562500e+02 -2.766890218481421471e-03
5.726462402343750000e+02 -2.767470898106694221e-03
5.855874023437500000e+02 -2.767946803942322731e-03
6.017638549804687500e+02 -2.768558217212557793e-03
6.179402465820312500e+02 -2.769193146377801895e-03
6.308814086914062500e+02 -2.769722137600183487e-03
6.470578613281250000e+02 -2.770416904240846634e-03
6.632343139648437500e+02 -2.771158004179596901e-03
6.761754760742187500e+02 -2.771792234852910042e-03
6.923519287109375000e+02 -2.772648120298981667e-03
7.052930908203125000e+02 -2.773393178358674049e-03
7.214695434570312500e+02 -2.774414373561739922e-03
7.376459960937500000e+02 -2.775552915409207344e-03
7.505871582031250000e+02 -2.776562469080090523e-03
7.667636108398437500e+02 -2.777965972200036049e-03
7.829400024414062500e+02 -2.779548987746238708e-03
7.958811645507812500e+02 -2.780961804091930389e-03
8.120576171875000000e+02 -2.782932016998529434e-03
8.282340698242187500e+02 -2.785155083984136581e-03
8.411752319335937500e+02 -2.787133911624550819e-03
8.573516845703125000e+02 -2.789881778880953789e-03
8.702928466796875000e+02 -2.792317187413573265e-03
8.864692993164062500e+02 -2.795681823045015335e-03
9.026457519531250000e+02 -2.799427369609475136e-03
9.155869140625000000e+02 -2.802715869620442390e-03
9.317633666992187500e+02 -2.807211596518754959e-03
9.479398193359375000e+02 -2.812155289575457573e-03
9.608809204101562500e+02 -2.816444495692849159e-03
9.770573730468750000e+02 -2.822234993800520897e-03
9.932338256835937500e+02 -2.828509313985705376e-03
1.006174987792968750e+03 -2.833878155797719955e-03
1.022351440429687500e+03 -2.841020934283733368e-03
1.035292602539062500e+03 -2.847072202712297440e-03
1.051468994140625000e+03 -2.855038968846201897e-03
1.067645507812500000e+03 -2.863424364477396011e-03
1.080586669921875000e+03 -2.870407188311219215e-03
1.096763061523437500e+03 -2.879438688978552818e-03
1.112939575195312500e+03 -2.888753311708569527e-03
1.125880737304687500e+03 -2.896366640925407410e-03
1.142057128906250000e+03 -2.906027482822537422e-03
1.158233642578125000e+03 -2.915780991315841675e-03
1.171174804687500000e+03 -2.923600841313600540e-03
1.187351196289062500e+03 -2.933336421847343445e-03
1.200292358398437500e+03 -2.941050101071596146e-03
1.216468750000000000e+03 -2.950546098873019218e-03
1.232645263671875000e+03 -2.959829056635499001e-03
1.245586425781250000e+03 -2.967072185128927231e-03
1.261762817382812500e+03 -2.975870622321963310e-03
1.277939331054687500e+03 -2.984369173645973206e-03
1.290880493164062500e+03 -2.990949200466275215e-03
1.307056884765625000e+03 -2.998909913003444672e-03
1.323233398437500000e+03 -3.006599377840757370e-03
1.336174560546875000e+03 -3.012579632923007011e-03
1.352350952148437500e+03 -3.019878407940268517e-03
1.365292114257812500e+03 -3.025609534233808517e-03
1.381468505859375000e+03 -3.032685257494449615e-03
1.397645019531250000e+03 -3.039717674255371094e-03
1.410586181640625000e+03 -3.045349381864070892e-03
1.426762573242187500e+03 -3.052439773455262184e-03
1.442939086914062500e+03 -3.059626789763569832e-03
1.455880249023437500e+03 -3.065469209104776382e-03
1.472056640625000000e+03 -3.072907449677586555e-03
1.488233154296875000e+03 -3.080507274717092514e-03
1.501174316406250000e+03 -3.086703829467296600e-03
1.517350708007812500e+03 -3.094587242230772972e-03
1.530291870117187500e+03 -3.100992646068334579e-03
1.546468261718750000e+03 -3.109101438894867897e-03
1.562644775390625000e+03 -3.117295913398265839e-03
1.575585937500000000e+03 -3.123891307041049004e-03
1.591762329101562500e+03 -3.132159356027841568e-03
1.607938842773437500e+03 -3.140426706522703171e-03
1.620880004882812500e+03 -3.147023962810635567e-03
1.637056396484375000e+03 -3.155234968289732933e-03
1.653232910156250000e+03 -3.163397312164306641e-03
1.666174072265625000e+03 -3.169890027493238449e-03
1.682350463867187500e+03 -3.177963662892580032e-03
1.695291625976562500e+03 -3.184395143762230873e-03
1.711468017578125000e+03 -3.192413831129670143e-03
1.727644531250000000e+03 -3.200427396222949028e-03
1.740585693359375000e+03 -3.206848166882991791e-03
1.756762084960937500e+03 -3.214903874322772026e-03
1.772938598632812500e+03 -3.223008941859006882e-03
1.785879760742187500e+03 -3.229538677260279655e-03
1.802056152343750000e+03 -3.237765515223145485e-03
1.818232666015625000e+03 -3.246068255975842476e-03
1.831173828125000000e+03 -3.252763766795396805e-03
1.847350219726562500e+03 -3.261194098740816116e-03
1.860291381835937500e+03 -3.267979715019464493e-03
1.876467773437500000e+03 -3.276501083746552467e-03
1.892644287109375000e+03 -3.285050159320235252e-03
1.905585449218750000e+03 -3.291897010058164597e-03
1.921761840820312500e+03 -3.300450509414076805e-03
1.937938354492187500e+03 -3.308984450995922089e-03
1.950879516601562500e+03 -3.315789392217993736e-03
1.967055908203125000e+03 -3.324260469526052475e-03
1.983232421875000000e+03 -3.332689171656966209e-03
1.996173583984375000e+03 -3.339401911944150925e-03
2.012349975585937500e+03 -3.347758436575531960e-03
2.025291137695312500e+03 -3.354421118274331093e-03
2.041467529296875000e+03 -3.362729214131832123e-03
2.057644042968750000e+03 -3.371025668457150459e-03
2.070585205078125000e+03 -3.377662040293216705e-03
2.086761718750000000e+03 -3.385965479537844658e-03
2.102937988281250000e+03 -3.394286148250102997e-03
2.115879150390625000e+03 -3.400959540158510208e-03
2.132055664062500000e+03 -3.409325145184993744e-03
2.148232177734375000e+03 -3.417718689888715744e-03
2.161173339843750000e+03 -3.424451919272542000e-03
2.177349853515625000e+03 -3.432888537645339966e-03
2.190291015625000000e+03 -3.439650638028979301e-03
2.206467285156250000e+03 -3.448113566264510155e-03
2.222643798828125000e+03 -3.456582548096776009e-03
2.235584960937500000e+03 -3.463358385488390923e-03
2.251761474609375000e+03 -3.471825737506151199e-03
2.267937744140625000e+03 -3.480288665741682053e-03
2.280878906250000000e+03 -3.487055655568838120e-03
2.297055419921875000e+03 -3.495512064546346664e-03
2.313231933593750000e+03 -3.503968939185142517e-03
2.326173095703125000e+03 -3.510737791657447815e-03
2.342349609375000000e+03 -3.519207006320357323e-03
2.355290771484375000e+03 -3.525990759953856468e-03
2.371467041015625000e+03 -3.534483490511775017e-03
2.387643554687500000e+03 -3.542990423738956451e-03
2.400584716796875000e+03 -3.549804212525486946e-03
2.416761230468750000e+03 -3.558326279744505882e-03
2.432937500000000000e+03 -3.566845320165157318e-03
2.445878662109375000e+03 -3.573649562895298004e-03
2.462055175781250000e+03 -3.582129487767815590e-03
2.478231689453125000e+03 -3.590565407648682594e-03
2.491172851562500000e+03 -3.597271861508488655e-03
2.507349365234375000e+03 -3.605589037761092186e-03
2.520290527343750000e+03 -3.612181870266795158e-03
2.536466796875000000e+03 -3.620338859036564827e-03
2.552643310546875000e+03 -3.628397593274712563e-03
2.565584472656250000e+03 -3.634774126112461090e-03
2.581760986328125000e+03 -3.642661031335592270e-03
2.597937255859375000e+03 -3.650465514510869980e-03
2.610878417968750000e+03 -3.656660672277212143e-03
2.627054931640625000e+03 -3.664361080154776573e-03
2.643231445312500000e+03 -3.672034479677677155e-03
2.656172607421875000e+03 -3.678170265629887581e-03
2.672349121093750000e+03 -3.685856703668832779e-03
2.685290283203125000e+03 -3.692033002153038979e-03
2.701466552734375000e+03 -3.699803259223699570e-03
2.717643066406250000e+03 -3.707642201334238052e-03
2.730584228515625000e+03 -3.713968908414244652e-03
2.746760742187500000e+03 -3.721948480233550072e-03
2.762937011718750000e+03 -3.730003722012042999e-03
2.775878173828125000e+03 -3.736496204510331154e-03
2.792054687500000000e+03 -3.744659945368766785e-03
2.808231201171875000e+03 -3.752860939130187035e-03
2.821172363281250000e+03 -3.759435378015041351e-03
2.837348876953125000e+03 -3.767653135582804680e-03
2.850290039062500000e+03 -3.774215700104832649e-03
2.866466308593750000e+03 -3.782391780987381935e-03
2.882642822265625000e+03 -3.790527582168579102e-03
2.895583984375000000e+03 -3.797003766521811485e-03
2.911760498046875000e+03 -3.805059473961591721e-03
2.927936767578125000e+03 -3.813079325482249260e-03
2.940877929687500000e+03 -3.819478675723075867e-03
2.957054443359375000e+03 -3.827473847195506096e-03
2.973230957031250000e+03 -3.835487412288784981e-03
2.986172119140625000e+03 -3.841929137706756592e-03
3.002348632812500000e+03 -3.850043285638093948e-03
3.015289794921875000e+03 -3.856601193547248840e-03
3.031466064453125000e+03 -3.864902071654796600e-03
3.047642578125000000e+03 -3.873336594551801682e-03
3.060583740234375000e+03 -3.880190895870327950e-03
3.076760253906250000e+03 -3.888898994773626328e-03
3.092936523437500000e+03 -3.897765185683965683e-03
3.105877685546875000e+03 -3.904968732967972755e-03
3.122054199218750000e+03 -3.914103377610445023e-03
3.138230712890625000e+03 -3.923368640244007111e-03
3.151171875000000000e+03 -3.930862527340650558e-03
3.167348388671875000e+03 -3.940315451472997665e-03
3.180289550781250000e+03 -3.947933204472064972e-03
3.196465820312500000e+03 -3.957509994506835938e-03
3.212642333984375000e+03 -3.967132419347763062e-03
3.225583496093750000e+03 -3.974855877459049225e-03
3.241760009765625000e+03 -3.984537441283464432e-03
3.257936279296875000e+03 -3.994249273091554642e-03
3.270877441406250000e+03 -4.002044443041086197e-03
3.287053955078125000e+03 -4.011829383671283722e-03
3.303230468750000000e+03 -4.021673928946256638e-03
3.316171630859375000e+03 -4.029605071991682053e-03
3.332348144531250000e+03 -4.039604216814041138e-03
3.345289306640625000e+03 -4.047683440148830414e-03
3.361465576171875000e+03 -4.057898186147212982e-03
3.377642089843750000e+03 -4.068254027515649796e-03
3.390583251953125000e+03 -4.076646640896797180e-03
3.406759765625000000e+03 -4.087277222424745560e-03
3.422936035156250000e+03 -4.098061006516218185e-03
3.435877197265625000e+03 -4.106794018298387527e-03
3.452053710937500000e+03 -4.117831587791442871e-03
3.468230224609375000e+03 -4.128989297896623611e-03
3.481171386718750000e+03 -4.137988202273845673e-03
3.497347900390625000e+03 -4.149310290813446045e-03
3.510289062500000000e+03 -4.158413503319025040e-03
3.526465332031250000e+03 -4.169833380728960037e-03
3.542641845703125000e+03 -4.181284923106431961e-03
3.555583007812500000e+03 -4.190460778772830963e-03
3.571759521484375000e+03 -4.201945848762989044e-03
3.587935791015625000e+03 -4.213449079543352127e-03
3.600876953125000000e+03 -4.222670104354619980e-03
3.617053466796875000e+03 -4.234232474118471146e-03
3.633229980468750000e+03 -4.245853051543235779e-03
3.646171142578125000e+03 -4.255209118127822876e-03
3.662347656250000000e+03 -4.267000593245029449e-03
3.675288818359375000e+03 -4.276529420167207718e-03
3.691465087890625000e+03 -4.288583528250455856e-03
3.707641601562500000e+03 -4.300821106880903244e-03
3.720582763671875000e+03 -4.310758784413337708e-03
3.736759277343750000e+03 -4.323379136621952057e-03
3.752935546875000000e+03 -4.336230922490358353e-03
3.765876708984375000e+03 -4.346682224422693253e-03
3.782053222656250000e+03 -4.359957296401262283e-03
3.798229736328125000e+03 -4.373459145426750183e-03
3.811170898437500000e+03 -4.384414292871952057e-03
3.827347412109375000e+03 -4.398286342620849609e-03
3.840288574218750000e+03 -4.409512970596551895e-03
3.856464843750000000e+03 -4.423688165843486786e-03
3.872641357421875000e+03 -4.437999799847602844e-03
3.885582519531250000e+03 -4.449532832950353622e-03
3.901759033203125000e+03 -4.464037250727415085e-03
3.917935302734375000e+03 -4.478624090552330017e-03
3.930876464843750000e+03 -4.490344319492578506e-03
3.947052978515625000e+03 -4.505050368607044220e-03
3.963229492187500000e+03 -4.519814159721136093e-03
3.976170654296875000e+03 -4.531665705144405365e-03
3.992347167968750000e+03 -4.546530079096555710e-03
4.005288330078125000e+03 -4.558463115245103836e-03
4.021464599609375000e+03 -4.573432262986898422e-03
4.037641113281250000e+03 -4.588461481034755707e-03
4.050582275390625000e+03 -4.600527230650186539e-03
4.066758789062500000e+03 -4.615657497197389603e-03
4.082935058593750000e+03 -4.630833864212036133e-03
4.095876220703125000e+03 -4.642999265342950821e-03
4.112052734375000000e+03 -4.658221732825040817e-03
4.128229003906250000e+03 -4.673440475016832352e-03
4.141170410156250000e+03 -4.685596097260713577e-03
4.157346679687500000e+03 -4.700742661952972412e-03
4.170288085937500000e+03 -4.712802823632955551e-03
4.186464355468750000e+03 -4.727779887616634369e-03
4.202641113281250000e+03 -4.742620512843132019e-03
4.215582031250000000e+03 -4.754375666379928589e-03
4.231758300781250000e+03 -4.768901504576206207e-03
4.247935058593750000e+03 -4.783221054822206497e-03
4.260875976562500000e+03 -4.794516135007143021e-03
4.277052734375000000e+03 -4.808424506336450577e-03
4.293229003906250000e+03 -4.822092130780220032e-03
4.306169921875000000e+03 -4.832851234823465347e-03
4.322346679687500000e+03 -4.846082068979740143e-03
4.335287597656250000e+03 -4.856495186686515808e-03
4.351464355468750000e+03 -4.869303200393915176e-03
4.367640625000000000e+03 -4.881886765360832214e-03
4.380582031250000000e+03 -4.891798365861177444e-03
4.396758300781250000e+03 -4.904000088572502136e-03
4.412934570312500000e+03 -4.916000179946422577e-03
4.425875976562500000e+03 -4.925458226352930069e-03
4.442052246093750000e+03 -4.937106743454933167e-03
4.458228515625000000e+03 -4.948562942445278168e-03
4.471169921875000000e+03 -4.957588855177164078e-03
4.487346191406250000e+03 -4.968695342540740967e-03
4.500287597656250000e+03 -4.977439064532518387e-03
4.516463867187500000e+03 -4.988189321011304855e-03
4.532640625000000000e+03 -4.998738877475261688e-03
4.545581542968750000e+03 -5.007034633308649063e-03
4.561757812500000000e+03 -5.017227027565240860e-03
4.577934570312500000e+03 -5.027229432016611099e-03
4.590875488281250000e+03 -5.035101901739835739e-03
4.607052246093750000e+03 -5.044793244451284409e-03
4.623228515625000000e+03 -5.054337438195943832e-03
4.636169433593750000e+03 -5.061882548034191132e-03
4.652346191406250000e+03 -5.071223713457584381e-03
4.665287109375000000e+03 -5.078643560409545898e-03
4.681463867187500000e+03 -5.087877623736858368e-03
4.697640136718750000e+03 -5.097095854580402374e-03
4.710581542968750000e+03 -5.104480311274528503e-03
4.726757812500000000e+03 -5.113746505230665207e-03
4.742934082031250000e+03 -5.123076960444450378e-03
4.755875488281250000e+03 -5.130601115524768829e-03
4.772051757812500000e+03 -5.140095949172973633e-03
4.788228027343750000e+03 -5.149698350578546524e-03
4.801169433593750000e+03 -5.157460924237966537e-03
4.817345703125000000e+03 -5.167262628674507141e-03
4.830287109375000000e+03 -5.175177939236164093e-03
4.846463378906250000e+03 -5.185152869671583176e-03
4.862640136718750000e+03 -5.195201374590396881e-03
4.875581054687500000e+03 -5.203278269618749619e-03
4.891757324218750000e+03 -5.213400814682245255e-03
4.907934082031250000e+03 -5.223529413342475891e-03
4.920875000000000000e+03 -5.231618881225585938e-03
4.937051757812500000e+03 -5.241692066192626953e-03
4.953228027343750000e+03 -5.251700058579444885e-03
4.966168945312500000e+03 -5.259645637124776840e-03
4.982345703125000000e+03 -5.269486457109451294e-03
4.995286621093750000e+03 -5.277276970446109772e-03
5.011463378906250000e+03 -5.286902654916048050e-03
5.027639648437500000e+03 -5.296397488564252853e-03
5.040581054687500000e+03 -5.303895566612482071e-03
5.056757324218750000e+03 -5.313145462423563004e-03
5.072933593750000000e+03 -5.322259850800037384e-03
5.085875000000000000e+03 -5.329455249011516571e-03
5.102051269531250000e+03 -5.338332150131464005e-03
5.118227539062500000e+03 -5.347082391381263733e-03
5.131168945312500000e+03 -5.353993270546197891e-03
5.147345214843750000e+03 -5.362523254007101059e-03
5.160286621093750000e+03 -5.369261372834444046e-03
5.176462890625000000e+03 -5.377576686441898346e-03
5.192639648437500000e+03 -5.385772325098514557e-03
5.205580566406250000e+03 -5.392242688685655594e-03
5.221756835937500000e+03 -5.400220397859811783e-03
5.237933593750000000e+03 -5.408075172454118729e-03
5.250874511718750000e+03 -5.414268933236598969e-03
5.267051269531250000e+03 -5.421899259090423584e-03
5.283227539062500000e+03 -5.429407116025686264e-03
5.296168457031250000e+03 -5.435327533632516861e-03
5.312345214843750000e+03 -5.442628171294927597e-03
5.325286132812500000e+03 -5.448394455015659332e-03
5.341462890625000000e+03 -5.455521401017904282e-03
5.357639160156250000e+03 -5.462575703859329224e-03
5.370580566406250000e+03 -5.468181334435939789e-03
5.386756835937500000e+03 -5.475162994116544724e-03
5.402933105468750000e+03 -5.482144188135862350e-03
5.415874511718750000e+03 -5.487749818712472916e-03
5.432050781250000000e+03 -5.494813900440931320e-03
5.448227050781250000e+03 -5.501975771039724350e-03
5.461168457031250000e+03 -5.507802590727806091e-03
5.477344726562500000e+03 -5.515240598469972610e-03
5.490286132812500000e+03 -5.521339830011129379e-03
5.506462402343750000e+03 -5.529182963073253632e-03
5.522639160156250000e+03 -5.537304561585187912e-03
5.535580078125000000e+03 -5.544026382267475128e-03
5.551756347656250000e+03 -5.552735179662704468e-03
5.567933105468750000e+03 -5.561810452491044998e-03
5.580874023437500000e+03 -5.569349508732557297e-03
5.597050781250000000e+03 -5.579136777669191360e-03
5.613227050781250000e+03 -5.589337553828954697e-03
5.626167968750000000e+03 -5.597798619419336319e-03
5.642344726562500000e+03 -5.608748644590377808e-03
5.655285644531250000e+03 -5.617802031338214874e-03
5.671462402343750000e+03 -5.629472434520721436e-03
5.687638671875000000e+03 -5.641515366733074188e-03
5.700580078125000000e+03 -5.651399493217468262e-03
5.716756347656250000e+03 -5.664039403200149536e-03
5.732932617187500000e+03 -5.676961038261651993e-03
5.745874023437500000e+03 -5.687474738806486130e-03
5.762050292968750000e+03 -5.700801964849233627e-03
5.778226562500000000e+03 -5.714296363294124603e-03
5.791167968750000000e+03 -5.725184455513954163e-03
5.807344238281250000e+03 -5.738877691328525543e-03
5.820285644531250000e+03 -5.749877076596021652e-03
5.836461914062500000e+03 -5.763655528426170349e-03
5.852638671875000000e+03 -5.777443759143352509e-03
5.865579589843750000e+03 -5.788468290120363235e-03
5.881755859375000000e+03 -5.802231840789318085e-03
5.897932617187500000e+03 -5.815972108393907547e-03
5.910873535156250000e+03 -5.826949141919612885e-03
5.927050292968750000e+03 -5.840659607201814651e-03
5.943226562500000000e+03 -5.854372866451740265e-03
5.956167480468750000e+03 -5.865359213203191757e-03
5.972344238281250000e+03 -5.879134405404329300e-03
5.985285156250000000e+03 -5.890206899493932724e-03
6.001461914062500000e+03 -5.904138088226318359e-03
6.017638183593750000e+03 -5.918201524764299393e-03
6.030579589843750000e+03 -5.929569248110055923e-03
6.046755859375000000e+03 -5.943950731307268143e-03
6.062932128906250000e+03 -5.958550609648227692e-03
6.075873535156250000e+03 -5.970405414700508118e-03
6.092049804687500000e+03 -5.985461175441741943e-03
6.108226074218750000e+03 -6.000797264277935028e-03
6.121167480468750000e+03 -6.013276986777782440e-03
6.137343750000000000e+03 -6.029149517416954041e-03
6.150285156250000000e+03 -6.042068824172019958e-03
6.166461425781250000e+03 -6.058496888726949692e-03
6.182638183593750000e+03 -6.075232755392789841e-03
6.195579101562500000e+03 -6.088841240853071213e-03
6.211755371093750000e+03 -6.106120534241199493e-03
6.227932128906250000e+03 -6.123691797256469727e-03
6.240873046875000000e+03 -6.137953139841556549e-03
6.257049804687500000e+03 -6.156026851385831833e-03
6.273226074218750000e+03 -6.174366455525159836e-03
6.286166992187500000e+03 -6.189221981912851334e-03
6.302343750000000000e+03 -6.208013277500867844e-03
6.315284667968750000e+03 -6.223217584192752838e-03
6.331461425781250000e+03 -6.242428440600633621e-03
6.347637695312500000e+03 -6.261856760829687119e-03
6.360578613281250000e+03 -6.277549080550670624e-03
6.376755371093750000e+03 -6.297340616583824158e-03
6.392931640625000000e+03 -6.317316554486751556e-03
6.405873046875000000e+03 -6.333420518785715103e-03
6.422049316406250000e+03 -6.353692151606082916e-03
6.438225585937500000e+03 -6.374105345457792282e-03
6.451166992187500000e+03 -6.390526890754699707e-03
6.467343261718750000e+03 -6.411153357475996017e-03
6.480284667968750000e+03 -6.427722517400979996e-03
6.496460937500000000e+03 -6.448504049330949783e-03
6.512637207031250000e+03 -6.469348445534706116e-03
6.525578613281250000e+03 -6.486058700829744339e-03
6.541754882812500000e+03 -6.506977137178182602e-03
6.557931640625000000e+03 -6.527918856590986252e-03
6.570872558593750000e+03 -6.544683128595352173e-03
6.587049316406250000e+03 -6.565644405782222748e-03
6.603225585937500000e+03 -6.586608942598104477e-03
6.616166503906250000e+03 -6.603381596505641937e-03
6.632343261718750000e+03 -6.624348461627960205e-03
6.645284179687500000e+03 -6.641124840825796127e-03
6.661460937500000000e+03 -6.662101019173860550e-03
6.677637207031250000e+03 -6.683089304715394974e-03
6.690578125000000000e+03 -6.699891760945320129e-03
6.706754882812500000e+03 -6.720914039760828018e-03
6.722931152343750000e+03 -6.741962861269712448e-03
6.735872558593750000e+03 -6.758823059499263763e-03
6.752048828125000000e+03 -6.779926829040050507e-03
6.768225097656250000e+03 -6.801062729209661484e-03
6.781166503906250000e+03 -6.817992776632308960e-03
6.797342773437500000e+03 -6.839179433882236481e-03
6.810284179687500000e+03 -6.856143940240144730e-03
6.826460449218750000e+03 -6.877360865473747253e-03
6.842636718750000000e+03 -6.898580584675073624e-03
6.855578125000000000e+03 -6.915550213307142258e-03
6.871754394531250000e+03 -6.936741527169942856e-03
6.887931152343750000e+03 -6.957894656807184219e-03
6.900872070312500000e+03 -6.974776741117238998e-03
6.917048339843750000e+03 -6.995811592787504196e-03
6.933225097656250000e+03 -7.016750518232584000e-03
6.946166015625000000e+03 -7.033415604382753372e-03
6.962342773437500000e+03 -7.054117508232593536e-03
6.975283691406250000e+03 -7.070556282997131348e-03
6.991460449218750000e+03 -7.090924773365259171e-03
7.007636718750000000e+03 -7.111060898751020432e-03
7.020577636718750000e+03 -7.126977201551198959e-03
7.036754394531250000e+03 -7.146598305553197861e-03
7.052930664062500000e+03 -7.165873888880014420e-03
7.065872070312500000e+03 -7.181015796959400177e-03
7.082048339843750000e+03 -7.199555635452270508e-03
7.098224609375000000e+03 -7.217621430754661560e-03
7.111166015625000000e+03 -7.231699768453836441e-03
7.127342285156250000e+03 -7.248791866004467010e-03
7.140283691406250000e+03 -7.262032013386487961e-03
7.156459960937500000e+03 -7.278003729879856110e-03
7.172636230468750000e+03 -7.293296977877616882e-03
7.185577636718750000e+03 -7.305018603801727295e-03
7.201753906250000000e+03 -7.319004274904727936e-03
7.217930664062500000e+03 -7.332224864512681961e-03
7.230871582031250000e+03 -7.342237513512372971e-03
7.247047851562500000e+03 -7.354036439210176468e-03
7.263224609375000000e+03 -7.365031633526086807e-03
7.276165527343750000e+03 -7.373247295618057251e-03
7.292342285156250000e+03 -7.382793352007865906e-03
7.305283203125000000e+03 -7.389856036752462387e-03
7.321459472656250000e+03 -7.397978566586971283e-03
7.337636230468750000e+03 -7.405331358313560486e-03
7.350577148437500000e+03 -7.410674821585416794e-03
7.366753906250000000e+03 -7.416700944304466248e-03
7.382930175781250000e+03 -7.422029972076416016e-03
7.395871582031250000e+03 -7.425813004374504089e-03
7.412047851562500000e+03 -7.429973222315311432e-03
7.428224121093750000e+03 -7.433540187776088715e-03
7.441165527343750000e+03 -7.435996551066637039e-03
7.457341796875000000e+03 -7.438610307872295380e-03
7.470283203125000000e+03 -7.440368179231882095e-03
7.486459472656250000e+03 -7.442194037139415741e-03
7.502635742187500000e+03 -7.443659938871860504e-03
7.515577148437500000e+03 -7.444612216204404831e-03
7.531753417968750000e+03 -7.445575669407844543e-03
7.547930175781250000e+03 -7.446341682225465775e-03
7.560871093750000000e+03 -7.446849718689918518e-03
7.577047363281250000e+03 -7.447400130331516266e-03
7.593224121093750000e+03 -7.447903044521808624e-03
7.606165039062500000e+03 -7.448303047567605972e-03
7.622341796875000000e+03 -7.448833435773849487e-03
7.635282714843750000e+03 -7.449305616319179535e-03
7.651458984375000000e+03 -7.449981756508350372e-03
7.667635742187500000e+03 -7.450776640325784683e-03
7.680576660156250000e+03 -7.451512850821018219e-03
7.696753417968750000e+03 -7.452573161572217941e-03
7.712929687500000000e+03 -7.453802041709423065e-03
7.725870605468750000e+03 -7.454915903508663177e-03
7.742047363281250000e+03 -7.456480525434017181e-03
7.758223632812500000e+03 -7.458249107003211975e-03
7.771165039062500000e+03 -7.459819782525300980e-03
7.787341308593750000e+03 -7.461989764124155045e-03
7.800282714843750000e+03 -7.463901303708553314e-03
7.816458984375000000e+03 -7.466525305062532425e-03
7.832635253906250000e+03 -7.469426374882459641e-03
7.845576660156250000e+03 -7.471958640962839127e-03
7.861752929687500000e+03 -7.475401740521192551e-03
7.877929199218750000e+03 -7.479164283722639084e-03
7.890870605468750000e+03 -7.482409011572599411e-03
7.907046875000000000e+03 -7.486758753657341003e-03
7.923223632812500000e+03 -7.491426542401313782e-03
7.936164550781250000e+03 -7.495378609746694565e-03
7.952341308593750000e+03 -7.500567007809877396e-03
7.965282226562500000e+03 -7.504893001168966293e-03
7.981458496093750000e+03 -7.510480005294084549e-03
7.997635253906250000e+03 -7.516214624047279358e-03
8.010576171875000000e+03 -7.520866580307483673e-03
8.026752929687500000e+03 -7.526705972850322723e-03
8.042929199218750000e+03 -7.532507646828889847e-03
8.055870117187500000e+03 -7.537076249718666077e-03
8.072046875000000000e+03 -7.542643696069717407e-03
8.088223144531250000e+03 -7.547998335212469101e-03
8.101164550781250000e+03 -7.552098017185926437e-03
8.117340820312500000e+03 -7.556963711977005005e-03
8.130282226562500000e+03 -7.560635916888713837e-03
8.146458496093750000e+03 -7.564946077764034271e-03
8.162634765625000000e+03 -7.568951696157455444e-03
8.175576171875000000e+03 -7.571951486170291901e-03
8.191752441406250000e+03 -7.575474213808774948e-03
8.207928710937500000e+03 -7.578785065561532974e-03
8.220870117187500000e+03 -7.581315003335475922e-03
8.237046875000000000e+03 -7.584374397993087769e-03
8.253222656250000000e+03 -7.587368600070476532e-03
8.266164062500000000e+03 -7.589750923216342926e-03
8.282340820312500000e+03 -7.592747453600168228e-03
8.295281250000000000e+03 -7.595180068165063858e-03
8.311458007812500000e+03 -7.598284166306257248e-03
8.327634765625000000e+03 -7.601466029882431030e-03
8.340576171875000000e+03 -7.604064419865608215e-03
8.356751953125000000e+03 -7.607364561408758163e-03
8.372928710937500000e+03 -7.610695902258157730e-03
8.385870117187500000e+03 -7.613359484821557999e-03
8.402045898437500000e+03 -7.616651244461536407e-03
8.418222656250000000e+03 -7.619860116392374039e-03
8.431164062500000000e+03 -7.622337434440851212e-03
8.447339843750000000e+03 -7.625289727002382278e-03
8.460281250000000000e+03 -7.627516053617000580e-03
8.476458007812500000e+03 -7.630108855664730072e-03
8.492634765625000000e+03 -7.632477674633264542e-03
8.505575195312500000e+03 -7.634209468960762024e-03
8.521751953125000000e+03 -7.636175490915775299e-03
8.537928710937500000e+03 -7.637935224920511246e-03
8.550869140625000000e+03 -7.639208342880010605e-03
8.567045898437500000e+03 -7.640651427209377289e-03
8.583222656250000000e+03 -7.641952950507402420e-03
8.596164062500000000e+03 -7.642905693501234055e-03
8.612339843750000000e+03 -7.643998134881258011e-03
8.625281250000000000e+03 -7.644796743988990784e-03
8.641458007812500000e+03 -7.645696401596069336e-03
8.657633789062500000e+03 -7.646471727639436722e-03
8.670575195312500000e+03 -7.646983955055475235e-03
8.686751953125000000e+03 -7.647457066923379898e-03
8.702927734375000000e+03 -7.647702470421791077e-03
8.715869140625000000e+03 -7.647701073437929153e-03
8.732045898437500000e+03 -7.647408172488212585e-03
8.748222656250000000e+03 -7.646746467798948288e-03
8.761163085937500000e+03 -7.645922712981700897e-03
8.777339843750000000e+03 -7.644498255103826523e-03
8.790281250000000000e+03 -7.643030956387519836e-03
8.806457031250000000e+03 -7.640782743692398071e-03
8.822633789062500000e+03 -7.638085633516311646e-03
8.835575195312500000e+03 -7.635623216629028320e-03
8.851750976562500000e+03 -7.632199674844741821e-03
8.867927734375000000e+03 -7.628443185240030289e-03
8.880869140625000000e+03 -7.625240366905927658e-03
8.897045898437500000e+03 -7.621047552675008774e-03
8.913221679687500000e+03 -7.616706658154726028e-03
8.926163085937500000e+03 -7.613169495016336441e-03
8.942339843750000000e+03 -7.608712650835514069e-03
8.955280273437500000e+03 -7.605143822729587555e-03
8.971457031250000000e+03 -7.600701414048671722e-03
8.987633789062500000e+03 -7.596287410706281662e-03
9.000575195312500000e+03 -7.592771202325820923e-03
9.016750976562500000e+03 -7.588373962789773941e-03
9.032927734375000000e+03 -7.583939936012029648e-03
9.045869140625000000e+03 -7.580334786325693130e-03
9.062044921875000000e+03 -7.575713098049163818e-03
9.078221679687500000e+03 -7.570916786789894104e-03
9.091163085937500000e+03 -7.566925138235092163e-03
9.107338867187500000e+03 -7.561715319752693176e-03
9.120280273437500000e+03 -7.557363249361515045e-03
9.136457031250000000e+03 -7.551697548478841782e-03
9.152633789062500000e+03 -7.545809727162122726e-03
9.165574218750000000e+03 -7.540975231677293777e-03
9.181750976562500000e+03 -7.534843403846025467e-03
9.197927734375000000e+03 -7.528707385063171387e-03
9.210868164062500000e+03 -7.523875217884778976e-03
9.227044921875000000e+03 -7.518042810261249542e-03
9.243221679687500000e+03 -7.512571290135383606e-03
9.256163085937500000e+03 -7.508548907935619354e-03
9.272338867187500000e+03 -7.504078093916177750e-03
9.285280273437500000e+03 -7.501024287194013596e-03
9.301457031250000000e+03 -7.497950457036495209e-03
9.317632812500000000e+03 -7.495780941098928452e-03
9.330574218750000000e+03 -7.494736928492784500e-03
9.346750976562500000e+03 -7.494322489947080612e-03
9.362926757812500000e+03 -7.494900375604629517e-03
9.375868164062500000e+03 -7.496061734855175018e-03
9.392044921875000000e+03 -7.498343940824270248e-03
9.408220703125000000e+03 -7.501480169594287872e-03
9.421162109375000000e+03 -7.504540495574474335e-03
9.437338867187500000e+03 -7.508961949497461319e-03
9.450280273437500000e+03 -7.512897253036499023e-03
9.466456054687500000e+03 -7.518197875469923019e-03
9.482632812500000000e+03 -7.523783016949892044e-03
9.495574218750000000e+03 -7.528350222855806351e-03
9.511750000000000000e+03 -7.534042466431856155e-03
9.527926757812500000e+03 -7.539549376815557480e-03
9.540868164062500000e+03 -7.543696556240320206e-03
9.557044921875000000e+03 -7.548390887677669525e-03
9.573220703125000000e+03 -7.552345748990774155e-03
9.586162109375000000e+03 -7.554831448942422867e-03
9.602338867187500000e+03 -7.556899916380643845e-03
9.615279296875000000e+03 -7.557580247521400452e-03
9.631456054687500000e+03 -7.557019125670194626e-03
9.647632812500000000e+03 -7.554681040346622467e-03
9.660574218750000000e+03 -7.551390212029218674e-03
9.676750000000000000e+03 -7.545344997197389603e-03
9.692926757812500000e+03 -7.537011522799730301e-03
9.705868164062500000e+03 -7.528622169047594070e-03
9.722043945312500000e+03 -7.515931036323308945e-03
9.738220703125000000e+03 -7.500790990889072418e-03
9.751162109375000000e+03 -7.486956194043159485e-03
9.767337890625000000e+03 -7.467616349458694458e-03
9.780279296875000000e+03 -7.450625300407409668e-03
9.796456054687500000e+03 -7.427696138620376587e-03
9.812632812500000000e+03 -7.403169758617877960e-03
9.825573242187500000e+03 -7.382627110928297043e-03
9.841750000000000000e+03 -7.356106303632259369e-03
9.857926757812500000e+03 -7.329002488404512405e-03
9.870867187500000000e+03 -7.307148538529872894e-03
9.887043945312500000e+03 -7.279906887561082840e-03
9.903220703125000000e+03 -7.253028918057680130e-03
9.916161132812500000e+03 -7.231951691210269928e-03
9.932337890625000000e+03 -7.206280250102281570e-03
9.945279296875000000e+03 -7.186342030763626099e-03
9.961456054687500000e+03 -7.162181194871664047e-03
9.977631835937500000e+03 -7.138803601264953613e-03
9.990573242187500000e+03 -7.120572030544281006e-03
1.000675000000000000e+04 -7.098200730979442596e-03
1.002292578125000000e+04 -7.076059933751821518e-03
1.003586718750000000e+04 -7.058328017592430115e-03
1.005204394531250000e+04 -7.035901769995689392e-03
1.006821972656250000e+04 -7.012939546257257462e-03
1.008116113281250000e+04 -6.994031369686126709e-03
1.009733789062500000e+04 -6.969583686441183090e-03
1.011027929687500000e+04 -6.949316710233688354e-03
1.012645507812500000e+04 -6.923087872564792633e-03
1.014263183593750000e+04 -6.895940750837326050e-03
1.015557324218750000e+04 -6.873677950352430344e-03
1.017174902343750000e+04 -6.845384836196899414e-03
1.018792578125000000e+04 -6.816886831074953079e-03
1.020086718750000000e+04 -6.794202141463756561e-03
1.021704394531250000e+04 -6.766343023627996445e-03
1.023321972656250000e+04 -6.739438045769929886e-03
1.024616113281250000e+04 -6.718880962580442429e-03
1.026233789062500000e+04 -6.694705225527286530e-03
1.027527832031250000e+04 -6.676774471998214722e-03
1.029145507812500000e+04 -6.656314712017774582e-03
1.030763183593750000e+04 -6.638141814619302750e-03
1.032057226562500000e+04 -6.625263486057519913e-03
1.033674902343750000e+04 -6.611161399632692337e-03
1.035292578125000000e+04 -6.599084474146366119e-03
1.036586718750000000e+04 -6.590678822249174118e-03
1.038204296875000000e+04 -6.581416353583335876e-03
1.039821972656250000e+04 -6.573115475475788116e-03
1.041116113281250000e+04 -6.566836033016443253e-03
1.042733691406250000e+04 -6.559010129421949387e-03
1.044027832031250000e+04 -6.552452687174081802e-03
1.045645507812500000e+04 -6.543483585119247437e-03
1.047263085937500000e+04 -6.533252075314521790e-03
1.048557226562500000e+04 -6.523907650262117386e-03
1.050174902343750000e+04 -6.510522682219743729e-03
1.051792578125000000e+04 -6.495031993836164474e-03
1.053086621093750000e+04 -6.481017451733350754e-03
1.054704296875000000e+04 -6.461397744715213776e-03
1.056321972656250000e+04 -6.439412944018840790e-03
1.057616015625000000e+04 -6.420131307095289230e-03
1.059233691406250000e+04 -6.393947638571262360e-03
1.060527832031250000e+04 -6.371373776346445084e-03
1.062145507812500000e+04 -6.341177038848400116e-03
1.063763085937500000e+04 -6.308837328106164932e-03
1.065057226562500000e+04 -6.281454581767320633e-03
1.066674902343750000e+04 -6.245366297662258148e-03
1.068292480468750000e+04 -6.207230500876903534e-03
1.069586621093750000e+04 -6.175255868583917618e-03
1.071204296875000000e+04 -6.133464165031909943e-03
1.072821875000000000e+04 -6.089666392654180527e-03
1.074116015625000000e+04 -6.053210701793432236e-03
1.075733691406250000e+04 -6.005927920341491699e-03
1.077027832031250000e+04 -5.966797005385160446e-03
1.078645410156250000e+04 -5.916374735534191132e-03
1.080263085937500000e+04 -5.864450708031654358e-03
1.081557226562500000e+04 -5.821979139000177383e-03
1.083174804687500000e+04 -5.767932161688804626e-03
1.084792480468750000e+04 -5.713061895221471786e-03
1.086086621093750000e+04 -5.668739788234233856e-03
1.087704199218750000e+04 -5.612984299659729004e-03
1.089321875000000000e+04 -5.556983407586812973e-03
1.090616015625000000e+04 -5.512057803571224213e-03
1.092233691406250000e+04 -5.455721169710159302e-03
1.093527734375000000e+04 -5.410417914390563965e-03
1.095145410156250000e+04 -5.353264976292848587e-03
1.096763085937500000e+04 -5.295141600072383881e-03
1.098057128906250000e+04 -5.247574765235185623e-03
1.099674804687500000e+04 -5.186208989471197128e-03
1.101292480468750000e+04 -5.121983587741851807e-03
1.102586523437500000e+04 -5.067956168204545975e-03
1.104204199218750000e+04 -4.996329080313444138e-03
1.105821875000000000e+04 -4.919266793876886368e-03
1.107116015625000000e+04 -4.853073507547378540e-03
1.108733593750000000e+04 -4.763912875205278397e-03
1.110027734375000000e+04 -4.686949774622917175e-03
1.111645410156250000e+04 -4.583126399666070938e-03
1.113262988281250000e+04 -4.470326472073793411e-03
1.114557128906250000e+04 -4.373352974653244019e-03
1.116174804687500000e+04 -4.243510309606790543e-03
1.117792382812500000e+04 -4.103979095816612244e-03
1.119086523437500000e+04 -3.985370509326457977e-03
1.120704199218750000e+04 -3.828408895060420036e-03
1.122321875000000000e+04 -3.661771537736058235e-03
1.123615917968750000e+04 -3.521383274346590042e-03
1.125233593750000000e+04 -3.336626337841153145e-03
1.126527734375000000e+04 -3.180754370987415314e-03
1.128145312500000000e+04 -2.974265255033969879e-03
1.129762988281250000e+04 -2.751910826191306114e-03
1.131057128906250000e+04 -2.559371991083025932e-03
1.132674804687500000e+04 -2.294310834258794785e-03
1.134292382812500000e+04 -1.992376754060387611e-03
1.135586523437500000e+04 -1.714553451165556908e-03
1.137204199218750000e+04 -1.305236946791410446e-03
1.138821777343750000e+04 -8.020739187486469746e-04
1.140115917968750000e+04 -3.086947253905236721e-04
1.141733593750000000e+04 4.591898468788713217e-04
1.143027636718750000e+04 1.229433575645089149e-03
1.144645312500000000e+04 2.445321064442396164e-03
1.146262988281250000e+04 4.021693952381610870e-03
1.147557128906250000e+04 5.610464140772819519e-03
1.149174707031250000e+04 8.106777444481849670e-03
1.150792382812500000e+04 1.130005437880754471e-02
1.152086523437500000e+04 1.446210686117410660e-02
1.153704101562500000e+04 1.932073943316936493e-02
1.155321777343750000e+04 2.536281570792198181e-02
1.156615917968750000e+04 3.118215128779411316e-02
1.158233496093750000e+04 3.985833376646041870e-02
1.159527636718750000e+04 4.804412648081779480e-02
1.161145312500000000e+04 5.998580157756805420e-02
1.162762988281250000e+04 7.397077232599258423e-02
1.164057031250000000e+04 8.670636266469955444e-02
1.165674707031250000e+04 1.046070456504821777e-01
1.167292382812500000e+04 1.246910989284515381e-01
1.168586425781250000e+04 1.422599554061889648e-01
1.170204101562500000e+04 1.659227013587951660e-01
1.171821777343750000e+04 1.911736130714416504e-01
1.173115820312500000e+04 2.122223526239395142e-01
1.174733496093750000e+04 2.391205877065658569e-01
1.176027636718750000e+04 2.606883049011230469e-01
1.177645312500000000e+04 2.870596051216125488e-01
1.179262890625000000e+04 3.119768500328063965e-01
1.180557031250000000e+04 3.302522301673889160e-01
1.182174707031250000e+04 3.502427637577056885e-01
1.183792285156250000e+04 3.662184774875640869e-01
1.185086425781250000e+04 3.755463957786560059e-01
1.186704101562500000e+04 3.822900056838989258e-01
1.188321679687500000e+04 3.830650150775909424e-01
1.189615820312500000e+04 3.791622221469879150e-01
1.191233496093750000e+04 3.685647249221801758e-01
1.192527636718750000e+04 3.556326329708099365e-01
1.194145214843750000e+04 3.343048989772796631e-01
1.195762890625000000e+04 3.079766929149627686e-01
1.197057031250000000e+04 2.840292751789093018e-01
1.198674609375000000e+04 2.516011595726013184e-01
1.200292285156250000e+04 2.178314626216888428e-01
1.201586425781250000e+04 1.909686923027038574e-01
1.203204003906250000e+04 1.590313315391540527e-01
1.204821679687500000e+04 1.304974704980850220e-01
1.206115820312500000e+04 1.111767739057540894e-01
1.207733496093750000e+04 9.254115819931030273e-02
1.209027539062500000e+04 8.270151913166046143e-02
1.210645214843750000e+04 7.731312513351440430e-02
1.212262890625000000e+04 7.982659339904785156e-02
1.213556933593750000e+04 8.738092333078384399e-02
1.215174609375000000e+04 1.031601801514625549e-01
1.216792285156250000e+04 1.248847320675849915e-01
1.218086328125000000e+04 1.454910784959793091e-01
1.219704003906250000e+04 1.736815124750137329e-01
1.221321679687500000e+04 2.025795578956604004e-01
1.222615722656250000e+04 2.246941477060317993e-01
1.224233398437500000e+04 2.492020875215530396e-01
1.225527539062500000e+04 2.649891674518585205e-01
1.227145117187500000e+04 2.783994674682617188e-01
1.228762792968750000e+04 2.834144532680511475e-01
1.230056933593750000e+04 2.806976735591888428e-01
1.231674511718750000e+04 2.684858441352844238e-01
1.233292187500000000e+04 2.465552985668182373e-01
1.234586230468750000e+04 2.224236428737640381e-01
1.236203906250000000e+04 1.849819272756576538e-01
1.237821484375000000e+04 1.409472525119781494e-01
1.239115625000000000e+04 1.022818014025688171e-01
1.240733300781250000e+04 5.150717124342918396e-02
1.242027343750000000e+04 1.039445772767066956e-02
1.243645019531250000e+04 -3.963190317153930664e-02
1.245262597656250000e+04 -8.603620529174804688e-02
1.246556738281250000e+04 -1.191704943776130676e-01
1.248174316406250000e+04 -1.541349142789840698e-01
1.249791992187500000e+04 -1.806548386812210083e-01
1.251086035156250000e+04 -1.951462030410766602e-01
1.252703710937500000e+04 -2.044361084699630737e-01
1.254321289062500000e+04 -2.038852870464324951e-01
1.255615429687500000e+04 -1.966110169887542725e-01
1.257233007812500000e+04 -1.796233952045440674e-01
1.258527148437500000e+04 -1.604029983282089233e-01
1.260144726562500000e+04 -1.304852962493896484e-01
1.261762402343750000e+04 -9.548620879650115967e-02
1.263056445312500000e+04 -6.497012078762054443e-02
1.264674121093750000e+04 -2.515898644924163818e-02
1.266291699218750000e+04 1.487071719020605087e-02
1.267585839843750000e+04 4.592853784561157227e-02
1.269203417968750000e+04 8.225158601999282837e-02
1.270821093750000000e+04 1.145414859056472778e-01
1.272115136718750000e+04 1.367108374834060669e-01
1.273732812500000000e+04 1.591165214776992798e-01
1.275026855468750000e+04 1.724255979061126709e-01
1.276644531250000000e+04 1.830336749553680420e-01
1.278262109375000000e+04 1.869411170482635498e-01
1.279556152343750000e+04 1.854325085878372192e-01
1.281173828125000000e+04 1.782320141792297363e-01
1.282791406250000000e+04 1.658995151519775391e-01
1.284085546875000000e+04 1.530379205942153931e-01
1.285703125000000000e+04 1.342436969280242920e-01
1.287320800781250000e+04 1.136870756745338440e-01
1.288614843750000000e+04 9.691762179136276245e-02
1.290232519531250000e+04 7.672949135303497314e-02
1.291526660156250000e+04 6.203245744109153748e-02
1.293144238281250000e+04 4.649501293897628784e-02
1.294761914062500000e+04 3.505134209990501404e-02
1.296055957031250000e+04 2.936442568898200989e-02
1.297673632812500000e+04 2.699667774140834808e-02
1.299291210937500000e+04 3.004981577396392822e-02
1.300585351562500000e+04 3.629640117287635803e-02
1.302202929687500000e+04 4.846687614917755127e-02
1.303820605468750000e+04 6.477435678243637085e-02
1.305114746093750000e+04 8.012883365154266357e-02
1.306732324218750000e+04 1.012084633111953735e-01
1.308026464843750000e+04 1.187661439180374146e-01
1.309644042968750000e+04 1.404450684785842896e-01
1.311261718750000000e+04 1.605921089649200439e-01
1.312555761718750000e+04 1.747856438159942627e-01
1.314173437500000000e+04 1.892422139644622803e-01
1.315791113281250000e+04 1.992886364459991455e-01
1.317085156250000000e+04 2.037793248891830444e-01
1.318702832031250000e+04 2.047490328550338745e-01
1.320320410156250000e+04 2.006135135889053345e-01
1.321614550781250000e+04 1.938580274581909180e-01
1.323232226562500000e+04 1.816170662641525269e-01
1.324526269531250000e+04 1.693017035722732544e-01
1.326143945312500000e+04 1.515844911336898804e-01
1.327761621093750000e+04 1.323118954896926880e-01
1.329055664062500000e+04 1.165406256914138794e-01
1.330673339843750000e+04 9.732504189014434814e-02
1.332291015625000000e+04 7.962658256292343140e-02
1.333585058593750000e+04 6.716344505548477173e-02
1.335202734375000000e+04 5.430226773023605347e-02
1.336820410156250000e+04 4.491971060633659363e-02
1.338114453125000000e+04 4.009712114930152893e-02
1.339732128906250000e+04 3.744390606880187988e-02
1.341026269531250000e+04 3.789976611733436584e-02
1.342643945312500000e+04 4.136262461543083191e-02
1.344261523437500000e+04 4.750959202647209167e-02
1.345555664062500000e+04 5.389301851391792297e-02
1.347173339843750000e+04 6.304975599050521851e-02
1.348790917968750000e+04 7.275790721178054810e-02
1.350085058593750000e+04 8.038935065269470215e-02
1.351702734375000000e+04 8.915242552757263184e-02
1.353320312500000000e+04 9.648413956165313721e-02
1.354614453125000000e+04 1.010037586092948914e-01
1.356232128906250000e+04 1.047230362892150879e-01
1.357526269531250000e+04 1.060815081000328064e-01
1.359143847656250000e+04 1.058124452829360962e-01
1.360761523437500000e+04 1.035876721143722534e-01
1.362055664062500000e+04 1.006688475608825684e-01
1.363673242187500000e+04 9.604512155055999756e-02
1.365290917968750000e+04 9.092509001493453979e-02
1.366585058593750000e+04 8.692819625139236450e-02
1.368202636718750000e+04 8.263303339481353760e-02
1.369820312500000000e+04 7.972120493650436401e-02
1.371114453125000000e+04 7.877094298601150513e-02
1.372732031250000000e+04 7.968610525131225586e-02
1.374026171875000000e+04 8.229397982358932495e-02
1.375643847656250000e+04 8.802327513694763184e-02
1.377261425781250000e+04 9.646611660718917847e-02
1.378555566406250000e+04 1.050369814038276672e-01
1.380173242187500000e+04 1.177066713571548462e-01
1.381790820312500000e+04 1.320614665746688843e-01
1.383084960937500000e+04 1.443313062191009521e-01
1.384702636718750000e+04 1.600481420755386353e-01
1.386320214843750000e+04 1.754808276891708374e-01
1.387614355468750000e+04 1.871177703142166138e-01
1.389232031250000000e+04 2.001881450414657593e-01
1.390526074218750000e+04 2.090794891119003296e-01
1.392143750000000000e+04 2.178202867507934570e-01
1.393761425781250000e+04 2.236042767763137817e-01
1.395055468750000000e+04 2.259826362133026123e-01
1.396673144531250000e+04 2.261476665735244751e-01
1.398290820312500000e+04 2.233643084764480591e-01
1.399584863281250000e+04 2.192448526620864868e-01
1.401202539062500000e+04 2.121386826038360596e-01
1.402820117187500000e+04 2.034173905849456787e-01
1.404114257812500000e+04 1.957272589206695557e-01
1.405731933593750000e+04 1.858123689889907837e-01
1.407025976562500000e+04 1.780694127082824707e-01
1.408643652343750000e+04 1.691634356975555420e-01
1.410261328125000000e+04 1.616252213716506958e-01
1.411555371093750000e+04 1.568658202886581421e-01
1.413173046875000000e+04 1.527370959520339966e-01
1.414790625000000000e+04 1.507339179515838623e-01
1.416084765625000000e+04 1.506278812885284424e-01
1.417702441406250000e+04 1.521874815225601196e-01
1.419320019531250000e+04 1.552948504686355591e-01
1.420614160156250000e+04 1.585815548896789551e-01
1.422231835937500000e+04 1.632297188043594360e-01
1.423525878906250000e+04 1.670117378234863281e-01
1.425143554687500000e+04 1.713211387395858765e-01
1.426761230468750000e+04 1.746491193771362305e-01
1.428055273437500000e+04 1.762810796499252319e-01
1.429672949218750000e+04 1.767185926437377930e-01
1.431290625000000000e+04 1.751495897769927979e-01
1.432584667968750000e+04 1.723800450563430786e-01
1.434202343750000000e+04 1.670642346143722534e-01
1.435820019531250000e+04 1.598657518625259399e-01
1.437114062500000000e+04 1.529601365327835083e-01
1.438731738281250000e+04 1.432419866323471069e-01
1.440025878906250000e+04 1.348996013402938843e-01
1.441643457031250000e+04 1.241975650191307068e-01
1.443261132812500000e+04 1.136774048209190369e-01
1.444555273437500000e+04 1.057218089699745178e-01
1.446172949218750000e+04 9.671127051115036011e-02
1.447790527343750000e+04 8.905170112848281860e-02
1.449084667968750000e+04 8.405230194330215454e-02
1.450702343750000000e+04 7.930625230073928833e-02
1.452319921875000000e+04 7.621830701828002930e-02
1.453614062500000000e+04 7.485782355070114136e-02
1.455231738281250000e+04 7.435107231140136719e-02
1.456525878906250000e+04 7.470560073852539062e-02
1.458143457031250000e+04 7.578493654727935791e-02
1.459761132812500000e+04 7.718638330698013306e-02
1.461055273437500000e+04 7.825437933206558228e-02
1.462672851562500000e+04 7.917697727680206299e-02
1.464290527343750000e+04 7.929044216871261597e-02
1.465584667968750000e+04 7.858070731163024902e-02
1.467202246093750000e+04 7.647811621427536011e-02
1.468819921875000000e+04 7.285907119512557983e-02
1.470114062500000000e+04 6.880440562963485718e-02
1.471731640625000000e+04 6.226978823542594910e-02
1.473025781250000000e+04 5.590069293975830078e-02
1.474643457031250000e+04 4.660751298069953918e-02
1.476261035156250000e+04 3.599046543240547180e-02
1.477555175781250000e+04 2.668178267776966095e-02
1.479172851562500000e+04 1.422202773392200470e-02
1.480790527343750000e+04 1.074491883628070354e-03
1.482084570312500000e+04 -9.775551967322826385e-03
1.483702246093750000e+04 -2.355968579649925232e-02
1.485319921875000000e+04 -3.739581257104873657e-02
1.486613964843750000e+04 -4.838079586625099182e-02
1.488231640625000000e+04 -6.188328564167022705e-02
1.489525781250000000e+04 -7.243081927299499512e-02
1.491143359375000000e+04 -8.522780239582061768e-02
1.492761035156250000e+04 -9.754566848278045654e-02
1.494055175781250000e+04 -1.070360839366912842e-01
1.495672851562500000e+04 -1.184362769126892090e-01
1.497290429687500000e+04 -1.293233931064605713e-01
1.498584570312500000e+04 -1.376663148403167725e-01
1.500202246093750000e+04 -1.476357877254486084e-01
1.501819824218750000e+04 -1.570832878351211548e-01
1.503113964843750000e+04 -1.642461568117141724e-01
1.504731640625000000e+04 -1.726647466421127319e-01
1.506025781250000000e+04 -1.789286285638809204e-01
1.507643359375000000e+04 -1.860963702201843262e-01
1.509261035156250000e+04 -1.924326717853546143e-01
1.510555175781250000e+04 -1.968285292387008667e-01
1.512172753906250000e+04 -2.013884782791137695e-01
1.513790429687500000e+04 -2.048151791095733643e-01
1.515084570312500000e+04 -2.066854983568191528e-01
1.516702148437500000e+04 -2.078910619020462036e-01
1.518319824218750000e+04 -2.078267931938171387e-01
1.519613964843750000e+04 -2.068816721439361572e-01
1.521231640625000000e+04 -2.046498805284500122e-01
1.522525683593750000e+04 -2.021023035049438477e-01
1.524143359375000000e+04 -1.981053948402404785e-01
1.525761035156250000e+04 -1.933947354555130005e-01
1.527055078125000000e+04 -1.892632246017456055e-01
1.528672753906250000e+04 -1.838406920433044434e-01
1.530290429687500000e+04 -1.783395856618881226e-01
1.531584570312500000e+04 -1.740145683288574219e-01
1.533202148437500000e+04 -1.688312590122222900e-01
1.534819824218750000e+04 -1.639827787876129150e-01
1.536113964843750000e+04 -1.603620052337646484e-01
1.537731542968750000e+04 -1.561146527528762817e-01
1.539025683593750000e+04 -1.528612375259399414e-01
1.540643359375000000e+04 -1.488126814365386963e-01
1.542260937500000000e+04 -1.445485949516296387e-01
1.543555078125000000e+04 -1.407864242792129517e-01
1.545172753906250000e+04 -1.353855729103088379e-01
1.546790429687500000e+04 -1.289286613464355469e-01
1.548084472656250000e+04 -1.228238716721534729e-01
1.549702148437500000e+04 -1.138481125235557556e-01
1.551319824218750000e+04 -1.032712236046791077e-01
1.552613867187500000e+04 -9.364835917949676514e-02
1.554231542968750000e+04 -8.025871962308883667e-02
1.555525683593750000e+04 -6.860040873289108276e-02
1.557143261718750000e+04 -5.313465744256973267e-02
1.558760937500000000e+04 -3.710540384054183960e-02
1.560055078125000000e+04 -2.424524538218975067e-02
1.561672753906250000e+04 -8.643548935651779175e-03
1.563290332031250000e+04 5.820353049784898758e-03
1.564584472656250000e+04 1.613030955195426941e-02
1.566202148437500000e+04 2.691700309514999390e-02
1.567819726562500000e+04 3.485237807035446167e-02
1.569113867187500000e+04 3.884037584066390991e-02
1.570731542968750000e+04 4.059924930334091187e-02
1.572025683593750000e+04 3.930916637182235718e-02
1.573643261718750000e+04 3.429810702800750732e-02
1.575260937500000000e+04 2.563728950917720795e-02
1.576555078125000000e+04 1.627606153488159180e-02
1.578172656250000000e+04 1.905642449855804443e-03
1.579790332031250000e+04 -1.489373855292797089e-02
1.581084472656250000e+04 -2.962794713675975800e-02
1.582702050781250000e+04 -4.903233051300048828e-02
1.584319726562500000e+04 -6.879270821809768677e-02
1.585613867187500000e+04 -8.432084321975708008e-02
1.587231445312500000e+04 -1.027356386184692383e-01
1.588525585937500000e+04 -1.162302419543266296e-01
1.590143261718750000e+04 -1.310353875160217285e-01
1.591760937500000000e+04 -1.430906206369400024e-01
1.593054980468750000e+04 -1.505195349454879761e-01
1.594672656250000000e+04 -1.568810045719146729e-01
1.596290332031250000e+04 -1.599837988615036011e-01
1.597584375000000000e+04 -1.602267920970916748e-01
1.599202050781250000e+04 -1.580102741718292236e-01
1.600819726562500000e+04 -1.534509062767028809e-01
1.602113769531250000e+04 -1.485323607921600342e-01
1.603731445312500000e+04 -1.414036899805068970e-01
1.605025585937500000e+04 -1.354084759950637817e-01
1.606643164062500000e+04 -1.282311379909515381e-01
1.608260839843750000e+04 -1.221420913934707642e-01
1.609554980468750000e+04 -1.185386553406715393e-01
1.611172558593750000e+04 -1.161229237914085388e-01
1.612790234375000000e+04 -1.164309978485107422e-01
1.614084375000000000e+04 -1.187981739640235901e-01
1.615701953125000000e+04 -1.244121119379997253e-01
1.617319628906250000e+04 -1.327478736639022827e-01
1.618613769531250000e+04 -1.410528123378753662e-01
1.620231347656250000e+04 -1.528778821229934692e-01
1.621525488281250000e+04 -1.629254668951034546e-01
1.623143164062500000e+04 -1.753292530775070190e-01
1.624760839843750000e+04 -1.864776462316513062e-01
1.626054882812500000e+04 -1.936932653188705444e-01
1.627672558593750000e+04 -1.996215283870697021e-01
1.629290234375000000e+04 -2.011614590883255005e-01
1.630584277343750000e+04 -1.986735910177230835e-01
1.632201953125000000e+04 -1.904339343309402466e-01
1.633819628906250000e+04 -1.762551963329315186e-01
1.635113671875000000e+04 -1.606852263212203979e-01
1.636731347656250000e+04 -1.363039165735244751e-01
1.638025488281250000e+04 -1.133428141474723816e-01
1.639643164062500000e+04 -8.122127503156661987e-02
1.641260742187500000e+04 -4.654987156391143799e-02
1.642554882812500000e+04 -1.800364069640636444e-02
1.644172460937500000e+04 1.731023006141185760e-02
1.645790234375000000e+04 5.066255107522010803e-02
1.647084179687500000e+04 7.486294955015182495e-02
1.648701953125000000e+04 1.008156314492225647e-01
1.650319531250000000e+04 1.208994835615158081e-01
1.651613671875000000e+04 1.321565508842468262e-01
1.653231250000000000e+04 1.397944539785385132e-01
1.654525390625000000e+04 1.406788825988769531e-01
1.656142968750000000e+04 1.354628354310989380e-01
1.657760742187500000e+04 1.238111183047294617e-01
1.659054882812500000e+04 1.104958653450012207e-01
1.660672460937500000e+04 8.989530056715011597e-02
1.662290039062500000e+04 6.624101102352142334e-02
1.663584179687500000e+04 4.616350680589675903e-02
1.665201953125000000e+04 2.095990441739559174e-02
1.666819531250000000e+04 -2.925811568275094032e-03
1.668113671875000000e+04 -2.013706415891647339e-02
1.669731250000000000e+04 -3.826633468270301819e-02
1.671025390625000000e+04 -4.946300387382507324e-02
1.672642968750000000e+04 -5.875825881958007812e-02
1.674260742187500000e+04 -6.250246614217758179e-02
1.675554687500000000e+04 -6.147478893399238586e-02
1.677172460937500000e+04 -5.539688840508460999e-02
1.678790039062500000e+04 -4.452833905816078186e-02
1.680084179687500000e+04 -3.293202817440032959e-02
1.681701757812500000e+04 -1.566870883107185364e-02
1.683319531250000000e+04 3.575445385649800301e-03
1.684613476562500000e+04 1.955032907426357269e-02
1.686231250000000000e+04 3.915775567293167114e-02
1.687525390625000000e+04 5.376316606998443604e-02
1.689142968750000000e+04 6.966649740934371948e-02
1.690760546875000000e+04 8.195920288562774658e-02
1.692054687500000000e+04 8.858387172222137451e-02
1.693672460937500000e+04 9.225969016551971436e-02
1.695290039062500000e+04 9.036985784769058228e-02
1.696584179687500000e+04 8.468027412891387939e-02
1.698201757812500000e+04 7.234021276235580444e-02
1.699819335937500000e+04 5.441099032759666443e-02
1.701113476562500000e+04 3.634799644351005554e-02
1.702731250000000000e+04 9.674940258264541626e-03
1.704025195312500000e+04 -1.441791839897632599e-02
1.705642968750000000e+04 -4.715700075030326843e-02
1.707260546875000000e+04 -8.179721236228942871e-02
1.708554687500000000e+04 -1.101060435175895691e-01
1.710172265625000000e+04 -1.452542990446090698e-01
1.711790039062500000e+04 -1.790691316127777100e-01
1.713083984375000000e+04 -2.044352442026138306e-01
1.714701757812500000e+04 -2.332211881875991821e-01
1.716319335937500000e+04 -2.579936981201171875e-01
1.717613476562500000e+04 -2.744826078414916992e-01
1.719231054687500000e+04 -2.905506193637847900e-01
1.720525195312500000e+04 -2.996128499507904053e-01
1.722142968750000000e+04 -3.061615824699401855e-01
1.723760546875000000e+04 -3.075560033321380615e-01
1.725054687500000000e+04 -3.051999509334564209e-01
1.726672265625000000e+04 -2.983644604682922363e-01
1.728289843750000000e+04 -2.878448963165283203e-01
1.729583984375000000e+04 -2.773108184337615967e-01
1.731201757812500000e+04 -2.622278928756713867e-01
1.732819335937500000e+04 -2.458627223968505859e-01
1.734113476562500000e+04 -2.324533462524414062e-01
1.735731054687500000e+04 -2.160181403160095215e-01
1.737025195312500000e+04 -2.036217153072357178e-01
1.738642773437500000e+04 -1.896411329507827759e-01
1.740260546875000000e+04 -1.778626292943954468e-01
1.741554492187500000e+04 -1.703061610460281372e-01
1.743172265625000000e+04 -1.634155064821243286e-01
1.744789843750000000e+04 -1.594644188880920410e-01
1.746083984375000000e+04 -1.583957672119140625e-01
1.747701562500000000e+04 -1.595259010791778564e-01
1.749319335937500000e+04 -1.631125360727310181e-01
1.750613476562500000e+04 -1.674785315990447998e-01
1.752231054687500000e+04 -1.743957102298736572e-01
1.753525195312500000e+04 -1.807555258274078369e-01
1.755142773437500000e+04 -1.892482638359069824e-01
1.756760351562500000e+04 -1.977873444557189941e-01
1.758054492187500000e+04 -2.042567878961563110e-01
1.759672265625000000e+04 -2.114236205816268921e-01
1.761289843750000000e+04 -2.170954644680023193e-01
1.762583984375000000e+04 -2.202584445476531982e-01
1.764201562500000000e+04 -2.221885323524475098e-01
1.765819140625000000e+04 -2.216166555881500244e-01
1.767113281250000000e+04 -2.192389219999313354e-01
1.768731054687500000e+04 -2.138059288263320923e-01
1.770025000000000000e+04 -2.075090557336807251e-01
1.771642773437500000e+04 -1.973084658384323120e-01
1.773260351562500000e+04 -1.847349554300308228e-01
1.774554492187500000e+04 -1.731826364994049072e-01
1.776172070312500000e+04 -1.572144776582717896e-01
1.777789843750000000e+04 -1.399907916784286499e-01
1.779083789062500000e+04 -1.256604343652725220e-01
1.780701562500000000e+04 -1.075279191136360168e-01
1.782319140625000000e+04 -8.968973159790039062e-02
1.783613281250000000e+04 -7.601606845855712891e-02
1.785230859375000000e+04 -6.012992560863494873e-02
1.786525000000000000e+04 -4.870026931166648865e-02
1.788142773437500000e+04 -3.638436272740364075e-02
1.789760351562500000e+04 -2.659664116799831390e-02
1.791054492187500000e+04 -2.077023126184940338e-02
1.792672070312500000e+04 -1.613426581025123596e-02
1.794289648437500000e+04 -1.449578814208507538e-02
1.795583789062500000e+04 -1.531369145959615707e-02
1.797201562500000000e+04 -1.887078210711479187e-02
1.798819140625000000e+04 -2.501216158270835876e-02
1.800113281250000000e+04 -3.156187385320663452e-02
1.801730859375000000e+04 -4.145157337188720703e-02
1.803025000000000000e+04 -5.043506249785423279e-02
1.804642578125000000e+04 -6.257855147123336792e-02
1.806260351562500000e+04 -7.523955404758453369e-02
1.807554492187500000e+04 -8.537436276674270630e-02
1.809172070312500000e+04 -9.759426116943359375e-02
1.810789648437500000e+04 -1.088276952505111694e-01
1.812083789062500000e+04 -1.167718321084976196e-01
1.813701367187500000e+04 -1.250170320272445679e-01
1.815319140625000000e+04 -1.310121268033981323e-01
1.816613281250000000e+04 -1.339527070522308350e-01
1.818230859375000000e+04 -1.350692063570022583e-01
1.819525000000000000e+04 -1.337794512510299683e-01
1.821142578125000000e+04 -1.293187290430068970e-01
1.822760351562500000e+04 -1.216398701071739197e-01
1.824054296875000000e+04 -1.132002621889114380e-01
1.825672070312500000e+04 -9.988836199045181274e-02
1.827289648437500000e+04 -8.372383564710617065e-02
1.828583789062500000e+04 -6.896182894706726074e-02
1.830201367187500000e+04 -4.858964309096336365e-02
1.831819140625000000e+04 -2.658893354237079620e-02
1.833113085937500000e+04 -8.238662034273147583e-03
1.834730859375000000e+04 1.504206005483865738e-02
1.836025000000000000e+04 3.346238657832145691e-02
1.837642578125000000e+04 5.555734410881996155e-02
1.839260156250000000e+04 7.586044073104858398e-02
1.840554296875000000e+04 9.028235077857971191e-02
1.842172070312500000e+04 1.054199710488319397e-01
1.843789648437500000e+04 1.167531386017799377e-01
1.845083789062500000e+04 1.227359771728515625e-01
1.846701367187500000e+04 1.260639727115631104e-01
1.848319140625000000e+04 1.246248483657836914e-01
1.849613085937500000e+04 1.200582534074783325e-01
1.851230859375000000e+04 1.102799326181411743e-01
1.852525000000000000e+04 9.947233647108078003e-02
1.854142578125000000e+04 8.275333046913146973e-02
1.855760156250000000e+04 6.321158260107040405e-02
1.857054296875000000e+04 4.617381468415260315e-02
1.858672070312500000e+04 2.399651706218719482e-02
1.860289648437500000e+04 1.871163258329033852e-03
1.861583789062500000e+04 -1.504107564687728882e-02
1.863201367187500000e+04 -3.428845852613449097e-02
1.864818945312500000e+04 -5.050481483340263367e-02
1.866113085937500000e+04 -6.071134284138679504e-02
1.867730859375000000e+04 -6.942408531904220581e-02
1.869025000000000000e+04 -7.284085452556610107e-02
1.870642578125000000e+04 -7.242132723331451416e-02
1.872260156250000000e+04 -6.673460453748703003e-02
1.873554296875000000e+04 -5.850566178560256958e-02
1.875171875000000000e+04 -4.395981878042221069e-02
1.876789648437500000e+04 -2.525961771607398987e-02
1.878083789062500000e+04 -7.847912609577178955e-03
1.879701367187500000e+04 1.616893149912357330e-02
1.881318945312500000e+04 4.166720062494277954e-02
1.882613085937500000e+04 6.234182789921760559e-02
1.884230859375000000e+04 8.750372380018234253e-02
1.885524804687500000e+04 1.063250824809074402e-01
1.887142578125000000e+04 1.272246986627578735e-01
1.888760156250000000e+04 1.441862881183624268e-01
1.890054296875000000e+04 1.542703360319137573e-01
1.891671875000000000e+04 1.618508547544479370e-01
1.893289648437500000e+04 1.633032560348510742e-01
1.894583789062500000e+04 1.598142832517623901e-01
1.896201367187500000e+04 1.495637744665145874e-01
1.897818945312500000e+04 1.329475641250610352e-01
1.899113085937500000e+04 1.153809055685997009e-01
1.900730664062500000e+04 8.870273083448410034e-02
1.902024804687500000e+04 6.420035660266876221e-02
1.903642578125000000e+04 3.063488006591796875e-02
1.905260156250000000e+04 -4.893221426755189896e-03
1.906554296875000000e+04 -3.370422869920730591e-02
1.908171875000000000e+04 -6.885793805122375488e-02
1.909789648437500000e+04 -1.015544161200523376e-01
1.911083593750000000e+04 -1.249011531472206116e-01
1.912701367187500000e+04 -1.493822187185287476e-01
1.914318945312500000e+04 -1.675084680318832397e-01
1.915613085937500000e+04 -1.767917722463607788e-01
1.917230664062500000e+04 -1.813423931598663330e-01
1.918524804687500000e+04 -1.791590452194213867e-01
1.920142578125000000e+04 -1.692126989364624023e-01
1.921760156250000000e+04 -1.516823172569274902e-01
1.923054296875000000e+04 -1.327509433031082153e-01
1.924671875000000000e+04 -1.039365604519844055e-01
1.926289453125000000e+04 -7.076957821846008301e-02
1.927583593750000000e+04 -4.223559051752090454e-02
1.929201367187500000e+04 -5.613626446574926376e-03
1.930818945312500000e+04 3.029150888323783875e-02
1.932113085937500000e+04 5.723924562335014343e-02
1.933730664062500000e+04 8.722645789384841919e-02
1.935024804687500000e+04 1.072820499539375305e-01
1.936642382812500000e+04 1.263439506292343140e-01
1.938260156250000000e+04 1.378404051065444946e-01
1.939554296875000000e+04 1.411969959735870361e-01
1.941171875000000000e+04 1.379482746124267578e-01
1.942789453125000000e+04 1.266577094793319702e-01
1.944083593750000000e+04 1.122552156448364258e-01
1.945701171875000000e+04 8.837009966373443604e-02
1.947318945312500000e+04 5.915603786706924438e-02
1.948613085937500000e+04 3.296466916799545288e-02
1.950230664062500000e+04 -1.902470830827951431e-03
1.951524804687500000e+04 -3.042364865541458130e-02
1.953142382812500000e+04 -6.543427705764770508e-02
1.954759960937500000e+04 -9.825290739536285400e-02
1.956054101562500000e+04 -1.219841465353965759e-01
1.957671875000000000e+04 -1.475254446268081665e-01
1.959289453125000000e+04 -1.676957905292510986e-01
1.960583593750000000e+04 -1.796106994152069092e-01
1.962201171875000000e+04 -1.890791803598403931e-01
1.963818945312500000e+04 -1.926757097244262695e-01
1.965112890625000000e+04 -1.916406750679016113e-01
1.966730664062500000e+04 -1.860828548669815063e-01
1.968024804687500000e+04 -1.788216084241867065e-01
1.969642382812500000e+04 -1.671530306339263916e-01
1.971259960937500000e+04 -1.537140756845474243e-01
1.972554101562500000e+04 -1.424956321716308594e-01
1.974171875000000000e+04 -1.288497895002365112e-01
1.975789453125000000e+04 -1.165764257311820984e-01
1.977083593750000000e+04 -1.083194166421890259e-01
1.978701171875000000e+04 -1.004851609468460083e-01
1.980318750000000000e+04 -9.578091651201248169e-02
1.981612890625000000e+04 -9.437357634305953979e-02
1.983230664062500000e+04 -9.548097103834152222e-02
1.984524609375000000e+04 -9.846664220094680786e-02
1.986142382812500000e+04 -1.044069230556488037e-01
1.987759960937500000e+04 -1.121962517499923706e-01
1.989054101562500000e+04 -1.192590221762657166e-01
1.990671679687500000e+04 -1.284613460302352905e-01
1.992289453125000000e+04 -1.373474597930908203e-01
1.993583398437500000e+04 -1.437391191720962524e-01
1.995201171875000000e+04 -1.503062248229980469e-01
1.996818750000000000e+04 -1.548379510641098022e-01
1.998112890625000000e+04 -1.567740291357040405e-01
1.999730468750000000e+04 -1.569495648145675659e-01
2.001024609375000000e+04 -1.552995294332504272e-01
2.002642382812500000e+04 -1.511371284723281860e-01
2.004259960937500000e+04 -1.449315100908279419e-01
2.005554101562500000e+04 -1.387804150581359863e-01
2.007171679687500000e+04 -1.300339102745056152e-01
2.008789257812500000e+04 -1.206270754337310791e-01
2.010083398437500000e+04 -1.130021438002586365e-01
2.011701171875000000e+04 -1.037928909063339233e-01
2.013318750000000000e+04 -9.538016468286514282e-02
2.014612890625000000e+04 -8.948498219251632690e-02
2.016230468750000000e+04 -8.340016752481460571e-02
2.017524609375000000e+04 -7.967115193605422974e-02
2.019142187500000000e+04 -7.649108022451400757e-02
2.020759960937500000e+04 -7.491723448038101196e-02
2.022054101562500000e+04 -7.472253590822219849e-02
2.023671679687500000e+04 -7.562559098005294800e-02
2.025289257812500000e+04 -7.753705978393554688e-02
2.026583398437500000e+04 -7.957375049591064453e-02
2.028200976562500000e+04 -8.246427029371261597e-02
2.029818750000000000e+04 -8.541799336671829224e-02
2.031112890625000000e+04 -8.760952949523925781e-02
2.032730468750000000e+04 -8.989474177360534668e-02
2.034024609375000000e+04 -9.121169894933700562e-02
2.035642187500000000e+04 -9.206715226173400879e-02
2.037259765625000000e+04 -9.193585813045501709e-02
2.038553906250000000e+04 -9.108494222164154053e-02
2.040171679687500000e+04 -8.909980952739715576e-02
2.041789257812500000e+04 -8.616072684526443481e-02
2.043083398437500000e+04 -8.320891857147216797e-02
2.044700976562500000e+04 -7.891792804002761841e-02
2.046318554687500000e+04 -7.416333258152008057e-02
2.047612695312500000e+04 -7.019356638193130493e-02
2.049230468750000000e+04 -6.525260210037231445e-02
2.050524609375000000e+04 -6.149457767605781555e-02
2.052142187500000000e+04 -5.728220939636230469e-02
2.053759765625000000e+04 -5.386938154697418213e-02
2.055053906250000000e+04 -5.188890919089317322e-02
2.056671484375000000e+04 -5.054789036512374878e-02
2.058289257812500000e+04 -5.065150558948516846e-02
2.059583398437500000e+04 -5.187645927071571350e-02
2.061200976562500000e+04 -5.491438508033752441e-02
2.062818554687500000e+04 -5.965310707688331604e-02
2.064112695312500000e+04 -6.464093178510665894e-02
2.065730273437500000e+04 -7.227020710706710815e-02
2.067024414062500000e+04 -7.936491817235946655e-02
2.068642187500000000e+04 -8.923918008804321289e-02
2.070259765625000000e+04 -9.989746659994125366e-02
2.071553906250000000e+04 -1.087005734443664551e-01
2.073171484375000000e+04 -1.196367964148521423e-01
2.074789062500000000e+04 -1.299929022789001465e-01
2.076083203125000000e+04 -1.374779194593429565e-01
2.077700976562500000e+04 -1.453500837087631226e-01
2.079318554687500000e+04 -1.510503888130187988e-01
2.080612695312500000e+04 -1.536970585584640503e-01
2.082230273437500000e+04 -1.542339771986007690e-01
2.083524414062500000e+04 -1.522208452224731445e-01
2.085141992187500000e+04 -1.464428454637527466e-01
2.086759765625000000e+04 -1.369403302669525146e-01
2.088053906250000000e+04 -1.266841292381286621e-01
2.089671484375000000e+04 -1.107208356261253357e-01
2.091289062500000000e+04 -9.161797910928726196e-02
2.092583203125000000e+04 -7.443402707576751709e-02
2.094200781250000000e+04 -5.115249007940292358e-02
2.095818554687500000e+04 -2.662944979965686798e-02
2.097112695312500000e+04 -6.728051695972681046e-03
2.098730273437500000e+04 1.768516935408115387e-02
2.100024414062500000e+04 3.622436523437500000e-02
2.101641992187500000e+04 5.734073743224143982e-02
2.103259570312500000e+04 7.532422244548797607e-02
2.104553710937500000e+04 8.691708743572235107e-02
2.106171484375000000e+04 9.737127274274826050e-02
2.107789062500000000e+04 1.029112935066223145e-01
2.109083203125000000e+04 1.036341115832328796e-01
2.110700781250000000e+04 9.988389164209365845e-02
2.112318359375000000e+04 9.116826951503753662e-02
2.113612500000000000e+04 8.091846853494644165e-02
2.115230273437500000e+04 6.456534564495086670e-02
2.116524414062500000e+04 4.917580634355545044e-02
2.118141992187500000e+04 2.788488194346427917e-02
2.119759570312500000e+04 5.334846209734678268e-03
2.121053710937500000e+04 -1.283896714448928833e-02
2.122671289062500000e+04 -3.475485369563102722e-02
2.124289062500000000e+04 -5.475303903222084045e-02
2.125583203125000000e+04 -6.869649887084960938e-02
2.127200781250000000e+04 -8.283875882625579834e-02
2.128818359375000000e+04 -9.270562231540679932e-02
2.130112500000000000e+04 -9.720923751592636108e-02
2.131730078125000000e+04 -9.840563684701919556e-02
2.133024218750000000e+04 -9.580940753221511841e-02
2.134641992187500000e+04 -8.829613775014877319e-02
2.136259570312500000e+04 -7.643172144889831543e-02
2.137553710937500000e+04 -6.420720368623733521e-02
2.139171289062500000e+04 -4.613763093948364258e-02
2.140788867187500000e+04 -2.576948143541812897e-02
2.142083007812500000e+04 -8.439505472779273987e-03
2.143700781250000000e+04 1.372201275080442429e-02
2.145318359375000000e+04 3.557169064879417419e-02
2.146612500000000000e+04 5.223909765481948853e-02
2.148230078125000000e+04 7.139803469181060791e-02
2.149524218750000000e+04 8.496302366256713867e-02
2.151141796875000000e+04 9.925601631402969360e-02
2.152759570312500000e+04 1.102146133780479431e-01
2.154053710937500000e+04 1.164067462086677551e-01
2.155671289062500000e+04 1.208375692367553711e-01
2.157288867187500000e+04 1.216237917542457581e-01
2.158583007812500000e+04 1.197358295321464539e-01
2.160200585937500000e+04 1.144619435071945190e-01
2.161818359375000000e+04 1.063008531928062439e-01
2.163112500000000000e+04 9.799674898386001587e-02
2.164730078125000000e+04 8.582840114831924438e-02
2.166024218750000000e+04 7.500790804624557495e-02
2.167641796875000000e+04 6.060740724205970764e-02
2.169259375000000000e+04 4.577456042170524597e-02
2.170553515625000000e+04 3.397712111473083496e-02
2.172171289062500000e+04 1.976661384105682373e-02
2.173788867187500000e+04 6.608260329812765121e-03
2.175083007812500000e+04 -2.871442586183547974e-03
2.176700585937500000e+04 -1.311284396797418594e-02
2.178318164062500000e+04 -2.131417393684387207e-02
2.179612304687500000e+04 -2.628412470221519470e-02
2.181230078125000000e+04 -3.043863922357559204e-02
2.182524218750000000e+04 -3.212528303265571594e-02
2.184141796875000000e+04 -3.228064626455307007e-02
2.185759375000000000e+04 -3.045911155641078949e-02
2.187053515625000000e+04 -2.777231298387050629e-02
2.188671093750000000e+04 -2.317994832992553711e-02
2.190288867187500000e+04 -1.760426349937915802e-02
2.191583007812500000e+04 -1.273680850863456726e-02
2.193200585937500000e+04 -6.530989427119493484e-03
2.194818164062500000e+04 -6.107062799856066704e-04
2.196112304687500000e+04 3.637271933257579803e-03
2.197729882812500000e+04 8.026218973100185394e-03
2.199024023437500000e+04 1.060891337692737579e-02
2.200641796875000000e+04 1.248033437877893448e-02
2.202259375000000000e+04 1.270575262606143951e-02
2.203553515625000000e+04 1.165664196014404297e-02
2.205171093750000000e+04 8.822726085782051086e-03
2.206788671875000000e+04 4.382518585771322250e-03
2.208082812500000000e+04 -2.247539523523300886e-04
2.209700585937500000e+04 -7.135288324207067490e-03
2.211318164062500000e+04 -1.510931458324193954e-02
2.212612304687500000e+04 -2.208823151886463165e-02
2.214229882812500000e+04 -3.135164454579353333e-02
2.215524023437500000e+04 -3.904343768954277039e-02
2.217141601562500000e+04 -4.882020503282546997e-02
2.218759375000000000e+04 -5.858726799488067627e-02
2.220053320312500000e+04 -6.627246737480163574e-02
2.221671093750000000e+04 -7.558505237102508545e-02
2.223288671875000000e+04 -8.443977683782577515e-02
2.224582812500000000e+04 -9.110658615827560425e-02
2.226200390625000000e+04 -9.881380945444107056e-02
2.227818164062500000e+04 -1.057072654366493225e-01
2.229112109375000000e+04 -1.105476543307304382e-01
2.230729882812500000e+04 -1.156378388404846191e-01
2.232024023437500000e+04 -1.188499256968498230e-01
2.233641601562500000e+04 -1.216620504856109619e-01
2.235259179687500000e+04 -1.229980066418647766e-01
2.236553320312500000e+04 -1.229093968868255615e-01
2.238170898437500000e+04 -1.212512180209159851e-01
2.239788671875000000e+04 -1.177916526794433594e-01
2.241082812500000000e+04 -1.136950403451919556e-01
2.242700390625000000e+04 -1.069170162081718445e-01
2.244317968750000000e+04 -9.835790842771530151e-02
2.245612109375000000e+04 -9.031216800212860107e-02
2.247229687500000000e+04 -7.891638576984405518e-02
2.248523828125000000e+04 -6.888504326343536377e-02
2.250141601562500000e+04 -5.545733496546745300e-02
2.251759179687500000e+04 -4.136874899268150330e-02
2.253053320312500000e+04 -2.987860515713691711e-02
2.254670898437500000e+04 -1.557875517755746841e-02
2.256288671875000000e+04 -1.726363901980221272e-03
2.257582617187500000e+04 8.768658153712749481e-03
2.259200390625000000e+04 2.084485813975334167e-02
2.260817968750000000e+04 3.145647048950195312e-02
2.262112109375000000e+04 3.870322927832603455e-02
2.263729687500000000e+04 4.602365940809249878e-02
2.265023828125000000e+04 5.039139091968536377e-02
2.266641406250000000e+04 5.391400679945945740e-02
2.268259179687500000e+04 5.526725575327873230e-02
2.269553320312500000e+04 5.482086166739463806e-02
2.271170898437500000e+04 5.245078727602958679e-02
2.272788476562500000e+04 4.823889955878257751e-02
2.274082617187500000e+04 4.370563104748725891e-02
2.275700390625000000e+04 3.683279082179069519e-02
2.277317968750000000e+04 2.894119359552860260e-02
2.278612109375000000e+04 2.214930579066276550e-02
2.280229687500000000e+04 1.340146921575069427e-02
2.281523828125000000e+04 6.458122748881578445e-03
2.283141406250000000e+04 -1.799860154278576374e-03
2.284759179687500000e+04 -9.210810996592044830e-03
2.286053125000000000e+04 -1.427551358938217163e-02
2.287670898437500000e+04 -1.924566924571990967e-02
2.289288476562500000e+04 -2.244759909808635712e-02
2.290582617187500000e+04 -2.359809353947639465e-02
2.292200195312500000e+04 -2.317130565643310547e-02
2.293817968750000000e+04 -2.064874768257141113e-02
2.295111914062500000e+04 -1.716714724898338318e-02
2.296729687500000000e+04 -1.112523023039102554e-02
2.298023828125000000e+04 -5.099531728774309158e-03
2.299641406250000000e+04 3.639041678979992867e-03
2.301258984375000000e+04 1.333447173237800598e-02
2.302553125000000000e+04 2.146755345165729523e-02
2.304170898437500000e+04 3.168427571654319763e-02
2.305788476562500000e+04 4.147831723093986511e-02
2.307082617187500000e+04 4.867198318243026733e-02
2.308700195312500000e+04 5.647030472755432129e-02
2.310317773437500000e+04 6.256217509508132935e-02
2.311611914062500000e+04 6.598400324583053589e-02
2.313229687500000000e+04 6.824799627065658569e-02
2.314523632812500000e+04 6.836337596178054810e-02
2.316141406250000000e+04 6.636323034763336182e-02
2.317758984375000000e+04 6.205685809254646301e-02
2.319053125000000000e+04 5.707353353500366211e-02
2.320670703125000000e+04 4.915408417582511902e-02
2.322288476562500000e+04 3.968841210007667542e-02
2.323582421875000000e+04 3.127971664071083069e-02
2.325200195312500000e+04 2.010256424546241760e-02
2.326817773437500000e+04 8.621719665825366974e-03
2.328111914062500000e+04 -4.699381242971867323e-04
2.329729492187500000e+04 -1.134804356843233109e-02
2.331023632812500000e+04 -1.940987072885036469e-02
2.332641406250000000e+04 -2.839049883186817169e-02
2.334258984375000000e+04 -3.588217869400978088e-02
2.335553125000000000e+04 -4.065181687474250793e-02
2.337170703125000000e+04 -4.495254531502723694e-02
2.338788281250000000e+04 -4.732298105955123901e-02
2.340082421875000000e+04 -4.780749604105949402e-02
2.341700195312500000e+04 -4.666562378406524658e-02
2.343317773437500000e+04 -4.364218562841415405e-02
2.344611914062500000e+04 -3.993425518274307251e-02
2.346229492187500000e+04 -3.379229828715324402e-02
2.347523632812500000e+04 -2.776246890425682068e-02
2.349141210937500000e+04 -1.896211504936218262e-02
2.350758984375000000e+04 -8.916657418012619019e-03
2.352053125000000000e+04 -1.050948849297128618e-04
2.353670703125000000e+04 1.171598024666309357e-02
2.355288281250000000e+04 2.423838339745998383e-02
2.356582421875000000e+04 3.460882604122161865e-02
2.358200000000000000e+04 4.780312255024909973e-02
2.359817773437500000e+04 6.099777668714523315e-02
2.361111914062500000e+04 7.135256379842758179e-02
2.362729492187500000e+04 8.377327769994735718e-02
2.364023632812500000e+04 9.307853132486343384e-02
2.365641210937500000e+04 1.036252379417419434e-01
2.367258984375000000e+04 1.126380041241645813e-01
2.368552929687500000e+04 1.185162290930747986e-01
2.370170703125000000e+04 1.239402070641517639e-01
2.371788281250000000e+04 1.269834488630294800e-01
2.373082421875000000e+04 1.275707781314849854e-01
2.374700000000000000e+04 1.258988380432128906e-01
2.376317773437500000e+04 1.215370967984199524e-01
2.377611718750000000e+04 1.161692589521408081e-01
2.379229492187500000e+04 1.072802171111106873e-01
2.380523632812500000e+04 9.861899912357330322e-02
2.382141210937500000e+04 8.620291203260421753e-02
2.383758789062500000e+04 7.249893248081207275e-02
2.385052929687500000e+04 6.100422143936157227e-02
2.386670703125000000e+04 4.651450365781784058e-02
2.388288281250000000e+04 3.252126649022102356e-02
2.389582421875000000e+04 2.213805913925170898e-02
2.391200000000000000e+04 1.071300171315670013e-02
2.392817578125000000e+04 1.551974564790725708e-03
2.394111718750000000e+04 -3.821264719590544701e-03
2.395729492187500000e+04 -7.789830211549997330e-03
2.397023437500000000e+04 -8.626370690762996674e-03
2.398641210937500000e+04 -6.688216235488653183e-03
2.400258789062500000e+04 -1.524130697362124920e-03
2.401552929687500000e+04 4.757749382406473160e-03
2.403170507812500000e+04 1.494731567800045013e-02
2.404788281250000000e+04 2.720759622752666473e-02
2.406082421875000000e+04 3.804874420166015625e-02
2.407700000000000000e+04 5.223865061998367310e-02
2.409317578125000000e+04 6.635707616806030273e-02
2.410611718750000000e+04 7.702415436506271362e-02
2.412229296875000000e+04 8.886744827032089233e-02
2.413523437500000000e+04 9.665958583354949951e-02
2.415141210937500000e+04 1.037137284874916077e-01
2.416758789062500000e+04 1.072577461600303650e-01
2.418052929687500000e+04 1.072893887758255005e-01
2.419670507812500000e+04 1.036333590745925903e-01
2.421288085937500000e+04 9.584501385688781738e-02
2.422582226562500000e+04 8.675146847963333130e-02
2.424200000000000000e+04 7.211723178625106812e-02
2.425817578125000000e+04 5.437612906098365784e-02
2.427111718750000000e+04 3.843096271157264709e-02
2.428729296875000000e+04 1.703262142837047577e-02
2.430023437500000000e+04 -6.613997975364327431e-04
2.431641015625000000e+04 -2.264425717294216156e-02
2.433258789062500000e+04 -4.351419582962989807e-02
2.434552929687500000e+04 -5.873686075210571289e-02
2.436170507812500000e+04 -7.515374571084976196e-02
2.437788085937500000e+04 -8.793555945158004761e-02
2.439082226562500000e+04 -9.512487053871154785e-02
2.440699804687500000e+04 -9.996563196182250977e-02
2.442317578125000000e+04 -1.000271663069725037e-01
2.443611718750000000e+04 -9.666767716407775879e-02
2.445229296875000000e+04 -8.845639973878860474e-02
2.446523437500000000e+04 -7.900377362966537476e-02
2.448141015625000000e+04 -6.419413536787033081e-02
2.449758789062500000e+04 -4.690626263618469238e-02
2.451052734375000000e+04 -3.198991343379020691e-02
2.452670507812500000e+04 -1.293077599257230759e-02
2.454288085937500000e+04 5.517437588423490524e-03
2.455582226562500000e+04 1.908930949866771698e-02
2.457199804687500000e+04 3.372026979923248291e-02
2.458817578125000000e+04 4.496042430400848389e-02
2.460111718750000000e+04 5.106888711452484131e-02
2.461729296875000000e+04 5.475400760769844055e-02
2.463023437500000000e+04 5.444559082388877869e-02
2.464641015625000000e+04 5.008504167199134827e-02
2.466258593750000000e+04 4.167291894555091858e-02
2.467552734375000000e+04 3.245211765170097351e-02
2.469170507812500000e+04 1.852928288280963898e-02
2.470788085937500000e+04 2.896069781854748726e-03
2.472082226562500000e+04 -1.008848194032907486e-02
2.473699804687500000e+04 -2.594337053596973419e-02
2.475317578125000000e+04 -4.033439233899116516e-02
2.476611523437500000e+04 -5.010893195867538452e-02
2.478229296875000000e+04 -5.944482609629631042e-02
2.479523437500000000e+04 -6.421642005443572998e-02
2.481141015625000000e+04 -6.649918109178543091e-02
2.482758593750000000e+04 -6.462436914443969727e-02
2.484052734375000000e+04 -6.027781963348388672e-02
2.485670312500000000e+04 -5.171734094619750977e-02
2.487288085937500000e+04 -4.040686786174774170e-02
2.488582226562500000e+04 -3.003773838281631470e-02
2.490199804687500000e+04 -1.637856476008892059e-02
2.491817382812500000e+04 -3.075535176321864128e-03
2.493111523437500000e+04 6.496838759630918503e-03
2.494729296875000000e+04 1.617644727230072021e-02
2.496023242187500000e+04 2.148050256073474884e-02
2.497641015625000000e+04 2.441790327429771423e-02
2.499258593750000000e+04 2.279834635555744171e-02
2.500552734375000000e+04 1.809620670974254608e-02
2.502170312500000000e+04 8.083628490567207336e-03
2.503788085937500000e+04 -6.079201586544513702e-03
2.505082226562500000e+04 -1.988451741635799408e-02
2.506699804687500000e+04 -3.937622532248497009e-02
2.508317382812500000e+04 -6.021670252084732056e-02
2.509611523437500000e+04 -7.696840167045593262e-02
2.511229101562500000e+04 -9.686420857906341553e-02
2.512523242187500000e+04 -1.111282035708427429e-01
2.514141015625000000e+04 -1.259012520313262939e-01
2.515758593750000000e+04 -1.363758891820907593e-01
2.517052734375000000e+04 -1.411878615617752075e-01
2.518670312500000000e+04 -1.424238234758377075e-01
2.520288085937500000e+04 -1.383221596479415894e-01
2.521582031250000000e+04 -1.314035803079605103e-01
2.523199804687500000e+04 -1.187485679984092712e-01
2.524817382812500000e+04 -1.025166660547256470e-01
2.526111523437500000e+04 -8.773554861545562744e-02
2.527729101562500000e+04 -6.812477856874465942e-02
2.529023242187500000e+04 -5.239944532513618469e-02
2.530640820312500000e+04 -3.386081755161285400e-02
2.532258593750000000e+04 -1.776645705103874207e-02
2.533552734375000000e+04 -7.402684073895215988e-03
2.535170312500000000e+04 1.680688816122710705e-03
2.536787890625000000e+04 5.933064036071300507e-03
2.538082031250000000e+04 5.690246820449829102e-03
2.539699804687500000e+04 9.168344549834728241e-04
2.541317382812500000e+04 -8.410410024225711823e-03
2.542611523437500000e+04 -1.865692436695098877e-02
2.544229101562500000e+04 -3.411042317748069763e-02
2.545523242187500000e+04 -4.785380885004997253e-02
2.547140820312500000e+04 -6.567404419183731079e-02
2.548758593750000000e+04 -8.296691626310348511e-02
2.550052734375000000e+04 -9.555808454751968384e-02
2.551670312500000000e+04 -1.087675392627716064e-01
2.553287890625000000e+04 -1.182642430067062378e-01
2.554582031250000000e+04 -1.226977407932281494e-01
2.556199609375000000e+04 -1.239131018519401550e-01
2.557817382812500000e+04 -1.201971396803855896e-01
2.559111523437500000e+04 -1.137818992137908936e-01
2.560729101562500000e+04 -1.018409505486488342e-01
2.562023242187500000e+04 -8.958724141120910645e-02
2.563640820312500000e+04 -7.165068387985229492e-02
2.565258398437500000e+04 -5.178852379322052002e-02
2.566552539062500000e+04 -3.527884185314178467e-02
2.568170312500000000e+04 -1.484480407088994980e-02
2.569787890625000000e+04 4.317419137805700302e-03
2.571082031250000000e+04 1.804399862885475159e-02
2.572699609375000000e+04 3.246866166591644287e-02
2.574317382812500000e+04 4.322863370180130005e-02
2.575611328125000000e+04 4.888895153999328613e-02
2.577229101562500000e+04 5.209358409047126770e-02
2.578523242187500000e+04 5.156429484486579895e-02
2.580140820312500000e+04 4.722609743475914001e-02
2.581758398437500000e+04 3.920961916446685791e-02
2.583052539062500000e+04 3.055604733526706696e-02
2.584670117187500000e+04 1.757026836276054382e-02
2.586287890625000000e+04 2.972701331600546837e-03
2.587582031250000000e+04 -9.252574294805526733e-03
2.589199609375000000e+04 -2.443602308630943298e-02
2.590817187500000000e+04 -3.866343945264816284e-02
2.592111328125000000e+04 -4.878605529665946960e-02
2.593729101562500000e+04 -5.923056602478027344e-02
2.595023046875000000e+04 -6.542018055915832520e-02
2.596640820312500000e+04 -7.002836465835571289e-02
2.598258398437500000e+04 -7.084368169307708740e-02
2.599552539062500000e+04 -6.864807754755020142e-02
2.601170117187500000e+04 -6.234824657440185547e-02
2.602787890625000000e+04 -5.226980149745941162e-02
2.604081835937500000e+04 -4.171947762370109558e-02
2.605699609375000000e+04 -2.584676817059516907e-02
2.607317187500000000e+04 -7.592407055199146271e-03
2.608611328125000000e+04 8.220235817134380341e-03
2.610228906250000000e+04 2.879502438008785248e-02
2.611523046875000000e+04 4.535114765167236328e-02
2.613140625000000000e+04 6.541635841131210327e-02
2.614758398437500000e+04 8.397548645734786987e-02
2.616052539062500000e+04 9.720281511545181274e-02
2.617670117187500000e+04 1.111349463462829590e-01
2.619287695312500000e+04 1.216725483536720276e-01
2.620581835937500000e+04 1.274094879627227783e-01
2.622199609375000000e+04 1.310715377330780029e-01
2.623817187500000000e+04 1.308761239051818848e-01
2.625111328125000000e+04 1.281103789806365967e-01
2.626728906250000000e+04 1.217754632234573364e-01
2.628023046875000000e+04 1.148009076714515686e-01
2.629640625000000000e+04 1.043549403548240662e-01
2.631258398437500000e+04 9.282286465167999268e-02
2.632552343750000000e+04 8.345601707696914673e-02
2.634170117187500000e+04 7.238002121448516846e-02
2.635787695312500000e+04 6.286034733057022095e-02
2.637081835937500000e+04 5.691404268145561218e-02
2.638699414062500000e+04 5.212610587477684021e-02
2.640317187500000000e+04 5.071513727307319641e-02
2.641611132812500000e+04 5.219006165862083435e-02
2.643228906250000000e+04 5.730073153972625732e-02
2.644523046875000000e+04 6.386756896972656250e-02
2.646140625000000000e+04 7.480669021606445312e-02
2.647758203125000000e+04 8.817870914936065674e-02
2.649052343750000000e+04 1.000876724720001221e-01
2.650669921875000000e+04 1.157109588384628296e-01
2.652287695312500000e+04 1.312301009893417358e-01
2.653581835937500000e+04 1.429020613431930542e-01
2.655199414062500000e+04 1.557710170745849609e-01
2.656816992187500000e+04 1.659485846757888794e-01
2.658111132812500000e+04 1.716898679733276367e-01
2.659728710937500000e+04 1.754463464021682739e-01
2.661022851562500000e+04 1.755306869745254517e-01
2.662640625000000000e+04 1.719155907630920410e-01
2.664258203125000000e+04 1.642972826957702637e-01
2.665552343750000000e+04 1.555469632148742676e-01
2.667169921875000000e+04 1.417259275913238525e-01
2.668787500000000000e+04 1.253228932619094849e-01
2.670081640625000000e+04 1.108559817075729370e-01
2.671699414062500000e+04 9.178660809993743896e-02
2.673316992187500000e+04 7.240842282772064209e-02
2.674611132812500000e+04 5.723314359784126282e-02
2.676228710937500000e+04 3.930747136473655701e-02
2.677522851562500000e+04 2.621803432703018188e-02
2.679140429687500000e+04 1.188912801444530487e-02
2.680758203125000000e+04 2.199660812038928270e-04
2.682052343750000000e+04 -6.997280754148960114e-03
2.683669921875000000e+04 -1.322897430509328842e-02
2.685287500000000000e+04 -1.631894335150718689e-02
2.686581640625000000e+04 -1.656987518072128296e-02
2.688199218750000000e+04 -1.423910725861787796e-02
2.689816992187500000e+04 -9.189548902213573456e-03
2.691111132812500000e+04 -3.389403223991394043e-03
2.692728710937500000e+04 5.776578094810247421e-03
2.694022851562500000e+04 1.441104803234338760e-02
2.695640429687500000e+04 2.650246955454349518e-02
2.697258007812500000e+04 3.965717554092407227e-02
2.698552148437500000e+04 5.066705495119094849e-02
2.700169921875000000e+04 6.468209624290466309e-02
2.701787500000000000e+04 7.857951521873474121e-02
2.703081640625000000e+04 8.932474255561828613e-02
2.704699218750000000e+04 1.019318401813507080e-01
2.706316796875000000e+04 1.132315248250961304e-01
2.707610937500000000e+04 1.210580766201019287e-01
2.709228710937500000e+04 1.290072053670883179e-01
2.710522656250000000e+04 1.336869299411773682e-01
2.712140429687500000e+04 1.371954679489135742e-01
2.713758007812500000e+04 1.379016488790512085e-01
2.715052148437500000e+04 1.363607645034790039e-01
2.716669726562500000e+04 1.317799836397171021e-01
2.718287500000000000e+04 1.243344470858573914e-01
2.719581445312500000e+04 1.164567098021507263e-01
2.721199218750000000e+04 1.044927388429641724e-01
2.722816796875000000e+04 9.060994535684585571e-02
2.724110937500000000e+04 7.850689440965652466e-02
2.725728515625000000e+04 6.269420683383941650e-02
2.727022656250000000e+04 4.995748028159141541e-02
2.728640234375000000e+04 3.458227217197418213e-02
2.730258007812500000e+04 2.054785937070846558e-02
2.731552148437500000e+04 1.079640071839094162e-02
2.733169726562500000e+04 1.035020221024751663e-03
2.734787304687500000e+04 -5.478010047227144241e-03
2.736081445312500000e+04 -8.040148764848709106e-03
2.737699023437500000e+04 -7.683229632675647736e-03
2.739316796875000000e+04 -3.266538493335247040e-03
2.740610937500000000e+04 3.140561981126666069e-03
2.742228515625000000e+04 1.451413147151470184e-02
2.743522656250000000e+04 2.602366358041763306e-02
2.745140234375000000e+04 4.290867969393730164e-02
2.746758007812500000e+04 6.186112016439437866e-02
2.748051953125000000e+04 7.793072611093521118e-02
2.749669726562500000e+04 9.836616367101669312e-02
2.751287304687500000e+04 1.182913258671760559e-01
2.752581445312500000e+04 1.332305371761322021e-01
2.754199023437500000e+04 1.499157696962356567e-01
2.755816796875000000e+04 1.636721789836883545e-01
2.757110742187500000e+04 1.721424460411071777e-01
2.758728515625000000e+04 1.791739463806152344e-01
2.760022656250000000e+04 1.817799955606460571e-01
2.761640234375000000e+04 1.811911761760711670e-01
2.763257812500000000e+04 1.764381974935531616e-01
2.764551953125000000e+04 1.698404401540756226e-01
2.766169531250000000e+04 1.585005223751068115e-01
2.767787304687500000e+04 1.443088799715042114e-01
2.769081445312500000e+04 1.313971132040023804e-01
2.770699023437500000e+04 1.139938980340957642e-01
2.772316601562500000e+04 9.598268568515777588e-02
2.773610742187500000e+04 8.170825242996215820e-02
2.775228320312500000e+04 6.471526622772216797e-02
2.776522460937500000e+04 5.226411297917366028e-02
2.778140234375000000e+04 3.867256641387939453e-02
2.779757812500000000e+04 2.776236645877361298e-02
2.781051953125000000e+04 2.123081684112548828e-02
2.782669531250000000e+04 1.602442376315593719e-02
2.784287109375000000e+04 1.420716289430856705e-02
2.785581250000000000e+04 1.518043782562017441e-02
2.787199023437500000e+04 1.931016892194747925e-02
2.788816601562500000e+04 2.644278667867183685e-02
2.790110742187500000e+04 3.408548235893249512e-02
2.791728320312500000e+04 4.571904242038726807e-02
2.793022460937500000e+04 5.640726163983345032e-02
2.794640039062500000e+04 7.108791172504425049e-02
2.796257812500000000e+04 8.676910400390625000e-02
2.797551757812500000e+04 9.969674050807952881e-02
2.799169531250000000e+04 1.159197986125946045e-01
2.800787109375000000e+04 1.317693144083023071e-01
2.802081250000000000e+04 1.438758522272109985e-01
2.803698828125000000e+04 1.579374521970748901e-01
2.805316406250000000e+04 1.704456955194473267e-01
2.806610546875000000e+04 1.790972352027893066e-01
2.808228320312500000e+04 1.879589408636093140e-01
2.809522265625000000e+04 1.933234781026840210e-01
2.811140039062500000e+04 1.977004855871200562e-01
2.812757617187500000e+04 1.993615180253982544e-01
2.814051757812500000e+04 1.986913233995437622e-01
2.815669335937500000e+04 1.953740864992141724e-01
2.817287109375000000e+04 1.894145458936691284e-01
2.818581054687500000e+04 1.828926205635070801e-01
2.820198828125000000e+04 1.728241741657257080e-01
2.821816406250000000e+04 1.610347032546997070e-01
2.823110546875000000e+04 1.507221758365631104e-01
2.824728125000000000e+04 1.372522413730621338e-01
2.826022265625000000e+04 1.264414042234420776e-01
2.827639843750000000e+04 1.134956628084182739e-01
2.829257617187500000e+04 1.018707379698753357e-01
2.830551757812500000e+04 9.400311112403869629e-02
2.832169335937500000e+04 8.650819212198257446e-02
2.833786914062500000e+04 8.212745189666748047e-02
2.835081054687500000e+04 8.114735037088394165e-02
2.836698632812500000e+04 8.328769356012344360e-02
2.838316406250000000e+04 8.921818435192108154e-02
2.839610546875000000e+04 9.659373760223388672e-02
2.841228125000000000e+04 1.088012903928756714e-01
2.842522265625000000e+04 1.206139177083969116e-01
2.844139843750000000e+04 1.373296678066253662e-01
2.845757421875000000e+04 1.553969532251358032e-01
2.847051562500000000e+04 1.701697111129760742e-01
2.848669335937500000e+04 1.881712526082992554e-01
2.850286914062500000e+04 2.047030031681060791e-01
2.851581054687500000e+04 2.162244021892547607e-01
2.853198632812500000e+04 2.277906239032745361e-01
2.854816210937500000e+04 2.355854064226150513e-01
2.856110351562500000e+04 2.387964278459548950e-01
2.857728125000000000e+04 2.388490438461303711e-01
2.859022265625000000e+04 2.357426732778549194e-01
2.860639843750000000e+04 2.281588613986968994e-01
2.862257421875000000e+04 2.169514000415802002e-01
2.863551562500000000e+04 2.058629095554351807e-01
2.865169140625000000e+04 1.900953650474548340e-01
2.866786914062500000e+04 1.731375157833099365e-01
2.868081054687500000e+04 1.594101488590240479e-01
2.869698632812500000e+04 1.428997069597244263e-01
2.871316210937500000e+04 1.279699057340621948e-01
2.872610351562500000e+04 1.176878586411476135e-01
2.874227929687500000e+04 1.074023097753524780e-01
2.875522070312500000e+04 1.014541089534759521e-01
2.877139843750000000e+04 9.697432816028594971e-02
2.878757421875000000e+04 9.565923362970352173e-02
2.880051562500000000e+04 9.664865583181381226e-02
2.881669140625000000e+04 9.996790438890457153e-02
2.883286718750000000e+04 1.049316972494125366e-01
2.884580859375000000e+04 1.095400825142860413e-01
2.886198632812500000e+04 1.153814047574996948e-01
2.887816210937500000e+04 1.205444857478141785e-01
2.889110351562500000e+04 1.236921250820159912e-01
2.890727929687500000e+04 1.259039193391799927e-01
2.892022070312500000e+04 1.260415911674499512e-01
2.893639648437500000e+04 1.240095049142837524e-01
2.895257421875000000e+04 1.195654720067977905e-01
2.896551367187500000e+04 1.144480705261230469e-01
2.898169140625000000e+04 1.064937636256217957e-01
2.899786718750000000e+04 9.740876406431198120e-02
2.901080859375000000e+04 8.983634412288665771e-02
2.902698437500000000e+04 8.067984133958816528e-02
2.904316210937500000e+04 7.262793928384780884e-02
2.905610351562500000e+04 6.748487055301666260e-02
2.907227929687500000e+04 6.319746375083923340e-02
2.908522070312500000e+04 6.175689771771430969e-02
2.910139648437500000e+04 6.263632327318191528e-02
2.911757226562500000e+04 6.647668033838272095e-02
2.913051367187500000e+04 7.150559872388839722e-02
2.914669140625000000e+04 7.981238514184951782e-02
2.916286718750000000e+04 8.969048410654067993e-02
2.917580859375000000e+04 9.812977910041809082e-02
2.919198437500000000e+04 1.085103601217269897e-01
2.920816015625000000e+04 1.177279800176620483e-01
2.922110156250000000e+04 1.235779821872711182e-01
2.923727929687500000e+04 1.282068192958831787e-01
2.925021875000000000e+04 1.292796581983566284e-01
2.926639648437500000e+04 1.268551796674728394e-01
2.928257226562500000e+04 1.199588924646377563e-01
2.929551367187500000e+04 1.111982390284538269e-01
2.931168945312500000e+04 9.641311317682266235e-02
2.932786718750000000e+04 7.788163423538208008e-02
2.934080859375000000e+04 6.089567765593528748e-02
2.935698437500000000e+04 3.781641274690628052e-02
2.937316015625000000e+04 1.378257572650909424e-02
2.938610156250000000e+04 -5.282992962747812271e-03
2.940227734375000000e+04 -2.783578261733055115e-02
2.941521875000000000e+04 -4.408672824501991272e-02
2.943139648437500000e+04 -6.122764572501182556e-02
2.944757226562500000e+04 -7.398290187120437622e-02
2.946051367187500000e+04 -8.056470751762390137e-02
2.947668945312500000e+04 -8.392053097486495972e-02
2.949286523437500000e+04 -8.176890760660171509e-02
2.950580664062500000e+04 -7.621397078037261963e-02
2.952198437500000000e+04 -6.489785015583038330e-02
2.953816015625000000e+04 -4.944686591625213623e-02
2.955110156250000000e+04 -3.477897122502326965e-02
2.956727734375000000e+04 -1.454971544444561005e-02
2.958021875000000000e+04 2.343795262277126312e-03
2.959639453125000000e+04 2.322304435074329376e-02
2.961257226562500000e+04 4.260434582829475403e-02
2.962551367187500000e+04 5.619654059410095215e-02
2.964168945312500000e+04 6.987639516592025757e-02
2.965786523437500000e+04 7.904624938964843750e-02
2.967080664062500000e+04 8.269280940294265747e-02
2.968698242187500000e+04 8.231893926858901978e-02
2.970316015625000000e+04 7.638293504714965820e-02
2.971610156250000000e+04 6.775847077369689941e-02
2.973227734375000000e+04 5.253276973962783813e-02
2.974521875000000000e+04 3.724584728479385376e-02
2.976139453125000000e+04 1.503662485629320145e-02
2.977757226562500000e+04 -9.583780542016029358e-03
2.979051171875000000e+04 -3.019338101148605347e-02
2.980668945312500000e+04 -5.601393803954124451e-02
2.982286523437500000e+04 -8.069438487291336060e-02
2.983580664062500000e+04 -9.878714382648468018e-02
2.985198242187500000e+04 -1.183970272541046143e-01
2.986816015625000000e+04 -1.337786912918090820e-01
2.988109960937500000e+04 -1.425362080335617065e-01
2.989727734375000000e+04 -1.486279070377349854e-01
2.991021875000000000e+04 -1.494662314653396606e-01
2.992639453125000000e+04 -1.454947739839553833e-01
2.994257031250000000e+04 -1.362402141094207764e-01
2.995551171875000000e+04 -1.254184693098068237e-01
2.997168945312500000e+04 -1.083095595240592957e-01
2.998786523437500000e+04 -8.818472921848297119e-02
3.000080664062500000e+04 -7.071094214916229248e-02
3.001698242187500000e+04 -4.823808372020721436e-02
3.003315820312500000e+04 -2.631139941513538361e-02
3.004609960937500000e+04 -1.004614867269992828e-02
3.006227734375000000e+04 7.661646697670221329e-03
3.007521679687500000e+04 1.905469596385955811e-02
3.009139453125000000e+04 2.908822335302829742e-02
3.010757031250000000e+04 3.386187180876731873e-02
3.012051171875000000e+04 3.365845978260040283e-02
3.013668750000000000e+04 2.834490500390529633e-02
3.015286523437500000e+04 1.767167262732982635e-02
3.016580468750000000e+04 5.657417234033346176e-03
3.018198242187500000e+04 -1.299259252846240997e-02
3.019815820312500000e+04 -3.467005118727684021e-02
3.021109960937500000e+04 -5.335404351353645325e-02
3.022727539062500000e+04 -7.724806666374206543e-02
3.024021679687500000e+04 -9.592767059803009033e-02
3.025639257812500000e+04 -1.175973936915397644e-01
3.027257031250000000e+04 -1.362449079751968384e-01
3.028551171875000000e+04 -1.482697129249572754e-01
3.030168750000000000e+04 -1.589874327182769775e-01
3.031786328125000000e+04 -1.644027978181838989e-01
3.033080468750000000e+04 -1.647481769323348999e-01
3.034698242187500000e+04 -1.602540314197540283e-01
3.036315820312500000e+04 -1.506417840719223022e-01
3.037609960937500000e+04 -1.397044956684112549e-01
3.039227539062500000e+04 -1.227252334356307983e-01
3.040521679687500000e+04 -1.071659773588180542e-01
3.042139257812500000e+04 -8.624888956546783447e-02
3.043757031250000000e+04 -6.486530601978302002e-02
3.045050976562500000e+04 -4.825102165341377258e-02
3.046668750000000000e+04 -2.906409464776515961e-02
3.048286328125000000e+04 -1.256876811385154724e-02
3.049580468750000000e+04 -1.858026836998760700e-03
3.051198046875000000e+04 7.935628294944763184e-03
3.052815820312500000e+04 1.343225874006748199e-02
3.054109960937500000e+04 1.468427665531635284e-02
3.055727539062500000e+04 1.246458943933248520e-02
3.057021679687500000e+04 7.904558442533016205e-03
3.058639257812500000e+04 -7.960467482917010784e-04
3.060256835937500000e+04 -1.216159109026193619e-02
3.061550976562500000e+04 -2.263080514967441559e-02
3.063168750000000000e+04 -3.672590479254722595e-02
3.064786328125000000e+04 -5.116162449121475220e-02
3.066080468750000000e+04 -6.243157386779785156e-02
3.067698046875000000e+04 -7.559882104396820068e-02
3.069315820312500000e+04 -8.722942322492599487e-02
3.070609765625000000e+04 -9.515210241079330444e-02
3.072227539062500000e+04 -1.031155884265899658e-01
3.073521679687500000e+04 -1.078676879405975342e-01
3.075139257812500000e+04 -1.118074804544448853e-01
3.076756835937500000e+04 -1.136640608310699463e-01
3.078050976562500000e+04 -1.138111576437950134e-01
3.079668750000000000e+04 -1.125814989209175110e-01
3.081286328125000000e+04 -1.101039797067642212e-01
3.082580468750000000e+04 -1.074619963765144348e-01
3.084198046875000000e+04 -1.036206781864166260e-01
3.085815625000000000e+04 -9.946698695421218872e-02
3.087109765625000000e+04 -9.609583020210266113e-02
3.088727539062500000e+04 -9.199858456850051880e-02
3.090021679687500000e+04 -8.891475200653076172e-02
3.091639257812500000e+04 -8.540077507495880127e-02
3.093256835937500000e+04 -8.234042674303054810e-02
3.094550976562500000e+04 -8.025719225406646729e-02
3.096168554687500000e+04 -7.814823836088180542e-02
3.097786328125000000e+04 -7.663445174694061279e-02
3.099080468750000000e+04 -7.589225471019744873e-02
3.100698046875000000e+04 -7.561686635017395020e-02
3.102315625000000000e+04 -7.615964859724044800e-02
3.103609765625000000e+04 -7.726168632507324219e-02
3.105227343750000000e+04 -7.958111912012100220e-02
3.106521484375000000e+04 -8.226883411407470703e-02
3.108139257812500000e+04 -8.676130324602127075e-02
3.109756835937500000e+04 -9.258407354354858398e-02
3.111050976562500000e+04 -9.821943193674087524e-02
3.112668554687500000e+04 -1.064543202519416809e-01
3.114286328125000000e+04 -1.159040778875350952e-01
3.115580273437500000e+04 -1.242055743932723999e-01
3.117198046875000000e+04 -1.352697014808654785e-01
3.118815625000000000e+04 -1.467546373605728149e-01
3.120109765625000000e+04 -1.559547483921051025e-01
3.121727343750000000e+04 -1.670648604631423950e-01
3.123021484375000000e+04 -1.753254234790802002e-01
3.124639062500000000e+04 -1.844463497400283813e-01
3.126256835937500000e+04 -1.917967349290847778e-01
3.127550976562500000e+04 -1.961362808942794800e-01
3.129168554687500000e+04 -1.993880569934844971e-01
3.130786132812500000e+04 -2.000732272863388062e-01
3.132080273437500000e+04 -1.987601220607757568e-01
3.133697851562500000e+04 -1.949138045310974121e-01
3.135315625000000000e+04 -1.889094710350036621e-01
3.136609765625000000e+04 -1.828646659851074219e-01
3.138227343750000000e+04 -1.742670983076095581e-01
3.139521484375000000e+04 -1.670022904872894287e-01
3.141139062500000000e+04 -1.580997705459594727e-01
3.142756640625000000e+04 -1.501605957746505737e-01
3.144050781250000000e+04 -1.450420767068862915e-01
3.145668554687500000e+04 -1.407997757196426392e-01
3.147286132812500000e+04 -1.395204216241836548e-01
3.148580273437500000e+04 -1.409301757812500000e-01
3.150197851562500000e+04 -1.459320932626724243e-01
3.151815625000000000e+04 -1.545286029577255249e-01
3.153109570312500000e+04 -1.638262867927551270e-01
3.154727343750000000e+04 -1.780466735363006592e-01
3.156021484375000000e+04 -1.910379528999328613e-01
3.157639062500000000e+04 -2.084978222846984863e-01
3.159256640625000000e+04 -2.262637764215469360e-01
3.160550781250000000e+04 -2.398638725280761719e-01
3.162168359375000000e+04 -2.550108432769775391e-01
3.163786132812500000e+04 -2.669105827808380127e-01
3.165080273437500000e+04 -2.732985019683837891e-01
3.166697851562500000e+04 -2.765200436115264893e-01
3.168315429687500000e+04 -2.737312614917755127e-01
3.169609570312500000e+04 -2.668470442295074463e-01
3.171227343750000000e+04 -2.523071467876434326e-01
3.172521289062500000e+04 -2.360599189996719360e-01
3.174139062500000000e+04 -2.104631960391998291e-01
3.175756640625000000e+04 -1.798711270093917847e-01
3.177050781250000000e+04 -1.526498049497604370e-01
3.178668359375000000e+04 -1.164918839931488037e-01
3.180286132812500000e+04 -7.961672544479370117e-02
3.181580078125000000e+04 -5.087395757436752319e-02
3.183197851562500000e+04 -1.751968450844287872e-02
3.184815429687500000e+04 1.122183073312044144e-02
3.186109570312500000e+04 2.973227947950363159e-02
3.187727148437500000e+04 4.602473601698875427e-02
3.189021289062500000e+04 5.285724997520446777e-02
3.190638867187500000e+04 5.299131572246551514e-02
3.192256640625000000e+04 4.348136484622955322e-02
3.193550781250000000e+04 2.901975624263286591e-02
3.195168359375000000e+04 2.900680061429738998e-03
3.196785937500000000e+04 -3.113082982599735260e-02
3.198080078125000000e+04 -6.304378807544708252e-02
3.199697656250000000e+04 -1.072276830673217773e-01
3.201315429687500000e+04 -1.541823893785476685e-01
3.202609570312500000e+04 -1.921888589859008789e-01
3.204227148437500000e+04 -2.382517904043197632e-01
3.205521289062500000e+04 -2.724868953227996826e-01
3.207138867187500000e+04 -3.101706802845001221e-01
3.208756640625000000e+04 -3.403730094432830811e-01
3.210050585937500000e+04 -3.580744266510009766e-01
3.211668359375000000e+04 -3.711437582969665527e-01
3.213285937500000000e+04 -3.735144734382629395e-01
3.214580078125000000e+04 -3.675842285156250000e-01
3.216197656250000000e+04 -3.506812751293182373e-01
3.217815429687500000e+04 -3.240438997745513916e-01
3.219109375000000000e+04 -2.966137826442718506e-01
3.220727148437500000e+04 -2.561368346214294434e-01
3.222021289062500000e+04 -2.200876027345657349e-01
3.223638867187500000e+04 -1.723602265119552612e-01
3.225256445312500000e+04 -1.239266097545623779e-01
3.226550585937500000e+04 -8.630862087011337280e-02
3.228168359375000000e+04 -4.266735911369323730e-02
3.229785937500000000e+04 -4.783004522323608398e-03
3.231080078125000000e+04 2.012969925999641418e-02
3.232697656250000000e+04 4.328409954905509949e-02
3.234315234375000000e+04 5.659957602620124817e-02
3.235609375000000000e+04 5.978345870971679688e-02
3.237227148437500000e+04 5.437214672565460205e-02
3.238521093750000000e+04 4.278608411550521851e-02
3.240138867187500000e+04 1.995645649731159210e-02
3.241756445312500000e+04 -1.094156876206398010e-02
3.243050585937500000e+04 -4.036920145153999329e-02
3.244668164062500000e+04 -8.142790943384170532e-02
3.246285937500000000e+04 -1.252703219652175903e-01
3.247580078125000000e+04 -1.608778685331344604e-01
3.249197656250000000e+04 -2.042253017425537109e-01
3.250815234375000000e+04 -2.443542629480361938e-01
3.252109375000000000e+04 -2.728808224201202393e-01
3.253726953125000000e+04 -3.027288913726806641e-01
3.255021093750000000e+04 -3.211673498153686523e-01
3.256638867187500000e+04 -3.366602063179016113e-01
3.258256445312500000e+04 -3.433109521865844727e-01
3.259550585937500000e+04 -3.422166705131530762e-01
3.261168164062500000e+04 -3.331239223480224609e-01
3.262785937500000000e+04 -3.161437809467315674e-01
3.264079882812500000e+04 -2.976074814796447754e-01
3.265697656250000000e+04 -2.694056034088134766e-01
3.267315234375000000e+04 -2.371141910552978516e-01
3.268609375000000000e+04 -2.095153182744979858e-01
3.270226953125000000e+04 -1.743448972702026367e-01
3.271521093750000000e+04 -1.468087136745452881e-01
3.273138867187500000e+04 -1.146032214164733887e-01
3.274756445312500000e+04 -8.633890002965927124e-02
3.276050585937500000e+04 -6.749128550291061401e-02
3.277668359375000000e+04 -4.956397414207458496e-02
3.279285937500000000e+04 -3.862934187054634094e-02
3.280580078125000000e+04 -3.522663190960884094e-02
3.282197656250000000e+04 -3.774362802505493164e-02
3.283815234375000000e+04 -4.755307734012603760e-02
3.285109375000000000e+04 -6.027188897132873535e-02
3.286726953125000000e+04 -8.152961730957031250e-02
3.288021093750000000e+04 -1.021259427070617676e-01
3.289638671875000000e+04 -1.312546581029891968e-01
3.291256250000000000e+04 -1.627784520387649536e-01
3.292550390625000000e+04 -1.886875927448272705e-01
3.294168359375000000e+04 -2.206317633390426636e-01
3.295785937500000000e+04 -2.506869733333587646e-01
3.297080078125000000e+04 -2.724409997463226318e-01
3.298697656250000000e+04 -2.957566380500793457e-01
3.300315234375000000e+04 -3.138498067855834961e-01
3.301609375000000000e+04 -3.240743279457092285e-01
3.303226953125000000e+04 -3.311749994754791260e-01
3.304521093750000000e+04 -3.322187662124633789e-01
3.306138671875000000e+04 -3.278457820415496826e-01
3.307756250000000000e+04 -3.175675570964813232e-01
3.309050390625000000e+04 -3.055524230003356934e-01
3.310667968750000000e+04 -2.865582108497619629e-01
3.312285937500000000e+04 -2.641637623310089111e-01
3.313580078125000000e+04 -2.446108162403106689e-01
3.315197656250000000e+04 -2.191898822784423828e-01
3.316815234375000000e+04 -1.938660591840744019e-01
3.318109375000000000e+04 -1.744925081729888916e-01
3.319726953125000000e+04 -1.523029059171676636e-01
3.321021093750000000e+04 -1.367573887109756470e-01
3.322638671875000000e+04 -1.207031235098838806e-01
3.324256250000000000e+04 -1.088674888014793396e-01
3.325550390625000000e+04 -1.026082411408424377e-01
3.327167968750000000e+04 -9.879108518362045288e-02
3.328785937500000000e+04 -9.918645769357681274e-02
3.330079687500000000e+04 -1.022177338600158691e-01
3.331697656250000000e+04 -1.088395789265632629e-01
3.333315234375000000e+04 -1.178463846445083618e-01
3.334609375000000000e+04 -1.261572390794754028e-01
3.336226953125000000e+04 -1.371262818574905396e-01
3.337521093750000000e+04 -1.457777917385101318e-01
3.339138671875000000e+04 -1.556981354951858521e-01
3.340756250000000000e+04 -1.639086008071899414e-01
3.342050390625000000e+04 -1.688267290592193604e-01
3.343667968750000000e+04 -1.725402474403381348e-01
3.345285546875000000e+04 -1.733230352401733398e-01
3.346579687500000000e+04 -1.718063205480575562e-01
3.348197656250000000e+04 -1.673564463853836060e-01
3.349815234375000000e+04 -1.603727191686630249e-01
3.351109375000000000e+04 -1.532742679119110107e-01
3.352726953125000000e+04 -1.429948657751083374e-01
3.354021093750000000e+04 -1.340449452400207520e-01
3.355638671875000000e+04 -1.225045099854469299e-01
3.357256250000000000e+04 -1.111692190170288086e-01
3.358550390625000000e+04 -1.026400700211524963e-01
3.360167968750000000e+04 -9.306208044290542603e-02
3.361785546875000000e+04 -8.502954244613647461e-02
3.363079687500000000e+04 -7.987460494041442871e-02
3.364697265625000000e+04 -7.509747147560119629e-02
3.366315234375000000e+04 -7.212916761636734009e-02
3.367609375000000000e+04 -7.094690203666687012e-02
3.369226953125000000e+04 -7.073618471622467041e-02
3.370521093750000000e+04 -7.137136906385421753e-02
3.372138671875000000e+04 -7.285307347774505615e-02
3.373756250000000000e+04 -7.473661750555038452e-02
3.375050390625000000e+04 -7.628462463617324829e-02
3.376667968750000000e+04 -7.800033688545227051e-02
3.378285546875000000e+04 -7.923601567745208740e-02
3.379579687500000000e+04 -7.976166158914566040e-02
3.381197265625000000e+04 -7.976854592561721802e-02
3.382815234375000000e+04 -7.905507832765579224e-02
3.384109375000000000e+04 -7.801698148250579834e-02
3.385726953125000000e+04 -7.625228166580200195e-02
3.387021093750000000e+04 -7.457946240901947021e-02
3.388638671875000000e+04 -7.233064621686935425e-02
3.390256250000000000e+04 -7.009265571832656860e-02
3.391550390625000000e+04 -6.843012571334838867e-02
3.393167968750000000e+04 -6.662902235984802246e-02
3.394785546875000000e+04 -6.521777063608169556e-02
3.396079687500000000e+04 -6.439176201820373535e-02
3.397697265625000000e+04 -6.371776759624481201e-02
3.399314843750000000e+04 -6.337269395589828491e-02
3.400608984375000000e+04 -6.325917690992355347e-02
3.402226953125000000e+04 -6.320915371179580688e-02
3.403521093750000000e+04 -6.315789371728897095e-02
3.405138671875000000e+04 -6.297811865806579590e-02
3.406756250000000000e+04 -6.258781254291534424e-02
3.408050390625000000e+04 -6.209518760442733765e-02
3.409667968750000000e+04 -6.126581877470016479e-02
3.411285546875000000e+04 -6.026891246438026428e-02
3.412579687500000000e+04 -5.943760275840759277e-02
3.414197265625000000e+04 -5.850493535399436951e-02
3.415814843750000000e+04 -5.788514018058776855e-02
3.417108984375000000e+04 -5.776173993945121765e-02
3.418726562500000000e+04 -5.824663862586021423e-02
3.420020703125000000e+04 -5.925317481160163879e-02
3.421638671875000000e+04 -6.138141080737113953e-02
3.423256250000000000e+04 -6.450963020324707031e-02
3.424550390625000000e+04 -6.769619137048721313e-02
3.426167968750000000e+04 -7.240397483110427856e-02
3.427785546875000000e+04 -7.767771184444427490e-02
3.429079687500000000e+04 -8.207363635301589966e-02
3.430697265625000000e+04 -8.743932843208312988e-02
3.432314843750000000e+04 -9.222748130559921265e-02
3.433608984375000000e+04 -9.531886130571365356e-02
3.435226562500000000e+04 -9.786972403526306152e-02
3.436520703125000000e+04 -9.860174357891082764e-02
3.438138281250000000e+04 -9.760286659002304077e-02
3.439756250000000000e+04 -9.427728503942489624e-02
3.441050390625000000e+04 -8.988642692565917969e-02
3.442667968750000000e+04 -8.229538798332214355e-02
3.444285546875000000e+04 -7.258366048336029053e-02
3.445579687500000000e+04 -6.353940069675445557e-02
3.447197265625000000e+04 -5.106923729181289673e-02
3.448814843750000000e+04 -3.788169845938682556e-02
3.450108984375000000e+04 -2.727715298533439636e-02
3.451726562500000000e+04 -1.455866824835538864e-02
3.453020703125000000e+04 -5.257525015622377396e-03
3.454638281250000000e+04 4.721386358141899109e-03
3.456256250000000000e+04 1.233946438878774643e-02
3.457550000000000000e+04 1.643389463424682617e-02
3.459167968750000000e+04 1.880711130797863007e-02
3.460785546875000000e+04 1.802089065313339233e-02
3.462079687500000000e+04 1.515357475727796555e-02
3.463697265625000000e+04 8.966409601271152496e-03
3.465314843750000000e+04 2.560142311267554760e-04
3.466608984375000000e+04 -8.174042217433452606e-03
3.468226562500000000e+04 -2.000294625759124756e-02
3.469520703125000000e+04 -3.005745261907577515e-02
3.471138281250000000e+04 -4.274248331785202026e-02
3.472755859375000000e+04 -5.487021803855895996e-02
3.474050000000000000e+04 -6.370333582162857056e-02
3.475667968750000000e+04 -7.313761860132217407e-02
3.477285546875000000e+04 -8.030608296394348145e-02
3.478579687500000000e+04 -8.414446562528610229e-02
3.480197265625000000e+04 -8.635851740837097168e-02
3.481814843750000000e+04 -8.560083806514739990e-02
3.483108984375000000e+04 -8.287439495325088501e-02
3.484726562500000000e+04 -7.695412635803222656e-02
3.486020703125000000e+04 -7.038269191980361938e-02
3.487638281250000000e+04 -6.019156798720359802e-02
3.489255859375000000e+04 -4.823304340243339539e-02
3.490550000000000000e+04 -3.774053975939750671e-02
3.492167968750000000e+04 -2.393223904073238373e-02
3.493785546875000000e+04 -9.883379563689231873e-03
3.495079687500000000e+04 1.151929027400910854e-03
3.496697265625000000e+04 1.424040552228689194e-02
3.498314843750000000e+04 2.608139812946319580e-02
3.499608984375000000e+04 3.435630351305007935e-02
3.501226562500000000e+04 4.288181290030479431e-02
3.502520703125000000e+04 4.805258661508560181e-02
3.504138281250000000e+04 5.225514248013496399e-02
3.505755859375000000e+04 5.380487814545631409e-02
3.507050000000000000e+04 5.309102311730384827e-02
3.508667578125000000e+04 4.978109151124954224e-02
3.510285546875000000e+04 4.390172660350799561e-02
3.511579687500000000e+04 3.749366477131843567e-02
3.513197265625000000e+04 2.761393785476684570e-02
3.514814843750000000e+04 1.603048667311668396e-02
3.516108984375000000e+04 5.858129821717739105e-03
3.517726562500000000e+04 -7.528909016400575638e-03
3.519020703125000000e+04 -1.840120553970336914e-02
3.520638281250000000e+04 -3.166188672184944153e-02
3.522255859375000000e+04 -4.395137354731559753e-02
3.523550000000000000e+04 -5.265573784708976746e-02
3.525167578125000000e+04 -6.162516027688980103e-02
3.526785546875000000e+04 -6.797744333744049072e-02
3.528079687500000000e+04 -7.088050991296768188e-02
3.529697265625000000e+04 -7.151947915554046631e-02
3.531314843750000000e+04 -6.867375969886779785e-02
3.532608984375000000e+04 -6.387194246053695679e-02
3.534226562500000000e+04 -5.483311042189598083e-02
3.535520703125000000e+04 -4.536126926541328430e-02
3.537138281250000000e+04 -3.110214509069919586e-02
3.538755859375000000e+04 -1.471421960741281509e-02
3.540050000000000000e+04 -5.511521594598889351e-04
3.541667578125000000e+04 1.779236458241939545e-02
3.543285546875000000e+04 3.604598343372344971e-02
3.544579296875000000e+04 4.999969154596328735e-02
3.546197265625000000e+04 6.592454761266708374e-02
3.547814843750000000e+04 7.944738119840621948e-02
3.549108984375000000e+04 8.809174597263336182e-02
3.550726562500000000e+04 9.574678540229797363e-02
3.552020703125000000e+04 9.913133084774017334e-02
3.553638281250000000e+04 9.979602694511413574e-02
3.555255859375000000e+04 9.653036296367645264e-02
3.556550000000000000e+04 9.124025702476501465e-02
3.558167578125000000e+04 8.163364976644515991e-02
3.559785156250000000e+04 6.925484538078308105e-02
3.561079296875000000e+04 5.784813687205314636e-02
3.562697265625000000e+04 4.241936281323432922e-02
3.564314843750000000e+04 2.654351666569709778e-02
3.565608984375000000e+04 1.415245234966278076e-02
3.567226562500000000e+04 -1.746648631524294615e-04
3.568520703125000000e+04 -1.016744039952754974e-02
3.570138281250000000e+04 -2.017634734511375427e-02
3.571755859375000000e+04 -2.683688513934612274e-02
3.573050000000000000e+04 -2.943439595401287079e-02
3.574667578125000000e+04 -2.902377583086490631e-02
3.576285156250000000e+04 -2.446380071341991425e-02
3.577579296875000000e+04 -1.789521984755992889e-02
3.579196875000000000e+04 -6.281742826104164124e-03
3.580814843750000000e+04 8.668837137520313263e-03
3.582108984375000000e+04 2.261226437985897064e-02
3.583726562500000000e+04 4.188787564635276794e-02
3.585020703125000000e+04 5.826015770435333252e-02
3.586638281250000000e+04 7.916354387998580933e-02
3.588255859375000000e+04 9.970297664403915405e-02
3.589550000000000000e+04 1.152744889259338379e-01
3.591167578125000000e+04 1.329670995473861694e-01
3.592785156250000000e+04 1.480065137147903442e-01
3.594079296875000000e+04 1.577146053314208984e-01
3.595696875000000000e+04 1.665538698434829712e-01
3.597314843750000000e+04 1.714506894350051880e-01
3.598608984375000000e+04 1.724392771720886230e-01
