#id lon lat MIH hmax period
id02943 66.000000 25.233300 0.42 0.12 1357
id03068 69.844400 20.933300 -1.00 -1.00 -1
id03069 69.644400 21.166700 0.85 0.19 1868
id03070 69.433300 21.366700 1.09 0.22 1197
id03071 69.211100 21.600000 1.31 0.27 1308
id03072 69.008300 21.833300 1.39 0.32 2367
id03073 68.800000 22.044400 1.31 0.29 2055
id03074 68.600000 22.266700 2.38 0.43 2243
id03075 68.333300 22.433300 1.74 0.40 2261
id03076 68.155600 22.700000 1.43 0.26 2148
id03077 67.866700 22.858300 1.10 0.23 1650
id03078 67.533300 22.868900 1.26 0.26 1463
id03079 67.389700 23.166700 1.55 0.35 2145
id03080 67.427100 23.500000 1.33 0.23 1857
id03081 67.333300 23.654900 1.21 0.30 2950
id03082 67.166700 23.393900 1.98 0.36 2530
id03083 67.014300 23.666700 1.55 0.31 4394
id03084 66.913300 24.000000 1.55 0.31 3874
id03085 66.766700 24.277800 1.96 0.35 2194
id03086 66.600000 24.533300 1.05 0.23 1698
id03087 66.450000 24.833300 1.25 0.25 1098
id03223 93.100000 13.874100 1.03 0.29 1023
id03224 93.288900 13.833300 -1.00 -1.00 -1
id03225 93.209600 13.666700 1.76 0.52 1184
id03226 93.166700 13.498600 1.12 0.33 1193
id03227 93.102400 13.300000 -1.00 -1.00 -1
id03228 93.063800 13.133300 -1.00 -1.00 -1
id03229 93.010400 12.933300 -1.00 -1.00 -1
id03230 93.007000 12.766700 0.50 0.15 1219
id03231 92.998200 12.566700 1.15 0.33 1053
id03232 93.066700 12.407700 -1.00 -1.00 -1
id03233 93.144400 12.266700 0.88 0.24 940
id03234 93.169300 12.066700 0.68 0.22 1593
id03235 93.119500 11.900000 1.22 0.36 1191
id03236 93.100000 11.764800 -1.00 -1.00 -1
id03237 92.966700 11.853100 1.32 0.39 1162
id03238 92.814600 11.833300 1.09 0.35 1548
id03239 92.771800 11.633300 0.83 0.28 1735
id03240 92.729300 11.466700 0.97 0.29 1218
id03241 92.707200 11.233300 0.64 0.19 1297
id03242 92.704300 11.066700 0.49 0.15 1323
id03243 92.687000 10.933300 -1.00 -1.00 -1
id03244 92.671100 10.766700 -1.00 -1.00 -1
id03245 92.650000 10.566700 0.98 0.32 1578
id03246 92.504800 10.466700 0.44 0.13 1330
id03247 92.333300 10.494300 1.60 0.46 1098
id03248 92.330000 10.633300 1.45 0.42 1162
id03249 92.280000 10.833300 -1.00 -1.00 -1
id03250 92.438700 10.900000 0.92 0.28 1384
id03251 92.544400 11.033300 0.68 0.21 1395
id03252 92.533300 11.200000 0.78 0.23 1151
id03253 92.424300 11.300000 0.82 0.24 1181
id03254 92.361400 11.466700 0.93 0.25 885
id03255 92.175600 11.533300 1.26 0.35 989
id03256 92.300000 11.589700 1.01 0.29 1067
id03257 92.437300 11.666700 0.75 0.24 1474
id03258 92.419400 11.866700 0.63 0.18 1155
id03259 92.533300 11.981000 -1.00 -1.00 -1
id03260 92.531100 12.166700 0.51 0.15 1188
id03261 92.381300 12.166700 -1.00 -1.00 -1
id03262 92.357300 12.266700 -1.00 -1.00 -1
id03263 92.500000 12.350000 0.75 0.22 1192
id03264 92.586700 12.500000 0.71 0.22 1290
id03265 92.630600 12.633300 0.87 0.26 1938
id03266 92.597000 12.766700 0.69 0.22 1543
id03267 92.533300 12.913000 0.71 0.22 1387
id03268 92.551300 13.066700 1.12 0.31 1499
id03269 92.486700 13.233300 0.94 0.29 1320
id03270 92.533300 13.368600 1.27 0.32 1106
id03271 92.666700 13.400000 0.95 0.31 1526
id03272 92.702400 13.566700 0.90 0.26 1125
id03273 92.700000 13.678300 0.74 0.21 1069
id03274 92.839600 13.700000 0.96 0.29 1261
id03275 112.000000 -8.327800 1.19 0.31 1218
id03276 111.831700 -8.300000 -1.00 -1.00 -1
id03277 111.700000 -8.409000 1.26 0.35 944
id03278 111.542900 -8.366700 1.41 0.45 2261
id03279 111.400000 -8.329500 1.90 0.55 1765
id03280 111.200000 -8.296600 0.89 0.34 2189
id03281 111.033300 -8.278500 -1.00 -1.00 -1
id03282 110.833300 -8.240300 1.23 0.36 1181
id03283 110.644700 -8.200000 1.24 0.40 1507
id03284 110.466700 -8.138000 1.13 0.36 1454
id03285 110.300000 -8.072200 1.34 0.44 1620
id03286 110.133300 -8.011100 1.21 0.40 1668
id03287 109.966700 -7.963100 1.18 0.32 888
id03288 109.800000 -8.001400 0.98 0.35 1993
id03289 109.666700 -7.927800 0.78 0.38 3246
id03290 109.491700 -7.866700 1.15 0.38 1575
id03291 109.300000 -7.830600 1.17 0.35 1252
id03292 109.100000 -7.857100 0.51 0.19 2130
id03293 108.900000 -7.831800 1.08 0.32 1195
id03294 108.666700 -7.815800 0.83 0.24 1183
id03295 108.466700 -7.861000 -1.00 -1.00 -1
id03296 108.266700 -7.888900 0.92 0.28 2111
id03297 108.066700 -7.848800 1.01 0.37 2048
id03298 107.900000 -7.783800 1.29 0.40 2145
id03299 107.733300 -7.700000 0.47 0.17 2070
id03300 107.566700 -7.643500 0.86 0.26 2107
id03301 107.400000 -7.584700 0.64 0.20 1316
id03302 107.200000 -7.538100 0.61 0.20 1564
id03303 107.033300 -7.497300 0.73 0.22 1216
id03304 106.833300 -7.524200 0.72 0.23 1534
id03305 106.700000 -7.494300 1.03 0.27 1211
id03306 106.566700 -7.503000 1.04 0.27 1286
id03307 106.433300 -7.406400 0.89 0.24 1364
id03308 106.326900 -7.300000 0.86 0.24 1650
id03309 106.428900 -7.166700 0.81 0.24 1905
id03310 106.515100 -7.033300 0.87 0.25 1650
id03311 106.366700 -7.005200 0.62 0.23 2172
id03312 106.166700 -6.967400 0.78 0.24 1349
id03313 106.000000 -6.901400 0.74 0.26 1770
id03314 105.854300 -6.933300 1.10 0.38 1773
id03315 105.675400 -7.000000 0.91 0.33 2055
id03316 105.501400 -7.066700 0.77 0.27 1766
id03317 105.466700 -7.014800 0.97 0.27 952
id03318 105.411100 -6.966700 0.68 0.24 1949
id03319 105.354500 -6.900000 0.86 0.30 1887
id03320 105.230800 -6.800000 0.62 0.23 2182
id03321 105.166700 -6.676000 0.76 0.25 1577
id03322 105.121400 -6.566700 0.86 0.25 1830
id03323 105.300000 -6.532600 0.80 0.25 2070
id03324 105.466700 -6.572700 0.77 0.23 2021
id03325 105.566700 -6.433300 0.67 0.20 1324
id03326 105.600000 -6.233300 0.61 0.19 1417
id03327 105.466700 -6.199200 0.76 0.21 1598
id03328 105.329400 -6.100000 0.63 0.17 1469
id03329 105.391400 -5.933300 0.69 0.20 1203
id03330 105.233300 -5.841900 0.80 0.21 1349
id03331 105.066700 -5.791500 0.94 0.26 1552
id03332 104.900000 -5.703600 0.95 0.30 2239
id03333 104.766700 -5.621200 0.99 0.29 1950
id03334 104.600000 -5.552900 0.68 0.20 1210
id03335 104.660285 -5.697486 0.82 0.23 1021
id03336 104.717600 -5.866700 1.44 0.38 1379
id03337 104.728700 -6.033300 1.28 0.38 1816
id03338 104.718100 -6.266700 1.19 0.35 1154
id03339 104.600000 -6.177800 1.27 0.29 795
id03340 104.516000 -6.033300 0.87 0.25 1042
id03341 104.433300 -5.888500 1.08 0.29 903
id03342 104.335000 -5.733300 0.62 0.22 1897
id03343 104.256000 -5.600000 0.53 0.16 1275
id03344 104.131800 -5.500000 0.79 0.23 1087
id03345 104.023800 -5.366700 0.61 0.18 1192
id03346 103.900000 -5.240300 0.40 0.15 2121
id03347 103.866700 -5.125000 0.73 0.19 858
id03348 103.730600 -5.033300 0.94 0.27 1143
id03349 103.566700 -4.939100 -1.00 -1.00 -1
id03350 103.405200 -4.866700 -1.00 -1.00 -1
id03351 103.290200 -4.766700 0.55 0.20 3143
id03352 103.142900 -4.700000 0.70 0.26 3134
id03353 103.033300 -4.611500 0.84 0.30 2937
id03354 102.896300 -4.600000 0.77 0.28 3025
id03355 102.733300 -4.513300 -1.00 -1.00 -1
id03356 102.633300 -4.378800 -1.00 -1.00 -1
id03357 102.500000 -4.275000 -1.00 -1.00 -1
id03358 102.366700 -4.172200 0.45 0.14 1972
id03359 102.250000 -4.066700 0.49 0.20 3663
id03360 102.170200 -3.900000 -1.00 -1.00 -1
id03361 102.100000 -3.748100 0.53 0.15 1110
id03362 101.955600 -3.666700 -1.00 -1.00 -1
id03363 101.800000 -3.586700 0.44 0.15 1748
id03364 101.621000 -3.533300 0.58 0.17 1099
id03365 101.533300 -3.366700 0.76 0.19 767
id03366 101.450500 -3.233300 0.63 0.17 971
id03367 101.347800 -3.100000 0.78 0.24 2145
id03368 101.300000 -2.919000 0.76 0.32 3841
id03369 101.197500 -2.800000 0.61 0.25 3810
id03370 101.100000 -2.650900 0.66 0.28 3825
id03371 100.999000 -2.533300 0.84 0.26 1289
id03372 100.889900 -2.400000 0.65 0.26 2535
id03373 100.800000 -2.238100 1.12 0.29 1263
id03374 100.760000 -2.133300 0.31 0.13 3795
id03375 100.800000 -2.000000 -1.00 -1.00 -1
id03376 100.736100 -1.866700 0.89 0.30 2564
id03377 100.700000 -1.933300 0.76 0.25 2542
id03378 100.700000 -2.050000 0.38 0.11 989
id03379 100.633300 -1.949500 0.33 0.13 2144
id03380 100.554700 -1.800000 0.47 0.18 2168
id03381 100.499700 -1.633300 0.73 0.22 2081
id03382 100.496700 -1.466700 0.63 0.19 1210
id03383 100.377800 -1.333300 0.65 0.18 959
id03384 100.299200 -1.266700 0.64 0.19 2043
id03385 100.310300 -1.066700 0.70 0.20 1163
id03386 100.305700 -0.900000 0.66 0.19 1146
id03387 100.166700 -0.822200 0.75 0.22 1136
id03388 100.081700 -0.666700 0.69 0.20 1219
id03389 99.966700 -0.545600 1.05 0.20 978
id03390 99.807400 -0.466700 0.99 0.19 1031
id03391 99.766700 -0.364100 0.96 0.19 1064
id03392 99.657100 -0.300000 0.66 0.13 1395
id03393 99.619600 -0.100000 0.88 0.17 959
id03394 99.433300 -0.062500 1.02 0.20 1155
id03395 99.266700 -0.066700 1.35 0.27 1192
id03396 99.100000 -0.116700 -1.00 -1.00 -1
id03397 98.900000 -0.094900 -1.00 -1.00 -1
id03398 98.711100 -0.133300 0.60 0.12 1083
id03399 98.612700 -0.266700 1.14 0.23 1121
id03400 98.547600 -0.433300 1.01 0.20 1133
id03401 98.521700 -0.633300 -1.00 -1.00 -1
id03402 98.333300 -0.600000 1.21 0.23 765
id03403 98.283900 -0.500000 1.05 0.20 974
id03404 98.354600 -0.333300 0.66 0.13 1102
id03405 98.300000 -0.161800 0.98 0.18 697
id03406 98.127200 -0.166700 1.31 0.26 1076
id03407 98.200000 -0.016200 0.60 0.12 1504
id03408 98.333300 0.082900 -1.00 -1.00 -1
id03409 98.454900 0.200000 1.03 0.24 2519
id03410 98.444400 0.366700 1.03 0.20 1076
id03411 98.356300 0.500000 0.51 0.10 1214
id03412 98.286000 0.666700 1.98 0.39 1035
id03413 98.288600 0.833300 -1.00 -1.00 -1
id03414 98.366700 0.983300 0.93 0.18 1106
id03415 98.366700 1.100000 -1.00 -1.00 -1
id03416 98.433300 1.180000 1.20 0.24 1095
id03417 98.633300 1.144400 1.17 0.23 1148
id03418 98.716700 1.300000 -1.00 -1.00 -1
id03419 98.666700 1.473300 -1.00 -1.00 -1
id03420 98.458300 1.500000 0.22 0.04 1158
id03421 98.415500 1.700000 0.19 0.05 2962
id03422 98.347600 1.866700 0.90 0.17 925
id03423 98.281500 2.000000 0.77 0.15 1042
id03424 98.100000 2.025600 -1.00 -1.00 -1
id03425 97.933300 2.030000 0.62 0.12 1086
id03426 97.738300 1.966700 0.72 0.14 1144
id03427 97.600000 2.030600 0.69 0.14 1042
id03428 97.447400 2.000000 0.71 0.14 994
id03429 97.333300 2.004900 0.59 0.12 1191
id03430 97.200000 2.051100 0.61 0.12 1073
id03431 97.066700 2.017600 0.62 0.12 1109
id03432 97.078100 2.200000 0.80 0.15 771
id03433 97.100000 2.315900 0.58 0.11 906
id03434 97.066700 2.342800 0.58 0.11 959
id03435 97.266700 2.322200 -1.00 -1.00 -1
id03436 97.423900 2.400000 -1.00 -1.00 -1
id03437 97.403000 2.566700 -1.00 -1.00 -1
id03438 97.465200 2.700000 -1.00 -1.00 -1
id03439 97.333300 2.831000 0.81 0.16 1069
id03440 97.200000 2.908000 0.91 0.15 1008
id03441 97.166700 3.035200 0.61 0.12 1033
id03442 97.133300 3.189700 0.76 0.14 854
id03443 97.048300 3.333300 0.79 0.15 828
id03444 96.913000 3.433300 0.66 0.16 698
id03445 96.740200 3.500000 0.56 0.16 1131
id03446 96.666700 3.652000 0.72 0.19 773
id03447 96.480400 3.600000 0.95 0.30 2226
id03448 96.366700 3.632100 0.99 0.31 2185
id03449 96.386100 3.733300 0.65 0.20 2133
id03450 96.300000 3.819600 0.76 0.22 1113
id03451 96.127800 3.866700 0.66 0.17 773
id03452 96.000000 3.986700 -1.00 -1.00 -1
id03453 95.800000 3.962800 0.54 0.15 1095
id03454 95.733300 4.073300 0.45 0.16 2054
id03455 95.840700 4.200000 0.56 0.17 1972
id03456 95.700000 4.300000 0.59 0.16 959
id03457 95.600000 4.433300 -1.00 -1.00 -1
id03458 95.500000 4.531700 0.13 0.05 2744
id03459 95.368300 4.600000 -1.00 -1.00 -1
id03460 95.310700 4.766700 -1.00 -1.00 -1
id03461 95.211900 4.900000 0.01 0.00 2302
id03462 95.195200 5.033300 0.01 0.00 1373
id03463 95.133300 5.207600 0.01 0.00 1116
id03464 95.066700 5.355600 0.01 0.00 919
id03465 95.066700 5.536500 0.01 0.00 2258
id03466 94.987700 5.700000 0.01 0.00 1747
id03467 95.033300 5.814900 0.01 0.00 929
id03468 95.139100 5.700000 0.02 0.00 1023
id03469 95.266700 5.584000 -1.00 -1.00 -1
id03470 95.398700 5.700000 0.03 0.01 1586
id03471 95.500000 5.619000 0.02 0.01 1575
id03472 95.666700 5.618400 0.03 0.01 1192
id03473 95.833300 5.539700 0.03 0.01 1312
id03474 95.963800 5.433300 0.03 0.01 783
id03475 96.100000 5.333800 0.03 0.01 854
id03476 96.233300 5.312900 0.03 0.01 1388
id03477 96.429600 5.266700 -1.00 -1.00 -1
id03478 96.566700 5.236300 0.02 0.00 952
id03479 96.700000 5.277200 0.04 0.01 1178
id03480 96.924700 5.300000 0.04 0.01 1002
id03481 97.066700 5.266700 0.05 0.01 1028
id03482 97.266700 5.286300 0.05 0.01 934
id03483 97.433300 5.339200 0.03 0.01 782
id03484 97.600000 5.283300 0.04 0.01 869
id03485 97.733300 5.200000 0.02 0.00 978
id03486 97.875000 5.100000 0.04 0.01 1049
id03487 98.033300 5.022200 0.03 0.01 974
id03488 98.175000 4.933300 0.06 0.01 974
id03489 98.300000 4.816700 0.05 0.01 1934
id03490 98.433300 4.726700 0.06 0.01 937
id03491 98.600000 4.641700 0.04 0.01 937
id03492 98.733300 4.566700 0.06 0.01 918
id03493 98.866700 4.450000 0.06 0.01 876
id03494 98.966700 4.300000 0.02 0.00 802
id03495 99.033300 4.200000 -1.00 -1.00 -1
id03496 99.166700 4.200000 -1.00 -1.00 -1
id03497 99.316700 4.100000 -1.00 -1.00 -1
id03498 99.433300 3.966700 0.04 0.01 719
id03499 99.600000 3.900000 0.07 0.02 1568
id03500 99.750000 3.833300 0.06 0.01 1515
id03501 99.933300 3.800000 0.07 0.01 915
id03502 100.033300 3.933300 0.06 0.01 657
id03503 100.042900 4.066700 0.08 0.01 577
id03504 100.055600 4.300000 0.04 0.01 1020
id03505 100.125000 4.466700 0.07 0.01 967
id03506 100.133300 4.666700 0.05 0.01 866
id03507 100.066700 4.816700 0.04 0.01 828
id03508 99.988900 4.966700 -1.00 -1.00 -1
id03509 99.966700 5.166700 0.08 0.02 959
id03510 100.000000 5.300000 -1.00 -1.00 -1
id03511 100.100000 5.400000 0.07 0.01 922
id03512 100.033300 5.550000 0.07 0.01 871
id03513 99.833300 5.600000 0.09 0.02 900
id03514 99.733300 5.700000 0.06 0.01 1053
id03515 99.700000 5.900000 -1.00 -1.00 -1
id03516 99.700000 6.033300 0.07 0.02 2092
id03517 99.600000 6.100000 0.09 0.02 1020
id03518 99.466700 6.066700 0.10 0.02 701
id03519 99.344400 6.166700 0.15 0.03 2805
id03520 99.266700 6.300000 0.24 0.04 2827
id03521 99.105600 6.400000 0.13 0.03 2974
id03522 99.062500 6.566700 0.16 0.04 3034
id03523 99.050000 6.733300 0.22 0.04 1057
id03524 99.000000 6.900000 0.32 0.06 1829
id03525 98.933300 7.075000 0.36 0.06 1473
id03526 98.833300 7.222200 0.27 0.06 1702
id03527 98.666700 7.273300 0.32 0.06 3124
id03528 98.466700 7.266700 -1.00 -1.00 -1
id03529 98.300000 7.315200 -1.00 -1.00 -1
id03530 98.161900 7.400000 -1.00 -1.00 -1
id03531 98.133300 7.566700 -1.00 -1.00 -1
id03532 98.113300 7.766700 -1.00 -1.00 -1
id03533 97.933300 7.832400 -1.00 -1.00 -1
id03534 97.900000 8.000000 -1.00 -1.00 -1
id03535 98.000000 8.133300 0.05 0.01 712
id03536 98.083300 8.266700 0.05 0.01 899
id03537 98.110300 8.466700 0.07 0.01 1053
id03538 98.133300 8.666700 0.08 0.02 997
id03539 98.000000 8.752400 -1.00 -1.00 -1
id03540 97.833300 8.737500 0.08 0.02 2242
id03541 97.672700 8.833300 0.10 0.03 4328
id03542 97.640000 9.033300 0.16 0.03 3891
id03543 97.700000 9.233300 -1.00 -1.00 -1
id03544 97.687900 9.400000 0.09 0.03 4379
id03545 97.700000 9.600000 -1.00 -1.00 -1
id03546 97.650000 9.766700 -1.00 -1.00 -1
id03547 97.500000 9.852400 0.07 0.01 944
id03548 97.556300 10.000000 0.09 0.02 1120
id03549 97.655600 10.133300 0.07 0.01 952
id03550 97.666700 10.320000 0.05 0.01 1042
id03551 97.578600 10.466700 0.08 0.02 2444
id03552 97.584200 10.633300 0.10 0.02 1315
id03553 97.538100 10.833300 0.08 0.02 1080
id03554 97.520000 11.033300 0.08 0.01 937
id03555 97.554200 11.233300 0.06 0.01 1165
id03556 97.500000 11.422200 0.05 0.01 1001
id03557 97.419000 11.566700 0.03 0.01 619
id03558 97.364800 11.733300 -1.00 -1.00 -1
id03559 97.400000 11.911100 -1.00 -1.00 -1
id03560 97.460000 12.100000 -1.00 -1.00 -1
id03561 97.446700 12.333300 0.05 0.01 855
id03562 97.444400 12.566700 -1.00 -1.00 -1
id03563 97.508300 12.733300 0.04 0.01 876
id03564 97.633300 12.858300 0.04 0.01 852
id03565 97.766700 12.756100 -1.00 -1.00 -1
id03566 97.812400 12.800000 0.04 0.01 814
id03567 97.841700 12.933300 0.05 0.01 889
id03568 97.833300 13.166700 0.05 0.01 852
id03569 97.833300 13.300000 0.02 0.00 795
id03570 97.700000 13.400000 0.05 0.01 1352
id03571 97.616700 13.566700 0.04 0.01 2051
id03572 97.533300 13.716700 0.06 0.01 1908
id03573 97.466700 13.866700 0.06 0.01 2163
id03574 97.425000 14.066700 0.05 0.01 1913
id03575 97.433300 14.266700 0.06 0.02 3078
id03576 97.500000 14.400000 0.10 0.02 1679
id03577 97.500000 14.533300 0.06 0.02 7286
id03578 97.700000 14.566700 0.08 0.02 7533
id03579 97.820500 14.700000 0.07 0.02 6938
id03580 97.746000 14.866700 0.10 0.03 5621
id03581 97.600000 14.894400 0.04 0.01 2272
id03582 97.483300 14.766700 0.06 0.01 1934
id03583 97.366700 14.633300 0.04 0.01 2272
id03584 97.233300 14.750000 0.08 0.02 5133
id03585 97.133300 14.883300 0.06 0.01 2303
id03586 97.033300 15.008300 0.07 0.01 1582
id03587 96.900000 15.100000 0.04 0.01 2595
id03588 96.733300 15.166700 0.04 0.01 2272
id03589 96.566700 15.240000 0.04 0.01 2257
id03590 96.366700 15.275000 0.06 0.01 2167
id03591 96.166700 15.253300 0.06 0.01 1223
id03592 95.966700 15.223800 0.08 0.02 1788
id03593 95.733300 15.233300 0.08 0.02 1335
id03594 95.533300 15.241700 0.10 0.02 1672
id03595 95.333300 15.200000 0.09 0.02 1954
id03596 95.166700 15.133300 0.10 0.02 1791
id03597 95.000000 15.088900 0.12 0.02 1492
id03598 94.800000 15.100000 0.07 0.02 2329
id03599 94.600000 15.166700 0.06 0.02 2785
id03600 94.466700 15.266700 0.09 0.03 3926
id03601 94.366700 15.366700 0.10 0.03 4117
id03602 94.200000 15.466700 0.07 0.02 3783
id03603 94.122200 15.600000 0.09 0.02 3296
id03604 94.085700 15.800000 0.07 0.02 3131
id03605 94.100000 16.000000 -1.00 -1.00 -1
id03606 94.091700 16.200000 0.09 0.02 2628
id03607 94.114800 16.400000 0.10 0.02 2219
id03608 94.166700 16.571400 0.07 0.02 2137
id03609 94.213700 16.766700 0.08 0.02 1420
id03610 94.300000 16.933300 0.10 0.02 1590
id03611 94.316700 17.133300 0.12 0.03 1626
id03612 94.333300 17.346700 0.10 0.02 1278
id03613 94.390900 17.533300 0.10 0.02 1920
id03614 94.366700 17.766700 0.18 0.03 1560
id03615 94.273300 17.900000 0.23 0.04 1838
id03616 94.133300 17.969200 0.24 0.04 1643
id03617 94.100000 18.087000 0.28 0.05 1908
id03618 94.200000 18.166700 0.23 0.04 2579
id03619 94.100000 18.300000 0.25 0.04 1976
id03620 93.900000 18.345800 0.29 0.05 2264
id03621 93.771800 18.466700 0.30 0.06 2711
id03622 93.666700 18.581500 0.16 0.04 2414
id03623 93.553800 18.700000 0.24 0.05 2301
id03624 93.433300 18.826300 0.23 0.05 2489
id03625 93.448700 19.000000 0.24 0.06 2452
id03626 93.400000 19.173300 0.27 0.06 1555
id03627 93.293300 19.300000 0.25 0.06 2043
id03628 93.200000 19.444400 0.34 0.06 2043
id03629 93.127300 19.600000 0.33 0.06 604
id03630 92.985700 19.700000 0.21 0.05 3161
id03631 92.842900 19.800000 0.24 0.06 2489
id03632 92.733300 19.926700 0.25 0.06 2340
id03633 92.600000 20.014800 0.33 0.06 1927
id03634 92.466700 20.100000 0.40 0.07 2043
id03635 92.325000 20.200000 -1.00 -1.00 -1
id03636 92.133300 20.266700 0.36 0.07 2389
id03637 92.033300 20.400000 0.37 0.07 3565
id03638 91.950000 20.533300 0.43 0.08 2366
id03639 91.866700 20.683300 0.44 0.07 1080
id03640 91.783300 20.833300 0.36 0.06 1927
id03641 91.700000 20.966700 -1.00 -1.00 -1
id03642 91.533300 21.057100 -1.00 -1.00 -1
id03643 91.366700 20.966700 0.18 0.04 1979
id03644 91.233300 20.888900 0.21 0.04 1822
id03645 91.000000 20.880000 0.28 0.05 1815
id03646 90.833300 20.960000 -1.00 -1.00 -1
id03647 90.746700 21.100000 0.23 0.04 2546
id03648 90.633300 21.233300 0.20 0.04 2104
id03649 90.500000 21.300000 0.15 0.03 1949
id03650 90.300000 21.366700 0.16 0.03 1866
id03651 90.133300 21.413300 0.12 0.03 4838
id03652 89.933300 21.458300 0.09 0.02 4244
id03653 89.766700 21.526700 -1.00 -1.00 -1
id03654 89.593300 21.533300 0.07 0.02 2624
id03655 89.466700 21.431800 0.09 0.02 1672
id03656 89.366700 21.296600 -1.00 -1.00 -1
id03657 89.227800 21.200000 -1.00 -1.00 -1
id03658 89.114300 21.066700 -1.00 -1.00 -1
id03659 88.933300 21.029800 -1.00 -1.00 -1
id03660 88.766700 21.095200 0.04 0.01 2067
id03661 88.566700 21.105600 0.04 0.01 2631
id03662 88.366700 21.080000 0.05 0.01 2013
id03663 88.166700 21.040000 -1.00 -1.00 -1
id03664 88.000000 20.983300 0.08 0.02 2677
id03665 87.900000 20.866700 -1.00 -1.00 -1
id03666 87.766700 20.833300 0.03 0.01 3904
id03667 87.600000 20.808300 0.07 0.02 3329
id03668 87.466700 20.708300 -1.00 -1.00 -1
id03669 87.366700 20.600000 0.08 0.02 4147
id03670 87.266700 20.458300 -1.00 -1.00 -1
id03671 87.166700 20.308300 0.06 0.01 2025
id03672 87.033300 20.216700 0.06 0.01 1859
id03673 86.900000 20.104800 0.06 0.01 1866
id03674 86.766700 20.007400 0.00 0.00 989
id03675 86.600000 19.936700 -1.00 -1.00 -1
id03676 86.466700 19.838500 -1.00 -1.00 -1
id03677 86.300000 19.787000 -1.00 -1.00 -1
id03678 86.128600 19.733300 -1.00 -1.00 -1
id03679 85.983300 19.666700 -1.00 -1.00 -1
id03680 85.766700 19.673700 0.02 0.01 1043
id03681 85.566700 19.634400 0.04 0.01 741
id03682 85.463600 19.533300 -1.00 -1.00 -1
id03683 85.305600 19.433300 -1.00 -1.00 -1
id03684 85.155600 19.366700 0.02 0.01 846
id03685 85.063300 19.233300 0.01 0.00 928
id03686 84.966700 19.094400 -1.00 -1.00 -1
id03687 84.862500 18.966700 -1.00 -1.00 -1
id03688 84.738100 18.833300 0.01 0.00 1870
id03689 84.633300 18.726700 0.01 0.00 2036
id03690 84.553300 18.566700 0.01 0.00 1411
id03691 84.496300 18.400000 0.01 0.00 1200
id03692 84.366700 18.300000 0.01 0.00 1230
id03693 84.366700 18.192500 0.01 0.00 1296
id03694 84.233300 18.133300 -1.00 -1.00 -1
id03695 84.100000 18.100000 0.01 0.00 934
id03696 83.930000 18.066700 0.01 0.00 1095
id03697 83.866700 17.900000 0.01 0.00 1049
id03698 83.733300 17.790900 0.01 0.00 1241
id03699 83.591700 17.700000 0.01 0.00 1185
id03700 83.455600 17.600000 0.01 0.00 1206
id03701 83.413900 17.400000 0.01 0.00 1140
id03702 83.211100 17.366700 0.01 0.00 1069
id03703 83.033300 17.303300 0.01 0.00 1530
id03704 82.866700 17.243300 0.01 0.00 1484
id03705 82.700000 17.170000 0.01 0.00 1851
id03706 82.583300 17.066700 0.01 0.00 2932
id03707 82.480000 16.933300 0.01 0.00 2468
id03708 82.430800 16.766700 0.01 0.00 6202
id03709 82.366700 16.579200 0.01 0.00 3678
id03710 82.233300 16.470400 0.01 0.00 3938
id03711 82.122200 16.366700 0.01 0.00 3830
id03712 81.966700 16.291700 0.01 0.00 3854
id03713 81.768900 16.233300 0.01 0.00 3990
id03714 81.600000 16.196100 0.01 0.01 3660
id03715 81.433300 16.124100 0.02 0.01 2471
id03716 81.342700 15.966700 0.01 0.01 3424
id03717 81.200000 15.888000 0.01 0.01 2816
id03718 81.066700 15.785100 0.01 0.00 2726
id03719 80.943800 15.666700 0.01 0.00 3056
id03720 80.769800 15.600000 0.01 0.00 3089
id03721 80.633300 15.600000 0.01 0.00 3075
id03722 80.500000 15.538900 -1.00 -1.00 -1
id03723 80.500000 15.389500 0.01 0.00 2354
id03724 80.366700 15.345100 -1.00 -1.00 -1
id03725 80.300000 15.177800 0.01 0.01 4087
id03726 80.240000 15.000000 0.02 0.01 3056
id03727 80.214600 14.800000 0.02 0.01 2550
id03728 80.270500 14.633300 0.03 0.01 2039
id03729 80.300000 14.456400 0.04 0.01 854
id03730 80.276900 14.300000 0.03 0.01 1267
id03731 80.366700 14.133300 -1.00 -1.00 -1
id03732 80.337900 13.966700 0.03 0.01 2246
id03733 80.377800 13.766700 -1.00 -1.00 -1
id03734 80.427800 13.566700 0.03 0.01 4860
id03735 80.439800 13.366700 0.03 0.01 2700
id03736 80.417500 13.166700 0.04 0.01 2490
id03737 80.412800 12.933300 0.04 0.02 2415
id03738 80.420000 12.700000 0.03 0.01 2496
id03739 80.466700 12.533300 0.05 0.02 2086
id03740 80.466700 12.373300 0.05 0.02 1968
id03741 80.355600 12.400000 0.06 0.02 2160
id03742 80.333300 12.262200 0.04 0.01 2028
id03743 80.200000 12.155000 0.05 0.02 1942
id03744 80.067300 12.100000 0.03 0.01 3037
id03745 80.018900 11.933300 0.04 0.02 2293
id03746 79.904600 11.800000 0.05 0.02 2609
id03747 79.900000 11.659800 0.07 0.02 1102
id03748 79.886000 11.500000 0.05 0.01 1030
id03749 79.922700 11.300000 -1.00 -1.00 -1
id03750 79.979200 11.133300 -1.00 -1.00 -1
id03751 80.063300 10.966700 0.04 0.01 1840
id03752 80.103000 10.800000 0.04 0.01 1469
id03753 80.100000 10.633300 0.02 0.01 1352
id03754 80.137000 10.433300 0.06 0.02 1065
id03755 80.266700 10.300000 0.00 0.00 1935
id03756 80.366700 10.175000 0.07 0.02 1065
id03757 80.510100 10.100000 -1.00 -1.00 -1
id03758 80.566700 9.933300 0.05 0.02 1792
id03759 80.733300 9.851300 0.07 0.02 1552
id03760 80.800000 9.733300 0.03 0.02 3318
id03761 80.766700 9.533300 0.03 0.02 3982
id03762 80.833300 9.387900 0.05 0.02 2096
id03763 80.911100 9.366700 0.08 0.02 574
id03764 80.933300 9.133300 0.05 0.02 1773
id03765 81.035500 9.100000 0.04 0.02 2205
id03766 80.997300 9.000000 0.03 0.02 3359
id03767 81.099200 8.866700 0.04 0.02 2526
id03768 81.120800 8.900000 0.04 0.02 1960
id03769 81.166700 8.880600 0.03 0.02 4117
id03770 81.202300 8.766700 0.05 0.02 1987
id03771 81.256910 8.577515 0.05 0.02 1525
id03772 81.333300 8.540400 0.05 0.02 2602
id03773 81.400000 8.465200 0.05 0.02 2302
id03774 81.500000 8.306200 0.05 0.01 863
id03775 81.477800 8.200000 0.06 0.02 959
id03776 81.566700 8.047600 -1.00 -1.00 -1
id03777 81.700000 7.950000 -1.00 -1.00 -1
id03778 81.666700 7.802100 0.04 0.01 1559
id03779 81.833300 7.799400 -1.00 -1.00 -1
id03780 81.766700 7.715800 0.08 0.02 1503
id03781 81.900000 7.677800 -1.00 -1.00 -1
id03782 81.851200 7.533300 -1.00 -1.00 -1
id03783 81.933900 7.400000 -1.00 -1.00 -1
id03784 81.918500 7.300000 0.14 0.05 1942
id03785 81.912500 7.166700 0.13 0.05 2437
id03786 81.933300 7.083300 0.13 0.05 2423
id03787 81.900000 6.966700 0.16 0.06 2433
id03788 81.900000 6.750000 -1.00 -1.00 -1
id03789 81.822800 6.600000 0.11 0.04 2335
id03790 81.800000 6.530300 -1.00 -1.00 -1
id03791 81.700000 6.437000 0.15 0.03 408
id03792 81.690800 6.300000 0.09 0.02 1447
id03793 81.566700 6.192900 -1.00 -1.00 -1
id03794 81.455600 6.066700 0.18 0.04 900
id03795 81.300000 6.126700 -1.00 -1.00 -1
id03796 81.100000 6.092900 0.15 0.06 2190
id03797 80.986700 5.966700 0.22 0.08 2189
id03798 80.866700 5.924800 0.21 0.08 2107
id03799 80.711700 5.933300 0.16 0.06 2163
id03800 80.593800 5.900000 0.11 0.04 2310
id03801 80.391500 5.900000 0.11 0.05 5366
id03802 80.233300 5.954000 0.19 0.06 1744
id03803 80.033300 5.970000 0.08 0.03 2731
id03804 79.930600 6.100000 0.09 0.03 2252
id03805 79.986200 6.200000 0.07 0.02 2302
id03806 79.866700 6.308300 0.10 0.03 2273
id03807 79.866700 6.384400 0.10 0.04 2071
id03808 79.800000 6.533300 -1.00 -1.00 -1
id03809 79.800000 6.656000 0.10 0.03 1094
id03810 79.733300 6.770000 0.11 0.03 2006
id03811 79.664600 6.933300 0.11 0.03 1877
id03812 79.699500 7.066700 0.05 0.02 2504
id03813 79.699200 7.233300 -1.00 -1.00 -1
id03814 79.656000 7.433300 0.07 0.02 1394
id03815 79.667800 7.633300 0.10 0.04 2077
id03816 79.696300 7.800000 0.06 0.02 1060
id03817 79.677000 8.033300 0.05 0.01 1009
id03818 79.677800 8.266700 0.05 0.01 1065
id03819 79.719700 8.466700 0.06 0.02 651
id03820 79.682200 8.666700 0.05 0.02 1635
id03821 79.593700 8.800000 0.05 0.02 1972
id03822 79.466700 8.927600 0.05 0.02 1365
id03823 79.328900 9.000000 0.05 0.02 1324
id03824 79.133300 9.059600 0.05 0.02 1327
id03825 78.983300 9.033300 0.05 0.02 2013
id03826 78.833300 8.956600 0.04 0.01 1601
id03827 78.633300 8.922700 -1.00 -1.00 -1
id03828 78.500000 8.826700 0.04 0.01 1013
id03829 78.413300 8.666700 0.04 0.01 963
id03830 78.348100 8.500000 0.05 0.01 889
id03831 78.305700 8.300000 0.04 0.01 1054
id03832 78.302300 8.133300 0.04 0.02 2319
id03833 78.200000 8.076200 0.03 0.01 1256
id03834 78.055600 8.000000 0.05 0.02 1964
id03835 78.066700 7.866700 0.04 0.02 2347
id03836 78.009200 7.700000 0.04 0.01 1087
id03837 77.833300 7.722200 -1.00 -1.00 -1
id03838 77.700000 7.833300 -1.00 -1.00 -1
id03839 77.533300 7.866700 0.04 0.02 1859
id03840 77.355600 7.933300 0.05 0.02 1305
id03841 77.300000 8.066700 0.06 0.02 1743
id03842 77.200000 8.100000 0.03 0.01 1069
id03843 77.033300 8.128600 0.06 0.02 1822
id03844 76.900000 8.209500 0.06 0.02 1582
id03845 76.800000 8.344400 0.05 0.01 1077
id03846 76.712500 8.500000 0.06 0.02 2261
id03847 76.600000 8.627800 0.05 0.02 1646
id03848 76.416700 8.666700 0.06 0.03 4035
id03849 76.261100 8.666700 0.08 0.03 4815
id03850 76.181300 8.833300 0.06 0.03 3360
id03851 76.128600 9.000000 0.06 0.03 3142
id03852 76.000000 9.100000 0.06 0.03 2783
id03853 75.966700 9.294400 0.05 0.02 2498
id03854 76.010000 9.466700 0.06 0.02 1432
id03855 75.966700 9.633300 0.03 0.01 2226
id03856 75.966700 9.833300 0.05 0.02 1852
id03857 75.933300 9.933300 0.06 0.02 1222
id03858 75.777800 10.033300 0.06 0.02 1003
id03859 75.700000 10.166700 -1.00 -1.00 -1
id03860 75.841700 10.233300 0.00 0.00 787
id03861 75.800000 10.422200 -1.00 -1.00 -1
id03862 75.755600 10.600000 0.08 0.02 839
id03863 75.693300 10.766700 0.07 0.02 1422
id03864 75.619000 10.933300 0.08 0.03 1458
id03865 75.546700 11.100000 0.09 0.03 1845
id03866 75.466700 11.233300 0.12 0.05 2812
id03867 75.358300 11.366700 0.12 0.04 1868
id03868 75.266700 11.500000 -1.00 -1.00 -1
id03869 75.166700 11.655600 -1.00 -1.00 -1
id03870 75.066700 11.800000 0.08 0.04 3161
id03871 74.983300 11.933300 0.12 0.05 2055
id03872 74.945800 12.133300 0.11 0.04 2123
id03873 74.866700 12.300000 0.16 0.06 2227
id03874 74.800000 12.433300 0.12 0.06 3397
id03875 74.700000 12.600000 0.12 0.06 3375
id03876 74.608300 12.733300 0.12 0.06 3390
id03877 74.522200 12.866700 0.08 0.04 3375
id03878 74.500000 13.000000 0.08 0.04 3476
id03879 74.416700 13.100000 0.06 0.02 1060
id03880 74.366700 13.266700 -1.00 -1.00 -1
id03881 74.308300 13.466700 -1.00 -1.00 -1
id03882 74.250000 13.633300 0.07 0.02 1616
id03883 74.166700 13.777800 0.10 0.04 2749
id03884 74.093300 13.933300 0.10 0.04 1803
id03885 74.075000 14.166700 0.12 0.03 1116
id03886 74.073300 14.400000 0.08 0.03 2336
id03887 73.975000 14.533300 0.08 0.03 2464
id03888 73.893300 14.666700 0.12 0.04 2280
id03889 73.816700 14.833300 0.09 0.04 2359
id03890 73.740000 15.000000 0.12 0.05 2310
id03891 73.660000 15.133300 0.12 0.04 2145
id03892 73.566700 15.300000 0.11 0.04 2183
id03893 73.506700 15.466700 0.13 0.05 2236
id03894 73.446700 15.633300 0.11 0.04 2264
id03895 73.366700 15.773300 0.12 0.05 2287
id03896 73.305600 15.966700 0.11 0.04 2301
id03897 73.277800 16.166700 0.10 0.03 1154
id03898 73.200000 16.311100 0.12 0.04 1109
id03899 73.133300 16.500000 0.14 0.04 997
id03900 73.116700 16.700000 0.08 0.03 2212
id03901 73.066700 16.900000 0.14 0.04 1182
id03902 73.041700 17.100000 0.12 0.03 1148
id03903 73.041700 17.333300 0.13 0.05 1920
id03904 73.100000 17.466700 0.14 0.05 2331
id03905 73.066700 17.600000 0.14 0.04 1199
id03906 73.033300 17.758300 0.16 0.04 915
id03907 72.911100 17.866700 0.17 0.05 1410
id03908 72.825000 18.000000 0.06 0.02 1237
id03909 72.833300 18.200000 0.14 0.04 1214
id03910 72.800000 18.400000 0.16 0.05 1159
id03911 72.633300 18.455600 0.17 0.05 1020
id03912 72.400000 18.444400 0.13 0.04 1042
id03913 72.258300 18.533300 0.15 0.05 1267
id03914 72.300000 18.700000 0.15 0.04 1057
id03915 72.311100 18.933300 0.14 0.04 1057
id03916 72.266700 19.133300 0.20 0.05 873
id03917 72.208300 19.300000 0.23 0.07 1084
id03918 72.133300 19.450000 0.24 0.07 1154
id03919 72.050000 19.600000 0.09 0.03 1223
id03920 71.966700 19.733300 0.25 0.07 1244
id03921 71.833300 19.850000 0.26 0.08 1231
id03922 71.700000 19.933300 0.24 0.07 1410
id03923 71.533300 20.033300 0.18 0.07 2189
id03924 71.400000 20.100000 0.19 0.07 2280
id03925 71.200000 20.166700 0.21 0.08 2325
id03926 71.033300 20.216700 0.18 0.07 2316
id03927 70.866700 20.266700 0.26 0.10 2325
id03928 70.700000 20.333300 0.18 0.07 2325
id03929 70.533300 20.433300 0.33 0.10 1394
id03930 70.433300 20.533300 0.22 0.07 1417
id03931 70.300000 20.666700 0.21 0.08 2301
id03932 70.166700 20.750000 0.29 0.09 1155
id03933 73.200000 6.967200 0.12 0.06 1206
id03934 73.200000 6.824000 -1.00 -1.00 -1
id03935 73.092100 6.666700 0.15 0.07 1133
id03936 73.066700 6.438400 0.17 0.08 1118
id03937 73.202300 6.333300 0.07 0.06 2498
id03938 73.270400 6.133300 0.13 0.07 1450
id03939 73.378300 5.966700 0.11 0.06 1267
id03940 73.404000 5.800000 0.17 0.08 1162
id03941 73.300000 5.659800 0.17 0.13 2058
id03942 73.166700 5.797100 0.19 0.15 2133
id03943 73.100000 5.993600 0.12 0.10 2145
id03944 73.000000 6.137900 0.19 0.13 1579
id03945 72.933300 6.351700 0.21 0.14 1477
id03946 72.885300 6.500000 0.17 0.11 1732
id03947 72.895300 6.700000 0.21 0.12 1503
id03948 72.933300 6.835400 0.18 0.09 1200
id03949 72.966700 5.901700 0.20 0.10 1211
id03950 72.975700 5.833300 0.21 0.12 1486
id03951 73.002200 5.766700 0.27 0.12 1095
id03952 73.009400 5.666700 0.34 0.16 1069
id03953 73.034600 5.600000 0.77 0.35 1027
id03954 73.034500 5.500000 0.32 0.16 1170
id03955 73.000000 5.443000 -1.00 -1.00 -1
id03956 72.966700 5.390200 -1.00 -1.00 -1
id03957 72.900000 5.358300 0.09 0.04 878
id03958 72.866700 5.375000 0.11 0.05 896
id03959 72.866700 5.438800 0.13 0.05 753
id03960 72.833300 5.510500 -1.00 -1.00 -1
id03961 72.800000 5.545800 -1.00 -1.00 -1
id03962 72.838100 5.600000 0.06 0.03 870
id03963 72.859200 5.700000 0.06 0.03 870
id03964 72.866700 5.777400 -1.00 -1.00 -1
id03965 72.918400 5.833300 0.10 0.03 506
id03966 73.433300 4.768300 0.08 0.04 993
id03967 73.500000 4.705700 -1.00 -1.00 -1
id03968 73.566700 4.641800 0.09 0.04 1001
id03969 73.603100 4.566700 0.05 0.04 3022
id03970 73.679800 4.500000 -1.00 -1.00 -1
id03971 73.700000 4.425400 -1.00 -1.00 -1
id03972 73.617300 4.366700 0.10 0.05 1042
id03973 73.560500 4.300000 0.08 0.04 1042
id03974 73.533300 4.199900 0.03 0.02 2903
id03975 73.433300 4.225400 0.03 0.02 2903
id03976 73.394300 4.300000 0.03 0.02 2903
id03977 73.364500 4.400000 -1.00 -1.00 -1
id03978 73.390000 4.500000 -1.00 -1.00 -1
id03979 73.408600 4.600000 -1.00 -1.00 -1
id03980 73.400000 4.669100 0.08 0.03 1023
id03981 72.766700 4.271800 -1.00 -1.00 -1
id03982 72.840000 4.233300 0.03 0.02 1815
id03983 72.900000 4.143100 0.05 0.03 1046
id03984 72.937200 4.066700 0.05 0.02 1238
id03985 72.900400 3.966700 0.05 0.02 1238
id03986 72.940800 3.866700 0.05 0.02 1178
id03987 72.937900 3.733300 0.04 0.03 2125
id03988 72.933300 3.616700 0.05 0.02 1065
id03989 72.900000 3.519900 0.05 0.02 1065
id03990 72.800000 3.498100 0.03 0.02 963
id03991 72.725500 3.533300 0.03 0.02 963
id03992 72.687600 3.633300 -1.00 -1.00 -1
id03993 72.695900 3.766700 0.04 0.02 914
id03994 72.713400 3.866700 0.03 0.01 1080
id03995 72.699100 3.966700 0.03 0.01 1080
id03996 72.722900 4.066700 0.03 0.01 967
id03997 72.761900 4.166700 0.03 0.01 967
id03998 73.400000 3.666800 0.02 0.01 1433
id03999 73.466700 3.645300 0.02 0.01 1433
id04000 73.475900 3.566700 0.03 0.02 1139
id04001 73.505600 3.500000 0.03 0.02 1139
id04002 73.566700 3.433600 0.03 0.02 1217
id04003 73.633300 3.413300 -1.00 -1.00 -1
id04004 73.700000 3.452500 0.03 0.01 1373
id04005 73.738100 3.466700 0.03 0.01 1373
id04006 73.704300 3.400000 0.03 0.01 1267
id04007 73.633300 3.397200 0.03 0.01 1267
id04008 73.536900 3.366700 0.02 0.01 1593
id04009 73.471200 3.333300 -1.00 -1.00 -1
id04010 73.426800 3.333300 0.01 0.01 1732
id04011 73.388000 3.400000 0.03 0.01 891
id04012 73.371000 3.500000 0.03 0.01 891
id04013 73.366700 3.571700 0.02 0.01 1217
id04014 73.100000 2.543200 0.02 0.01 1182
id04015 73.167600 2.533300 -1.00 -1.00 -1
id04016 73.266700 2.504400 0.02 0.01 1384
id04017 73.312800 2.466700 0.02 0.01 1641
id04018 73.366700 2.403100 0.01 0.01 1754
id04019 73.366700 2.363500 0.01 0.01 1754
id04020 73.300000 2.328000 0.02 0.01 2031
id04021 73.233300 2.272200 0.02 0.01 1934
id04022 73.168000 2.233300 0.02 0.01 1178
id04023 73.133300 2.196600 0.02 0.01 1178
id04024 73.033300 2.188200 -1.00 -1.00 -1
id04025 72.966500 2.200000 0.02 0.01 1132
id04026 72.955400 2.300000 -1.00 -1.00 -1
id04027 72.927400 2.366700 -1.00 -1.00 -1
id04028 72.928900 2.466700 0.02 0.01 1118
id04029 72.966700 2.502400 0.02 0.01 1008
id04030 73.200000 0.901900 0.02 0.02 2366
id04031 73.300000 0.901700 0.02 0.02 2366
id04032 73.346000 0.800000 0.03 0.01 1281
id04033 73.377100 0.666700 0.03 0.01 1281
id04034 73.466700 0.579100 0.03 0.02 1432
id04035 73.505100 0.466700 0.03 0.02 1634
id04036 73.466700 0.358500 0.03 0.02 1634
id04037 73.366700 0.284400 0.03 0.02 2433
id04038 73.233300 0.256500 0.02 0.02 4075
id04039 73.136700 0.200000 0.02 0.02 3834
id04040 73.034600 0.266700 0.02 0.02 2204
id04041 72.976200 0.366700 0.03 0.02 2231
id04042 72.934000 0.500000 0.03 0.02 2231
id04043 73.023800 0.600000 0.03 0.02 2231
id04044 73.126000 0.666700 0.03 0.02 2129
id04045 73.204800 0.733300 0.03 0.02 1901
id04046 73.133300 0.832500 0.03 0.02 2099
id04047 93.533300 7.516100 0.05 0.02 2482
id04048 93.775800 7.433300 0.05 0.02 2482
id04049 93.766700 7.225400 0.04 0.01 1994
id04050 93.910100 7.166700 -1.00 -1.00 -1
id04051 93.973700 6.966700 -1.00 -1.00 -1
id04052 93.866700 6.733300 0.05 0.02 2046
id04053 93.725500 6.666700 0.06 0.02 2340
id04054 93.668800 6.900000 -1.00 -1.00 -1
id04055 93.533300 7.095400 0.04 0.01 1949
id04056 93.531100 7.266700 0.04 0.01 1949
id04057 95.733300 2.947900 0.04 0.02 2204
id04058 95.901100 2.900000 0.03 0.01 3232
id04059 96.033300 2.777500 0.03 0.01 3232
id04060 96.176300 2.700000 0.04 0.01 1210
id04061 96.316300 2.633300 0.03 0.01 2347
id04062 96.400000 2.634500 0.03 0.02 3066
id04063 96.433300 2.522000 0.05 0.02 1514
id04064 96.566700 2.433300 0.04 0.01 2246
id04065 96.569400 2.266700 0.04 0.01 2257
id04066 96.448800 2.300000 0.03 0.01 3158
id04067 96.318900 2.366700 0.03 0.02 3116
id04068 96.145000 2.366700 0.05 0.02 1954
id04069 96.033300 2.497400 -1.00 -1.00 -1
id04070 95.913400 2.533300 0.06 0.02 1316
id04071 95.733300 2.592200 0.06 0.02 1133
id04072 95.659600 2.733300 0.06 0.02 1133
id04073 97.333300 1.542100 -1.00 -1.00 -1
id04074 97.533300 1.524600 0.07 0.03 2305
id04075 97.628071 1.310413 0.08 0.03 2256
id04076 97.776000 1.166700 0.05 0.02 1860
id04077 97.966700 1.060700 0.09 0.03 2286
id04078 98.000000 0.855600 0.08 0.03 2256
id04079 97.952100 0.633300 0.08 0.03 2256
id04080 97.766700 0.515000 0.08 0.03 2256
id04081 97.640700 0.700000 0.08 0.03 2219
id04082 97.500000 0.855300 0.07 0.02 2174
id04083 97.364900 0.800000 0.07 0.02 2174
id04084 97.261000 1.000000 0.08 0.03 2104
id04085 97.181000 1.166700 0.08 0.03 2104
id04086 97.066700 1.235600 0.09 0.03 2194
id04087 97.066700 1.394700 0.08 0.03 1913
id04088 98.666700 -0.553300 0.08 0.03 1913
id04089 98.783900 -0.733300 0.10 0.03 1793
id04090 98.902200 -0.900000 0.09 0.02 502
id04091 99.000700 -1.100000 0.09 0.02 1012
id04092 99.102728 -1.328578 0.07 0.03 2516
id04093 99.200000 -1.510000 0.07 0.03 2516
id04094 99.300000 -1.655500 0.10 0.03 1256
id04095 99.344400 -1.900000 0.10 0.03 1256
id04096 99.200000 -1.841500 0.10 0.03 1143
id04097 99.033300 -1.856600 0.10 0.03 1143
id04098 98.866700 -1.723200 0.09 0.02 480
id04099 98.725600 -1.566700 0.09 0.02 480
id04100 98.621100 -1.366700 -1.00 -1.00 -1
id04101 98.530200 -1.166700 0.12 0.03 1027
id04102 98.605900 -0.966700 0.12 0.03 1027
id04103 98.733300 -0.766700 0.12 0.04 1403
id04104 99.500000 -1.927400 0.08 0.03 2076
id04105 99.600000 -1.965900 0.08 0.03 2213
id04106 99.663200 -2.033300 0.09 0.03 1653
id04107 99.713200 -2.100000 0.09 0.03 1653
id04108 99.744200 -2.200000 0.07 0.03 3217
id04109 99.800000 -2.271700 0.07 0.03 3217
id04110 99.866700 -2.361900 0.09 0.03 2190
id04111 99.902300 -2.433300 0.08 0.03 2085
id04112 99.853300 -2.466700 0.09 0.03 2168
id04113 99.766700 -2.417500 0.06 0.02 2182
id04114 99.671700 -2.366700 0.06 0.03 2662
id04115 99.600000 -2.321200 0.06 0.03 2662
id04116 99.533300 -2.265900 0.08 0.03 1883
id04117 99.491500 -2.166700 0.08 0.03 1883
id04118 99.461500 -2.066700 0.04 0.02 3172
id04119 99.423800 -1.966700 0.04 0.02 3172
id04120 99.966700 -2.498400 -1.00 -1.00 -1
id04121 100.100000 -2.565100 0.06 0.02 1390
id04122 100.196900 -2.666700 0.06 0.02 1390
id04123 100.266700 -2.772400 0.07 0.03 2091
id04124 100.360500 -2.900000 0.07 0.03 2091
id04125 100.443900 -3.000000 0.08 0.03 2085
id04126 100.519600 -3.133300 0.08 0.03 2085
id04127 100.600000 -3.264400 0.09 0.03 1845
id04128 100.625900 -3.333300 0.09 0.03 1845
id04129 100.480600 -3.366700 0.05 0.02 2288
id04130 100.361500 -3.333300 0.05 0.02 2288
id04131 100.266700 -3.209200 0.09 0.03 1619
id04132 100.173500 -3.100000 0.06 0.02 1211
id04133 100.157000 -2.933300 0.06 0.02 1211
id04134 100.029700 -2.866700 0.11 0.03 1422
id04135 99.966700 -2.733300 0.11 0.03 1422
id04136 99.945800 -2.600000 0.11 0.03 1422
id04151 119.378000 4.516700 0.13 0.03 1189
id04152 118.250000 4.216700 0.08 0.02 1204
id04153 117.924000 2.866700 0.08 0.02 1204
id04154 118.550000 1.600000 0.11 0.03 2003
id04155 118.821000 0.800000 -1.00 -1.00 -1
id04156 117.640000 0.366700 -1.00 -1.00 -1
id04157 117.683000 -0.550000 0.02 0.01 4849
id04158 117.217000 -1.450000 0.03 0.01 6546
id04159 117.433000 -2.356700 0.02 0.00 7394
id04160 117.000000 -3.033300 0.02 0.00 6865
id04161 116.767000 -4.333300 0.02 0.01 5688
id04162 116.383000 -4.716700 0.02 0.00 6149
id04163 116.700000 -5.227800 0.02 0.00 5869
id04164 116.689000 -5.716700 0.00 0.00 6698
id04165 115.517000 -5.416700 0.02 0.00 6746
id04166 114.067000 -5.616700 0.03 0.01 6840
id04167 113.017000 -6.416700 0.02 0.00 6547
id04168 114.417000 -6.822200 0.01 0.00 6847
id04169 115.500000 -6.116700 0.02 0.00 7252
id04170 116.067000 -7.120800 0.00 0.00 7169
id04171 114.713000 -7.183300 0.01 0.00 6840
id04172 113.856000 -7.450000 0.01 0.00 5050
id04173 113.905000 -7.600000 0.01 0.00 5913
id04174 114.967000 -8.170700 0.00 0.00 4994
id04175 115.303000 -8.750000 0.00 0.00 2700
id04176 114.533000 -8.642900 0.00 0.00 6588
id04177 113.500000 -8.445100 0.00 0.00 5782
id04178 119.133000 4.724700 0.01 0.00 4567
id04179 119.437000 4.866700 0.01 0.00 6036
id04180 119.433000 4.582800 0.02 0.01 6700
id04181 119.100000 4.558300 0.01 0.00 6885
id04182 118.880000 4.266700 0.01 0.00 4769
id04183 118.533000 4.252400 0.01 0.00 5286
id04184 118.100000 4.133300 0.01 0.00 6419
id04185 118.033000 3.800000 0.01 0.00 7049
id04186 117.917000 3.316700 0.01 0.00 5506
id04187 118.083000 2.533900 0.01 0.00 3986
id04188 118.317000 2.183300 0.02 0.01 2222
id04189 118.494000 1.783300 -1.00 -1.00 -1
id04190 118.800000 1.507900 0.02 0.01 5448
id04191 118.778000 1.266700 0.02 0.00 3404
id04192 118.983000 1.055300 0.02 0.00 3494
id04193 118.733000 0.802800 0.02 0.00 2088
id04194 118.317000 0.840000 0.03 0.01 828
id04195 117.917000 0.758800 0.02 0.00 1080
id04196 117.687000 0.433300 0.03 0.01 971
id04197 117.589000 -0.050000 0.03 0.01 1370
id04198 117.750000 -0.416700 0.03 0.01 2325
id04199 117.850000 -0.439300 0.06 0.01 1207
id04200 117.650000 -0.700000 0.06 0.01 1185
id04201 117.667000 -0.933300 0.04 0.01 1395
id04202 117.367000 -1.183300 0.05 0.01 977
id04203 116.917000 -1.716700 0.04 0.01 847
id04204 116.917000 -2.050000 0.04 0.01 648
id04205 117.269000 -2.283300 0.04 0.01 949
id04206 117.550000 -2.600000 0.04 0.01 1199
id04207 117.700000 -2.966700 0.05 0.01 1428
id04208 117.317000 -2.950000 0.04 0.01 2114
id04209 116.967000 -3.100000 0.03 0.01 2190
id04210 116.933000 -3.433300 0.04 0.01 1680
id04211 116.900000 -3.800000 0.05 0.01 1967
id04212 116.750000 -4.233300 0.06 0.01 2310
id04213 117.083000 -4.380000 0.07 0.01 1957
id04214 117.067000 -4.554200 0.07 0.01 2880
id04215 116.650000 -4.633300 0.09 0.02 2408
id04216 116.267000 -4.816700 0.09 0.02 2530
id04217 115.875000 -4.950000 0.08 0.02 2216
id04218 116.250000 -5.150000 0.08 0.02 2182
id04219 116.983000 -4.916700 0.09 0.02 2227
id04220 116.965000 -5.233300 0.07 0.01 2149
id04221 116.736000 -5.566700 0.07 0.01 1717
id04222 116.467000 -5.833300 0.12 0.02 2231
id04223 116.117000 -5.600000 0.14 0.03 2051
id04224 115.867000 -5.300000 0.15 0.03 2278
id04225 115.433000 -5.466700 0.14 0.03 2347
id04226 115.067000 -5.683300 0.10 0.02 1229
id04227 114.600000 -5.800000 0.11 0.02 1410
id04228 114.167000 -5.650000 0.12 0.02 2227
id04229 113.683000 -5.583300 0.13 0.03 1785
id04230 113.333000 -5.816700 0.16 0.03 1969
id04231 113.083000 -6.133300 0.16 0.03 1424
id04232 113.000000 -6.616700 0.07 0.04 2901
id04233 113.417000 -6.791700 0.05 0.03 3814
id04234 113.933000 -6.818200 -1.00 -1.00 -1
id04235 114.883000 -6.908300 0.10 0.03 1619
id04236 115.042000 -6.483300 0.13 0.03 2050
id04237 115.300000 -6.150000 0.19 0.04 2850
id04238 115.767000 -6.200000 0.17 0.04 2978
id04239 115.750000 -6.600000 0.09 0.03 2070
id04240 115.917000 -6.923800 0.14 0.03 765
id04241 115.958000 -7.133300 0.03 0.02 3591
id04242 115.583000 -7.072100 0.08 0.02 1559
id04243 115.167000 -7.101100 0.06 0.02 2123
id04244 114.804000 -7.166700 0.08 0.03 2018
id04245 114.500000 -7.050000 0.08 0.03 2126
id04246 114.383000 -7.090700 0.08 0.03 2152
id04247 114.067000 -7.310400 0.05 0.04 3649
id04248 113.683000 -7.500000 0.04 0.03 4183
id04249 113.269000 -7.416700 0.07 0.04 3059
id04250 113.583000 -7.666700 0.09 0.04 2748
id04251 114.309000 -7.700000 0.05 0.03 3899
id04252 114.467000 -8.038800 0.04 0.03 2130
id04253 114.783000 -8.159900 0.04 0.04 3872
id04254 115.200000 -8.064900 0.04 0.03 2194
id04255 115.583000 -8.255600 0.07 0.03 1095
id04256 115.547000 -8.516700 0.05 0.03 1533
id04257 115.258000 -8.816700 0.03 0.03 2321
id04258 114.967000 -8.701900 0.04 0.02 1687
id04259 114.717000 -8.413500 0.05 0.03 1341
id04260 114.467000 -8.617800 0.05 0.03 1721
id04261 114.488000 -8.800000 0.07 0.04 1453
id04262 114.167000 -8.666700 0.08 0.04 1297
id04263 113.733000 -8.551200 0.06 0.04 1709
id04264 113.367000 -8.506900 0.10 0.04 600
id04265 113.150000 -8.334200 0.04 0.03 2096
id04266 112.719000 -8.466700 0.04 0.04 3261
id04327 122.833000 -8.077300 0.10 0.03 4072
id04328 122.984000 -8.233300 0.08 0.03 3888
id04329 123.183000 -8.233200 0.07 0.02 2925
id04330 123.450000 -8.270400 0.08 0.02 2540
id04331 123.614000 -8.250000 0.08 0.02 2054
id04332 123.831930 -8.189222 0.09 0.03 2171
id04333 123.767000 -8.289300 0.07 0.02 2074
id04334 123.600000 -8.438100 0.10 0.03 2133
id04335 123.490000 -8.533300 0.09 0.03 2648
id04336 123.267466 -8.554949 0.17 0.03 846
id04337 123.283000 -8.405700 0.14 0.03 791
id04338 123.048000 -8.500000 0.14 0.03 457
id04339 122.867000 -8.596300 0.12 0.03 1344
id04340 122.983000 -8.435500 0.12 0.03 1042
id04341 122.867000 -8.465500 0.13 0.03 880
id04342 122.740000 -8.616700 0.07 0.02 2485
id04343 122.500000 -8.724400 0.11 0.02 672
id04344 122.233000 -8.746200 0.11 0.03 1055
id04345 122.015000 -8.800000 0.10 0.03 1540
id04346 121.750000 -8.889500 0.13 0.03 1290
id04347 121.600000 -8.826500 0.11 0.03 2302
id04348 121.376918 -8.849415 0.07 0.02 7855
id04349 121.123000 -8.916700 0.06 0.02 2362
id04350 120.874000 -8.900000 0.06 0.02 1874
id04351 120.647538 -8.876563 0.04 0.01 3807
id04352 120.371356 -8.826484 0.07 0.02 1365
id04353 120.248025 -8.854159 0.08 0.02 828
id04354 119.983000 -8.828400 0.07 0.01 840
id04355 119.767000 -8.819900 0.07 0.02 1195
id04356 119.629653 -8.810622 0.09 0.02 974
id04357 119.490000 -8.683300 0.07 0.02 1252
id04358 119.378056 -8.705046 0.10 0.02 1074
id04359 119.433000 -8.441200 -1.00 -1.00 -1
id04360 119.667000 -8.400000 0.19 0.05 1526
id04361 119.911000 -8.316700 0.17 0.04 1461
id04362 120.150000 -8.343700 0.13 0.04 2209
id04363 120.410000 -8.250000 0.13 0.04 2411
id04364 120.633000 -8.263900 0.15 0.04 2133
id04365 120.900000 -8.346200 0.20 0.06 2242
id04366 121.167000 -8.420300 0.30 0.07 1162
id04367 121.367000 -8.540700 0.21 0.06 2032
id04368 121.592000 -8.516700 0.33 0.09 1552
id04369 121.833000 -8.481000 0.32 0.08 1237
id04370 122.025000 -8.500000 0.35 0.08 1229
id04371 122.250000 -8.627700 0.23 0.07 2685
id04372 122.445000 -8.533300 0.31 0.08 1665
id04373 122.383000 -8.431400 0.30 0.10 2763
id04374 122.588000 -8.416700 0.26 0.08 2951
id04375 122.800000 -8.304600 0.22 0.07 3097
id04376 122.791133 -8.237535 0.31 0.07 1094
id04377 124.267000 -8.178700 0.30 0.07 1224
id04378 124.373000 -8.200000 0.31 0.07 1064
id04379 124.333000 -8.327700 0.20 0.06 2290
id04380 124.233000 -8.387500 0.27 0.06 1000
id04381 124.165000 -8.516700 0.24 0.07 1917
id04382 124.049000 -8.516700 0.26 0.07 1957
id04383 123.955419 -8.452248 0.26 0.07 1984
id04384 123.894000 -8.366700 0.30 0.08 1589
id04385 124.024000 -8.300000 0.30 0.08 1714
id04386 124.167000 -8.270500 0.32 0.08 1661
id04387 124.617000 -8.115200 0.29 0.08 2040
id04388 124.700000 -8.154600 0.27 0.07 1560
id04389 124.899822 -8.157097 0.27 0.07 1252
id04390 125.106760 -8.160962 0.27 0.07 1683
id04391 125.131283 -8.337362 0.35 0.08 1264
id04392 124.895000 -8.366700 0.32 0.08 1211
id04393 124.683000 -8.399800 0.33 0.08 1290
id04394 124.467000 -8.441400 0.23 0.07 2251
id04395 124.332000 -8.416700 0.18 0.05 2257
id04396 124.393000 -8.250000 0.24 0.06 1575
id04397 120.816082 -7.256014 0.22 0.07 1582
id04398 121.017000 -7.278600 0.18 0.07 2170
id04399 121.167000 -7.345900 0.20 0.05 1129
id04400 121.067000 -7.381900 0.15 0.06 2204
id04401 120.984000 -7.333300 0.23 0.07 1482
id04402 120.517000 -6.990500 0.13 0.04 1155
id04403 120.617000 -7.005800 0.06 0.02 2442
id04404 120.733000 -7.046000 0.10 0.04 2305
id04405 120.733000 -7.136600 0.10 0.04 2159
id04406 121.754169 -7.234973 0.13 0.06 2736
id04407 121.783000 -7.283300 0.15 0.05 1863
id04408 121.732000 -7.300000 0.15 0.04 1574
id04409 121.683000 -7.288500 0.18 0.05 1177
id04410 121.765348 -7.342697 0.15 0.05 1796
id04411 121.836997 -7.340199 0.17 0.07 2984
id04412 121.833000 -7.385600 0.33 0.09 1244
id04413 121.792000 -7.416700 0.26 0.07 1185
id04414 121.747000 -7.416700 0.21 0.05 1001
id04462 125.724065 -8.043749 0.15 0.06 2594
id04463 125.767000 -7.992600 0.11 0.04 2227
id04464 125.799079 -7.871086 0.09 0.03 2053
id04495 124.333000 -1.543100 0.13 0.04 1185
id04496 124.500000 -1.583300 0.16 0.06 1950
id04497 124.633000 -1.636700 0.16 0.04 1312
id04498 124.808000 -1.666700 0.12 0.05 2590
id04499 124.950000 -1.660500 0.13 0.05 2096
id04500 125.100000 -1.675700 0.09 0.05 4274
id04501 125.248501 -1.717583 0.18 0.05 1518
id04502 125.400000 -1.775300 0.14 0.05 2055
id04503 125.567000 -1.777400 0.09 0.05 3330
id04504 125.700000 -1.748100 0.12 0.04 1808
id04521 125.850000 -1.908600 0.09 0.05 3090
id04522 125.683000 -1.935300 0.20 0.05 963
id04523 125.507000 -1.950000 0.20 0.04 449
id04524 125.417000 -1.910600 0.06 0.04 3547
id04525 125.233000 -1.891000 0.15 0.04 993
id04526 125.083000 -1.905300 0.16 0.04 1162
id04527 124.950000 -1.939900 0.11 0.04 2032
id04528 124.800000 -1.917100 0.10 0.03 1693
id04529 124.667000 -1.988700 0.07 0.02 2002
id04530 124.500000 -2.021100 0.06 0.02 1905
id04531 124.367000 -2.058100 0.05 0.02 2272
id04532 124.283000 -1.948800 0.05 0.02 2001
id04533 124.183000 -1.844400 0.06 0.01 656
id04534 124.131000 -1.700000 0.06 0.01 678
id04555 120.467478 -5.748717 0.00 0.00 0
id04556 120.536000 -5.883300 0.00 0.00 0
id04557 120.570000 -6.050000 0.00 0.00 0
id04558 120.535000 -6.216700 0.00 0.00 0
id04559 120.517000 -6.384000 0.00 0.00 0
id04560 120.472301 -6.468317 0.00 0.00 0
id04561 120.447000 -6.333300 0.00 0.00 0
id04562 120.383000 -6.216700 0.00 0.00 0
id04563 120.417000 -6.102100 0.00 0.00 0
id04564 120.444000 -5.933300 0.00 0.00 0
id04565 117.750000 -8.095200 0.00 0.00 0
id04566 118.103525 -8.113676 0.00 0.00 0
id04567 118.317000 -8.359800 0.00 0.00 0
id04568 118.585466 -8.263682 0.00 0.00 0
id04569 118.867000 -8.281300 0.00 0.00 0
id04570 119.083000 -8.501800 0.01 0.00 3205
id04571 119.213000 -8.700000 0.00 0.00 0
id04572 118.933000 -8.845100 0.00 0.00 0
id04573 118.596000 -8.850000 0.00 0.00 0
id04574 118.283000 -8.800000 0.01 0.01 3190
id04575 118.000000 -8.900000 0.02 0.01 1219
id04576 117.671000 -8.950000 0.02 0.01 1420
id04577 117.333000 -9.061400 0.02 0.00 937
id04578 117.033000 -9.116700 0.02 0.00 1432
id04579 116.717000 -9.000000 0.02 0.01 929
id04580 116.667000 -8.735000 0.00 0.00 0
id04581 116.517000 -8.938100 0.01 0.00 2992
id04582 116.157000 -8.916700 0.00 0.00 0
id04583 115.850000 -8.843200 0.01 0.01 3420
id04584 116.032000 -8.650000 0.00 0.00 0
id04585 116.033000 -8.335700 0.00 0.00 0
id04586 116.300000 -8.230200 0.00 0.00 0
id04587 116.643000 -8.283300 0.00 0.00 0
id04588 116.682000 -8.516700 0.00 0.00 0
id04589 116.817000 -8.488100 0.00 0.00 0
id04590 117.115796 -8.366360 0.05 0.02 2449
id04591 117.423846 -8.410189 0.09 0.02 961
id04592 117.754000 -8.500000 0.08 0.02 1582
id04593 118.083000 -8.531100 0.08 0.03 3143
id04594 117.833000 -8.372800 0.08 0.02 2211
id04595 125.083000 1.889600 0.07 0.03 8771
id04596 125.167000 1.700000 0.07 0.02 3885
id04597 125.294000 1.566700 0.05 0.02 8407
id04598 125.198000 1.383300 0.08 0.03 14403
id04599 125.060000 1.200000 0.08 0.03 6573
id04600 124.948000 1.000000 0.12 0.03 1703
id04601 124.767000 0.859800 0.15 0.04 1133
id04602 124.633000 0.671600 0.18 0.04 1162
id04603 124.519000 0.466700 0.20 0.05 1084
id04604 124.300000 0.376300 0.15 0.04 2125
id04605 124.000000 0.364200 0.19 0.06 2366
id04606 123.766000 0.300000 0.23 0.06 2126
id04607 123.528000 0.300000 0.21 0.06 2212
id04608 123.267000 0.310100 0.32 0.09 1920
id04609 123.098000 0.450000 0.36 0.09 1560
id04610 122.833000 0.479200 0.43 0.11 1398
id04611 122.617000 0.475500 0.43 0.10 1297
id04612 122.352446 0.459824 0.55 0.16 2272
id04613 122.129000 0.400000 0.68 0.19 2062
id04614 121.933000 0.416700 0.61 0.17 1957
id04615 121.721000 0.450000 0.59 0.17 2140
id04616 121.518631 0.432489 0.74 0.21 2141
id04617 121.300000 0.432100 0.65 0.18 1871
id04618 121.117000 0.366700 0.66 0.17 2130
id04619 121.050000 0.376700 0.59 0.15 1365
id04620 120.833000 0.368000 0.51 0.15 2992
id04621 120.633000 0.393200 1.00 0.29 2189
id04622 120.750000 0.400000 0.74 0.21 2137
id04623 120.600000 0.517600 0.82 0.23 2122
id04624 120.383000 0.461300 0.74 0.20 2444
id04625 120.227000 0.300000 0.86 0.25 2130
id04626 120.125000 0.083300 0.77 0.22 2118
id04627 120.038000 -0.150000 0.73 0.17 1664
id04628 120.065000 -0.416700 0.80 0.19 1097
id04629 120.069000 -0.650000 0.93 0.23 1994
id04630 120.217000 -0.823800 0.79 0.23 2188
id04631 120.370000 -0.900000 0.67 0.18 1961
id04632 120.550000 -1.033300 0.71 0.18 1581
id04633 120.600000 -1.261400 0.80 0.21 1781
id04634 120.778000 -1.350000 0.63 0.20 4424
id04635 121.017000 -1.406400 0.74 0.23 4365
id04636 121.167000 -1.274700 0.71 0.19 2351
id04637 121.284000 -1.083300 0.58 0.16 2123
id04638 121.435000 -0.916700 0.45 0.13 3224
id04639 121.633000 -0.794900 0.73 0.23 3435
id04640 121.779000 -0.950000 0.58 0.17 2250
id04641 122.000000 -0.927900 0.39 0.11 2148
id04642 122.160000 -0.800000 0.42 0.11 1418
id04643 122.433000 -0.753700 0.64 0.18 2213
id04644 122.683000 -0.791200 0.69 0.18 2422
id04645 122.805000 -0.716700 0.45 0.13 2209
id04646 122.630000 -0.633300 -1.00 -1.00 -1
id04647 122.900000 -0.592500 0.44 0.10 1060
id04648 123.107000 -0.533300 0.57 0.16 1935
id04649 123.350000 -0.601700 1.16 0.29 2006
id04650 123.455000 -0.816700 3.29 0.81 1334
id04651 123.362000 -1.033300 2.76 0.74 1761
id04652 123.158000 -0.966700 3.14 0.84 1717
id04653 123.000000 -0.903100 2.51 0.61 1724
id04654 122.789722 -1.020275 2.36 0.61 2246
id04655 122.638000 -1.183300 4.54 1.25 1931
id04656 122.517000 -1.377800 8.47 2.14 1462
id04657 122.367000 -1.538500 4.64 1.15 1384
id04658 122.179000 -1.666700 5.69 1.42 1406
id04659 122.000000 -1.811300 6.60 1.55 1102
id04660 121.781000 -1.900000 6.46 1.41 796
id04661 121.667000 -2.058300 5.44 1.48 1833
id04662 121.790000 -2.250000 6.71 1.44 1038
id04663 121.917000 -2.449000 7.46 1.75 1556
id04664 122.033000 -2.636300 6.77 1.91 2059
id04665 122.194000 -2.800000 7.43 1.87 2006
id04666 122.317000 -2.933300 6.71 1.64 1796
id04667 122.517000 -3.048100 6.54 1.78 1822
id04668 122.567000 -3.162100 7.64 1.89 1356
id04669 122.556000 -3.266700 11.32 2.89 2114
id04670 122.600000 -3.397900 12.76 3.02 1140
id04671 122.483000 -3.450000 13.38 3.27 1778
id04672 122.397000 -3.650000 13.24 3.51 1694
id04673 122.508000 -3.850000 11.04 3.01 1832
id04674 122.633000 -3.960600 8.73 2.36 1800
id04675 122.783000 -4.000800 8.76 2.34 1727
id04676 122.980000 -4.016700 9.92 2.68 2531
id04677 123.217000 -4.012900 9.36 2.82 2498
id04678 123.183000 -4.211800 8.76 2.48 2084
id04679 122.950000 -4.262500 9.23 2.63 2134
id04680 123.083000 -4.361600 9.68 2.78 2190
id04681 123.188000 -4.566700 10.37 2.71 1631
id04682 123.217469 -4.832063 9.64 2.43 1462
id04683 123.013000 -4.850000 11.13 2.86 1540
id04684 122.976000 -5.100000 -1.00 -1.00 -1
id04685 123.050000 -5.136100 8.88 2.25 1481
id04686 123.227984 -5.284189 9.59 2.51 1643
id04687 123.054381 -5.433251 8.02 2.03 2043
id04688 122.873481 -5.464349 5.51 1.39 2002
id04689 122.838000 -5.650000 0.56 0.15 2388
id04690 122.650000 -5.705900 0.42 0.12 2636
id04691 122.520000 -5.533300 0.53 0.14 2482
id04692 122.517000 -5.440300 0.32 0.07 1484
id04693 122.314000 -5.400000 -1.00 -1.00 -1
id04694 122.150000 -5.270000 0.22 0.05 1135
id04695 122.083800 -5.470836 0.49 0.12 1818
id04696 121.921000 -5.466700 0.25 0.07 2227
id04697 121.783000 -5.290600 0.26 0.07 1473
id04698 121.846000 -5.083300 0.31 0.06 292
id04699 122.033000 -5.050000 0.35 0.12 3048
id04700 121.872000 -4.883300 0.53 0.14 2190
id04701 121.629000 -4.816700 0.43 0.11 1991
id04702 121.450000 -4.678000 0.30 0.07 1698
id04703 121.483000 -4.443900 0.44 0.13 2977
id04704 121.400000 -4.220400 0.24 0.08 3242
id04705 121.280000 -4.033300 0.54 0.15 2590
id04706 121.124000 -3.866700 0.69 0.20 3063
id04707 120.983000 -3.691700 0.94 0.26 2830
id04708 120.862000 -3.500000 0.74 0.19 2197
id04709 120.944000 -3.266700 0.40 0.10 2180
id04710 120.967000 -3.060000 0.67 0.17 2085
id04711 120.767000 -2.946700 1.46 0.37 2055
id04712 120.508000 -3.000000 1.49 0.39 2266
id04713 120.432000 -3.200000 1.11 0.28 2143
id04714 120.402000 -3.466700 0.62 0.18 2141
id04715 120.451000 -3.700000 0.61 0.16 2098
id04716 120.391000 -3.950000 0.46 0.13 2189
id04717 120.411000 -4.216700 0.26 0.08 2203
id04718 120.445000 -4.500000 0.50 0.14 2226
id04719 120.500000 -4.700000 0.30 0.08 2192
id04720 120.500000 -4.900000 0.64 0.17 1739
id04721 120.465000 -5.100000 0.71 0.19 1720
id04722 120.367000 -5.308300 0.72 0.19 2257
id04723 120.459000 -5.533300 0.85 0.24 2145
id04724 120.333000 -5.551800 0.92 0.26 2189
id04725 120.113000 -5.650000 0.83 0.20 1668
id04726 119.933000 -5.786500 0.69 0.17 1294
id04727 119.767000 -5.813300 0.60 0.13 798
id04728 119.567000 -5.689900 0.69 0.16 1154
id04729 119.333000 -5.607200 0.50 0.12 986
id04730 119.122000 -5.500000 0.41 0.11 2058
id04731 119.112000 -5.266700 0.42 0.12 2295
id04732 119.133000 -5.063300 -1.00 -1.00 -1
id04733 119.149000 -4.933300 0.54 0.15 2055
id04734 119.017000 -4.780900 0.55 0.16 2196
id04735 119.067000 -4.699700 0.77 0.22 2121
id04736 119.230000 -4.533300 0.44 0.12 2102
id04737 119.467000 -4.457400 0.39 0.11 1919
id04738 119.585000 -4.266700 0.74 0.20 1878
id04739 119.570000 -4.033300 -1.00 -1.00 -1
id04740 119.450000 -3.834100 0.41 0.11 1788
id04741 119.445000 -3.600000 7.99 2.09 1631
id04742 119.250000 -3.480000 8.63 2.17 1446
id04743 119.046000 -3.516700 15.36 3.44 893
id04744 118.876000 -3.483300 24.47 6.25 2118
id04745 118.819000 -3.216700 29.14 8.15 2768
id04746 118.844000 -3.016700 29.50 7.69 2268
id04747 118.767000 -2.872800 23.39 7.89 3146
id04748 118.800000 -2.612800 34.24 7.86 978
id04749 118.982000 -2.600000 31.57 7.56 1192
id04750 119.100000 -2.416700 28.90 7.21 1401
id04751 119.137000 -2.166700 23.93 8.37 3340
id04752 119.250000 -1.961600 28.31 7.15 2025
id04753 119.296000 -1.750000 15.66 3.91 1934
id04754 119.280000 -1.516700 18.64 4.55 1297
id04755 119.306000 -1.300000 27.01 6.31 1065
id04756 119.400000 -1.102100 27.75 5.96 734
id04757 119.493000 -0.883300 25.04 6.08 1754
id04758 119.650000 -0.730400 21.02 5.58 1706
id04759 119.783000 -0.742600 19.94 4.46 888
id04760 119.850000 -0.781500 10.40 2.64 1491
id04761 119.767000 -0.533300 13.09 3.09 1109
id04762 119.767000 -0.280800 12.26 2.55 619
id04763 119.700000 -0.137600 8.38 1.76 918
id04764 119.643000 0.000000 7.12 1.73 1268
id04765 119.781000 -0.083300 4.04 0.93 1468
id04766 119.845000 -0.050000 5.56 1.43 2189
id04767 119.797283 0.162430 6.27 1.36 1106
id04768 119.874000 0.283300 -1.00 -1.00 -1
id04769 119.883000 0.509200 3.94 0.88 1260
id04770 120.001000 0.583300 4.39 1.03 1084
id04771 120.117000 0.759900 5.06 1.41 1994
id04772 120.217000 0.966700 2.32 0.65 2021
id04773 120.400000 1.072100 2.94 0.78 1709
id04774 120.360062 0.860349 3.01 0.85 2092
id04775 120.585000 0.816700 2.75 0.79 2197
id04776 120.576000 1.083300 2.81 0.69 1305
id04777 120.759000 1.150000 2.14 0.54 1466
id04778 120.850000 1.333800 4.14 1.06 2137
id04779 121.093000 1.333300 3.99 1.08 1787
id04780 121.314000 1.283300 3.65 0.90 1372
id04781 121.454000 1.233300 3.39 0.75 832
id04782 121.583000 1.071400 3.96 0.89 907
id04783 121.850000 1.133300 2.29 0.54 1159
id04784 122.050000 1.077700 1.66 0.46 1897
id04785 122.333000 1.044000 1.78 0.43 1782
id04786 122.567000 0.988400 1.75 0.42 1657
id04787 122.783000 0.983900 4.11 1.01 1841
id04788 123.037000 0.983300 3.81 0.99 1616
id04789 123.267000 1.002200 3.19 0.74 993
id04790 123.483000 0.905700 2.28 0.65 2133
id04791 123.717000 0.883800 3.14 0.83 2343
id04792 123.936000 0.916700 3.87 0.95 1825
id04793 124.167000 0.979600 3.11 0.80 1537
id04794 124.333000 1.129700 2.53 0.63 1361
id04795 124.517000 1.218800 1.71 0.47 1881
id04796 124.533000 1.366700 1.45 0.43 2441
id04797 124.750000 1.452900 1.19 0.33 2013
id04798 124.850000 1.607800 1.28 0.42 2954
id04799 123.301568 -1.145553 1.19 0.32 1729
id04800 123.583000 -1.476900 0.54 0.14 1623
id04801 123.817000 -1.897800 0.89 0.20 955
id04802 123.783000 -2.118000 0.94 0.25 2306
id04803 123.477000 -1.983300 0.84 0.21 2152
id04804 123.372000 -1.750000 0.59 0.14 1004
id04805 123.150000 -1.866700 0.54 0.13 1087
id04806 123.233000 -1.762500 1.21 0.28 1365
id04807 122.900000 -1.623500 1.58 0.32 776
id04808 122.900000 -1.186800 1.14 0.27 1204
id04809 121.083000 6.110500 0.68 0.53 1901
id04810 121.287000 6.083300 0.67 0.49 2168
id04811 121.460000 6.083300 0.81 0.42 1338
id04812 121.383000 5.898600 0.82 0.42 1289
id04813 121.207000 5.800000 0.77 0.57 2163
id04814 121.069389 5.670139 0.91 0.60 1540
id04815 120.967000 5.521300 1.27 0.71 1454
id04816 120.760000 5.450000 0.40 0.26 1699
id04817 120.606000 5.300000 0.35 0.26 2141
id04818 120.617000 5.199800 0.26 0.19 2088
id04819 120.410000 5.150000 0.33 0.27 2332
id04820 120.267000 5.066700 0.48 0.28 1556
id04821 120.095000 5.033300 0.33 0.17 1279
id04822 119.975000 4.933300 0.30 0.19 1661
id04823 119.833000 4.830800 0.28 0.22 2548
id04824 119.780000 4.916700 0.28 0.14 1184
id04825 119.733000 5.008300 0.22 0.17 1829
id04826 119.850000 5.170400 0.17 0.13 2231
id04827 120.033000 5.286600 0.24 0.18 2239
id04828 120.177000 5.450000 0.17 0.17 3622
id04829 120.400000 5.523600 0.19 0.14 1954
id04830 120.600000 5.629200 0.21 0.15 1972
id04831 120.769000 5.750000 0.18 0.12 1571
id04832 120.883000 5.884300 0.12 0.06 1122
id04833 120.958000 6.066700 0.09 0.07 2257
id04834 119.940000 -10.000000 0.28 0.06 1290
id04835 119.780483 -9.924737 0.27 0.06 2539
id04836 119.653000 -9.816700 0.69 0.12 2054
id04837 119.483000 -9.759400 1.03 0.18 2055
id04838 119.333000 -9.778300 0.58 0.10 2122
id04839 119.133000 -9.735300 0.37 0.08 1572
id04840 118.997989 -9.638683 0.29 0.07 2118
id04841 118.963000 -9.483300 0.44 0.08 2407
id04842 119.117000 -9.401300 0.27 0.06 2771
id04843 119.300000 -9.354300 0.35 0.09 3858
id04844 119.498000 -9.366700 0.42 0.11 3547
id04845 119.667000 -9.366400 0.41 0.10 2879
id04846 119.833000 -9.364400 0.34 0.07 4042
id04847 119.957000 -9.300000 0.38 0.09 2886
id04848 120.067000 -9.430600 0.92 0.16 2077
id04849 120.209000 -9.483300 1.08 0.19 2219
id04850 120.284445 -9.636040 0.82 0.15 2415
id04851 120.472886 -9.614798 0.54 0.10 2542
id04852 120.594697 -9.722461 0.32 0.07 1795
id04853 120.683000 -9.882900 0.30 0.06 2782
id04854 122.183000 -0.198800 0.33 0.12 2969
id04855 122.367000 -0.261100 0.36 0.12 1511
id04856 122.307000 -0.383300 0.30 0.12 4125
id04857 122.159000 -0.466700 0.20 0.07 2763
id04858 121.983000 -0.434600 0.21 0.09 4110
id04859 121.867000 -0.541800 0.12 0.04 2505
id04860 121.710444 -0.563329 0.26 0.11 4556
id04861 121.650000 -0.451000 0.15 0.06 4440
id04862 121.817000 -0.388000 0.24 0.09 2182
id04863 121.967000 -0.287900 0.16 0.07 2977
id04864 125.367000 2.166900 0.19 0.07 2444
id04865 125.404000 2.150000 0.20 0.08 3612
id04866 125.400000 2.099000 0.24 0.08 1590
id04867 125.350987 2.067514 0.26 0.09 2441
id04868 125.333000 2.100700 0.29 0.12 3911
id04869 125.383000 2.387900 0.37 0.11 1863
id04870 125.450000 2.376800 0.52 0.15 1815
id04871 125.443000 2.316700 0.57 0.24 6570
id04872 125.383000 2.300000 0.51 0.15 1796
id04873 125.350000 2.325400 0.50 0.15 1796
id04874 125.383000 2.808600 0.48 0.14 1837
id04875 125.459366 2.758777 0.47 0.14 1938
id04876 125.433000 2.692900 0.28 0.09 2070
id04877 125.467000 2.646000 0.25 0.09 2759
id04878 125.367717 2.682615 0.91 0.24 1421
id04879 125.483000 2.990300 0.67 0.19 1619
id04880 125.517000 2.983300 0.45 0.14 2047
id04881 125.505000 2.950000 0.35 0.15 4019
id04882 125.467000 2.946100 0.37 0.13 1968
id04883 125.467000 3.104700 0.47 0.19 4169
id04884 125.497850 3.088793 0.25 0.07 1920
id04885 125.517000 3.066700 0.63 0.24 3187
id04886 125.500000 3.041100 0.34 0.10 1727
id04887 125.467000 3.064000 1.58 0.52 2474
id04888 125.417000 3.738400 3.49 1.02 1807
id04889 125.599000 3.600000 -1.00 -1.00 -1
id04890 125.717000 3.456500 4.75 1.35 1699
id04891 125.562000 3.350000 2.45 1.02 4740
id04892 125.478000 3.550000 1.52 0.46 1290
id04893 125.583000 3.820500 2.16 0.64 1238
id04894 125.650000 3.803700 1.65 0.48 1136
id04895 125.617000 3.776500 1.69 0.45 888
id04896 125.567000 3.739500 2.34 0.66 1012
id04907 123.983000 -5.884500 2.50 0.74 1219
id04908 124.054026 -5.928145 1.95 0.67 1739
id04909 124.082000 -6.000000 2.28 0.86 2208
id04910 124.036238 -6.011963 2.75 0.92 1650
id04911 123.983000 -5.976400 2.33 0.80 1754
id04912 123.900000 -5.711500 2.23 0.77 1776
id04913 123.959559 -5.725807 2.77 0.80 1095
id04914 124.006000 -5.766700 -1.00 -1.00 -1
id04915 123.950000 -5.785000 -1.00 -1.00 -1
id04916 123.767000 -5.450800 2.35 0.76 1541
id04917 123.833000 -5.541900 2.30 0.68 1192
id04918 123.883000 -5.587600 -1.00 -1.00 -1
id04919 123.799064 -5.595559 2.99 0.80 881
id04920 123.717000 -5.517200 2.66 0.78 1158
id04921 123.533000 -5.248200 2.52 0.73 1117
id04922 123.640133 -5.277925 2.36 0.69 1169
id04923 123.638000 -5.433300 1.88 0.59 1452
id04924 123.550000 -5.386400 1.83 0.58 1482
id04925 123.459000 -5.333300 1.65 0.56 1695
id04926 123.573000 -10.000000 1.11 0.60 1391
id04927 123.629000 -9.783300 0.70 0.49 1802
id04928 123.717000 -9.579300 0.79 0.53 1763
id04929 123.900000 -9.427600 0.69 0.34 1229
id04930 124.115909 -9.304557 0.52 0.25 1163
id04931 124.344802 -9.190793 0.77 0.38 1226
id04932 124.567000 -9.162400 0.60 0.44 2110
id04933 124.767000 -9.025100 0.77 0.38 1226
id04934 124.983000 -8.909200 0.57 0.30 1364
id04935 125.094515 -8.699485 0.78 0.41 1357
id04936 125.329967 -8.581334 0.81 0.37 1075
id04937 125.600000 -8.522900 0.77 0.35 1068
id04938 125.845417 -8.472496 0.64 0.30 1072
id04951 125.818796 -9.157849 -1.00 -1.00 -1
id04952 125.567000 -9.238300 0.54 0.23 937
id04953 125.340000 -9.350000 0.51 0.24 1169
id04954 125.117000 -9.450700 0.00 0.00 1435
id04955 124.983000 -9.655700 0.00 0.00 1435
id04956 124.800000 -9.811200 -1.00 -1.00 -1
id05001 114.483000 -7.816100 0.61 0.29 1154
id05002 114.466000 -7.916700 0.66 0.32 1163
id05003 114.483000 -8.090200 0.65 0.32 1215
id05004 114.583000 -8.114200 0.68 0.33 1163
id05005 114.667000 -8.136700 0.73 0.35 1184
id05006 114.800000 -8.166700 0.57 0.30 1335
id05007 114.933000 -8.180600 -1.00 -1.00 -1
id05008 115.015000 -8.133300 0.68 0.39 1507
id05009 115.102000 -8.083300 0.75 0.46 1631
id05010 115.217000 -8.070700 0.75 0.37 1214
id05011 115.333000 -8.109800 0.75 0.37 1214
id05012 115.433000 -8.153000 0.85 0.41 1139
id05013 115.530638 -8.214806 -1.00 -1.00 -1
id05014 115.612000 -8.283300 1.18 0.51 971
id05015 115.700000 -8.348400 1.09 0.48 978
id05016 115.674000 -8.450000 -1.00 -1.00 -1
id05017 115.600000 -8.524300 1.29 0.58 1042
id05018 115.500000 -8.549000 -1.00 -1.00 -1
id05019 115.400000 -8.592300 1.14 0.51 1027
id05020 115.317000 -8.664300 0.55 0.27 1155
id05021 115.289000 -8.783300 0.88 0.43 1203
id05022 115.217000 -8.859300 0.06 0.06 4990
id05023 115.117000 -8.879200 0.08 0.07 3022
id05024 114.990000 -8.850000 0.12 0.10 2378
id05025 114.990000 -8.733300 0.22 0.07 469
id05026 114.928000 -8.650000 0.09 0.07 2246
id05027 114.883000 -8.566700 0.13 0.12 3048
id05028 114.829000 -8.483300 0.15 0.13 2699
id05029 114.750000 -8.411800 0.10 0.08 2489
id05030 114.633000 -8.437800 0.13 0.10 2325
id05031 114.517000 -8.438500 0.10 0.10 3611
id05032 114.450000 -8.531800 0.13 0.10 2302
id05033 114.450000 -8.624600 0.08 0.07 2228
id05034 114.550000 -8.646000 0.12 0.10 2418
id05035 114.618000 -8.716700 0.12 0.10 2444
id05036 114.617000 -8.818200 0.15 0.11 1795
id05037 114.367000 -8.767600 0.12 0.11 3060
id05038 114.283000 -8.731500 0.15 0.13 3086
id05039 114.256000 -8.650000 0.11 0.08 1529
id05040 114.017000 -8.658600 0.13 0.07 1080
id05041 113.917000 -8.603200 0.09 0.07 2159
id05042 113.800000 -8.568300 0.10 0.06 1575
id05043 113.717000 -8.549000 0.06 0.05 2681
id05044 113.607000 -8.500000 0.11 0.08 1889
id05045 113.517000 -8.449400 0.09 0.05 1623
id05046 113.433000 -8.483300 0.06 0.06 4703
id05047 113.317000 -8.512000 0.04 0.04 5077
id05048 113.283000 -8.443100 0.09 0.05 1417
id05049 113.343000 -8.383300 0.06 0.04 1795
id05050 113.233000 -8.339200 0.11 0.07 1741
id05051 113.100000 -8.325400 0.00 0.00 2894
id05052 112.981000 -8.350000 0.12 0.07 1571
id05053 112.900000 -8.420300 -1.00 -1.00 -1
id05054 112.751000 -8.433300 0.05 0.03 1582
id05055 112.667000 -8.463700 0.06 0.04 1816
id05056 112.550000 -8.426100 0.03 0.03 2362
id05057 112.417000 -8.413800 0.07 0.06 2663
id05058 112.300000 -8.369700 0.08 0.07 3060
id05059 112.167000 -8.358000 0.07 0.07 4440
id05060 113.000000 -6.516700 0.69 0.12 1439
id05061 113.017000 -6.666700 0.33 0.06 2021
id05062 113.083000 -6.758300 0.44 0.09 3487
id05063 113.233000 -6.777800 0.29 0.06 1925
id05064 113.383000 -6.791700 0.20 0.03 1421
id05065 113.533000 -6.812500 0.26 0.05 1222
id05066 113.667000 -6.813300 0.20 0.04 2167
id05067 113.833000 -6.802400 0.19 0.04 3131
id05068 113.983000 -6.822200 0.29 0.06 3075
id05069 114.100000 -6.783300 -1.00 -1.00 -1
id05070 114.267000 -6.775000 0.34 0.07 3340
id05071 114.383000 -6.816700 0.33 0.06 2276
id05072 114.517000 -6.860000 0.26 0.05 1676
id05073 114.650000 -6.900000 0.40 0.07 2444
id05074 114.783000 -6.916700 0.23 0.05 1942
id05075 114.917000 -6.883300 0.30 0.06 1617
id05076 114.967000 -6.783300 0.26 0.05 2249
id05077 115.006000 -6.650000 0.24 0.05 3030
id05078 115.033000 -6.516700 0.23 0.05 5141
id05079 115.703000 -6.716700 0.24 0.05 1560
id05080 115.763000 -6.833300 0.23 0.04 1259
id05081 115.867000 -6.893100 0.74 0.14 2070
id05082 115.964000 -6.966700 0.98 0.18 2286
id05083 115.924000 -7.166700 1.37 0.26 2364
id05084 115.800000 -7.202900 1.28 0.23 1845
id05085 115.717000 -7.126000 1.07 0.19 1406
id05086 115.600000 -7.070500 1.63 0.30 1941
id05087 115.467000 -7.038400 1.27 0.22 1351
id05088 115.350000 -7.018300 0.87 0.16 2063
id05089 115.233000 -7.074500 0.85 0.16 1673
id05090 115.125000 -7.083300 0.98 0.18 1969
id05091 115.017000 -7.033300 -1.00 -1.00 -1
id05092 114.917000 -7.088900 1.53 0.27 818
id05093 114.817000 -7.163500 -1.00 -1.00 -1
id05094 114.683000 -7.191700 2.97 0.53 1065
id05095 114.517000 -7.184600 2.16 0.39 1193
id05096 114.483000 -7.116700 2.87 0.50 896
id05097 114.465000 -7.016700 2.44 0.44 1182
id05098 114.371000 -6.933300 2.68 0.49 1226
id05099 114.306000 -6.983300 2.27 0.43 1785
id05100 114.379000 -7.083300 2.22 0.42 1785
id05101 114.400000 -7.211800 1.71 0.33 1935
id05102 114.283000 -7.266700 1.80 0.35 2163
id05103 114.150000 -7.300000 1.60 0.30 1724
id05104 114.017000 -7.320800 1.69 0.32 1905
id05105 113.907000 -7.383300 1.70 0.31 1215
id05106 113.833000 -7.475000 1.44 0.26 1035
id05107 113.700000 -7.508300 1.48 0.27 1241
id05108 113.592000 -7.450000 1.45 0.26 1026
id05109 113.500000 -7.373800 1.95 0.35 1115
id05110 113.333000 -7.373800 -1.00 -1.00 -1
id05111 113.263000 -7.466700 1.52 0.27 1057
id05112 113.283000 -7.606300 1.25 0.22 1102
id05113 113.433000 -7.619000 1.19 0.24 2415
id05114 113.567000 -7.653300 1.32 0.24 2043
id05115 113.653000 -7.650000 1.22 0.22 1259
id05116 113.761000 -7.633300 1.36 0.27 2121
id05117 113.877000 -7.666700 1.36 0.27 2121
id05118 113.933000 -7.560000 1.33 0.25 1454
id05119 114.100000 -7.565200 1.40 0.26 1710
id05120 114.200000 -7.616700 0.87 0.16 1629
id05121 114.300000 -7.694000 0.80 0.14 1533
id05122 117.862717 -8.101336 0.56 0.14 1530
id05123 117.997256 -8.095146 0.98 0.25 2077
id05124 118.137552 -8.128416 0.87 0.24 1845
id05125 118.183000 -8.259800 1.10 0.26 1630
id05126 118.267904 -8.331835 0.60 0.17 2093
id05127 118.383000 -8.319300 -1.00 -1.00 -1
id05128 118.466353 -8.241904 0.70 0.14 458
id05129 118.568451 -8.264460 0.82 0.23 2053
id05130 118.679000 -8.333300 -1.00 -1.00 -1
id05131 118.762860 -8.305772 0.71 0.18 1870
id05132 118.888000 -8.283300 0.71 0.19 1703
id05133 119.013000 -8.333300 0.74 0.21 2085
id05134 119.067000 -8.433300 0.88 0.23 1638
id05135 119.125000 -8.550000 0.68 0.19 1945
id05136 119.211000 -8.600000 -1.00 -1.00 -1
id05137 119.233000 -8.690900 0.77 0.22 2013
id05138 119.133000 -8.755800 0.94 0.27 2114
id05139 119.000000 -8.764200 1.20 0.31 2156
id05140 118.922000 -8.850000 0.91 0.26 2036
id05141 118.783000 -8.835100 1.00 0.24 1207
id05142 118.667000 -8.824700 0.98 0.25 1563
id05143 118.550000 -8.869900 1.21 0.33 1868
id05144 118.412809 -8.879348 0.76 0.17 930
id05145 118.333000 -8.786500 1.59 0.36 945
id05146 118.217000 -8.847100 -1.00 -1.00 -1
id05147 118.117000 -8.880900 2.18 0.50 986
id05148 117.883000 -8.945200 1.91 0.44 997
id05149 117.783000 -8.936500 -1.00 -1.00 -1
id05150 117.634000 -8.966700 -1.00 -1.00 -1
id05151 117.527000 -9.016700 0.57 0.14 1241
id05152 117.400000 -9.063500 -1.00 -1.00 -1
id05153 117.250000 -9.036000 -1.00 -1.00 -1
id05154 117.151000 -9.083300 0.39 0.11 2287
id05155 116.917000 -9.075600 -1.00 -1.00 -1
id05156 116.800000 -9.056800 -1.00 -1.00 -1
id05157 116.708000 -8.983300 -1.00 -1.00 -1
id05158 116.730000 -8.866700 0.37 0.11 2257
id05159 116.717000 -8.768100 -1.00 -1.00 -1
id05160 116.617000 -8.745400 -1.00 -1.00 -1
id05161 116.590000 -8.850000 -1.00 -1.00 -1
id05162 116.533000 -8.922700 -1.00 -1.00 -1
id05163 116.401000 -8.966700 -1.00 -1.00 -1
id05164 116.283000 -8.937700 -1.00 -1.00 -1
id05165 116.150000 -8.907100 -1.00 -1.00 -1
id05166 116.033000 -8.918700 -1.00 -1.00 -1
id05167 115.933000 -8.863100 0.48 0.12 1571
id05168 115.817000 -8.812700 -1.00 -1.00 -1
id05169 115.850000 -8.697800 -1.00 -1.00 -1
id05170 115.983000 -8.664600 -1.00 -1.00 -1
id05171 116.056000 -8.566700 -1.00 -1.00 -1
id05172 116.032000 -8.433300 0.33 0.10 2190
id05173 116.133000 -8.349000 0.43 0.11 1575
id05174 116.224000 -8.266700 -1.00 -1.00 -1
id05175 116.335830 -8.214620 0.42 0.12 2114
id05176 116.483000 -8.231200 -1.00 -1.00 -1
id05177 116.600000 -8.272000 0.69 0.19 1830
id05178 116.717000 -8.293100 0.59 0.17 2055
id05179 116.760000 -8.416700 0.48 0.14 2231
id05180 116.683000 -8.514800 0.63 0.18 2099
id05181 116.707000 -8.633300 -1.00 -1.00 -1
id05182 116.760000 -8.566700 0.51 0.13 2104
id05183 116.823000 -8.466700 0.62 0.14 1455
id05184 116.948238 -8.416317 0.75 0.16 986
id05185 117.067000 -8.373400 0.17 0.05 2355
id05186 117.191000 -8.383300 0.16 0.05 2756
id05187 117.317000 -8.430000 0.22 0.06 2205
id05188 117.414236 -8.427363 0.18 0.06 2819
id05189 117.567000 -8.406300 0.23 0.07 2204
id05190 117.683000 -8.433300 0.23 0.06 2092
id05191 117.762000 -8.516700 0.30 0.08 1793
id05192 117.883000 -8.530700 0.33 0.09 2182
id05193 118.000000 -8.544300 0.33 0.09 2025
id05194 118.089000 -8.466700 0.32 0.10 2550
id05195 117.960000 -8.466700 -1.00 -1.00 -1
id05196 117.864000 -8.400000 -1.00 -1.00 -1
id05197 117.767000 -8.319100 0.57 0.13 1481
id05198 117.689000 -8.233300 0.72 0.18 2085
id05259 120.833300 18.667200 0.19 0.15 2056
id05260 120.872100 18.633300 0.46 0.37 2100
id05261 120.933300 18.579500 0.14 0.11 2121
id05262 121.000000 18.621500 -1.00 -1.00 -1
id05263 121.066700 18.648400 -1.00 -1.00 -1
id05264 121.166700 18.649200 0.18 0.13 1628
id05265 121.233300 18.611900 0.24 0.13 1335
id05266 121.287800 18.566700 0.16 0.13 2096
id05267 121.334700 18.533300 0.16 0.12 2047
id05268 121.406700 18.500000 -1.00 -1.00 -1
id05269 121.468000 18.466700 0.17 0.08 1001
id05270 121.533300 18.417200 0.18 0.09 1230
id05271 121.600000 18.381100 0.15 0.07 1238
id05272 121.700000 18.379000 0.15 0.08 1312
id05273 121.800000 18.369900 0.16 0.08 1259
id05274 121.866700 18.361100 0.08 0.06 2163
id05275 121.966700 18.348300 0.05 0.04 2895
id05276 122.033300 18.368700 0.11 0.04 555
id05277 122.096700 18.433300 0.10 0.03 577
id05278 122.103700 18.500000 0.07 0.03 644
id05279 122.129700 18.600000 0.06 0.02 831
id05280 122.174400 18.600000 0.04 0.02 1409
id05281 122.221600 18.533300 0.05 0.03 1256
id05282 122.262500 18.466700 0.03 0.03 2992
id05283 122.300000 18.412500 0.03 0.03 2928
id05284 122.333300 18.341700 0.03 0.02 2460
id05285 122.348000 18.266700 0.04 0.03 2406
id05286 122.300000 18.210300 0.05 0.04 2902
id05287 122.266700 18.164100 0.05 0.05 3698
id05288 122.200000 18.104500 0.06 0.05 2534
id05289 122.182000 18.033300 0.05 0.05 4646
id05290 122.191200 17.933300 0.05 0.05 6930
id05291 122.167600 17.833300 0.05 0.05 3540
id05292 122.163900 17.766700 0.06 0.06 14122
id05293 122.177500 17.700000 0.09 0.06 2025
id05294 122.200000 17.620000 0.07 0.06 2691
id05295 122.221000 17.533300 0.06 0.05 2883
id05296 122.266700 17.485700 0.43 0.20 1065
id05297 122.341500 17.466700 0.45 0.20 982
id05298 122.400000 17.405300 0.40 0.19 1099
id05299 122.432700 17.333300 0.37 0.19 1271
id05300 122.453247 17.266182 0.26 0.16 1578
id05301 122.433300 17.190800 0.37 0.17 1057
id05302 122.466700 17.134700 0.56 0.25 895
id05303 122.539800 17.133300 0.37 0.30 2155
id05304 122.535000 17.033300 0.26 0.18 1637
id05305 122.506000 16.966700 0.29 0.17 1256
id05306 122.482500 16.900000 0.31 0.15 1237
id05307 122.458500 16.833300 0.46 0.28 1609
id05308 122.433300 16.759600 0.74 0.36 1195
id05309 122.391200 16.700000 1.04 0.56 1379
id05310 122.350000 16.633300 0.97 0.61 1653
id05311 122.320300 16.566700 0.67 0.39 1515
id05312 122.294800 16.500000 0.87 0.50 1503
id05313 122.269300 16.400000 0.81 0.49 1589
id05314 122.242100 16.333300 1.10 0.58 1361
id05315 122.220900 16.266700 1.10 0.58 1361
id05316 122.168500 16.200000 1.21 0.48 831
id05317 122.133300 16.165800 0.89 0.40 1031
id05318 122.080100 16.100000 1.17 0.43 711
id05319 122.033300 16.049700 1.07 0.43 836
id05320 121.968100 16.000000 0.88 0.40 1072
id05321 121.961900 16.033300 0.60 0.30 1256
id05322 121.933300 16.100700 -1.00 -1.00 -1
id05323 121.866700 16.093200 0.79 0.41 1305
id05324 121.800000 16.058600 0.27 0.13 1200
id05325 121.733300 16.024400 -1.00 -1.00 -1
id05326 121.677200 15.966700 -1.00 -1.00 -1
id05327 121.640800 15.900000 0.31 0.23 2204
id05328 121.633300 15.866700 0.31 0.23 2295
id05329 121.660800 15.766700 0.30 0.21 2055
id05330 121.633300 15.669500 0.31 0.23 2178
id05331 121.600000 15.602400 0.20 0.17 3075
id05332 121.566700 15.557700 0.23 0.17 2231
id05333 121.510700 15.500000 0.17 0.14 2065
id05334 121.498400 15.433300 0.19 0.13 1823
id05335 121.466700 15.359400 0.15 0.11 2291
id05336 121.448400 15.266700 0.17 0.12 1972
id05337 121.487100 15.200000 0.14 0.10 2077
id05338 121.512000 15.133300 0.12 0.08 2070
id05339 121.533300 15.057700 0.13 0.09 2077
id05340 121.597800 15.000000 0.12 0.09 2179
id05341 121.644600 14.966700 0.11 0.08 2102
id05342 121.652700 14.866700 0.09 0.06 2286
id05343 121.691400 14.800000 0.07 0.07 4305
id05344 121.733300 14.761500 -1.00 -1.00 -1
id05345 121.833300 14.763300 -1.00 -1.00 -1
id05346 121.857700 14.833300 0.67 0.25 756
id05347 121.833300 14.902900 -1.00 -1.00 -1
id05348 121.800000 14.952000 0.79 0.40 1274
id05349 121.821400 15.033300 0.85 0.40 1101
id05350 121.900000 15.049700 -1.00 -1.00 -1
id05351 121.947300 15.066700 -1.00 -1.00 -1
id05352 122.014937 15.041336 0.74 0.31 914
id05353 122.063892 14.968317 0.57 0.25 997
id05354 122.100000 14.900000 0.10 0.08 2125
id05355 122.133300 14.918900 0.11 0.09 2070
id05356 122.176200 14.933300 0.18 0.07 828
id05357 122.233300 14.869100 0.16 0.07 843
id05358 122.333300 14.873900 0.12 0.05 989
id05359 122.400000 14.836500 0.10 0.06 1766
id05360 122.466700 14.815400 0.09 0.07 1785
id05361 122.533300 14.790700 0.09 0.07 1807
id05362 122.600000 14.766700 0.10 0.07 2107
id05363 122.666700 14.728800 0.13 0.09 1866
id05364 122.766700 14.708600 0.13 0.08 1436
id05365 122.833300 14.734200 0.10 0.08 2100
id05366 122.922900 14.733300 0.09 0.07 1956
id05367 122.966700 14.682500 0.08 0.06 1893
id05368 123.025000 14.633300 0.17 0.05 2066
id05369 123.100000 14.602900 0.19 0.05 1718
id05370 123.166700 14.591700 0.18 0.05 1761
id05371 123.252400 14.566700 0.16 0.05 2602
id05372 123.333300 14.542600 0.17 0.05 2344
id05373 123.400000 14.533300 0.15 0.05 2404
id05374 123.466700 14.466700 0.18 0.05 1860
id05375 123.522200 14.433300 0.14 0.05 5408
id05376 123.600000 14.409500 0.17 0.06 3198
id05377 123.700000 14.411100 0.14 0.05 7124
id05378 123.800000 14.433300 0.16 0.05 7350
id05379 123.866700 14.445200 0.14 0.05 4930
id05380 123.966700 14.435000 0.16 0.05 7176
id05381 123.966700 14.394900 0.17 0.05 7394
id05382 123.955600 14.300000 0.15 0.06 7305
id05383 124.000000 14.254000 0.18 0.06 12726
id05384 124.100000 14.244000 0.19 0.07 12862
id05385 124.166700 14.225400 0.20 0.07 8610
id05386 124.233300 14.192400 0.21 0.08 8340
id05387 124.333300 14.177400 0.22 0.08 8415
id05388 124.373800 14.133300 0.22 0.08 8717
id05389 124.415700 14.066700 0.22 0.08 9037
id05390 124.448600 14.000000 0.22 0.08 4732
id05391 124.496900 13.933300 0.22 0.08 4822
id05392 124.500000 13.887700 0.21 0.08 5088
id05393 124.465800 13.833300 0.20 0.07 8235
id05394 124.466700 13.766700 0.19 0.07 6202
id05395 124.466700 13.666700 0.19 0.07 6472
id05396 124.466700 13.616700 0.18 0.07 3663
id05397 124.463500 13.566700 0.16 0.06 3783
id05398 124.400000 13.532300 0.14 0.05 3292
id05399 124.325100 13.500000 0.15 0.05 7706
id05400 124.266700 13.461000 0.17 0.05 4386
id05401 124.200000 13.486100 0.17 0.05 3179
id05402 124.134800 13.533300 0.16 0.05 3138
id05403 124.100000 13.571500 0.14 0.04 5313
id05404 124.033300 13.629000 0.14 0.04 3487
id05405 124.022500 13.700000 0.13 0.05 3922
id05406 123.933300 13.726200 0.14 0.05 4121
id05407 123.846200 13.700000 0.15 0.05 2977
id05408 123.766700 13.697500 0.18 0.05 2631
id05409 123.700000 13.705300 0.20 0.05 1954
id05410 123.633300 13.699600 0.17 0.05 5095
id05411 123.590100 13.700000 0.19 0.06 3653
id05412 123.548500 13.633300 0.25 0.07 1687
id05413 123.576700 13.566700 0.26 0.07 1788
id05414 123.632700 13.500000 0.18 0.05 2014
id05415 123.700000 13.467200 0.18 0.05 2092
id05416 123.733300 13.421900 0.20 0.05 1893
id05417 123.814700 13.400000 0.24 0.07 3326
id05418 123.900000 13.368900 0.24 0.07 2692
id05419 123.947200 13.333300 0.20 0.06 2688
id05420 124.008000 13.300000 0.29 0.08 3149
id05421 124.100000 13.268900 0.34 0.11 2707
id05422 124.166700 13.244100 0.80 0.19 1178
id05423 124.221500 13.200000 0.80 0.19 1729
id05424 124.133300 13.171500 0.97 0.21 1181
id05425 124.066700 13.202500 0.74 0.19 1488
id05426 123.966700 13.221300 0.78 0.23 2369
id05427 123.929800 13.233300 0.98 0.27 1898
id05428 123.833300 13.216900 0.63 0.16 1507
id05429 123.783500 13.166700 0.59 0.20 3060
id05430 123.866700 13.141700 0.76 0.21 2564
id05431 123.933300 13.130500 0.76 0.22 2325
id05432 124.000000 13.099200 0.76 0.20 2385
id05433 124.066700 13.043200 0.78 0.21 1896
id05434 124.133300 13.077700 0.82 0.26 2865
id05435 124.200000 13.051900 0.76 0.26 3160
id05436 124.200000 12.996300 0.63 0.18 2793
id05437 124.173200 12.900000 0.42 0.11 1736
id05438 124.200000 12.819000 0.47 0.12 2343
id05439 124.266700 12.777400 0.65 0.17 2396
id05440 124.333300 12.742800 0.59 0.16 1660
id05441 124.400000 12.723700 0.63 0.15 1752
id05442 124.500000 12.701300 0.38 0.10 1695
id05443 124.566700 12.696300 0.66 0.18 2422
id05444 124.616700 12.633300 0.45 0.15 3183
id05445 124.700000 12.623500 0.44 0.12 2121
id05446 124.766700 12.655100 0.35 0.10 2347
id05447 124.866700 12.650200 0.39 0.12 5494
id05448 124.966700 12.654700 0.71 0.15 678
id05449 125.024164 12.674694 0.77 0.17 765
id05450 125.100000 12.638900 0.74 0.17 949
id05451 125.151900 12.600000 0.51 0.18 3352
id05452 125.200000 12.554500 0.61 0.19 2654
id05453 125.261700 12.500000 0.90 0.20 1373
id05454 125.300000 12.449600 0.76 0.21 1976
id05455 125.345600 12.400000 0.45 0.14 2812
id05456 125.386600 12.333300 0.58 0.15 2208
id05457 125.433300 12.282400 0.48 0.14 2317
id05458 125.474100 12.233300 0.39 0.14 4548
id05459 125.517353 12.166728 0.43 0.15 3232
id05460 125.552500 12.100000 0.41 0.14 3315
id05461 125.567500 12.033300 0.35 0.13 3704
id05462 125.559700 11.966700 0.43 0.13 2400
id05463 125.495500 11.933300 0.72 0.19 2212
id05464 125.476900 11.833300 0.67 0.18 1693
id05465 125.475100 11.733300 0.81 0.22 1930
id05466 125.483300 11.633300 0.55 0.15 1972
id05467 125.501200 11.566700 0.70 0.19 2391
id05468 125.500000 11.528200 0.60 0.16 1824
id05469 125.533300 11.454800 0.57 0.17 2449
id05470 125.576200 11.400000 0.76 0.22 2988
id05471 125.628000 11.333300 0.87 0.27 3405
id05472 125.579900 11.266700 0.98 0.25 2148
id05473 125.633300 11.215200 1.16 0.32 2663
id05474 125.691800 11.166700 0.91 0.23 1530
id05475 125.726401 11.103021 0.91 0.23 1462
id05476 125.766700 11.040700 0.67 0.19 2231
id05477 125.804000 11.000000 1.00 0.23 1342
id05478 125.840500 10.933300 0.89 0.23 2151
id05559 125.849500 7.333300 0.23 0.20 3149
id05560 125.786100 7.333300 0.36 0.25 1889
id05561 125.733300 7.294300 0.27 0.19 2047
id05562 125.683300 7.233300 0.21 0.16 2382
id05563 125.733300 7.179000 0.16 0.13 2613
id05564 125.791600 7.133300 0.16 0.13 2546
id05565 125.779600 7.033300 0.17 0.13 2415
id05566 125.791527 6.928017 0.15 0.15 4023
id05567 125.733300 6.897400 0.19 0.14 2235
id05568 125.673252 6.930344 0.17 0.12 2062
id05569 125.666700 6.966900 0.15 0.11 2148
id05570 125.707000 7.033300 0.15 0.11 2118
id05571 125.633300 7.058500 0.15 0.10 1917
id05572 125.566700 7.028700 0.15 0.10 2005
id05573 125.504000 6.966700 0.22 0.10 1139
id05574 125.471200 6.900000 0.28 0.16 1507
id05575 125.433300 6.841000 0.21 0.14 1732
id05576 125.400000 6.773700 0.50 0.14 453
id05577 125.379800 6.700000 0.19 0.14 1987
id05578 125.433300 6.636700 0.12 0.12 3442
id05579 125.473900 6.600000 0.18 0.10 1409
id05580 125.533300 6.545600 0.16 0.09 1445
id05581 125.583600 6.500000 0.10 0.08 2766
id05582 125.604100 6.433300 0.11 0.07 1758
id05583 125.635900 6.366700 0.10 0.07 1901
id05584 125.666700 6.295300 0.11 0.07 1428
id05585 125.700100 6.233300 0.07 0.06 2462
id05586 125.707500 6.133300 0.09 0.06 1885
id05587 125.702500 6.033300 0.09 0.07 2080
id05588 125.685071 5.963230 0.09 0.06 1859
id05589 125.644092 5.896037 0.09 0.06 2309
id05590 125.600000 5.846800 0.07 0.06 2043
id05591 125.563874 5.795189 0.11 0.05 1207
id05592 125.508600 5.733300 0.08 0.06 2504
id05593 125.474748 5.663523 0.07 0.06 2407
id05594 125.433300 5.609100 0.07 0.06 2167
id05595 125.400000 5.562800 0.15 0.05 622
id05596 125.305400 5.566700 0.08 0.06 2168
id05597 125.298200 5.633300 0.07 0.06 2910
id05598 125.265200 5.700000 0.07 0.05 2189
id05599 125.200000 5.746100 0.06 0.05 2160
id05600 125.191100 5.833300 0.05 0.04 2009
id05601 125.228100 5.900000 0.07 0.05 1913
id05602 125.266700 5.942500 0.06 0.04 2018
id05603 125.274695 6.033612 0.05 0.04 2189
id05604 125.233300 6.090200 0.06 0.05 2207
id05605 125.159981 6.064485 0.07 0.05 1890
id05606 125.133300 5.993100 0.08 0.06 2186
id05607 125.099900 5.933300 0.09 0.06 2249
id05608 125.070953 5.852560 0.10 0.07 2043
id05609 124.966700 5.852700 0.10 0.07 1908
id05610 124.894300 5.866700 0.06 0.06 3959
id05611 124.801100 5.900000 0.06 0.05 2732
id05612 124.733300 5.928800 0.07 0.05 2035
id05613 124.666700 5.956900 0.07 0.05 1900
id05614 124.596949 5.987971 0.08 0.06 2111
id05615 124.530382 6.015326 0.07 0.06 2482
id05616 124.462714 6.053046 0.07 0.05 1822
id05617 124.402482 6.087666 0.10 0.05 1140
id05618 124.334679 6.110814 0.07 0.05 2076
id05619 124.266700 6.150100 0.06 0.05 2369
id05620 124.200000 6.185200 0.08 0.05 1522
id05621 124.161600 6.233300 0.07 0.06 2553
id05622 124.113200 6.300000 0.07 0.06 2359
id05623 124.066700 6.356900 0.09 0.07 2800
id05624 124.033300 6.422700 0.12 0.08 1675
id05625 124.016800 6.500000 0.11 0.08 2106
id05626 124.030300 6.600000 0.17 0.08 1197
id05627 124.022600 6.700000 0.12 0.08 2043
id05628 123.969100 6.766700 0.12 0.09 1937
id05629 123.950200 6.833300 0.13 0.09 1905
id05630 123.965800 6.933300 0.11 0.09 2797
id05631 123.991200 7.000000 0.11 0.08 1972
id05632 124.014350 7.068253 0.11 0.08 1991
id05633 124.055213 7.138800 0.11 0.08 2164
id05634 124.124100 7.166700 0.11 0.09 2535
id05635 124.162200 7.233300 0.11 0.08 2361
id05636 124.200000 7.283800 0.11 0.08 1957
id05637 124.198000 7.333300 0.11 0.08 2216
id05638 124.133300 7.395100 0.11 0.08 2238
id05639 124.073568 7.352117 0.16 0.09 1489
id05640 124.033300 7.296100 0.14 0.12 2999
id05641 124.023400 7.366700 0.19 0.14 2033
id05642 124.066700 7.430700 0.16 0.12 2055
id05643 124.049800 7.466700 0.26 0.10 780
id05644 124.031600 7.533300 0.13 0.10 2144
id05645 124.033300 7.584400 0.20 0.09 1125
id05646 123.995800 7.633300 0.14 0.09 1837
id05647 123.929489 7.679554 0.14 0.10 2018
id05648 123.833300 7.695200 0.17 0.10 1575
id05649 123.766700 7.722100 0.14 0.11 2449
id05650 123.722800 7.766700 0.12 0.10 2918
id05651 123.666700 7.802900 0.13 0.10 2103
id05652 123.578300 7.833300 0.16 0.12 2115
id05653 123.532200 7.833300 0.15 0.11 2215
id05654 123.500000 7.785300 0.14 0.10 2175
id05655 123.503900 7.700000 0.13 0.09 1998
id05656 123.485500 7.633300 0.13 0.08 1549
id05657 123.433300 7.585100 0.10 0.08 2753
id05658 123.408000 7.500000 0.11 0.09 2587
id05659 123.454100 7.433300 0.14 0.12 2894
id05660 123.433300 7.364000 0.15 0.12 2924
id05661 123.366700 7.394400 0.15 0.12 2880
id05662 123.314200 7.433300 0.16 0.13 2684
id05663 123.266700 7.481400 0.25 0.14 1492
id05664 123.200000 7.465700 0.13 0.10 2130
id05665 123.125000 7.433300 0.16 0.10 1739
id05666 123.055600 7.400000 0.17 0.14 2680
id05667 123.038200 7.300000 0.39 0.15 776
id05668 123.000000 7.264000 0.23 0.17 1934
id05669 122.933300 7.278400 0.52 0.16 2633
id05670 122.866700 7.265500 0.56 0.17 2646
id05671 122.785900 7.266700 0.53 0.15 2092
id05672 122.733300 7.315400 0.57 0.16 1942
id05673 122.633300 7.331600 0.49 0.14 2183
id05674 122.533300 7.300000 0.70 0.13 366
id05675 122.472200 7.266700 0.50 0.15 2474
id05676 122.428900 7.233300 0.82 0.19 1526
id05677 122.387300 7.166700 0.69 0.18 1634
id05678 122.374100 7.066700 0.52 0.17 2909
id05679 122.384100 6.966700 0.76 0.16 697
id05680 122.370100 6.866700 0.80 0.20 1421
id05681 122.400000 6.774300 0.80 0.24 3158
id05682 122.400000 6.726700 0.73 0.27 4548
id05683 122.342300 6.666700 0.64 0.20 4143
id05684 122.317100 6.600000 1.12 0.34 2452
id05685 122.233300 6.578600 0.91 0.25 1855
id05686 122.203600 6.500000 0.87 0.27 2782
id05687 122.166700 6.452400 0.72 0.19 2519
id05688 122.100000 6.432600 0.64 0.18 2797
id05689 122.036500 6.366700 0.74 0.20 1868
id05690 122.003400 6.300000 0.77 0.22 2231
id05691 121.933300 6.293700 0.55 0.19 3171
id05692 121.881700 6.233300 0.65 0.16 1484
id05693 121.866700 6.134200 0.73 0.18 1469
id05694 121.866700 6.075000 1.24 0.31 1923
id05695 121.909077 6.043231 1.06 0.25 1604
id05696 121.827487 6.013199 1.15 0.23 753
id05697 121.766700 6.048500 0.66 0.19 2114
id05698 121.700000 6.005600 0.83 0.26 4705
id05699 121.633300 5.999500 0.81 0.26 4987
id05700 121.568000 5.930189 0.47 0.17 4615
id05701 121.533300 5.965000 0.54 0.20 4534
id05702 121.526000 6.033300 0.54 0.20 5047
id05703 121.566700 6.099100 0.61 0.17 1826
id05704 121.586200 6.166700 0.42 0.11 1822
id05705 121.548500 6.233300 0.37 0.10 1710
id05706 121.525000 6.300000 0.53 0.13 1668
id05707 121.497000 6.366700 0.51 0.12 1694
id05708 121.433300 6.430000 0.51 0.13 1698
id05709 121.366700 6.463900 0.40 0.11 1841
id05710 121.300000 6.486700 0.21 0.08 4043
id05711 121.200000 6.496300 0.28 0.08 2035
id05712 121.123800 6.466700 0.29 0.11 4473
id05713 121.040000 6.433300 0.36 0.11 2497
id05714 120.971700 6.400000 0.36 0.13 4350
id05715 120.931600 6.366700 0.29 0.10 3277
id05716 120.868200 6.300000 0.31 0.08 1766
id05717 120.831700 6.300000 0.32 0.08 1743
id05718 120.733300 6.310700 0.25 0.07 2099
id05719 120.689300 6.266700 0.19 0.07 4065
id05720 120.613400 6.266700 0.20 0.07 3244
id05721 120.661900 6.333300 0.25 0.07 2340
id05722 120.666700 6.372900 0.24 0.07 2403
id05723 120.695500 6.433300 0.29 0.08 2163
id05724 120.733300 6.425900 0.21 0.08 4053
id05725 120.766700 6.474400 0.21 0.06 2533
id05726 120.833300 6.509700 0.21 0.06 2111
id05727 120.898300 6.566700 0.19 0.06 2302
id05728 120.966700 6.576400 0.23 0.06 1777
id05729 121.033300 6.604800 0.19 0.06 2685
id05730 121.100000 6.588200 0.20 0.06 2565
id05731 121.200000 6.581000 0.18 0.06 3316
id05732 121.233300 6.650000 0.20 0.06 2504
id05733 121.266700 6.727100 0.21 0.06 2298
id05734 121.333300 6.737500 0.20 0.06 2391
id05735 121.417400 6.766700 0.20 0.06 2145
id05736 121.487400 6.800000 0.16 0.06 5384
id05737 121.533300 6.839700 0.19 0.07 4154
id05738 121.586500 6.900000 0.28 0.07 1541
id05739 121.633300 6.948600 0.26 0.06 1533
id05740 121.722200 6.933300 0.21 0.05 1477
id05741 121.800000 6.928300 0.18 0.04 1450
id05742 121.855600 6.966700 0.00 0.00 0
id05743 121.881500 7.033300 0.00 0.00 0
id05744 121.893500 7.133300 0.00 0.00 0
id05745 121.928600 7.200000 0.00 0.00 0
id05746 121.966700 7.242900 0.00 0.00 0
id05747 122.031200 7.300000 0.00 0.00 0
id05748 122.033300 7.383600 0.00 0.00 0
id05749 122.058800 7.466700 0.00 0.00 0
id05750 122.082300 7.533300 0.00 0.00 0
id05751 122.100000 7.615600 0.00 0.00 0
id05752 122.108200 7.700000 0.10 0.02 1146
id05753 122.097800 7.766700 0.00 0.00 0
id05754 122.133300 7.831800 0.00 0.00 0
id05755 122.166700 7.897200 0.04 0.01 1177
id05756 122.200000 7.944700 0.07 0.02 1263
id05757 122.233300 8.001300 0.10 0.02 1301
id05758 122.300000 8.039800 0.13 0.04 17575
id05759 122.380200 8.066700 0.15 0.05 17009
id05760 122.433300 8.109000 0.00 0.00 0
id05761 122.533300 8.102700 0.21 0.05 1027
id05762 122.621100 8.133300 -1.00 -1.00 -1
id05763 122.700000 8.135600 0.00 0.00 0
id05764 122.735900 8.133300 0.22 0.05 1327
id05765 122.833300 8.137700 0.00 0.00 0
id05766 122.918500 8.166700 0.14 0.03 1353
id05767 122.966700 8.200500 0.08 0.03 7320
id05768 122.950100 8.266700 0.06 0.02 7443
id05769 122.933300 8.320400 0.06 0.02 7495
id05770 122.964500 8.400000 0.00 0.00 0
id05771 123.000000 8.455400 0.00 0.00 0
id05772 123.033300 8.503800 0.00 0.00 0
id05773 123.100000 8.540100 0.00 0.00 0
id05774 123.200000 8.542400 0.02 0.02 7680
id05775 123.300000 8.544800 0.00 0.00 0
id05776 123.333300 8.625800 0.02 0.02 23883
id05777 123.366700 8.687000 0.03 0.03 16635
id05778 123.400000 8.739200 0.03 0.02 1511
id05779 123.466700 8.712500 0.05 0.03 1488
id05780 123.533300 8.682600 0.04 0.04 8553
id05781 123.633300 8.671700 0.04 0.04 8523
id05782 123.700000 8.649000 0.05 0.05 10549
id05783 123.766700 8.600600 0.08 0.06 1714
id05784 123.786500 8.533300 0.19 0.07 726
id05785 123.830900 8.466700 0.07 0.07 9987
id05786 123.843700 8.400000 0.20 0.06 629
id05787 123.868500 8.333300 0.07 0.06 2895
id05788 123.865700 8.266700 0.09 0.05 1567
id05789 123.879400 8.200000 0.04 0.04 8752
id05790 123.966700 8.182600 0.05 0.04 3183
id05791 124.033300 8.204500 0.06 0.05 2129
id05792 124.108300 8.200000 0.08 0.05 1991
id05793 124.166700 8.204600 0.08 0.06 2200
id05794 124.233300 8.245300 0.09 0.06 2084
id05795 124.245396 8.335967 0.09 0.06 1968
id05796 124.280500 8.400000 0.09 0.07 2107
id05797 124.297600 8.500000 0.09 0.07 2872
id05798 124.333300 8.552500 0.11 0.08 2046
id05799 124.390800 8.600000 0.12 0.09 2028
id05800 124.466700 8.622400 0.10 0.10 4620
id05801 124.532200 8.566700 0.11 0.11 3872
id05802 124.589700 8.533300 0.09 0.09 3540
id05803 124.666700 8.504100 0.09 0.08 3071
id05804 124.733300 8.496200 0.13 0.10 2310
id05805 124.743443 8.571061 0.15 0.12 2758
id05806 124.734100 8.666700 0.13 0.10 2798
id05807 124.763300 8.766700 0.14 0.11 2857
id05808 124.778700 8.833300 0.24 0.11 1057
id05809 124.774900 8.933300 0.15 0.13 2807
id05810 124.800000 9.002400 0.41 0.13 2722
id05811 124.897000 9.000000 0.19 0.13 1874
id05812 124.947700 8.966700 0.17 0.14 2452
id05813 125.001600 8.933300 0.18 0.12 1759
id05814 125.066700 8.870100 0.10 0.09 3398
id05815 125.133300 8.844500 0.13 0.10 2254
id05816 125.168500 8.900000 0.16 0.12 1646
id05817 125.163651 8.999089 0.19 0.15 1901
id05818 125.194224 9.094269 0.65 0.15 1326
id05819 125.253300 9.033300 0.67 0.15 1140
id05820 125.322500 9.000000 0.21 0.14 1574
id05821 125.401420 8.989883 0.14 0.11 2287
id05822 125.468500 9.000000 0.16 0.13 2553
id05823 125.525200 9.066700 0.46 0.15 4757
id05824 125.515252 9.169932 0.57 0.14 1215
id05825 125.500000 9.251100 0.36 0.11 2624
id05826 125.483400 9.333300 0.38 0.12 2519
id05827 125.461300 9.400000 0.47 0.15 2625
id05828 125.433300 9.475600 0.47 0.14 2617
id05829 125.413800 9.566700 0.45 0.14 2729
id05830 125.394743 9.633452 0.45 0.14 2580
id05831 125.396000 9.733300 0.47 0.14 2550
id05832 125.425300 9.800000 0.49 0.15 2422
id05833 125.436500 9.866700 0.49 0.15 2497
id05834 125.433300 9.910300 0.73 0.15 725
id05835 125.467400 9.966700 0.52 0.17 4980
id05836 125.466700 10.062900 0.53 0.16 2385
id05837 125.446400 10.133300 0.68 0.18 1645
id05838 125.466700 10.223200 0.65 0.17 1474
id05839 125.481500 10.300000 0.67 0.18 1721
id05840 125.466700 10.370800 0.68 0.16 1170
id05841 125.412800 10.433300 0.59 0.18 2474
id05842 125.333300 10.452400 0.54 0.18 2924
id05843 125.292800 10.400000 0.62 0.19 3202
id05844 125.281600 10.300000 0.74 0.18 1346
id05845 125.233300 10.244700 0.81 0.18 933
id05846 125.133300 10.251000 0.56 0.20 3638
id05847 125.135200 10.200000 0.81 0.24 3276
id05848 125.187900 10.133300 1.32 0.36 2557
id05849 125.236439 10.082350 1.37 0.34 1935
id05850 125.266700 10.013800 1.15 0.28 1852
id05851 125.300192 9.933394 0.82 0.22 1856
id05852 125.233300 9.953600 0.79 0.22 1979
id05853 125.199000 10.000000 0.89 0.25 1957
id05854 125.133300 10.064300 0.79 0.24 2580
id05855 125.115983 10.134986 0.79 0.24 2616
id05856 125.091700 10.200000 0.86 0.24 2013
id05857 125.060800 10.266700 1.86 0.43 1444
id05858 125.027300 10.333300 1.32 0.42 4312
id05859 124.982500 10.366700 0.93 0.29 4358
id05860 124.990500 10.266700 0.91 0.29 4469
id05861 125.000000 10.168600 0.99 0.23 1387
id05862 125.016821 10.104299 0.55 0.17 2483
id05863 125.000000 10.026800 1.22 0.32 1687
id05864 124.940000 10.066700 1.43 0.27 405
id05865 124.886300 10.100000 -1.00 -1.00 -1
id05866 124.800000 10.127400 0.79 0.23 2437
id05867 124.733300 10.161200 1.05 0.27 2272
id05868 124.681800 10.166700 1.32 0.31 1626
id05869 124.645300 10.100000 1.25 0.35 1937
id05870 124.641400 10.000000 1.59 0.41 2145
id05871 124.610700 9.933300 2.67 0.67 1972
id05872 124.584300 9.866700 2.81 0.89 3884
id05873 124.598000 9.766700 3.10 0.95 3371
id05874 124.535200 9.723065 2.68 0.66 1881
id05875 124.472062 9.742273 1.79 0.55 3356
id05876 124.406500 9.700000 2.39 0.60 2021
id05877 124.369078 9.638453 2.80 0.69 1859
id05878 124.302136 9.610652 2.74 0.87 4019
id05879 124.233300 9.597900 2.70 0.86 4596
id05880 124.194700 9.600000 2.82 0.65 1493
id05881 124.100000 9.588100 1.64 0.47 2104
id05882 124.000000 9.596800 2.36 0.64 2580
id05883 123.900000 9.595600 1.85 0.52 2796
id05884 123.833300 9.557000 2.31 0.59 2137
id05885 123.733300 9.558100 1.92 0.47 1807
id05886 123.740800 9.600000 1.63 0.40 1830
id05887 123.800000 9.636000 1.66 0.40 1683
id05888 123.848400 9.700000 1.67 0.41 1316
id05889 123.788100 9.733300 1.69 0.42 1979
id05890 123.787400 9.833300 2.04 0.45 1226
id05891 123.766300 9.900000 1.71 0.39 1466
id05892 123.833300 9.916000 2.33 0.53 1410
id05893 123.866700 9.987500 2.10 0.54 2106
id05894 123.901398 10.056656 1.83 0.46 1462
id05895 123.951600 10.100000 2.04 0.52 1515
id05896 123.989800 10.166700 1.56 0.39 1898
id05897 124.022200 10.233300 1.45 0.46 4994
id05898 124.073251 10.272870 2.33 0.68 3081
id05899 124.043500 10.233300 3.46 1.10 4725
id05900 124.081000 10.200000 1.53 0.49 4768
id05901 124.133100 10.266700 1.04 0.24 1552
id05902 124.200000 10.286100 1.10 0.25 1462
id05903 124.266700 10.301400 1.47 0.38 2213
id05904 124.354500 10.333300 1.00 0.26 1545
id05905 124.400000 10.320700 1.62 0.46 2148
id05906 124.466700 10.281200 2.11 0.51 1259
id05907 124.533300 10.250400 1.55 0.39 2002
id05908 124.600000 10.228000 1.91 0.55 2221
id05909 124.672900 10.233300 1.86 0.46 1376
id05910 124.706900 10.300000 1.28 0.34 1765
id05911 124.697400 10.366700 1.08 0.34 5746
id05912 124.698700 10.466700 1.08 0.26 1735
id05913 124.733300 10.513300 1.54 0.42 1807
id05914 124.760200 10.600000 1.20 0.32 1672
id05915 124.788500 10.666700 1.64 0.36 1241
id05916 124.779700 10.766700 0.94 0.26 1875
id05917 124.745000 10.833300 0.51 0.13 1509
id05918 124.700000 10.882600 0.97 0.23 1046
id05919 124.655400 10.933300 1.42 0.34 1258
id05920 124.566700 10.934300 0.84 0.20 1109
id05921 124.533300 10.888200 1.49 0.39 1631
id05922 124.466700 10.865700 1.58 0.34 1118
id05923 124.415800 10.900000 1.55 0.40 1626
id05924 124.365200 10.933300 1.42 0.39 2592
id05925 124.365100 11.033300 1.43 0.45 3775
id05926 124.381100 11.100000 1.54 0.45 3104
id05927 124.372800 11.200000 1.45 0.44 3303
id05928 124.353800 11.266700 1.99 0.55 2646
id05929 124.326900 11.333300 3.85 0.99 1546
id05930 124.300000 11.415900 2.31 0.53 1395
id05931 124.271400 11.500000 1.53 0.35 1361
id05932 124.256900 11.566700 2.33 0.56 1718
id05933 124.300000 11.612000 1.20 0.28 1597
id05934 124.324100 11.700000 1.01 0.25 1447
id05935 124.266700 11.759400 0.95 0.22 1574
id05936 124.278000 11.800000 1.35 0.34 2054
id05937 124.274900 11.900000 1.66 0.53 4193
id05938 124.320200 11.966700 3.37 0.69 581
id05939 124.366700 12.027100 1.31 0.40 3285
id05940 124.365500 12.066700 0.78 0.25 4605
id05941 124.300000 12.117800 0.45 0.13 1987
id05942 124.259000 12.066700 0.46 0.12 1466
id05943 124.184300 12.033300 0.29 0.08 2062
id05944 124.140900 12.066700 0.33 0.08 1763
id05945 124.199000 12.133300 0.32 0.09 2280
id05946 124.264400 12.166700 0.34 0.10 2981
id05947 124.277800 12.233300 0.25 0.07 3029
id05948 124.261800 12.300000 0.33 0.07 502
id05949 124.200000 12.355800 0.27 0.07 1726
id05950 124.133300 12.384800 0.31 0.09 2227
id05951 124.066700 12.354900 0.25 0.09 3269
id05952 124.030300 12.333300 0.24 0.08 3135
id05953 123.966700 12.332400 0.18 0.06 3135
id05954 123.931300 12.266700 0.22 0.06 1447
id05955 123.945400 12.200000 0.18 0.05 2464
id05956 123.973500 12.133300 0.34 0.06 314
id05957 124.007900 12.066700 0.32 0.08 1508
id05958 124.048700 12.000000 0.49 0.13 1605
id05959 124.066700 11.930900 0.55 0.13 1459
id05960 124.102500 11.866700 0.64 0.13 906
id05961 124.094000 11.800000 0.60 0.15 1519
id05962 124.066700 11.708900 0.51 0.13 1680
id05963 124.016100 11.666700 0.46 0.11 1301
id05964 124.053000 11.600000 0.43 0.10 1304
id05965 124.100000 11.541100 0.48 0.12 1593
id05966 124.118200 11.466700 0.39 0.10 1388
id05967 124.120800 11.366700 0.52 0.14 1736
id05968 124.100000 11.293000 0.51 0.14 1800
id05969 124.066700 11.222100 0.35 0.12 3277
id05970 124.037300 11.133300 0.33 0.11 3247
id05971 124.033300 11.095100 0.29 0.10 3307
id05972 124.047700 11.000000 0.31 0.11 3285
id05973 124.051868 10.901389 0.39 0.13 3128
id05974 124.036097 10.810912 0.70 0.17 1727
id05975 124.013900 10.733300 0.65 0.18 1910
id05976 124.030180 10.633840 1.30 0.32 1819
id05977 124.034100 10.566700 0.90 0.29 3584
id05978 124.033300 10.499100 1.11 0.26 1612
id05979 124.006400 10.400000 0.89 0.20 955
id05980 124.040000 10.333300 0.77 0.22 2186
id05981 124.004977 10.284570 0.76 0.21 1807
id05982 123.933300 10.255600 0.82 0.21 1619
id05983 123.856000 10.233300 0.59 0.16 1920
id05984 123.766700 10.209600 0.72 0.18 1481
id05985 123.720400 10.166700 1.00 0.22 1199
id05986 123.684264 10.099809 0.72 0.22 3337
id05987 123.638400 10.033300 1.04 0.26 1972
id05988 123.630600 9.966700 1.04 0.33 4203
id05989 123.602300 9.866700 1.10 0.35 4671
id05990 123.566700 9.816200 1.49 0.34 1321
id05991 123.533300 9.752700 0.98 0.29 3146
id05992 123.503100 9.666700 2.22 0.45 746
id05993 123.483100 9.600000 1.69 0.42 1413
id05994 123.445200 9.533300 1.28 0.32 1871
id05995 123.400000 9.477600 1.22 0.36 3180
id05996 123.366700 9.425700 1.85 0.45 1716
id05997 123.305500 9.366700 2.12 0.53 2002
id05998 123.307600 9.266700 1.78 0.43 1260
id05999 123.278900 9.200000 2.54 0.55 1151
id06000 123.233300 9.138900 2.17 0.53 1271
id06001 123.200000 9.093400 1.57 0.42 2362
id06002 123.136902 9.053131 1.69 0.43 1522
id06003 123.034813 9.046179 1.33 0.31 1511
id06004 122.946500 9.066700 2.52 0.60 1616
id06005 122.900000 9.131800 0.73 0.22 2609
id06006 122.867200 9.200000 1.44 0.40 1879
id06007 122.861800 9.266700 2.11 0.49 1512
id06008 122.821900 9.333300 1.56 0.44 2859
id06009 122.733300 9.362800 1.20 0.37 3430
id06010 122.666700 9.381500 1.38 0.35 2002
id06011 122.600000 9.427600 1.44 0.46 4380
id06012 122.561300 9.466700 2.18 0.55 2025
id06013 122.500000 9.533300 2.02 0.63 3460
id06014 122.464500 9.566700 1.32 0.33 1432
id06015 122.425300 9.633300 1.59 0.51 5250
