#id lon lat MIH hmax period
id02943 66.000000 25.233300 0.17 0.04 427
id03068 69.844400 20.933300 0.22 0.04 517
id03069 69.644400 21.166700 0.13 0.03 1176
id03070 69.433300 21.366700 0.13 0.03 986
id03071 69.211100 21.600000 0.15 0.03 45
id03072 69.008300 21.833300 0.15 0.03 1971
id03073 68.800000 22.044400 0.43 0.08 1113
id03074 68.600000 22.266700 0.17 0.03 247
id03075 68.333300 22.433300 0.18 0.03 964
id03076 68.155600 22.700000 0.22 0.04 918
id03077 67.866700 22.858300 0.18 0.04 1365
id03078 67.533300 22.868900 0.19 0.04 1814
id03079 67.389700 23.166700 0.21 0.04 1244
id03080 67.427100 23.500000 0.12 0.02 868
id03081 67.333300 23.654900 0.22 0.04 1019
id03082 67.166700 23.393900 0.20 0.04 1305
id03083 67.014300 23.666700 0.45 0.09 1192
id03084 66.913300 24.000000 0.30 0.06 998
id03085 66.766700 24.277800 0.30 0.05 596
id03086 66.600000 24.533300 0.29 0.06 1222
id03087 66.450000 24.833300 0.21 0.05 1890
id03223 93.100000 13.874100 0.80 0.32 3386
id03224 93.288900 13.833300 0.50 0.27 3552
id03225 93.209600 13.666700 0.47 0.21 2850
id03226 93.166700 13.498600 0.37 0.19 3457
id03227 93.102400 13.300000 0.89 0.25 968
id03228 93.063800 13.133300 0.92 0.30 1556
id03229 93.010400 12.933300 0.59 0.25 2728
id03230 93.007000 12.766700 0.87 0.37 2695
id03231 92.998200 12.566700 1.19 0.44 3101
id03232 93.066700 12.407700 1.81 0.51 1672
id03233 93.144400 12.266700 1.01 0.33 1544
id03234 93.169300 12.066700 0.85 0.35 4042
id03235 93.119500 11.900000 0.91 0.33 3017
id03236 93.100000 11.764800 0.76 0.35 3029
id03237 92.966700 11.853100 2.82 0.80 1053
id03238 92.814600 11.833300 1.31 0.52 3397
id03239 92.771800 11.633300 1.56 0.37 862
id03240 92.729300 11.466700 1.73 0.45 1286
id03241 92.707200 11.233300 1.01 0.42 4353
id03242 92.704300 11.066700 0.81 0.34 4574
id03243 92.687000 10.933300 0.59 0.26 2932
id03244 92.671100 10.766700 0.72 0.32 2939
id03245 92.650000 10.566700 1.27 0.39 1365
id03246 92.504800 10.466700 1.83 0.54 1874
id03247 92.333300 10.494300 1.65 0.46 1565
id03248 92.330000 10.633300 3.85 1.01 1294
id03249 92.280000 10.833300 0.46 0.17 2984
id03250 92.438700 10.900000 1.16 0.35 2023
id03251 92.544400 11.033300 1.33 0.55 4184
id03252 92.533300 11.200000 1.39 0.58 4103
id03253 92.424300 11.300000 1.33 0.34 1200
id03254 92.361400 11.466700 1.00 0.29 1699
id03255 92.175600 11.533300 0.48 0.14 1211
id03256 92.300000 11.589700 1.19 0.25 480
id03257 92.437300 11.666700 1.67 0.40 638
id03258 92.419400 11.866700 0.88 0.24 1522
id03259 92.533300 11.981000 0.70 0.22 1402
id03260 92.531100 12.166700 0.97 0.24 1038
id03261 92.381300 12.166700 0.52 0.15 1214
id03262 92.357300 12.266700 0.42 0.12 1150
id03263 92.500000 12.350000 0.90 0.22 673
id03264 92.586700 12.500000 0.73 0.27 3047
id03265 92.630600 12.633300 0.51 0.21 5330
id03266 92.597000 12.766700 0.99 0.22 681
id03267 92.533300 12.913000 1.29 0.32 1004
id03268 92.551300 13.066700 0.73 0.30 3908
id03269 92.486700 13.233300 0.44 0.13 1969
id03270 92.533300 13.368600 0.47 0.14 1222
id03271 92.666700 13.400000 0.58 0.16 1462
id03272 92.702400 13.566700 0.56 0.15 1476
id03273 92.700000 13.678300 0.42 0.11 881
id03274 92.839600 13.700000 0.49 0.13 936
id03275 112.000000 -8.327800 0.27 0.13 3163
id03276 111.831700 -8.300000 0.55 0.15 842
id03277 111.700000 -8.409000 0.28 0.10 1965
id03278 111.542900 -8.366700 0.47 0.16 1811
id03279 111.400000 -8.329500 0.58 0.19 1499
id03280 111.200000 -8.296600 0.42 0.15 1836
id03281 111.033300 -8.278500 0.44 0.11 611
id03282 110.833300 -8.240300 0.52 0.23 2866
id03283 110.644700 -8.200000 0.52 0.17 1578
id03284 110.466700 -8.138000 0.53 0.16 1196
id03285 110.300000 -8.072200 0.46 0.17 2095
id03286 110.133300 -8.011100 0.40 0.14 1840
id03287 109.966700 -7.963100 0.41 0.12 1001
id03288 109.800000 -8.001400 0.33 0.11 1572
id03289 109.666700 -7.927800 0.30 0.10 1560
id03290 109.491700 -7.866700 0.47 0.12 841
id03291 109.300000 -7.830600 0.55 0.23 3591
id03292 109.100000 -7.857100 0.80 0.20 1034
id03293 108.900000 -7.831800 0.69 0.21 2115
id03294 108.666700 -7.815800 0.48 0.20 5046
id03295 108.466700 -7.861000 0.60 0.19 2118
id03296 108.266700 -7.888900 0.41 0.17 2580
id03297 108.066700 -7.848800 0.45 0.16 1932
id03298 107.900000 -7.783800 0.50 0.15 1298
id03299 107.733300 -7.700000 0.95 0.28 1132
id03300 107.566700 -7.643500 0.95 0.28 1183
id03301 107.400000 -7.584700 0.92 0.27 1143
id03302 107.200000 -7.538100 0.70 0.20 1005
id03303 107.033300 -7.497300 0.65 0.20 1345
id03304 106.833300 -7.524200 0.48 0.17 1781
id03305 106.700000 -7.494300 0.67 0.19 1132
id03306 106.566700 -7.503000 0.70 0.17 660
id03307 106.433300 -7.406400 0.87 0.26 1259
id03308 106.326900 -7.300000 0.89 0.26 1151
id03309 106.428900 -7.166700 0.60 0.22 2026
id03310 106.515100 -7.033300 1.27 0.51 2508
id03311 106.366700 -7.005200 0.48 0.20 2682
id03312 106.166700 -6.967400 0.78 0.18 541
id03313 106.000000 -6.901400 0.89 0.21 592
id03314 105.854300 -6.933300 0.41 0.15 1931
id03315 105.675400 -7.000000 0.54 0.15 998
id03316 105.501400 -7.066700 0.84 0.22 795
id03317 105.466700 -7.014800 0.86 0.20 555
id03318 105.411100 -6.966700 0.80 0.21 786
id03319 105.354500 -6.900000 1.08 0.27 715
id03320 105.230800 -6.800000 0.84 0.20 637
id03321 105.166700 -6.676000 0.44 0.14 1604
id03322 105.121400 -6.566700 0.68 0.17 711
id03323 105.300000 -6.532600 0.63 0.19 1270
id03324 105.466700 -6.572700 0.53 0.16 1324
id03325 105.566700 -6.433300 0.48 0.14 1271
id03326 105.600000 -6.233300 0.49 0.14 1156
id03327 105.466700 -6.199200 0.56 0.17 1192
id03328 105.329400 -6.100000 0.46 0.17 2201
id03329 105.391400 -5.933300 0.51 0.21 2565
id03330 105.233300 -5.841900 0.52 0.19 1938
id03331 105.066700 -5.791500 0.59 0.21 1863
id03332 104.900000 -5.703600 0.74 0.25 1656
id03333 104.766700 -5.621200 0.97 0.24 748
id03334 104.600000 -5.552900 1.15 0.45 2363
id03335 104.660285 -5.697486 0.64 0.27 2677
id03336 104.717600 -5.866700 0.40 0.21 3506
id03337 104.728700 -6.033300 0.96 0.23 651
id03338 104.718100 -6.266700 0.85 0.26 1380
id03339 104.600000 -6.177800 0.95 0.29 1319
id03340 104.516000 -6.033300 1.13 0.28 655
id03341 104.433300 -5.888500 0.59 0.18 1429
id03342 104.335000 -5.733300 1.03 0.25 626
id03343 104.256000 -5.600000 0.83 0.26 1416
id03344 104.131800 -5.500000 0.62 0.20 1564
id03345 104.023800 -5.366700 1.10 0.30 905
id03346 103.900000 -5.240300 0.82 0.19 524
id03347 103.866700 -5.125000 -1.00 -1.00 -1
id03348 103.730600 -5.033300 1.16 0.42 1946
id03349 103.566700 -4.939100 0.84 0.32 2204
id03350 103.405200 -4.866700 0.87 0.27 1353
id03351 103.290200 -4.766700 1.24 0.28 45
id03352 103.142900 -4.700000 1.28 0.34 906
id03353 103.033300 -4.611500 0.58 0.12 255
id03354 102.896300 -4.600000 0.90 0.21 536
id03355 102.733300 -4.513300 0.75 0.17 45
id03356 102.633300 -4.378800 1.08 0.24 45
id03357 102.500000 -4.275000 0.71 0.23 1586
id03358 102.366700 -4.172200 1.10 0.23 371
id03359 102.250000 -4.066700 0.59 0.25 2729
id03360 102.170200 -3.900000 0.86 0.25 1149
id03361 102.100000 -3.748100 0.81 0.23 1072
id03362 101.955600 -3.666700 0.93 0.27 1132
id03363 101.800000 -3.586700 0.56 0.23 2617
id03364 101.621000 -3.533300 0.47 0.17 1833
id03365 101.533300 -3.366700 0.74 0.21 1084
id03366 101.450500 -3.233300 0.65 0.17 862
id03367 101.347800 -3.100000 0.57 0.18 1499
id03368 101.300000 -2.919000 0.89 0.20 456
id03369 101.197500 -2.800000 0.66 0.24 1912
id03370 101.100000 -2.650900 0.36 0.16 2804
id03371 100.999000 -2.533300 0.40 0.16 2489
id03372 100.889900 -2.400000 0.67 0.17 702
id03373 100.800000 -2.238100 0.66 0.20 1359
id03374 100.760000 -2.133300 0.91 0.21 578
id03375 100.800000 -2.000000 0.64 0.27 4165
id03376 100.736100 -1.866700 0.49 0.26 4403
id03377 100.700000 -1.933300 1.01 0.25 682
id03378 100.700000 -2.050000 0.78 0.24 1286
id03379 100.633300 -1.949500 0.77 0.22 1055
id03380 100.554700 -1.800000 0.67 0.23 1688
id03381 100.499700 -1.633300 0.75 0.25 1672
id03382 100.496700 -1.466700 0.87 0.26 1323
id03383 100.377800 -1.333300 0.62 0.28 2894
id03384 100.299200 -1.266700 0.75 0.28 2103
id03385 100.310300 -1.066700 0.92 0.23 726
id03386 100.305700 -0.900000 1.19 0.42 2838
id03387 100.166700 -0.822200 0.92 0.29 2291
id03388 100.081700 -0.666700 0.58 0.19 1680
id03389 99.966700 -0.545600 1.03 0.21 1406
id03390 99.807400 -0.466700 1.00 0.24 2605
id03391 99.766700 -0.364100 1.05 0.26 3011
id03392 99.657100 -0.300000 1.28 0.22 1740
id03393 99.619600 -0.100000 1.73 0.28 1203
id03394 99.433300 -0.062500 1.23 0.31 3138
id03395 99.266700 -0.066700 1.96 0.32 1013
id03396 99.100000 -0.116700 1.46 0.31 1716
id03397 98.900000 -0.094900 1.26 0.29 2444
id03398 98.711100 -0.133300 1.06 0.24 2112
id03399 98.612700 -0.266700 1.84 0.38 1368
id03400 98.547600 -0.433300 2.23 0.47 1537
id03401 98.521700 -0.633300 3.23 0.56 453
id03402 98.333300 -0.600000 5.39 0.99 674
id03403 98.283900 -0.500000 3.66 0.73 1195
id03404 98.354600 -0.333300 5.52 1.12 1300
id03405 98.300000 -0.161800 4.30 0.91 1606
id03406 98.127200 -0.166700 4.72 0.94 1214
id03407 98.200000 -0.016200 4.80 0.89 741
id03408 98.333300 0.082900 2.39 0.48 1207
id03409 98.454900 0.200000 2.09 0.43 1459
id03410 98.444400 0.366700 3.38 0.62 2448
id03411 98.356300 0.500000 3.07 0.55 533
id03412 98.286000 0.666700 2.55 0.45 502
id03413 98.288600 0.833300 2.33 0.40 268
id03414 98.366700 0.983300 2.24 0.44 1140
id03415 98.366700 1.100000 2.10 0.41 1035
id03416 98.433300 1.180000 2.25 0.50 2033
id03417 98.633300 1.144400 3.25 0.62 938
id03418 98.716700 1.300000 3.53 0.73 1480
id03419 98.666700 1.473300 4.85 0.97 5811
id03420 98.458300 1.500000 4.16 0.70 1498
id03421 98.415500 1.700000 2.42 0.51 1658
id03422 98.347600 1.866700 2.22 0.51 2295
id03423 98.281500 2.000000 1.91 0.43 2152
id03424 98.100000 2.025600 3.38 0.58 1724
id03425 97.933300 2.030000 2.73 0.45 1264
id03426 97.738300 1.966700 2.46 0.46 779
id03427 97.600000 2.030600 4.38 0.90 1432
id03428 97.447400 2.000000 4.60 0.88 927
id03429 97.333300 2.004900 6.25 1.27 1320
id03430 97.200000 2.051100 7.82 2.03 3306
id03431 97.066700 2.017600 5.69 1.16 1365
id03432 97.078100 2.200000 8.03 1.62 1282
id03433 97.100000 2.315900 6.37 1.24 1019
id03434 97.066700 2.342800 8.50 1.62 892
id03435 97.266700 2.322200 4.99 1.15 2306
id03436 97.423900 2.400000 6.78 1.14 331
id03437 97.403000 2.566700 7.74 1.49 936
id03438 97.465200 2.700000 5.12 1.38 3721
id03439 97.333300 2.831000 6.35 1.28 1303
id03440 97.200000 2.908000 6.88 1.34 1027
id03441 97.166700 3.035200 8.02 1.31 1090
id03442 97.133300 3.189700 9.99 2.07 1474
id03443 97.048300 3.333300 5.95 1.25 148
id03444 96.913000 3.433300 5.92 1.68 1035
id03445 96.740200 3.500000 5.91 1.78 1274
id03446 96.666700 3.652000 4.76 1.74 2043
id03447 96.480400 3.600000 4.58 1.62 1862
id03448 96.366700 3.632100 5.97 1.26 499
id03449 96.386100 3.733300 6.01 1.50 711
id03450 96.300000 3.819600 5.49 1.38 731
id03451 96.127800 3.866700 7.52 1.59 488
id03452 96.000000 3.986700 6.18 1.52 666
id03453 95.800000 3.962800 7.54 1.99 854
id03454 95.733300 4.073300 3.99 1.11 978
id03455 95.840700 4.200000 6.74 1.73 1184
id03456 95.700000 4.300000 7.68 2.06 888
id03457 95.600000 4.433300 5.79 1.50 813
id03458 95.500000 4.531700 4.07 1.15 1016
id03459 95.368300 4.600000 2.47 0.72 1159
id03460 95.310700 4.766700 2.99 0.92 1357
id03461 95.211900 4.900000 3.45 0.83 610
id03462 95.195200 5.033300 4.84 1.31 1447
id03463 95.133300 5.207600 2.79 0.78 989
id03464 95.066700 5.355600 3.68 0.93 1121
id03465 95.066700 5.536500 3.13 0.89 1035
id03466 94.987700 5.700000 3.28 0.97 1200
id03467 95.033300 5.814900 2.14 0.54 749
id03468 95.139100 5.700000 -1.00 -1.00 -1
id03469 95.266700 5.584000 2.53 0.69 1492
id03470 95.398700 5.700000 1.54 0.29 97
id03471 95.500000 5.619000 1.28 0.33 1226
id03472 95.666700 5.618400 1.26 0.31 1012
id03473 95.833300 5.539700 -1.00 -1.00 -1
id03474 95.963800 5.433300 0.66 0.22 2588
id03475 96.100000 5.333800 1.43 0.36 1056
id03476 96.233300 5.312900 0.83 0.26 2302
id03477 96.429600 5.266700 1.18 0.38 2388
id03478 96.566700 5.236300 0.69 0.24 2827
id03479 96.700000 5.277200 0.98 0.33 2594
id03480 96.924700 5.300000 0.76 0.24 2355
id03481 97.066700 5.266700 1.47 0.27 2580
id03482 97.266700 5.286300 1.72 0.31 2060
id03483 97.433300 5.339200 1.94 0.39 3570
id03484 97.600000 5.283300 2.63 0.49 2771
id03485 97.733300 5.200000 3.17 0.60 2992
id03486 97.875000 5.100000 3.73 0.68 2458
id03487 98.033300 5.022200 3.66 0.72 3371
id03488 98.175000 4.933300 3.74 0.72 3180
id03489 98.300000 4.816700 3.34 0.64 922
id03490 98.433300 4.726700 2.31 0.57 2906
id03491 98.600000 4.641700 2.58 0.52 5715
id03492 98.733300 4.566700 2.37 0.48 6199
id03493 98.866700 4.450000 2.60 0.41 546
id03494 98.966700 4.300000 2.30 0.41 540
id03495 99.033300 4.200000 2.24 0.50 44
id03496 99.166700 4.200000 2.80 0.52 2748
id03497 99.316700 4.100000 3.05 0.54 2136
id03498 99.433300 3.966700 2.50 0.48 2962
id03499 99.600000 3.900000 2.14 0.53 2962
id03500 99.750000 3.833300 2.16 0.48 42
id03501 99.933300 3.800000 2.09 0.48 2285
id03502 100.033300 3.933300 2.19 0.51 2404
id03503 100.042900 4.066700 2.18 0.49 40
id03504 100.055600 4.300000 3.00 0.51 1585
id03505 100.125000 4.466700 2.54 0.50 1133
id03506 100.133300 4.666700 3.28 0.53 1097
id03507 100.066700 4.816700 3.21 0.59 2563
id03508 99.988900 4.966700 3.06 0.60 3236
id03509 99.966700 5.166700 3.12 0.59 2835
id03510 100.000000 5.300000 3.52 0.66 2821
id03511 100.100000 5.400000 4.17 0.74 2094
id03512 100.033300 5.550000 3.81 0.72 2947
id03513 99.833300 5.600000 2.60 0.63 2790
id03514 99.733300 5.700000 2.37 0.59 2955
id03515 99.700000 5.900000 2.05 0.51 2996
id03516 99.700000 6.033300 2.98 0.54 2343
id03517 99.600000 6.100000 2.95 0.53 2321
id03518 99.466700 6.066700 2.75 0.49 506
id03519 99.344400 6.166700 2.49 0.45 554
id03520 99.266700 6.300000 1.80 0.35 1094
id03521 99.105600 6.400000 2.37 0.39 1303
id03522 99.062500 6.566700 1.42 0.32 2066
id03523 99.050000 6.733300 1.37 0.27 1140
id03524 99.000000 6.900000 1.92 0.39 3874
id03525 98.933300 7.075000 2.29 0.40 1766
id03526 98.833300 7.222200 2.04 0.36 1975
id03527 98.666700 7.273300 1.38 0.32 2421
id03528 98.466700 7.266700 1.69 0.32 911
id03529 98.300000 7.315200 1.85 0.31 1349
id03530 98.161900 7.400000 1.80 0.36 1290
id03531 98.133300 7.566700 1.99 0.35 1769
id03532 98.113300 7.766700 2.04 0.33 1004
id03533 97.933300 7.832400 2.07 0.37 2002
id03534 97.900000 8.000000 2.05 0.35 1713
id03535 98.000000 8.133300 1.81 0.33 2491
id03536 98.083300 8.266700 2.37 0.42 2179
id03537 98.110300 8.466700 2.44 0.43 1969
id03538 98.133300 8.666700 2.69 0.47 1972
id03539 98.000000 8.752400 2.67 0.50 2633
id03540 97.833300 8.737500 3.19 0.54 1503
id03541 97.672700 8.833300 3.22 0.56 266
id03542 97.640000 9.033300 1.94 0.47 2729
id03543 97.700000 9.233300 2.47 0.42 1590
id03544 97.687900 9.400000 1.66 0.40 2726
id03545 97.700000 9.600000 1.85 0.32 1826
id03546 97.650000 9.766700 1.68 0.36 1724
id03547 97.500000 9.852400 1.47 0.32 1923
id03548 97.556300 10.000000 1.70 0.28 1252
id03549 97.655600 10.133300 1.55 0.27 1882
id03550 97.666700 10.320000 1.48 0.29 1121
id03551 97.578600 10.466700 1.27 0.24 831
id03552 97.584200 10.633300 1.09 0.24 1889
id03553 97.538100 10.833300 1.19 0.21 456
id03554 97.520000 11.033300 1.15 0.25 1732
id03555 97.554200 11.233300 0.91 0.22 2620
id03556 97.500000 11.422200 0.80 0.14 1975
id03557 97.419000 11.566700 0.69 0.14 4258
id03558 97.364800 11.733300 0.94 0.19 1450
id03559 97.400000 11.911100 1.28 0.23 517
id03560 97.460000 12.100000 1.13 0.18 1023
id03561 97.446700 12.333300 0.59 0.14 2305
id03562 97.444400 12.566700 0.62 0.14 2062
id03563 97.508300 12.733300 0.70 0.13 930
id03564 97.633300 12.858300 0.56 0.11 1013
id03565 97.766700 12.756100 0.48 0.10 1611
id03566 97.812400 12.800000 -1.00 -1.00 -1
id03567 97.841700 12.933300 0.53 0.10 596
id03568 97.833300 13.166700 0.52 0.10 1117
id03569 97.833300 13.300000 0.51 0.10 1326
id03570 97.700000 13.400000 0.56 0.12 1732
id03571 97.616700 13.566700 0.99 0.19 771
id03572 97.533300 13.716700 0.74 0.14 744
id03573 97.466700 13.866700 0.44 0.11 2865
id03574 97.425000 14.066700 0.69 0.13 855
id03575 97.433300 14.266700 0.66 0.13 3183
id03576 97.500000 14.400000 0.51 0.13 3019
id03577 97.500000 14.533300 0.68 0.13 2965
id03578 97.700000 14.566700 1.00 0.17 1328
id03579 97.820500 14.700000 0.34 0.09 4068
id03580 97.746000 14.866700 0.57 0.15 3277
id03581 97.600000 14.894400 0.59 0.13 102
id03582 97.483300 14.766700 0.79 0.14 2326
id03583 97.366700 14.633300 0.94 0.15 1113
id03584 97.233300 14.750000 0.70 0.13 538
id03585 97.133300 14.883300 0.54 0.12 2182
id03586 97.033300 15.008300 0.53 0.12 1869
id03587 96.900000 15.100000 0.39 0.10 3513
id03588 96.733300 15.166700 0.53 0.11 1402
id03589 96.566700 15.240000 0.43 0.10 2361
id03590 96.366700 15.275000 0.42 0.11 3311
id03591 96.166700 15.253300 0.64 0.14 2138
id03592 95.966700 15.223800 0.62 0.14 1987
id03593 95.733300 15.233300 0.74 0.16 1867
id03594 95.533300 15.241700 1.02 0.17 397
id03595 95.333300 15.200000 0.74 0.17 2093
id03596 95.166700 15.133300 0.68 0.18 3337
id03597 95.000000 15.088900 0.99 0.21 1843
id03598 94.800000 15.100000 1.55 0.37 2594
id03599 94.600000 15.166700 1.32 0.31 2407
id03600 94.466700 15.266700 1.29 0.34 3381
id03601 94.366700 15.366700 1.03 0.27 3300
id03602 94.200000 15.466700 0.70 0.18 3081
id03603 94.122200 15.600000 0.99 0.17 1958
id03604 94.085700 15.800000 1.10 0.18 1099
id03605 94.100000 16.000000 0.74 0.12 674
id03606 94.091700 16.200000 0.59 0.12 1286
id03607 94.114800 16.400000 1.00 0.17 1218
id03608 94.166700 16.571400 0.87 0.15 1620
id03609 94.213700 16.766700 0.85 0.17 1019
id03610 94.300000 16.933300 0.64 0.12 731
id03611 94.316700 17.133300 0.74 0.14 224
id03612 94.333300 17.346700 0.74 0.15 1106
id03613 94.390900 17.533300 1.04 0.18 2009
id03614 94.366700 17.766700 0.61 0.12 1046
id03615 94.273300 17.900000 0.48 0.10 1311
id03616 94.133300 17.969200 0.55 0.12 2167
id03617 94.100000 18.087000 0.72 0.12 1169
id03618 94.200000 18.166700 0.85 0.15 2066
id03619 94.100000 18.300000 1.07 0.19 2179
id03620 93.900000 18.345800 0.88 0.16 2520
id03621 93.771800 18.466700 0.76 0.14 871
id03622 93.666700 18.581500 0.65 0.15 2280
id03623 93.553800 18.700000 0.73 0.14 1161
id03624 93.433300 18.826300 0.43 0.11 2908
id03625 93.448700 19.000000 0.37 0.09 2734
id03626 93.400000 19.173300 0.54 0.11 1425
id03627 93.293300 19.300000 0.61 0.12 1012
id03628 93.200000 19.444400 0.63 0.14 1773
id03629 93.127300 19.600000 0.68 0.13 719
id03630 92.985700 19.700000 0.49 0.09 854
id03631 92.842900 19.800000 0.50 0.11 1703
id03632 92.733300 19.926700 0.48 0.12 3130
id03633 92.600000 20.014800 0.76 0.16 1402
id03634 92.466700 20.100000 0.85 0.16 941
id03635 92.325000 20.200000 0.69 0.16 2272
id03636 92.133300 20.266700 0.74 0.15 1511
id03637 92.033300 20.400000 0.75 0.15 1298
id03638 91.950000 20.533300 0.78 0.14 457
id03639 91.866700 20.683300 0.66 0.14 1425
id03640 91.783300 20.833300 0.55 0.11 1479
id03641 91.700000 20.966700 0.60 0.12 1372
id03642 91.533300 21.057100 0.69 0.12 407
id03643 91.366700 20.966700 0.53 0.13 2716
id03644 91.233300 20.888900 0.55 0.13 2727
id03645 91.000000 20.880000 0.98 0.17 428
id03646 90.833300 20.960000 0.85 0.16 705
id03647 90.746700 21.100000 0.88 0.16 660
id03648 90.633300 21.233300 1.08 0.18 382
id03649 90.500000 21.300000 0.58 0.13 45
id03650 90.300000 21.366700 0.60 0.14 59
id03651 90.133300 21.413300 0.70 0.16 2219
id03652 89.933300 21.458300 0.67 0.16 2782
id03653 89.766700 21.526700 0.60 0.14 21
id03654 89.593300 21.533300 0.36 0.10 3427
id03655 89.466700 21.431800 0.40 0.09 1934
id03656 89.366700 21.296600 0.58 0.11 913
id03657 89.227800 21.200000 0.49 0.10 1473
id03658 89.114300 21.066700 0.48 0.09 1142
id03659 88.933300 21.029800 0.67 0.14 1507
id03660 88.766700 21.095200 0.81 0.16 1216
id03661 88.566700 21.105600 0.53 0.14 4458
id03662 88.366700 21.080000 0.67 0.15 2280
id03663 88.166700 21.040000 0.95 0.22 2369
id03664 88.000000 20.983300 0.88 0.21 2572
id03665 87.900000 20.866700 1.11 0.21 877
id03666 87.766700 20.833300 0.78 0.15 911
id03667 87.600000 20.808300 0.87 0.17 1222
id03668 87.466700 20.708300 0.90 0.17 755
id03669 87.366700 20.600000 1.03 0.20 1174
id03670 87.266700 20.458300 0.77 0.18 2407
id03671 87.166700 20.308300 0.92 0.18 1091
id03672 87.033300 20.216700 1.35 0.23 386
id03673 86.900000 20.104800 0.91 0.19 1418
id03674 86.766700 20.007400 1.23 0.24 960
id03675 86.600000 19.936700 1.23 0.25 1412
id03676 86.466700 19.838500 1.22 0.24 1096
id03677 86.300000 19.787000 1.19 0.24 1298
id03678 86.128600 19.733300 1.38 0.26 719
id03679 85.983300 19.666700 1.15 0.27 566
id03680 85.766700 19.673700 0.66 0.25 2250
id03681 85.566700 19.634400 1.36 0.28 187
id03682 85.463600 19.533300 1.02 0.32 1462
id03683 85.305600 19.433300 1.36 0.33 678
id03684 85.155600 19.366700 1.19 0.37 1365
id03685 85.063300 19.233300 1.29 0.33 750
id03686 84.966700 19.094400 0.96 0.31 1466
id03687 84.862500 18.966700 0.99 0.33 1590
id03688 84.738100 18.833300 1.50 0.36 626
id03689 84.633300 18.726700 0.82 0.30 2024
id03690 84.553300 18.566700 1.64 0.35 427
id03691 84.496300 18.400000 1.15 0.33 1099
id03692 84.366700 18.300000 1.23 0.35 1072
id03693 84.366700 18.192500 1.34 0.38 1030
id03694 84.233300 18.133300 1.79 0.37 239
id03695 84.100000 18.100000 1.56 0.40 779
id03696 83.930000 18.066700 1.32 0.37 1032
id03697 83.866700 17.900000 1.56 0.38 664
id03698 83.733300 17.790900 1.41 0.35 723
id03699 83.591700 17.700000 1.42 0.37 828
id03700 83.455600 17.600000 1.48 0.38 768
id03701 83.413900 17.400000 2.03 0.45 457
id03702 83.211100 17.366700 1.41 0.41 1153
id03703 83.033300 17.303300 1.72 0.40 554
id03704 82.866700 17.243300 1.42 0.40 1008
id03705 82.700000 17.170000 2.24 0.47 370
id03706 82.583300 17.066700 1.26 0.36 1076
id03707 82.480000 16.933300 1.22 0.36 1226
id03708 82.430800 16.766700 1.41 0.41 1103
id03709 82.366700 16.579200 0.92 0.30 1579
id03710 82.233300 16.470400 1.35 0.36 885
id03711 82.122200 16.366700 0.96 0.31 1593
id03712 81.966700 16.291700 1.47 0.34 566
id03713 81.768900 16.233300 1.19 0.28 558
id03714 81.600000 16.196100 1.24 0.28 89
id03715 81.433300 16.124100 0.97 0.29 1202
id03716 81.342700 15.966700 1.89 0.38 286
id03717 81.200000 15.888000 0.52 0.18 1860
id03718 81.066700 15.785100 0.35 0.15 2648
id03719 80.943800 15.666700 1.14 0.29 783
id03720 80.769800 15.600000 0.86 0.26 1258
id03721 80.633300 15.600000 0.86 0.25 1118
id03722 80.500000 15.538900 0.83 0.24 1063
id03723 80.500000 15.389500 1.07 0.26 663
id03724 80.366700 15.345100 1.11 0.23 308
id03725 80.300000 15.177800 0.86 0.24 952
id03726 80.240000 15.000000 0.83 0.25 1338
id03727 80.214600 14.800000 0.83 0.25 1294
id03728 80.270500 14.633300 0.63 0.18 1133
id03729 80.300000 14.456400 1.02 0.23 61
id03730 80.276900 14.300000 0.87 0.23 847
id03731 80.366700 14.133300 0.95 0.24 701
id03732 80.337900 13.966700 0.55 0.18 1590
id03733 80.377800 13.766700 1.08 0.27 721
id03734 80.427800 13.566700 0.96 0.20 317
id03735 80.439800 13.366700 0.91 0.26 1025
id03736 80.417500 13.166700 0.95 0.23 881
id03737 80.412800 12.933300 1.27 0.27 420
id03738 80.420000 12.700000 1.12 0.27 892
id03739 80.466700 12.533300 0.86 0.23 922
id03740 80.466700 12.373300 0.93 0.24 799
id03741 80.355600 12.400000 0.91 0.22 622
id03742 80.333300 12.262200 0.89 0.23 773
id03743 80.200000 12.155000 1.09 0.22 337
id03744 80.067300 12.100000 0.80 0.23 1801
id03745 80.018900 11.933300 0.77 0.19 742
id03746 79.904600 11.800000 0.89 0.20 739
id03747 79.900000 11.659800 1.04 0.23 104
id03748 79.886000 11.500000 0.72 0.21 1150
id03749 79.922700 11.300000 0.69 0.20 1026
id03750 79.979200 11.133300 0.81 0.20 698
id03751 80.063300 10.966700 1.15 0.25 398
id03752 80.103000 10.800000 1.01 0.25 681
id03753 80.100000 10.633300 0.71 0.19 944
id03754 80.137000 10.433300 0.84 0.19 118
id03755 80.266700 10.300000 1.02 0.22 457
id03756 80.366700 10.175000 0.85 0.22 840
id03757 80.510100 10.100000 1.07 0.22 198
id03758 80.566700 9.933300 0.59 0.18 1307
id03759 80.733300 9.851300 0.72 0.22 1317
id03760 80.800000 9.733300 0.70 0.18 854
id03761 80.766700 9.533300 0.93 0.19 352
id03762 80.833300 9.387900 0.28 0.10 1785
id03763 80.911100 9.366700 0.70 0.24 1724
id03764 80.933300 9.133300 0.88 0.18 190
id03765 81.035500 9.100000 0.82 0.20 614
id03766 80.997300 9.000000 0.56 0.13 53
id03767 81.099200 8.866700 0.44 0.16 2126
id03768 81.120800 8.900000 0.69 0.19 1033
id03769 81.166700 8.880600 0.88 0.24 922
id03770 81.202300 8.766700 0.47 0.11 56
id03771 81.256910 8.577515 1.17 0.33 1037
id03772 81.333300 8.540400 0.19 0.06 1625
id03773 81.400000 8.465200 0.94 0.26 951
id03774 81.500000 8.306200 0.62 0.20 1455
id03775 81.477800 8.200000 0.82 0.34 4061
id03776 81.566700 8.047600 0.80 0.25 2154
id03777 81.700000 7.950000 1.12 0.27 909
id03778 81.666700 7.802100 1.05 0.35 1673
id03779 81.833300 7.799400 1.05 0.26 676
id03780 81.766700 7.715800 0.93 0.25 1458
id03781 81.900000 7.677800 1.45 0.31 377
id03782 81.851200 7.533300 0.87 0.24 983
id03783 81.933900 7.400000 1.45 0.31 164
id03784 81.918500 7.300000 1.14 0.30 831
id03785 81.912500 7.166700 1.42 0.40 1002
id03786 81.933300 7.083300 1.22 0.27 439
id03787 81.900000 6.966700 1.48 0.43 1087
id03788 81.900000 6.750000 1.75 0.40 502
id03789 81.822800 6.600000 1.20 0.31 835
id03790 81.800000 6.530300 1.97 0.46 803
id03791 81.700000 6.437000 4.18 0.94 45
id03792 81.690800 6.300000 3.04 0.67 456
id03793 81.566700 6.192900 2.55 0.51 307
id03794 81.455600 6.066700 2.45 0.57 773
id03795 81.300000 6.126700 2.29 0.61 1372
id03796 81.100000 6.092900 4.98 0.94 150
id03797 80.986700 5.966700 3.42 0.83 630
id03798 80.866700 5.924800 2.31 0.58 1071
id03799 80.711700 5.933300 2.68 0.61 741
id03800 80.593800 5.900000 1.80 0.43 863
id03801 80.391500 5.900000 1.90 0.42 663
id03802 80.233300 5.954000 2.14 0.53 994
id03803 80.033300 5.970000 1.83 0.44 927
id03804 79.930600 6.100000 1.28 0.32 1046
id03805 79.986200 6.200000 1.77 0.45 1177
id03806 79.866700 6.308300 1.55 0.38 938
id03807 79.866700 6.384400 1.18 0.25 544
id03808 79.800000 6.533300 1.04 0.26 1053
id03809 79.800000 6.656000 1.02 0.20 317
id03810 79.733300 6.770000 1.12 0.25 622
id03811 79.664600 6.933300 0.67 0.17 1019
id03812 79.699500 7.066700 1.28 0.31 967
id03813 79.699200 7.233300 1.00 0.24 960
id03814 79.656000 7.433300 0.81 0.21 1354
id03815 79.667800 7.633300 0.70 0.19 1315
id03816 79.696300 7.800000 0.14 0.06 2541
id03817 79.677000 8.033300 1.37 0.31 74
id03818 79.677800 8.266700 0.66 0.15 59
id03819 79.719700 8.466700 0.75 0.17 45
id03820 79.682200 8.666700 0.58 0.19 1635
id03821 79.593700 8.800000 0.29 0.10 1641
id03822 79.466700 8.927600 0.57 0.15 892
id03823 79.328900 9.000000 0.97 0.20 274
id03824 79.133300 9.059600 0.64 0.14 59
id03825 78.983300 9.033300 0.86 0.18 315
id03826 78.833300 8.956600 0.57 0.14 719
id03827 78.633300 8.922700 0.73 0.16 502
id03828 78.500000 8.826700 0.68 0.15 468
id03829 78.413300 8.666700 0.51 0.14 922
id03830 78.348100 8.500000 0.45 0.11 653
id03831 78.305700 8.300000 0.60 0.18 1341
id03832 78.302300 8.133300 0.63 0.16 1221
id03833 78.200000 8.076200 0.68 0.20 1248
id03834 78.055600 8.000000 0.56 0.17 1404
id03835 78.066700 7.866700 0.57 0.18 1406
id03836 78.009200 7.700000 0.79 0.20 1124
id03837 77.833300 7.722200 1.30 0.36 978
id03838 77.700000 7.833300 1.25 0.36 1087
id03839 77.533300 7.866700 1.73 0.39 520
id03840 77.355600 7.933300 1.36 0.36 1332
id03841 77.300000 8.066700 4.34 0.89 202
id03842 77.200000 8.100000 2.30 0.52 697
id03843 77.033300 8.128600 0.70 0.21 1195
id03844 76.900000 8.209500 0.84 0.21 1065
id03845 76.800000 8.344400 0.45 0.13 1188
id03846 76.712500 8.500000 0.61 0.13 414
id03847 76.600000 8.627800 0.68 0.20 1207
id03848 76.416700 8.666700 0.64 0.17 915
id03849 76.261100 8.666700 0.58 0.14 835
id03850 76.181300 8.833300 0.46 0.12 909
id03851 76.128600 9.000000 0.67 0.19 1060
id03852 76.000000 9.100000 0.73 0.16 610
id03853 75.966700 9.294400 0.68 0.17 1134
id03854 76.010000 9.466700 0.66 0.17 1145
id03855 75.966700 9.633300 0.68 0.17 1110
id03856 75.966700 9.833300 0.60 0.17 944
id03857 75.933300 9.933300 0.63 0.15 573
id03858 75.777800 10.033300 0.48 0.11 560
id03859 75.700000 10.166700 0.36 0.08 443
id03860 75.841700 10.233300 0.42 0.12 1620
id03861 75.800000 10.422200 0.45 0.10 475
id03862 75.755600 10.600000 0.38 0.10 701
id03863 75.693300 10.766700 0.39 0.10 899
id03864 75.619000 10.933300 0.41 0.11 888
id03865 75.546700 11.100000 0.49 0.13 884
id03866 75.466700 11.233300 0.41 0.12 1171
id03867 75.358300 11.366700 0.53 0.12 783
id03868 75.266700 11.500000 0.45 0.13 1218
id03869 75.166700 11.655600 0.48 0.13 1016
id03870 75.066700 11.800000 0.35 0.11 1398
id03871 74.983300 11.933300 0.45 0.12 867
id03872 74.945800 12.133300 0.34 0.09 981
id03873 74.866700 12.300000 0.42 0.11 934
id03874 74.800000 12.433300 0.39 0.09 511
id03875 74.700000 12.600000 0.38 0.09 630
id03876 74.608300 12.733300 0.37 0.09 559
id03877 74.522200 12.866700 0.25 0.08 1470
id03878 74.500000 13.000000 0.30 0.09 1120
id03879 74.416700 13.100000 0.28 0.08 930
id03880 74.366700 13.266700 0.35 0.08 820
id03881 74.308300 13.466700 0.36 0.09 968
id03882 74.250000 13.633300 0.27 0.07 697
id03883 74.166700 13.777800 0.28 0.09 1402
id03884 74.093300 13.933300 0.26 0.08 1338
id03885 74.075000 14.166700 0.27 0.08 1056
id03886 74.073300 14.400000 0.35 0.12 1566
id03887 73.975000 14.533300 0.49 0.12 578
id03888 73.893300 14.666700 0.34 0.09 1569
id03889 73.816700 14.833300 0.31 0.08 774
id03890 73.740000 15.000000 0.35 0.10 1522
id03891 73.660000 15.133300 0.29 0.08 1383
id03892 73.566700 15.300000 0.26 0.07 1399
id03893 73.506700 15.466700 0.33 0.09 1309
id03894 73.446700 15.633300 0.36 0.08 817
id03895 73.366700 15.773300 0.30 0.07 945
id03896 73.305600 15.966700 0.32 0.09 837
id03897 73.277800 16.166700 0.32 0.07 45
id03898 73.200000 16.311100 0.22 0.06 1133
id03899 73.133300 16.500000 0.32 0.08 918
id03900 73.116700 16.700000 0.41 0.10 1031
id03901 73.066700 16.900000 0.30 0.09 1429
id03902 73.041700 17.100000 0.37 0.11 1208
id03903 73.041700 17.333300 0.27 0.06 480
id03904 73.100000 17.466700 0.11 0.03 719
id03905 73.066700 17.600000 0.13 0.04 1391
id03906 73.033300 17.758300 0.16 0.05 1561
id03907 72.911100 17.866700 0.19 0.06 1260
id03908 72.825000 18.000000 0.19 0.05 681
id03909 72.833300 18.200000 0.22 0.06 1492
id03910 72.800000 18.400000 0.27 0.06 183
id03911 72.633300 18.455600 0.14 0.05 1638
id03912 72.400000 18.444400 0.12 0.04 1556
id03913 72.258300 18.533300 0.12 0.03 119
id03914 72.300000 18.700000 0.16 0.04 817
id03915 72.311100 18.933300 0.21 0.04 419
id03916 72.266700 19.133300 0.15 0.05 1683
id03917 72.208300 19.300000 0.13 0.04 1711
id03918 72.133300 19.450000 0.15 0.05 1690
id03919 72.050000 19.600000 0.15 0.05 1548
id03920 71.966700 19.733300 0.19 0.04 45
id03921 71.833300 19.850000 0.13 0.04 1017
id03922 71.700000 19.933300 0.10 0.03 1776
id03923 71.533300 20.033300 0.13 0.04 1373
id03924 71.400000 20.100000 0.12 0.04 1747
id03925 71.200000 20.166700 0.20 0.05 1045
id03926 71.033300 20.216700 0.17 0.05 1204
id03927 70.866700 20.266700 0.12 0.04 1629
id03928 70.700000 20.333300 0.17 0.05 1353
id03929 70.533300 20.433300 0.23 0.05 389
id03930 70.433300 20.533300 0.09 0.04 2534
id03931 70.300000 20.666700 0.12 0.04 1211
id03932 70.166700 20.750000 0.10 0.03 1260
id03933 73.200000 6.967200 1.03 0.23 45
id03934 73.200000 6.824000 0.62 0.36 1248
id03935 73.092100 6.666700 1.67 0.43 45
id03936 73.066700 6.438400 1.18 0.39 635
id03937 73.202300 6.333300 1.02 0.26 315
id03938 73.270400 6.133300 0.68 0.17 45
id03939 73.378300 5.966700 1.44 0.45 490
id03940 73.404000 5.800000 0.98 0.37 752
id03941 73.300000 5.659800 1.45 0.37 45
id03942 73.166700 5.797100 0.40 0.17 873
id03943 73.100000 5.993600 0.24 0.13 1078
id03944 73.000000 6.137900 0.27 0.14 1091
id03945 72.933300 6.351700 0.43 0.24 1083
id03946 72.885300 6.500000 0.95 0.29 478
id03947 72.895300 6.700000 0.08 0.05 1630
id03948 72.933300 6.835400 0.24 0.16 1548
id03949 72.966700 5.901700 0.18 0.05 224
id03950 72.975700 5.833300 0.33 0.23 1829
id03951 73.002200 5.766700 0.13 0.05 683
id03952 73.009400 5.666700 0.43 0.18 947
id03953 73.034600 5.600000 0.22 0.15 1874
id03954 73.034500 5.500000 1.22 0.59 1181
id03955 73.000000 5.443000 0.27 0.19 1961
id03956 72.966700 5.390200 0.45 0.14 519
id03957 72.900000 5.358300 0.32 0.16 989
id03958 72.866700 5.375000 0.33 0.19 1214
id03959 72.866700 5.438800 0.32 0.13 829
id03960 72.833300 5.510500 0.18 0.11 1303
id03961 72.800000 5.545800 0.25 0.12 933
id03962 72.838100 5.600000 0.25 0.10 803
id03963 72.859200 5.700000 0.18 0.10 1167
id03964 72.866700 5.777400 0.16 0.07 1113
id03965 72.918400 5.833300 0.20 0.05 45
id03966 73.433300 4.768300 0.17 0.11 1506
id03967 73.500000 4.705700 1.08 0.48 884
id03968 73.566700 4.641800 1.51 0.80 1036
id03969 73.603100 4.566700 0.42 0.23 1158
id03970 73.679800 4.500000 2.68 0.86 618
id03971 73.700000 4.425400 1.67 0.64 773
id03972 73.617300 4.366700 2.38 0.65 420
id03973 73.560500 4.300000 2.71 1.09 816
id03974 73.533300 4.199900 2.38 0.69 494
id03975 73.433300 4.225400 0.46 0.36 1866
id03976 73.394300 4.300000 0.22 0.06 375
id03977 73.364500 4.400000 0.31 0.16 1305
id03978 73.390000 4.500000 1.03 0.28 338
id03979 73.408600 4.600000 0.15 0.09 1598
id03980 73.400000 4.669100 1.19 0.46 783
id03981 72.766700 4.271800 0.07 0.05 1960
id03982 72.840000 4.233300 0.09 0.07 2241
id03983 72.900000 4.143100 0.06 0.05 2373
id03984 72.937200 4.066700 0.13 0.04 576
id03985 72.900400 3.966700 0.05 0.04 1823
id03986 72.940800 3.866700 0.20 0.06 360
id03987 72.937900 3.733300 0.07 0.05 2128
id03988 72.933300 3.616700 0.07 0.04 1523
id03989 72.900000 3.519900 0.49 0.13 224
id03990 72.800000 3.498100 0.13 0.08 1316
id03991 72.725500 3.533300 0.40 0.10 45
id03992 72.687600 3.633300 0.25 0.07 480
id03993 72.695900 3.766700 0.17 0.06 780
id03994 72.713400 3.866700 0.40 0.10 45
id03995 72.699100 3.966700 0.39 0.22 1146
id03996 72.722900 4.066700 0.17 0.09 1121
id03997 72.761900 4.166700 0.10 0.08 1907
id03998 73.400000 3.666800 0.15 0.08 1327
id03999 73.466700 3.645300 0.27 0.20 1833
id04000 73.475900 3.566700 0.09 0.06 1919
id04001 73.505600 3.500000 0.08 0.06 1849
id04002 73.566700 3.433600 0.15 0.12 1912
id04003 73.633300 3.413300 0.10 0.07 1987
id04004 73.700000 3.452500 0.87 0.48 1109
id04005 73.738100 3.466700 0.63 0.33 1032
id04006 73.704300 3.400000 0.22 0.09 824
id04007 73.633300 3.397200 0.11 0.08 1869
id04008 73.536900 3.366700 0.25 0.17 1843
id04009 73.471200 3.333300 0.48 0.17 597
id04010 73.426800 3.333300 0.78 0.22 445
id04011 73.388000 3.400000 0.37 0.13 598
id04012 73.371000 3.500000 0.12 0.03 53
id04013 73.366700 3.571700 0.04 0.02 1237
id04014 73.100000 2.543200 0.59 0.32 1125
id04015 73.167600 2.533300 0.26 0.14 1425
id04016 73.266700 2.504400 1.47 0.38 262
id04017 73.312800 2.466700 0.47 0.19 824
id04018 73.366700 2.403100 0.68 0.24 723
id04019 73.366700 2.363500 1.36 0.48 661
id04020 73.300000 2.328000 0.40 0.31 1825
id04021 73.233300 2.272200 0.72 0.45 1414
id04022 73.168000 2.233300 0.28 0.20 1685
id04023 73.133300 2.196600 0.63 0.47 1769
id04024 73.033300 2.188200 0.16 0.11 1886
id04025 72.966500 2.200000 0.46 0.25 1094
id04026 72.955400 2.300000 0.11 0.08 1755
id04027 72.927400 2.366700 0.04 0.02 938
id04028 72.928900 2.466700 0.05 0.04 2324
id04029 72.966700 2.502400 0.22 0.06 228
id04030 73.200000 0.901900 0.63 0.20 630
id04031 73.300000 0.901700 0.31 0.23 1712
id04032 73.346000 0.800000 0.21 0.05 73
id04033 73.377100 0.666700 0.14 0.11 1776
id04034 73.466700 0.579100 0.57 0.30 1049
id04035 73.505100 0.466700 0.17 0.13 1866
id04036 73.466700 0.358500 0.11 0.09 2527
id04037 73.366700 0.284400 0.26 0.21 1941
id04038 73.233300 0.256500 0.13 0.03 273
id04039 73.136700 0.200000 1.10 0.28 338
id04040 73.034600 0.266700 0.62 0.17 371
id04041 72.976200 0.366700 0.90 0.29 614
id04042 72.934000 0.500000 0.94 0.30 622
id04043 73.023800 0.600000 0.67 0.20 516
id04044 73.126000 0.666700 0.76 0.20 375
id04045 73.204800 0.733300 0.93 0.34 739
id04046 73.133300 0.832500 0.54 0.29 1111
id04047 93.533300 7.516100 2.27 0.71 1417
id04048 93.775800 7.433300 2.36 0.69 1176
id04049 93.766700 7.225400 2.86 0.89 2197
id04050 93.910100 7.166700 3.83 1.04 930
id04051 93.973700 6.966700 2.90 0.83 1086
id04052 93.866700 6.733300 3.41 0.97 1040
id04053 93.725500 6.666700 4.56 1.29 1019
id04054 93.668800 6.900000 3.62 1.05 1138
id04055 93.533300 7.095400 3.16 0.90 1064
id04056 93.531100 7.266700 3.90 1.02 839
id04057 95.733300 2.947900 14.23 3.54 1020
id04058 95.901100 2.900000 -1.00 -1.00 -1
id04059 96.033300 2.777500 8.52 2.10 976
id04060 96.176300 2.700000 6.95 1.98 1049
id04061 96.316300 2.633300 2.46 0.92 2141
id04062 96.400000 2.634500 5.93 1.35 521
id04063 96.433300 2.522000 4.94 1.41 1053
id04064 96.566700 2.433300 4.35 1.27 1169
id04065 96.569400 2.266700 5.53 1.38 708
id04066 96.448800 2.300000 4.94 1.33 892
id04067 96.318900 2.366700 -1.00 -1.00 -1
id04068 96.145000 2.366700 -1.00 -1.00 -1
id04069 96.033300 2.497400 8.58 2.14 1024
id04070 95.913400 2.533300 3.42 0.91 873
id04071 95.733300 2.592200 6.13 1.43 809
id04072 95.659600 2.733300 10.96 2.84 806
id04073 97.333300 1.542100 4.18 1.12 886
id04074 97.533300 1.524600 2.31 0.66 1058
id04075 97.628071 1.310413 1.73 0.51 1214
id04076 97.776000 1.166700 1.50 0.31 367
id04077 97.966700 1.060700 1.00 0.37 2107
id04078 98.000000 0.855600 2.30 0.49 397
id04079 97.952100 0.633300 1.69 0.51 1256
id04080 97.766700 0.515000 2.99 1.12 2166
id04081 97.640700 0.700000 4.43 1.26 1042
id04082 97.500000 0.855300 4.23 1.11 847
id04083 97.364900 0.800000 4.40 1.17 862
id04084 97.261000 1.000000 4.03 0.90 479
id04085 97.181000 1.166700 4.62 1.32 1065
id04086 97.066700 1.235600 4.28 1.12 832
id04087 97.066700 1.394700 3.77 0.79 180
id04088 98.666700 -0.553300 1.17 0.33 1600
id04089 98.783900 -0.733300 0.61 0.18 2022
id04090 98.902200 -0.900000 0.51 0.16 1469
id04091 99.000700 -1.100000 0.57 0.13 494
id04092 99.102728 -1.328578 -1.00 -1.00 -1
id04093 99.200000 -1.510000 0.39 0.14 1874
id04094 99.300000 -1.655500 0.63 0.17 967
id04095 99.344400 -1.900000 1.82 0.49 884
id04096 99.200000 -1.841500 1.60 0.55 1764
id04097 99.033300 -1.856600 1.07 0.48 2955
id04098 98.866700 -1.723200 2.28 0.60 837
id04099 98.725600 -1.566700 1.86 0.56 1248
id04100 98.621100 -1.366700 2.23 0.72 1530
id04101 98.530200 -1.166700 2.79 0.91 1586
id04102 98.605900 -0.966700 2.91 0.86 1192
id04103 98.733300 -0.766700 1.36 0.62 3020
id04104 99.500000 -1.927400 1.78 0.40 651
id04105 99.600000 -1.965900 -1.00 -1.00 -1
id04106 99.663200 -2.033300 0.81 0.17 344
id04107 99.713200 -2.100000 0.90 0.25 975
id04108 99.744200 -2.200000 0.73 0.21 1132
id04109 99.800000 -2.271700 0.68 0.18 892
id04110 99.866700 -2.361900 0.81 0.22 918
id04111 99.902300 -2.433300 0.96 0.33 1751
id04112 99.853300 -2.466700 1.64 0.49 1233
id04113 99.766700 -2.417500 1.21 0.45 2170
id04114 99.671700 -2.366700 2.17 0.63 1132
id04115 99.600000 -2.321200 1.66 0.55 1626
id04116 99.533300 -2.265900 1.74 0.59 1705
id04117 99.491500 -2.166700 3.00 0.61 321
id04118 99.461500 -2.066700 1.63 0.52 1534
id04119 99.423800 -1.966700 1.62 0.50 1383
id04120 99.966700 -2.498400 1.72 0.41 600
id04121 100.100000 -2.565100 0.79 0.17 139
id04122 100.196900 -2.666700 0.69 0.16 599
id04123 100.266700 -2.772400 0.76 0.17 480
id04124 100.360500 -2.900000 -1.00 -1.00 -1
id04125 100.443900 -3.000000 0.56 0.16 1024
id04126 100.519600 -3.133300 0.71 0.23 1522
id04127 100.600000 -3.264400 0.71 0.20 971
id04128 100.625900 -3.333300 0.81 0.26 1537
id04129 100.480600 -3.366700 1.19 0.38 1500
id04130 100.361500 -3.333300 1.34 0.44 1585
id04131 100.266700 -3.209200 1.71 0.46 869
id04132 100.173500 -3.100000 1.76 0.38 152
id04133 100.157000 -2.933300 1.60 0.55 1739
id04134 100.029700 -2.866700 2.11 0.50 595
id04135 99.966700 -2.733300 1.62 0.56 1795
id04136 99.945800 -2.600000 2.30 0.81 1882
id04151 119.378000 4.516700 0.00 0.00 2603
id04152 118.250000 4.216700 0.00 0.00 1529
id04153 117.924000 2.866700 0.00 0.00 1184
id04154 118.550000 1.600000 0.00 0.00 3870
id04155 118.821000 0.800000 0.01 0.00 971
id04156 117.640000 0.366700 0.01 0.00 4403
id04157 117.683000 -0.550000 0.01 0.00 3308
id04158 117.217000 -1.450000 0.02 0.00 1114
id04159 117.433000 -2.356700 0.02 0.00 585
id04160 117.000000 -3.033300 0.01 0.00 2658
id04161 116.767000 -4.333300 0.03 0.01 2115
id04162 116.383000 -4.716700 0.03 0.01 1777
id04163 116.700000 -5.227800 0.03 0.01 1133
id04164 116.689000 -5.716700 0.06 0.01 697
id04165 115.517000 -5.416700 0.04 0.01 921
id04166 114.067000 -5.616700 0.02 0.00 1103
id04167 113.017000 -6.416700 0.02 0.00 1874
id04168 114.417000 -6.822200 0.04 0.01 824
id04169 115.500000 -6.116700 0.04 0.01 975
id04170 116.067000 -7.120800 0.03 0.01 1405
id04171 114.713000 -7.183300 0.06 0.01 948
id04172 113.856000 -7.450000 0.06 0.01 551
id04173 113.905000 -7.600000 0.04 0.01 937
id04174 114.967000 -8.170700 0.02 0.01 911
id04175 115.303000 -8.750000 0.12 0.06 1125
id04176 114.533000 -8.642900 0.17 0.11 1515
id04177 113.500000 -8.445100 0.15 0.08 1290
id04178 119.133000 4.724700 0.00 0.00 4870
id04179 119.437000 4.866700 0.00 0.00 2367
id04180 119.433000 4.582800 0.00 0.00 2166
id04181 119.100000 4.558300 0.00 0.00 2377
id04182 118.880000 4.266700 0.00 0.00 2403
id04183 118.533000 4.252400 0.00 0.00 2012
id04184 118.100000 4.133300 0.00 0.00 1943
id04185 118.033000 3.800000 0.00 0.00 2268
id04186 117.917000 3.316700 0.00 0.00 3003
id04187 118.083000 2.533900 0.00 0.00 1321
id04188 118.317000 2.183300 0.00 0.00 806
id04189 118.494000 1.783300 0.00 0.00 4349
id04190 118.800000 1.507900 0.00 0.00 1308
id04191 118.778000 1.266700 0.00 0.00 3287
id04192 118.983000 1.055300 0.01 0.00 1357
id04193 118.733000 0.802800 0.01 0.00 816
id04194 118.317000 0.840000 0.01 0.00 1829
id04195 117.917000 0.758800 0.01 0.00 3716
id04196 117.687000 0.433300 0.01 0.00 2872
id04197 117.589000 -0.050000 0.01 0.00 3783
id04198 117.750000 -0.416700 0.01 0.00 2023
id04199 117.850000 -0.439300 0.01 0.00 1521
id04200 117.650000 -0.700000 0.00 0.00 3570
id04201 117.667000 -0.933300 0.01 0.00 1163
id04202 117.367000 -1.183300 0.02 0.00 791
id04203 116.917000 -1.716700 0.02 0.00 2163
id04204 116.917000 -2.050000 0.02 0.00 3751
id04205 117.269000 -2.283300 0.02 0.00 1197
id04206 117.550000 -2.600000 0.02 0.00 3513
id04207 117.700000 -2.966700 0.02 0.00 1586
id04208 117.317000 -2.950000 0.02 0.00 3338
id04209 116.967000 -3.100000 0.01 0.00 2523
id04210 116.933000 -3.433300 0.02 0.00 1379
id04211 116.900000 -3.800000 0.02 0.00 1891
id04212 116.750000 -4.233300 0.03 0.01 1938
id04213 117.083000 -4.380000 0.03 0.00 981
id04214 117.067000 -4.554200 0.03 0.00 1178
id04215 116.650000 -4.633300 0.03 0.01 2628
id04216 116.267000 -4.816700 0.04 0.01 1103
id04217 115.875000 -4.950000 0.03 0.01 1829
id04218 116.250000 -5.150000 0.04 0.01 1121
id04219 116.983000 -4.916700 0.02 0.00 1802
id04220 116.965000 -5.233300 0.03 0.01 698
id04221 116.736000 -5.566700 0.05 0.01 795
id04222 116.467000 -5.833300 0.06 0.01 456
id04223 116.117000 -5.600000 0.05 0.01 627
id04224 115.867000 -5.300000 0.04 0.01 1129
id04225 115.433000 -5.466700 0.04 0.01 1015
id04226 115.067000 -5.683300 0.03 0.01 1819
id04227 114.600000 -5.800000 0.03 0.01 1207
id04228 114.167000 -5.650000 0.02 0.00 1092
id04229 113.683000 -5.583300 0.02 0.00 1127
id04230 113.333000 -5.816700 0.02 0.00 2099
id04231 113.083000 -6.133300 0.02 0.00 1260
id04232 113.000000 -6.616700 0.01 0.00 3175
id04233 113.417000 -6.791700 0.01 0.01 4867
id04234 113.933000 -6.818200 0.03 0.01 1245
id04235 114.883000 -6.908300 0.03 0.01 994
id04236 115.042000 -6.483300 0.04 0.01 1161
id04237 115.300000 -6.150000 0.04 0.01 1103
id04238 115.767000 -6.200000 0.04 0.01 999
id04239 115.750000 -6.600000 0.02 0.01 960
id04240 115.917000 -6.923800 0.03 0.01 517
id04241 115.958000 -7.133300 0.03 0.01 1072
id04242 115.583000 -7.072100 0.04 0.01 1270
id04243 115.167000 -7.101100 0.03 0.01 1395
id04244 114.804000 -7.166700 0.06 0.01 988
id04245 114.500000 -7.050000 0.05 0.01 746
id04246 114.383000 -7.090700 0.05 0.01 959
id04247 114.067000 -7.310400 0.06 0.01 594
id04248 113.683000 -7.500000 0.03 0.01 1747
id04249 113.269000 -7.416700 0.02 0.01 5641
id04250 113.583000 -7.666700 0.01 0.01 4113
id04251 114.309000 -7.700000 0.06 0.01 852
id04252 114.467000 -8.038800 0.06 0.03 1016
id04253 114.783000 -8.159900 0.02 0.01 983
id04254 115.200000 -8.064900 -1.00 -1.00 -1
id04255 115.583000 -8.255600 0.04 0.02 1185
id04256 115.547000 -8.516700 -1.00 -1.00 -1
id04257 115.258000 -8.816700 0.12 0.06 1159
id04258 114.967000 -8.701900 0.11 0.08 1851
id04259 114.717000 -8.413500 0.35 0.09 45
id04260 114.467000 -8.617800 0.14 0.14 4084
id04261 114.488000 -8.800000 0.11 0.05 1098
id04262 114.167000 -8.666700 0.13 0.06 1125
id04263 113.733000 -8.551200 0.12 0.07 1536
id04264 113.367000 -8.506900 0.07 0.05 2827
id04265 113.150000 -8.334200 0.15 0.13 2926
id04266 112.719000 -8.466700 0.11 0.07 1642
id04327 122.833000 -8.077300 0.04 0.01 899
id04328 122.984000 -8.233300 0.02 0.01 2017
id04329 123.183000 -8.233200 -1.00 -1.00 -1
id04330 123.450000 -8.270400 -1.00 -1.00 -1
id04331 123.614000 -8.250000 -1.00 -1.00 -1
id04332 123.831930 -8.189222 0.06 0.02 1267
id04333 123.767000 -8.289300 -1.00 -1.00 -1
id04334 123.600000 -8.438100 -1.00 -1.00 -1
id04335 123.490000 -8.533300 0.23 0.05 1079
id04336 123.267466 -8.554949 -1.00 -1.00 -1
id04337 123.283000 -8.405700 0.31 0.07 1106
id04338 123.048000 -8.500000 0.33 0.08 1172
id04339 122.867000 -8.596300 0.19 0.04 1083
id04340 122.983000 -8.435500 -1.00 -1.00 -1
id04341 122.867000 -8.465500 0.52 0.13 1193
id04342 122.740000 -8.616700 -1.00 -1.00 -1
id04343 122.500000 -8.724400 -1.00 -1.00 -1
id04344 122.233000 -8.746200 -1.00 -1.00 -1
id04345 122.015000 -8.800000 0.29 0.07 1441
id04346 121.750000 -8.889500 -1.00 -1.00 -1
id04347 121.600000 -8.826500 0.46 0.10 888
id04348 121.376918 -8.849415 0.33 0.08 1743
id04349 121.123000 -8.916700 -1.00 -1.00 -1
id04350 120.874000 -8.900000 0.32 0.07 745
id04351 120.647538 -8.876563 0.24 0.06 1166
id04352 120.371356 -8.826484 0.35 0.08 1057
id04353 120.248025 -8.854159 -1.00 -1.00 -1
id04354 119.983000 -8.828400 0.29 0.08 1684
id04355 119.767000 -8.819900 0.45 0.09 645
id04356 119.629653 -8.810622 0.33 0.08 1098
id04357 119.490000 -8.683300 0.37 0.09 1177
id04358 119.378056 -8.705046 -1.00 -1.00 -1
id04359 119.433000 -8.441200 0.05 0.01 1099
id04360 119.667000 -8.400000 0.04 0.01 4212
id04361 119.911000 -8.316700 0.06 0.01 917
id04362 120.150000 -8.343700 0.03 0.01 1463
id04363 120.410000 -8.250000 -1.00 -1.00 -1
id04364 120.633000 -8.263900 -1.00 -1.00 -1
id04365 120.900000 -8.346200 0.05 0.01 1091
id04366 121.167000 -8.420300 0.06 0.01 1070
id04367 121.367000 -8.540700 0.06 0.01 1216
id04368 121.592000 -8.516700 0.04 0.01 1538
id04369 121.833000 -8.481000 0.05 0.01 922
id04370 122.025000 -8.500000 0.06 0.01 1408
id04371 122.250000 -8.627700 0.06 0.01 2437
id04372 122.445000 -8.533300 0.11 0.03 3150
id04373 122.383000 -8.431400 -1.00 -1.00 -1
id04374 122.588000 -8.416700 -1.00 -1.00 -1
id04375 122.800000 -8.304600 -1.00 -1.00 -1
id04376 122.791133 -8.237535 0.04 0.01 2182
id04377 124.267000 -8.178700 0.06 0.01 1027
id04378 124.373000 -8.200000 0.03 0.01 1354
id04379 124.333000 -8.327700 0.23 0.07 2685
id04380 124.233000 -8.387500 -1.00 -1.00 -1
id04381 124.165000 -8.516700 -1.00 -1.00 -1
id04382 124.049000 -8.516700 -1.00 -1.00 -1
id04383 123.955419 -8.452248 -1.00 -1.00 -1
id04384 123.894000 -8.366700 0.17 0.03 888
id04385 124.024000 -8.300000 0.08 0.02 44
id04386 124.167000 -8.270500 0.09 0.02 1492
id04387 124.617000 -8.115200 0.04 0.01 1229
id04388 124.700000 -8.154600 0.06 0.01 1287
id04389 124.899822 -8.157097 0.08 0.02 1421
id04390 125.106760 -8.160962 -1.00 -1.00 -1
id04391 125.131283 -8.337362 0.21 0.05 692
id04392 124.895000 -8.366700 0.16 0.05 2625
id04393 124.683000 -8.399800 0.20 0.06 2617
id04394 124.467000 -8.441400 -1.00 -1.00 -1
id04395 124.332000 -8.416700 0.19 0.06 2745
id04396 124.393000 -8.250000 0.03 0.01 1831
id04397 120.816082 -7.256014 0.06 0.01 798
id04398 121.017000 -7.278600 0.05 0.01 1458
id04399 121.167000 -7.345900 0.02 0.01 761
id04400 121.067000 -7.381900 0.02 0.00 1136
id04401 120.984000 -7.333300 0.02 0.01 897
id04402 120.517000 -6.990500 0.05 0.01 707
id04403 120.617000 -7.005800 -1.00 -1.00 -1
id04404 120.733000 -7.046000 0.02 0.01 1709
id04405 120.733000 -7.136600 0.04 0.01 1030
id04406 121.754169 -7.234973 -1.00 -1.00 -1
id04407 121.783000 -7.283300 0.03 0.01 1739
id04408 121.732000 -7.300000 0.03 0.01 1466
id04409 121.683000 -7.288500 0.03 0.01 1371
id04410 121.765348 -7.342697 0.03 0.01 1200
id04411 121.836997 -7.340199 -1.00 -1.00 -1
id04412 121.833000 -7.385600 -1.00 -1.00 -1
id04413 121.792000 -7.416700 -1.00 -1.00 -1
id04414 121.747000 -7.416700 -1.00 -1.00 -1
id04462 125.724065 -8.043749 0.05 0.01 498
id04463 125.767000 -7.992600 -1.00 -1.00 -1
id04464 125.799079 -7.871086 0.04 0.01 685
id04495 124.333000 -1.543100 0.01 0.00 1755
id04496 124.500000 -1.583300 0.01 0.00 1823
id04497 124.633000 -1.636700 -1.00 -1.00 -1
id04498 124.808000 -1.666700 -1.00 -1.00 -1
id04499 124.950000 -1.660500 0.00 0.00 1418
id04500 125.100000 -1.675700 0.00 0.00 1127
id04501 125.248501 -1.717583 0.00 0.00 2280
id04502 125.400000 -1.775300 0.00 0.00 1877
id04503 125.567000 -1.777400 0.00 0.00 1173
id04504 125.700000 -1.748100 0.00 0.00 2221
id04521 125.850000 -1.908600 -1.00 -1.00 -1
id04522 125.683000 -1.935300 0.03 0.01 2534
id04523 125.507000 -1.950000 -1.00 -1.00 -1
id04524 125.417000 -1.910600 0.07 0.01 236
id04525 125.233000 -1.891000 -1.00 -1.00 -1
id04526 125.083000 -1.905300 0.03 0.01 1020
id04527 124.950000 -1.939900 -1.00 -1.00 -1
id04528 124.800000 -1.917100 0.02 0.00 1356
id04529 124.667000 -1.988700 -1.00 -1.00 -1
id04530 124.500000 -2.021100 -1.00 -1.00 -1
id04531 124.367000 -2.058100 -1.00 -1.00 -1
id04532 124.283000 -1.948800 0.02 0.01 2665
id04533 124.183000 -1.844400 0.02 0.01 2562
id04534 124.131000 -1.700000 0.02 0.01 1346
id04555 120.467478 -5.748717 0.05 0.01 1023
id04556 120.536000 -5.883300 -1.00 -1.00 -1
id04557 120.570000 -6.050000 -1.00 -1.00 -1
id04558 120.535000 -6.216700 -1.00 -1.00 -1
id04559 120.517000 -6.384000 0.03 0.01 562
id04560 120.472301 -6.468317 0.03 0.01 1297
id04561 120.447000 -6.333300 -1.00 -1.00 -1
id04562 120.383000 -6.216700 0.02 0.01 1450
id04563 120.417000 -6.102100 0.04 0.01 2479
id04564 120.444000 -5.933300 -1.00 -1.00 -1
id04565 117.750000 -8.095200 0.02 0.00 960
id04566 118.103525 -8.113676 0.02 0.00 509
id04567 118.317000 -8.359800 -1.00 -1.00 -1
id04568 118.585466 -8.263682 -1.00 -1.00 -1
id04569 118.867000 -8.281300 0.03 0.01 2853
id04570 119.083000 -8.501800 0.09 0.03 2063
id04571 119.213000 -8.700000 0.31 0.07 945
id04572 118.933000 -8.845100 -1.00 -1.00 -1
id04573 118.596000 -8.850000 -1.00 -1.00 -1
id04574 118.283000 -8.800000 0.29 0.08 1852
id04575 118.000000 -8.900000 0.36 0.07 359
id04576 117.671000 -8.950000 -1.00 -1.00 -1
id04577 117.333000 -9.061400 0.30 0.07 951
id04578 117.033000 -9.116700 0.22 0.05 952
id04579 116.717000 -9.000000 0.25 0.06 981
id04580 116.667000 -8.735000 0.35 0.07 881
id04581 116.517000 -8.938100 0.26 0.06 1111
id04582 116.157000 -8.916700 -1.00 -1.00 -1
id04583 115.850000 -8.843200 0.48 0.10 690
id04584 116.032000 -8.650000 0.15 0.03 1026
id04585 116.033000 -8.335700 0.07 0.02 964
id04586 116.300000 -8.230200 -1.00 -1.00 -1
id04587 116.643000 -8.283300 0.04 0.01 1264
id04588 116.682000 -8.516700 0.25 0.06 1057
id04589 116.817000 -8.488100 0.13 0.04 2722
id04590 117.115796 -8.366360 -1.00 -1.00 -1
id04591 117.423846 -8.410189 0.08 0.02 2352
id04592 117.754000 -8.500000 0.03 0.01 871
id04593 118.083000 -8.531100 0.03 0.01 1703
id04594 117.833000 -8.372800 0.04 0.01 603
id04595 125.083000 1.889600 0.01 0.00 2449
id04596 125.167000 1.700000 0.01 0.00 2070
id04597 125.294000 1.566700 0.01 0.00 2115
id04598 125.198000 1.383300 0.00 0.00 2610
id04599 125.060000 1.200000 0.00 0.00 1222
id04600 124.948000 1.000000 0.01 0.00 1356
id04601 124.767000 0.859800 0.01 0.00 2486
id04602 124.633000 0.671600 0.01 0.00 2545
id04603 124.519000 0.466700 0.00 0.00 2062
id04604 124.300000 0.376300 0.01 0.00 1395
id04605 124.000000 0.364200 0.00 0.00 1207
id04606 123.766000 0.300000 0.01 0.00 1736
id04607 123.528000 0.300000 0.01 0.00 1439
id04608 123.267000 0.310100 -1.00 -1.00 -1
id04609 123.098000 0.450000 0.01 0.00 1110
id04610 122.833000 0.479200 -1.00 -1.00 -1
id04611 122.617000 0.475500 -1.00 -1.00 -1
id04612 122.352446 0.459824 0.00 0.00 7641
id04613 122.129000 0.400000 0.01 0.00 3608
id04614 121.933000 0.416700 0.01 0.00 1941
id04615 121.721000 0.450000 0.00 0.00 3531
id04616 121.518631 0.432489 0.00 0.00 2576
id04617 121.300000 0.432100 0.00 0.00 2976
id04618 121.117000 0.366700 0.01 0.00 3621
id04619 121.050000 0.376700 0.01 0.00 2347
id04620 120.833000 0.368000 0.01 0.00 2610
id04621 120.633000 0.393200 0.01 0.00 2170
id04622 120.750000 0.400000 0.01 0.00 2834
id04623 120.600000 0.517600 -1.00 -1.00 -1
id04624 120.383000 0.461300 0.01 0.00 1440
id04625 120.227000 0.300000 0.01 0.00 1639
id04626 120.125000 0.083300 0.01 0.00 2100
id04627 120.038000 -0.150000 -1.00 -1.00 -1
id04628 120.065000 -0.416700 0.01 0.00 847
id04629 120.069000 -0.650000 -1.00 -1.00 -1
id04630 120.217000 -0.823800 0.01 0.00 1598
id04631 120.370000 -0.900000 0.01 0.00 2047
id04632 120.550000 -1.033300 0.01 0.00 2028
id04633 120.600000 -1.261400 0.00 0.00 2077
id04634 120.778000 -1.350000 0.01 0.00 6261
id04635 121.017000 -1.406400 0.01 0.00 1487
id04636 121.167000 -1.274700 0.02 0.00 930
id04637 121.284000 -1.083300 0.01 0.00 5571
id04638 121.435000 -0.916700 0.01 0.00 2186
id04639 121.633000 -0.794900 -1.00 -1.00 -1
id04640 121.779000 -0.950000 0.01 0.00 2609
id04641 122.000000 -0.927900 0.01 0.00 1545
id04642 122.160000 -0.800000 0.01 0.00 554
id04643 122.433000 -0.753700 0.01 0.00 934
id04644 122.683000 -0.791200 0.01 0.00 3315
id04645 122.805000 -0.716700 -1.00 -1.00 -1
id04646 122.630000 -0.633300 0.01 0.00 1087
id04647 122.900000 -0.592500 0.01 0.00 2174
id04648 123.107000 -0.533300 0.00 0.00 2223
id04649 123.350000 -0.601700 0.01 0.00 1196
id04650 123.455000 -0.816700 0.01 0.00 1095
id04651 123.362000 -1.033300 0.02 0.01 1002
id04652 123.158000 -0.966700 0.07 0.02 1192
id04653 123.000000 -0.903100 0.10 0.02 1132
id04654 122.789722 -1.020275 0.05 0.01 808
id04655 122.638000 -1.183300 -1.00 -1.00 -1
id04656 122.517000 -1.377800 0.06 0.02 3427
id04657 122.367000 -1.538500 0.06 0.02 1924
id04658 122.179000 -1.666700 0.04 0.01 1598
id04659 122.000000 -1.811300 0.06 0.02 3883
id04660 121.781000 -1.900000 0.05 0.02 2965
id04661 121.667000 -2.058300 0.06 0.02 1995
id04662 121.790000 -2.250000 0.06 0.02 1845
id04663 121.917000 -2.449000 0.06 0.01 1458
id04664 122.033000 -2.636300 0.03 0.01 2022
id04665 122.194000 -2.800000 0.04 0.01 748
id04666 122.317000 -2.933300 0.03 0.01 1552
id04667 122.517000 -3.048100 0.05 0.01 1493
id04668 122.567000 -3.162100 0.03 0.01 4171
id04669 122.556000 -3.266700 0.04 0.01 3194
id04670 122.600000 -3.397900 0.05 0.01 2077
id04671 122.483000 -3.450000 0.05 0.01 1789
id04672 122.397000 -3.650000 0.06 0.02 2424
id04673 122.508000 -3.850000 -1.00 -1.00 -1
id04674 122.633000 -3.960600 0.07 0.01 179
id04675 122.783000 -4.000800 0.05 0.01 1518
id04676 122.980000 -4.016700 0.00 0.00 1041
id04677 123.217000 -4.012900 0.05 0.01 904
id04678 123.183000 -4.211800 0.05 0.01 716
id04679 122.950000 -4.262500 0.03 0.01 1279
id04680 123.083000 -4.361600 0.04 0.01 1049
id04681 123.188000 -4.566700 0.03 0.01 634
id04682 123.217469 -4.832063 0.03 0.01 750
id04683 123.013000 -4.850000 0.03 0.01 1682
id04684 122.976000 -5.100000 0.03 0.01 1296
id04685 123.050000 -5.136100 0.03 0.01 1418
id04686 123.227984 -5.284189 0.03 0.01 766
id04687 123.054381 -5.433251 0.05 0.01 2229
id04688 122.873481 -5.464349 0.03 0.01 950
id04689 122.838000 -5.650000 -1.00 -1.00 -1
id04690 122.650000 -5.705900 -1.00 -1.00 -1
id04691 122.520000 -5.533300 0.03 0.01 2423
id04692 122.517000 -5.440300 0.02 0.01 2092
id04693 122.314000 -5.400000 0.02 0.00 1495
id04694 122.150000 -5.270000 0.03 0.01 2283
id04695 122.083800 -5.470836 0.02 0.01 1773
id04696 121.921000 -5.466700 0.02 0.00 1501
id04697 121.783000 -5.290600 -1.00 -1.00 -1
id04698 121.846000 -5.083300 0.02 0.01 1260
id04699 122.033000 -5.050000 0.03 0.01 5814
id04700 121.872000 -4.883300 0.03 0.01 2203
id04701 121.629000 -4.816700 0.02 0.01 5576
id04702 121.450000 -4.678000 0.03 0.01 1601
id04703 121.483000 -4.443900 0.02 0.01 5452
id04704 121.400000 -4.220400 0.04 0.01 1845
id04705 121.280000 -4.033300 0.04 0.01 2976
id04706 121.124000 -3.866700 0.04 0.01 2410
id04707 120.983000 -3.691700 0.03 0.01 2974
id04708 120.862000 -3.500000 0.02 0.01 3840
id04709 120.944000 -3.266700 0.03 0.01 7426
id04710 120.967000 -3.060000 0.05 0.02 7285
id04711 120.767000 -2.946700 0.03 0.01 8707
id04712 120.508000 -3.000000 0.05 0.02 4928
id04713 120.432000 -3.200000 0.04 0.01 7935
id04714 120.402000 -3.466700 0.02 0.01 3423
id04715 120.451000 -3.700000 0.02 0.01 2981
id04716 120.391000 -3.950000 0.02 0.01 5800
id04717 120.411000 -4.216700 0.02 0.01 7746
id04718 120.445000 -4.500000 0.03 0.01 3873
id04719 120.500000 -4.700000 0.03 0.01 7018
id04720 120.500000 -4.900000 0.03 0.01 8175
id04721 120.465000 -5.100000 0.02 0.01 3000
id04722 120.367000 -5.308300 0.02 0.00 2057
id04723 120.459000 -5.533300 0.04 0.01 622
id04724 120.333000 -5.551800 0.05 0.02 4586
id04725 120.113000 -5.650000 0.04 0.01 5749
id04726 119.933000 -5.786500 0.04 0.01 2872
id04727 119.767000 -5.813300 0.03 0.01 2872
id04728 119.567000 -5.689900 0.05 0.01 1624
id04729 119.333000 -5.607200 0.01 0.00 4671
id04730 119.122000 -5.500000 0.04 0.01 1374
id04731 119.112000 -5.266700 0.02 0.00 1024
id04732 119.133000 -5.063300 0.02 0.01 866
id04733 119.149000 -4.933300 0.02 0.01 2373
id04734 119.017000 -4.780900 0.02 0.00 1028
id04735 119.067000 -4.699700 0.01 0.00 1853
id04736 119.230000 -4.533300 0.02 0.01 1470
id04737 119.467000 -4.457400 0.03 0.01 1658
id04738 119.585000 -4.266700 0.02 0.01 2974
id04739 119.570000 -4.033300 0.02 0.01 3117
id04740 119.450000 -3.834100 0.02 0.00 1177
id04741 119.445000 -3.600000 0.02 0.01 4498
id04742 119.250000 -3.480000 0.02 0.01 2377
id04743 119.046000 -3.516700 -1.00 -1.00 -1
id04744 118.876000 -3.483300 -1.00 -1.00 -1
id04745 118.819000 -3.216700 0.02 0.00 686
id04746 118.844000 -3.016700 -1.00 -1.00 -1
id04747 118.767000 -2.872800 0.01 0.00 948
id04748 118.800000 -2.612800 0.02 0.00 2568
id04749 118.982000 -2.600000 0.01 0.00 1536
id04750 119.100000 -2.416700 0.01 0.00 1185
id04751 119.137000 -2.166700 0.02 0.00 689
id04752 119.250000 -1.961600 -1.00 -1.00 -1
id04753 119.296000 -1.750000 0.02 0.00 1099
id04754 119.280000 -1.516700 0.01 0.00 2005
id04755 119.306000 -1.300000 0.01 0.00 1045
id04756 119.400000 -1.102100 0.01 0.00 1159
id04757 119.493000 -0.883300 0.01 0.00 1116
id04758 119.650000 -0.730400 0.01 0.00 1635
id04759 119.783000 -0.742600 0.01 0.00 1436
id04760 119.850000 -0.781500 0.02 0.00 2039
id04761 119.767000 -0.533300 0.01 0.00 972
id04762 119.767000 -0.280800 0.01 0.00 1199
id04763 119.700000 -0.137600 0.01 0.00 1004
id04764 119.643000 0.000000 -1.00 -1.00 -1
id04765 119.781000 -0.083300 0.01 0.00 2872
id04766 119.845000 -0.050000 0.01 0.00 2576
id04767 119.797283 0.162430 0.01 0.00 1436
id04768 119.874000 0.283300 0.01 0.00 930
id04769 119.883000 0.509200 0.00 0.00 2204
id04770 120.001000 0.583300 0.01 0.00 2288
id04771 120.117000 0.759900 0.00 0.00 795
id04772 120.217000 0.966700 0.00 0.00 4300
id04773 120.400000 1.072100 -1.00 -1.00 -1
id04774 120.360062 0.860349 0.00 0.00 4019
id04775 120.585000 0.816700 0.01 0.00 3974
id04776 120.576000 1.083300 0.00 0.00 3618
id04777 120.759000 1.150000 0.00 0.00 4063
id04778 120.850000 1.333800 0.00 0.00 1700
id04779 121.093000 1.333300 0.00 0.00 693
id04780 121.314000 1.283300 0.00 0.00 1011
id04781 121.454000 1.233300 0.01 0.00 1641
id04782 121.583000 1.071400 -1.00 -1.00 -1
id04783 121.850000 1.133300 0.01 0.00 1326
id04784 122.050000 1.077700 0.01 0.00 1868
id04785 122.333000 1.044000 0.01 0.00 2069
id04786 122.567000 0.988400 0.01 0.00 2684
id04787 122.783000 0.983900 0.01 0.00 2715
id04788 123.037000 0.983300 0.00 0.00 2136
id04789 123.267000 1.002200 0.01 0.00 2489
id04790 123.483000 0.905700 0.01 0.00 2707
id04791 123.717000 0.883800 0.02 0.01 2691
id04792 123.936000 0.916700 0.01 0.00 2677
id04793 124.167000 0.979600 0.01 0.00 2699
id04794 124.333000 1.129700 0.01 0.00 2610
id04795 124.517000 1.218800 0.01 0.00 3165
id04796 124.533000 1.366700 0.00 0.00 1986
id04797 124.750000 1.452900 -1.00 -1.00 -1
id04798 124.850000 1.607800 -1.00 -1.00 -1
id04799 123.301568 -1.145553 0.04 0.01 831
id04800 123.583000 -1.476900 0.01 0.00 2265
id04801 123.817000 -1.897800 0.03 0.01 1711
id04802 123.783000 -2.118000 0.03 0.01 682
id04803 123.477000 -1.983300 0.03 0.01 1501
id04804 123.372000 -1.750000 -1.00 -1.00 -1
id04805 123.150000 -1.866700 0.03 0.01 3405
id04806 123.233000 -1.762500 0.05 0.02 4900
id04807 122.900000 -1.623500 0.03 0.01 1514
id04808 122.900000 -1.186800 0.08 0.03 4589
id04809 121.083000 6.110500 0.00 0.00 2256
id04810 121.287000 6.083300 0.00 0.00 2505
id04811 121.460000 6.083300 0.00 0.00 2047
id04812 121.383000 5.898600 0.00 0.00 1113
id04813 121.207000 5.800000 0.00 0.00 1563
id04814 121.069389 5.670139 0.00 0.00 1398
id04815 120.967000 5.521300 0.00 0.00 1050
id04816 120.760000 5.450000 0.00 0.00 1893
id04817 120.606000 5.300000 0.00 0.00 2819
id04818 120.617000 5.199800 0.00 0.00 1814
id04819 120.410000 5.150000 0.00 0.00 3101
id04820 120.267000 5.066700 0.00 0.00 2648
id04821 120.095000 5.033300 0.00 0.00 4038
id04822 119.975000 4.933300 0.00 0.00 2352
id04823 119.833000 4.830800 0.00 0.00 1672
id04824 119.780000 4.916700 0.00 0.00 1946
id04825 119.733000 5.008300 0.00 0.00 2452
id04826 119.850000 5.170400 0.00 0.00 1273
id04827 120.033000 5.286600 0.00 0.00 1573
id04828 120.177000 5.450000 0.00 0.00 1792
id04829 120.400000 5.523600 0.00 0.00 2966
id04830 120.600000 5.629200 0.00 0.00 1305
id04831 120.769000 5.750000 0.00 0.00 1721
id04832 120.883000 5.884300 0.00 0.00 2166
id04833 120.958000 6.066700 0.00 0.00 2506
id04834 119.940000 -10.000000 0.38 0.06 313
id04835 119.780483 -9.924737 -1.00 -1.00 -1
id04836 119.653000 -9.816700 0.49 0.10 1199
id04837 119.483000 -9.759400 0.47 0.09 1357
id04838 119.333000 -9.778300 0.48 0.10 1185
id04839 119.133000 -9.735300 0.38 0.06 383
id04840 118.997989 -9.638683 0.71 0.11 983
id04841 118.963000 -9.483300 0.43 0.08 816
id04842 119.117000 -9.401300 0.18 0.03 1033
id04843 119.300000 -9.354300 0.40 0.08 1361
id04844 119.498000 -9.366700 -1.00 -1.00 -1
id04845 119.667000 -9.366400 -1.00 -1.00 -1
id04846 119.833000 -9.364400 -1.00 -1.00 -1
id04847 119.957000 -9.300000 0.25 0.06 2403
id04848 120.067000 -9.430600 0.19 0.05 5729
id04849 120.209000 -9.483300 0.32 0.07 1657
id04850 120.284445 -9.636040 0.26 0.05 1575
id04851 120.472886 -9.614798 0.33 0.07 1518
id04852 120.594697 -9.722461 0.43 0.09 1297
id04853 120.683000 -9.882900 0.37 0.08 1559
id04854 122.183000 -0.198800 0.00 0.00 6363
id04855 122.367000 -0.261100 -1.00 -1.00 -1
id04856 122.307000 -0.383300 0.00 0.00 4264
id04857 122.159000 -0.466700 0.00 0.00 1087
id04858 121.983000 -0.434600 0.00 0.00 2683
id04859 121.867000 -0.541800 0.01 0.00 1938
id04860 121.710444 -0.563329 0.00 0.00 2256
id04861 121.650000 -0.451000 0.00 0.00 1361
id04862 121.817000 -0.388000 0.00 0.00 8760
id04863 121.967000 -0.287900 0.00 0.00 4806
id04864 125.367000 2.166900 0.01 0.00 2470
id04865 125.404000 2.150000 0.01 0.00 1855
id04866 125.400000 2.099000 0.01 0.00 2064
id04867 125.350987 2.067514 0.01 0.00 1658
id04868 125.333000 2.100700 0.01 0.00 2462
id04869 125.383000 2.387900 0.01 0.00 1825
id04870 125.450000 2.376800 0.01 0.00 2432
id04871 125.443000 2.316700 0.01 0.00 2390
id04872 125.383000 2.300000 0.01 0.00 2331
id04873 125.350000 2.325400 0.01 0.00 1176
id04874 125.383000 2.808600 0.01 0.00 2531
id04875 125.459366 2.758777 -1.00 -1.00 -1
id04876 125.433000 2.692900 0.01 0.00 1394
id04877 125.467000 2.646000 0.00 0.00 1365
id04878 125.367717 2.682615 0.01 0.00 2614
id04879 125.483000 2.990300 0.01 0.00 1582
id04880 125.517000 2.983300 0.00 0.00 1256
id04881 125.505000 2.950000 0.00 0.00 1237
id04882 125.467000 2.946100 0.01 0.00 1785
id04883 125.467000 3.104700 0.01 0.00 1916
id04884 125.497850 3.088793 0.01 0.00 1461
id04885 125.517000 3.066700 0.00 0.00 1222
id04886 125.500000 3.041100 0.01 0.00 1613
id04887 125.467000 3.064000 0.01 0.00 2306
id04888 125.417000 3.738400 -1.00 -1.00 -1
id04889 125.599000 3.600000 0.02 0.01 2549
id04890 125.717000 3.456500 0.02 0.00 2546
id04891 125.562000 3.350000 0.00 0.00 1264
id04892 125.478000 3.550000 0.01 0.00 1208
id04893 125.583000 3.820500 0.01 0.00 1593
id04894 125.650000 3.803700 0.01 0.00 1755
id04895 125.617000 3.776500 -1.00 -1.00 -1
id04896 125.567000 3.739500 0.02 0.01 2126
id04907 123.983000 -5.884500 0.03 0.01 1301
id04908 124.054026 -5.928145 0.02 0.01 3030
id04909 124.082000 -6.000000 0.03 0.01 1034
id04910 124.036238 -6.011963 0.01 0.00 1074
id04911 123.983000 -5.976400 -1.00 -1.00 -1
id04912 123.900000 -5.711500 0.03 0.01 1823
id04913 123.959559 -5.725807 -1.00 -1.00 -1
id04914 124.006000 -5.766700 0.03 0.01 1130
id04915 123.950000 -5.785000 -1.00 -1.00 -1
id04916 123.767000 -5.450800 0.02 0.01 1229
id04917 123.833000 -5.541900 0.06 0.01 45
id04918 123.883000 -5.587600 0.03 0.01 820
id04919 123.799064 -5.595559 0.01 0.00 2718
id04920 123.717000 -5.517200 -1.00 -1.00 -1
id04921 123.533000 -5.248200 0.03 0.01 1147
id04922 123.640133 -5.277925 -1.00 -1.00 -1
id04923 123.638000 -5.433300 0.02 0.01 1399
id04924 123.550000 -5.386400 0.02 0.01 1193
id04925 123.459000 -5.333300 0.02 0.01 1109
id04926 123.573000 -10.000000 0.10 0.07 1886
id04927 123.629000 -9.783300 0.09 0.04 1121
id04928 123.717000 -9.579300 0.12 0.06 1015
id04929 123.900000 -9.427600 0.14 0.07 1166
id04930 124.115909 -9.304557 -1.00 -1.00 -1
id04931 124.344802 -9.190793 0.12 0.10 2625
id04932 124.567000 -9.162400 -1.00 -1.00 -1
id04933 124.767000 -9.025100 -1.00 -1.00 -1
id04934 124.983000 -8.909200 -1.00 -1.00 -1
id04935 125.094515 -8.699485 0.07 0.05 2594
id04936 125.329967 -8.581334 0.06 0.05 2596
id04937 125.600000 -8.522900 0.07 0.03 1011
id04938 125.845417 -8.472496 -1.00 -1.00 -1
id04951 125.818796 -9.157849 -1.00 -1.00 -1
id04952 125.567000 -9.238300 0.03 0.02 1604
id04953 125.340000 -9.350000 0.02 0.01 1405
id04954 125.117000 -9.450700 0.04 0.02 1169
id04955 124.983000 -9.655700 0.06 0.02 486
id04956 124.800000 -9.811200 0.02 0.01 1116
id05001 114.483000 -7.816100 0.03 0.02 1703
id05002 114.466000 -7.916700 0.02 0.02 3118
id05003 114.483000 -8.090200 0.07 0.03 1130
id05004 114.583000 -8.114200 0.02 0.02 3007
id05005 114.667000 -8.136700 -1.00 -1.00 -1
id05006 114.800000 -8.166700 0.02 0.01 983
id05007 114.933000 -8.180600 0.03 0.01 1069
id05008 115.015000 -8.133300 0.02 0.01 2416
id05009 115.102000 -8.083300 0.03 0.01 1071
id05010 115.217000 -8.070700 0.02 0.01 1022
id05011 115.333000 -8.109800 0.02 0.01 812
id05012 115.433000 -8.153000 0.03 0.01 1023
id05013 115.530638 -8.214806 0.03 0.01 994
id05014 115.612000 -8.283300 0.03 0.02 1109
id05015 115.700000 -8.348400 0.04 0.02 1022
id05016 115.674000 -8.450000 -1.00 -1.00 -1
id05017 115.600000 -8.524300 -1.00 -1.00 -1
id05018 115.500000 -8.549000 -1.00 -1.00 -1
id05019 115.400000 -8.592300 0.14 0.06 1139
id05020 115.317000 -8.664300 0.15 0.06 934
id05021 115.289000 -8.783300 0.24 0.08 666
id05022 115.217000 -8.859300 0.18 0.10 1102
id05023 115.117000 -8.879200 0.17 0.07 826
id05024 114.990000 -8.850000 0.19 0.07 584
id05025 114.990000 -8.733300 0.09 0.07 1920
id05026 114.928000 -8.650000 0.14 0.09 1885
id05027 114.883000 -8.566700 0.10 0.10 3420
id05028 114.829000 -8.483300 0.12 0.11 2748
id05029 114.750000 -8.411800 0.22 0.07 555
id05030 114.633000 -8.437800 0.15 0.12 1979
id05031 114.517000 -8.438500 0.22 0.13 1268
id05032 114.450000 -8.531800 0.22 0.11 1011
id05033 114.450000 -8.624600 0.14 0.14 4084
id05034 114.550000 -8.646000 0.12 0.12 4046
id05035 114.618000 -8.716700 0.10 0.07 1776
id05036 114.617000 -8.818200 0.16 0.05 533
id05037 114.367000 -8.767600 0.24 0.10 810
id05038 114.283000 -8.731500 0.15 0.08 997
id05039 114.256000 -8.650000 0.14 0.10 2211
id05040 114.017000 -8.658600 0.16 0.07 903
id05041 113.917000 -8.603200 0.28 0.08 449
id05042 113.800000 -8.568300 0.13 0.07 1320
id05043 113.717000 -8.549000 0.12 0.07 1536
id05044 113.607000 -8.500000 0.08 0.07 2631
id05045 113.517000 -8.449400 -1.00 -1.00 -1
id05046 113.433000 -8.483300 0.10 0.06 1680
id05047 113.317000 -8.512000 0.17 0.08 1131
id05048 113.283000 -8.443100 0.08 0.06 2491
id05049 113.343000 -8.383300 0.72 0.16 45
id05050 113.233000 -8.339200 0.15 0.14 3261
id05051 113.100000 -8.325400 0.13 0.12 3464
id05052 112.981000 -8.350000 0.13 0.13 3600
id05053 112.900000 -8.420300 -1.00 -1.00 -1
id05054 112.751000 -8.433300 0.38 0.15 824
id05055 112.667000 -8.463700 0.13 0.07 1281
id05056 112.550000 -8.426100 0.31 0.08 194
id05057 112.417000 -8.413800 0.38 0.10 45
id05058 112.300000 -8.369700 0.22 0.13 1590
id05059 112.167000 -8.358000 0.25 0.10 765
id05060 113.000000 -6.516700 0.02 0.00 2719
id05061 113.017000 -6.666700 0.02 0.00 4628
id05062 113.083000 -6.758300 0.02 0.00 3917
id05063 113.233000 -6.777800 0.03 0.01 4436
id05064 113.383000 -6.791700 0.03 0.01 4256
id05065 113.533000 -6.812500 0.03 0.01 3363
id05066 113.667000 -6.813300 0.03 0.01 2699
id05067 113.833000 -6.802400 0.04 0.01 1203
id05068 113.983000 -6.822200 0.05 0.01 1226
id05069 114.100000 -6.783300 0.05 0.01 1140
id05070 114.267000 -6.775000 0.05 0.01 1106
id05071 114.383000 -6.816700 0.06 0.01 596
id05072 114.517000 -6.860000 0.05 0.01 1109
id05073 114.650000 -6.900000 0.06 0.01 1032
id05074 114.783000 -6.916700 0.05 0.01 996
id05075 114.917000 -6.883300 0.05 0.01 1061
id05076 114.967000 -6.783300 0.04 0.01 682
id05077 115.006000 -6.650000 0.03 0.01 1066
id05078 115.033000 -6.516700 0.04 0.01 588
id05079 115.703000 -6.716700 0.04 0.01 516
id05080 115.763000 -6.833300 0.03 0.00 1011
id05081 115.867000 -6.893100 0.03 0.01 981
id05082 115.964000 -6.966700 0.04 0.01 562
id05083 115.924000 -7.166700 0.05 0.01 1075
id05084 115.800000 -7.202900 0.07 0.01 996
id05085 115.717000 -7.126000 0.06 0.01 1852
id05086 115.600000 -7.070500 0.07 0.01 1270
id05087 115.467000 -7.038400 0.07 0.01 3169
id05088 115.350000 -7.018300 0.06 0.01 1133
id05089 115.233000 -7.074500 0.06 0.01 1328
id05090 115.125000 -7.083300 0.07 0.01 797
id05091 115.017000 -7.033300 0.03 0.01 1057
id05092 114.917000 -7.088900 0.07 0.01 1324
id05093 114.817000 -7.163500 0.08 0.01 918
id05094 114.683000 -7.191700 0.07 0.01 4189
id05095 114.517000 -7.184600 0.07 0.02 4184
id05096 114.483000 -7.116700 0.07 0.01 892
id05097 114.465000 -7.016700 0.05 0.01 1083
id05098 114.371000 -6.933300 0.08 0.01 954
id05099 114.306000 -6.983300 0.08 0.01 1073
id05100 114.379000 -7.083300 0.07 0.01 959
id05101 114.400000 -7.211800 0.07 0.01 2623
id05102 114.283000 -7.266700 0.07 0.01 3262
id05103 114.150000 -7.300000 0.09 0.02 622
id05104 114.017000 -7.320800 0.08 0.01 626
id05105 113.907000 -7.383300 0.07 0.01 495
id05106 113.833000 -7.475000 0.07 0.01 541
id05107 113.700000 -7.508300 0.06 0.01 1747
id05108 113.592000 -7.450000 0.07 0.01 498
id05109 113.500000 -7.373800 0.06 0.01 684
id05110 113.333000 -7.373800 0.05 0.01 2940
id05111 113.263000 -7.466700 0.05 0.01 3236
id05112 113.283000 -7.606300 0.06 0.01 2355
id05113 113.433000 -7.619000 0.06 0.01 1259
id05114 113.567000 -7.653300 0.05 0.01 3458
id05115 113.653000 -7.650000 0.05 0.01 3663
id05116 113.761000 -7.633300 0.06 0.01 1305
id05117 113.877000 -7.666700 0.06 0.01 1305
id05118 113.933000 -7.560000 0.06 0.01 492
id05119 114.100000 -7.565200 0.08 0.01 947
id05120 114.200000 -7.616700 0.09 0.02 501
id05121 114.300000 -7.694000 0.07 0.01 909
id05122 117.862717 -8.101336 0.02 0.01 2250
id05123 117.997256 -8.095146 -1.00 -1.00 -1
id05124 118.137552 -8.128416 -1.00 -1.00 -1
id05125 118.183000 -8.259800 -1.00 -1.00 -1
id05126 118.267904 -8.331835 -1.00 -1.00 -1
id05127 118.383000 -8.319300 0.01 0.01 3456
id05128 118.466353 -8.241904 0.03 0.01 476
id05129 118.568451 -8.264460 -1.00 -1.00 -1
id05130 118.679000 -8.333300 0.03 0.01 3122
id05131 118.762860 -8.305772 0.04 0.01 1116
id05132 118.888000 -8.283300 0.03 0.01 2122
id05133 119.013000 -8.333300 0.03 0.01 1364
id05134 119.067000 -8.433300 0.06 0.02 1903
id05135 119.125000 -8.550000 0.09 0.03 3080
id05136 119.211000 -8.600000 0.24 0.06 1083
id05137 119.233000 -8.690900 -1.00 -1.00 -1
id05138 119.133000 -8.755800 -1.00 -1.00 -1
id05139 119.000000 -8.764200 0.30 0.07 1099
id05140 118.922000 -8.850000 -1.00 -1.00 -1
id05141 118.783000 -8.835100 0.32 0.07 941
id05142 118.667000 -8.824700 -1.00 -1.00 -1
id05143 118.550000 -8.869900 0.34 0.06 265
id05144 118.412809 -8.879348 -1.00 -1.00 -1
id05145 118.333000 -8.786500 0.31 0.08 1806
id05146 118.217000 -8.847100 0.23 0.05 585
id05147 118.117000 -8.880900 -1.00 -1.00 -1
id05148 117.883000 -8.945200 -1.00 -1.00 -1
id05149 117.783000 -8.936500 0.27 0.06 918
id05150 117.634000 -8.966700 0.23 0.06 1159
id05151 117.527000 -9.016700 -1.00 -1.00 -1
id05152 117.400000 -9.063500 0.36 0.07 292
id05153 117.250000 -9.036000 -1.00 -1.00 -1
id05154 117.151000 -9.083300 0.29 0.06 472
id05155 116.917000 -9.075600 0.32 0.07 892
id05156 116.800000 -9.056800 0.23 0.05 644
id05157 116.708000 -8.983300 0.29 0.06 727
id05158 116.730000 -8.866700 0.25 0.05 985
id05159 116.717000 -8.768100 0.29 0.07 1166
id05160 116.617000 -8.745400 0.29 0.08 2340
id05161 116.590000 -8.850000 0.30 0.07 1020
id05162 116.533000 -8.922700 0.22 0.05 45
id05163 116.401000 -8.966700 0.38 0.09 1060
id05164 116.283000 -8.937700 0.46 0.09 847
id05165 116.150000 -8.907100 -1.00 -1.00 -1
id05166 116.033000 -8.918700 0.30 0.07 964
id05167 115.933000 -8.863100 0.39 0.08 960
id05168 115.817000 -8.812700 0.34 0.07 477
id05169 115.850000 -8.697800 0.22 0.05 1080
id05170 115.983000 -8.664600 0.14 0.03 1076
id05171 116.056000 -8.566700 0.09 0.02 2151
id05172 116.032000 -8.433300 0.11 0.03 965
id05173 116.133000 -8.349000 0.07 0.01 513
id05174 116.224000 -8.266700 0.04 0.01 1015
id05175 116.335830 -8.214620 0.04 0.01 922
id05176 116.483000 -8.231200 0.02 0.01 930
id05177 116.600000 -8.272000 -1.00 -1.00 -1
id05178 116.717000 -8.293100 0.04 0.01 3145
id05179 116.760000 -8.416700 0.08 0.03 3790
id05180 116.683000 -8.514800 0.25 0.06 1057
id05181 116.707000 -8.633300 0.31 0.10 3917
id05182 116.760000 -8.566700 0.24 0.05 594
id05183 116.823000 -8.466700 0.13 0.04 2722
id05184 116.948238 -8.416317 0.07 0.03 3281
id05185 117.067000 -8.373400 0.05 0.01 1518
id05186 117.191000 -8.383300 0.03 0.01 2978
id05187 117.317000 -8.430000 -1.00 -1.00 -1
id05188 117.414236 -8.427363 -1.00 -1.00 -1
id05189 117.567000 -8.406300 0.02 0.01 1418
id05190 117.683000 -8.433300 0.03 0.01 1945
id05191 117.762000 -8.516700 0.03 0.01 871
id05192 117.883000 -8.530700 0.03 0.01 1664
id05193 118.000000 -8.544300 0.03 0.01 2262
id05194 118.089000 -8.466700 0.03 0.01 1080
id05195 117.960000 -8.466700 0.04 0.01 960
id05196 117.864000 -8.400000 0.03 0.01 3636
id05197 117.767000 -8.319100 0.04 0.01 1363
id05198 117.689000 -8.233300 0.04 0.01 870
id05259 120.833300 18.667200 0.01 0.00 555
id05260 120.872100 18.633300 -1.00 -1.00 -1
id05261 120.933300 18.579500 0.01 0.00 805
id05262 121.000000 18.621500 0.01 0.00 1035
id05263 121.066700 18.648400 0.00 0.00 1439
id05264 121.166700 18.649200 0.01 0.00 892
id05265 121.233300 18.611900 0.00 0.00 989
id05266 121.287800 18.566700 0.00 0.00 1019
id05267 121.334700 18.533300 0.00 0.00 1245
id05268 121.406700 18.500000 0.00 0.00 1161
id05269 121.468000 18.466700 0.00 0.00 1205
id05270 121.533300 18.417200 0.00 0.00 1214
id05271 121.600000 18.381100 0.00 0.00 1309
id05272 121.700000 18.379000 0.00 0.00 1154
id05273 121.800000 18.369900 0.00 0.00 3709
id05274 121.866700 18.361100 0.00 0.00 3075
id05275 121.966700 18.348300 0.00 0.00 3773
id05276 122.033300 18.368700 0.00 0.00 3008
id05277 122.096700 18.433300 0.00 0.00 2584
id05278 122.103700 18.500000 0.00 0.00 1788
id05279 122.129700 18.600000 0.00 0.00 705
id05280 122.174400 18.600000 0.00 0.00 730
id05281 122.221600 18.533300 -1.00 -1.00 -1
id05282 122.262500 18.466700 0.00 0.00 895
id05283 122.300000 18.412500 0.00 0.00 1015
id05284 122.333300 18.341700 -1.00 -1.00 -1
id05285 122.348000 18.266700 0.00 0.00 590
id05286 122.300000 18.210300 -1.00 -1.00 -1
id05287 122.266700 18.164100 0.00 0.00 697
id05288 122.200000 18.104500 0.00 0.00 754
id05289 122.182000 18.033300 0.00 0.00 854
id05290 122.191200 17.933300 0.00 0.00 708
id05291 122.167600 17.833300 0.00 0.00 1102
id05292 122.163900 17.766700 0.00 0.00 837
id05293 122.177500 17.700000 0.00 0.00 749
id05294 122.200000 17.620000 0.00 0.00 907
id05295 122.221000 17.533300 0.00 0.00 1148
id05296 122.266700 17.485700 0.00 0.00 1012
id05297 122.341500 17.466700 0.00 0.00 765
id05298 122.400000 17.405300 0.00 0.00 610
id05299 122.432700 17.333300 0.00 0.00 558
id05300 122.453247 17.266182 0.00 0.00 2009
id05301 122.433300 17.190800 -1.00 -1.00 -1
id05302 122.466700 17.134700 0.00 0.00 1335
id05303 122.539800 17.133300 0.00 0.00 1361
id05304 122.535000 17.033300 0.00 0.00 1041
id05305 122.506000 16.966700 0.00 0.00 1099
id05306 122.482500 16.900000 0.00 0.00 774
id05307 122.458500 16.833300 0.00 0.00 748
id05308 122.433300 16.759600 0.00 0.00 560
id05309 122.391200 16.700000 0.00 0.00 934
id05310 122.350000 16.633300 0.00 0.00 697
id05311 122.320300 16.566700 0.00 0.00 685
id05312 122.294800 16.500000 0.00 0.00 989
id05313 122.269300 16.400000 0.00 0.00 623
id05314 122.242100 16.333300 0.00 0.00 408
id05315 122.220900 16.266700 0.00 0.00 626
id05316 122.168500 16.200000 -1.00 -1.00 -1
id05317 122.133300 16.165800 0.00 0.00 1767
id05318 122.080100 16.100000 0.00 0.00 3378
id05319 122.033300 16.049700 -1.00 -1.00 -1
id05320 121.968100 16.000000 0.00 0.00 6813
id05321 121.961900 16.033300 0.00 0.00 1290
id05322 121.933300 16.100700 0.00 0.00 2711
id05323 121.866700 16.093200 0.00 0.00 2061
id05324 121.800000 16.058600 0.00 0.00 2099
id05325 121.733300 16.024400 0.00 0.00 1658
id05326 121.677200 15.966700 0.00 0.00 1931
id05327 121.640800 15.900000 0.00 0.00 1398
id05328 121.633300 15.866700 0.00 0.00 1987
id05329 121.660800 15.766700 0.00 0.00 828
id05330 121.633300 15.669500 0.00 0.00 1696
id05331 121.600000 15.602400 0.00 0.00 1918
id05332 121.566700 15.557700 0.00 0.00 1624
id05333 121.510700 15.500000 0.00 0.00 1341
id05334 121.498400 15.433300 0.00 0.00 1897
id05335 121.466700 15.359400 0.00 0.00 1654
id05336 121.448400 15.266700 0.00 0.00 1961
id05337 121.487100 15.200000 0.00 0.00 1574
id05338 121.512000 15.133300 0.00 0.00 1440
id05339 121.533300 15.057700 0.00 0.00 1302
id05340 121.597800 15.000000 0.00 0.00 4564
id05341 121.644600 14.966700 0.00 0.00 4206
id05342 121.652700 14.866700 0.00 0.00 2197
id05343 121.691400 14.800000 0.00 0.00 1328
id05344 121.733300 14.761500 0.00 0.00 1023
id05345 121.833300 14.763300 0.00 0.00 4762
id05346 121.857700 14.833300 0.00 0.00 1278
id05347 121.833300 14.902900 0.00 0.00 3209
id05348 121.800000 14.952000 0.00 0.00 3631
id05349 121.821400 15.033300 0.00 0.00 1095
id05350 121.900000 15.049700 0.00 0.00 2699
id05351 121.947300 15.066700 0.00 0.00 1523
id05352 122.014937 15.041336 0.00 0.00 2407
id05353 122.063892 14.968317 0.00 0.00 585
id05354 122.100000 14.900000 0.00 0.00 3224
id05355 122.133300 14.918900 0.00 0.00 1563
id05356 122.176200 14.933300 0.00 0.00 719
id05357 122.233300 14.869100 0.00 0.00 1376
id05358 122.333300 14.873900 0.00 0.00 948
id05359 122.400000 14.836500 0.00 0.00 1260
id05360 122.466700 14.815400 0.00 0.00 2606
id05361 122.533300 14.790700 0.00 0.00 1353
id05362 122.600000 14.766700 0.00 0.00 1514
id05363 122.666700 14.728800 0.00 0.00 838
id05364 122.766700 14.708600 0.00 0.00 769
id05365 122.833300 14.734200 0.00 0.00 1855
id05366 122.922900 14.733300 0.00 0.00 2623
id05367 122.966700 14.682500 0.00 0.00 1649
id05368 123.025000 14.633300 0.00 0.00 1837
id05369 123.100000 14.602900 0.00 0.00 993
id05370 123.166700 14.591700 0.00 0.00 2058
id05371 123.252400 14.566700 0.00 0.00 1277
id05372 123.333300 14.542600 0.00 0.00 1338
id05373 123.400000 14.533300 0.00 0.00 1403
id05374 123.466700 14.466700 0.00 0.00 1161
id05375 123.522200 14.433300 0.00 0.00 2160
id05376 123.600000 14.409500 0.00 0.00 1658
id05377 123.700000 14.411100 0.00 0.00 1499
id05378 123.800000 14.433300 0.00 0.00 1837
id05379 123.866700 14.445200 0.00 0.00 3742
id05380 123.966700 14.435000 0.00 0.00 2021
id05381 123.966700 14.394900 0.00 0.00 2636
id05382 123.955600 14.300000 0.00 0.00 2788
id05383 124.000000 14.254000 0.00 0.00 1832
id05384 124.100000 14.244000 0.00 0.00 1274
id05385 124.166700 14.225400 0.00 0.00 1117
id05386 124.233300 14.192400 0.01 0.00 773
id05387 124.333300 14.177400 0.00 0.00 1057
id05388 124.373800 14.133300 0.00 0.00 1177
id05389 124.415700 14.066700 0.00 0.00 1035
id05390 124.448600 14.000000 0.00 0.00 1163
id05391 124.496900 13.933300 0.00 0.00 1057
id05392 124.500000 13.887700 0.00 0.00 998
id05393 124.465800 13.833300 0.00 0.00 1676
id05394 124.466700 13.766700 0.00 0.00 1375
id05395 124.466700 13.666700 0.00 0.00 1743
id05396 124.466700 13.616700 0.00 0.00 1463
id05397 124.463500 13.566700 0.00 0.00 1117
id05398 124.400000 13.532300 0.00 0.00 1020
id05399 124.325100 13.500000 0.01 0.00 1034
id05400 124.266700 13.461000 0.00 0.00 1009
id05401 124.200000 13.486100 0.00 0.00 1006
id05402 124.134800 13.533300 0.00 0.00 1207
id05403 124.100000 13.571500 0.00 0.00 1376
id05404 124.033300 13.629000 0.00 0.00 3572
id05405 124.022500 13.700000 0.00 0.00 1972
id05406 123.933300 13.726200 -1.00 -1.00 -1
id05407 123.846200 13.700000 0.00 0.00 6925
id05408 123.766700 13.697500 0.00 0.00 5959
id05409 123.700000 13.705300 0.00 0.00 3794
id05410 123.633300 13.699600 0.00 0.00 3060
id05411 123.590100 13.700000 0.00 0.00 2835
id05412 123.548500 13.633300 0.00 0.00 2279
id05413 123.576700 13.566700 0.00 0.00 2813
id05414 123.632700 13.500000 -1.00 -1.00 -1
id05415 123.700000 13.467200 0.00 0.00 2834
id05416 123.733300 13.421900 0.00 0.00 2821
id05417 123.814700 13.400000 0.00 0.00 3139
id05418 123.900000 13.368900 0.00 0.00 1373
id05419 123.947200 13.333300 0.00 0.00 2737
id05420 124.008000 13.300000 0.00 0.00 1349
id05421 124.100000 13.268900 0.00 0.00 922
id05422 124.166700 13.244100 0.00 0.00 1091
id05423 124.221500 13.200000 0.00 0.00 1307
id05424 124.133300 13.171500 0.01 0.00 1503
id05425 124.066700 13.202500 0.00 0.00 2246
id05426 123.966700 13.221300 0.00 0.00 3217
id05427 123.929800 13.233300 0.00 0.00 3393
id05428 123.833300 13.216900 0.00 0.00 4027
id05429 123.783500 13.166700 0.00 0.00 1184
id05430 123.866700 13.141700 0.00 0.00 4968
id05431 123.933300 13.130500 0.00 0.00 3262
id05432 124.000000 13.099200 -1.00 -1.00 -1
id05433 124.066700 13.043200 0.00 0.00 1646
id05434 124.133300 13.077700 0.01 0.00 1211
id05435 124.200000 13.051900 0.00 0.00 1177
id05436 124.200000 12.996300 0.00 0.00 2783
id05437 124.173200 12.900000 0.00 0.00 2083
id05438 124.200000 12.819000 0.00 0.00 1514
id05439 124.266700 12.777400 0.00 0.00 1185
id05440 124.333300 12.742800 0.00 0.00 1342
id05441 124.400000 12.723700 0.00 0.00 981
id05442 124.500000 12.701300 0.00 0.00 1496
id05443 124.566700 12.696300 0.00 0.00 1066
id05444 124.616700 12.633300 0.00 0.00 1763
id05445 124.700000 12.623500 0.00 0.00 2269
id05446 124.766700 12.655100 0.01 0.00 655
id05447 124.866700 12.650200 0.01 0.00 824
id05448 124.966700 12.654700 0.00 0.00 821
id05449 125.024164 12.674694 0.00 0.00 1899
id05450 125.100000 12.638900 0.00 0.00 937
id05451 125.151900 12.600000 0.00 0.00 764
id05452 125.200000 12.554500 0.00 0.00 902
id05453 125.261700 12.500000 -1.00 -1.00 -1
id05454 125.300000 12.449600 -1.00 -1.00 -1
id05455 125.345600 12.400000 0.00 0.00 906
id05456 125.386600 12.333300 0.00 0.00 956
id05457 125.433300 12.282400 0.00 0.00 588
id05458 125.474100 12.233300 -1.00 -1.00 -1
id05459 125.517353 12.166728 0.01 0.00 472
id05460 125.552500 12.100000 0.00 0.00 513
id05461 125.567500 12.033300 0.00 0.00 842
id05462 125.559700 11.966700 0.01 0.00 749
id05463 125.495500 11.933300 0.00 0.00 1363
id05464 125.476900 11.833300 0.01 0.00 1200
id05465 125.475100 11.733300 0.01 0.00 1132
id05466 125.483300 11.633300 0.00 0.00 1221
id05467 125.501200 11.566700 0.00 0.00 994
id05468 125.500000 11.528200 0.00 0.00 949
id05469 125.533300 11.454800 0.00 0.00 986
id05470 125.576200 11.400000 0.00 0.00 739
id05471 125.628000 11.333300 0.00 0.00 977
id05472 125.579900 11.266700 0.01 0.00 985
id05473 125.633300 11.215200 0.00 0.00 1014
id05474 125.691800 11.166700 0.00 0.00 1088
id05475 125.726401 11.103021 -1.00 -1.00 -1
id05476 125.766700 11.040700 -1.00 -1.00 -1
id05477 125.804000 11.000000 0.00 0.00 1303
id05478 125.840500 10.933300 -1.00 -1.00 -1
id05559 125.849500 7.333300 -1.00 -1.00 -1
id05560 125.786100 7.333300 0.02 0.02 2714
id05561 125.733300 7.294300 0.02 0.02 2714
id05562 125.683300 7.233300 0.03 0.02 2714
id05563 125.733300 7.179000 0.02 0.01 2714
id05564 125.791600 7.133300 0.01 0.01 2704
id05565 125.779600 7.033300 0.01 0.00 2699
id05566 125.791527 6.928017 0.00 0.00 2524
id05567 125.733300 6.897400 0.02 0.02 2699
id05568 125.673252 6.930344 0.04 0.03 2707
id05569 125.666700 6.966900 0.04 0.04 2707
id05570 125.707000 7.033300 0.04 0.04 2707
id05571 125.633300 7.058500 0.04 0.03 2699
id05572 125.566700 7.028700 0.04 0.03 2706
id05573 125.504000 6.966700 0.02 0.02 2707
id05574 125.471200 6.900000 -1.00 -1.00 -1
id05575 125.433300 6.841000 0.03 0.02 2662
id05576 125.400000 6.773700 -1.00 -1.00 -1
id05577 125.379800 6.700000 0.02 0.02 2691
id05578 125.433300 6.636700 0.01 0.01 2694
id05579 125.473900 6.600000 -1.00 -1.00 -1
id05580 125.533300 6.545600 0.02 0.01 2684
id05581 125.583600 6.500000 0.01 0.01 2555
id05582 125.604100 6.433300 -1.00 -1.00 -1
id05583 125.635900 6.366700 -1.00 -1.00 -1
id05584 125.666700 6.295300 -1.00 -1.00 -1
id05585 125.700100 6.233300 -1.00 -1.00 -1
id05586 125.707500 6.133300 -1.00 -1.00 -1
id05587 125.702500 6.033300 -1.00 -1.00 -1
id05588 125.685071 5.963230 0.01 0.01 1512
id05589 125.644092 5.896037 0.01 0.01 2602
id05590 125.600000 5.846800 -1.00 -1.00 -1
id05591 125.563874 5.795189 0.01 0.01 1266
id05592 125.508600 5.733300 0.01 0.01 2627
id05593 125.474748 5.663523 -1.00 -1.00 -1
id05594 125.433300 5.609100 -1.00 -1.00 -1
id05595 125.400000 5.562800 0.01 0.01 2085
id05596 125.305400 5.566700 0.00 0.00 1502
id05597 125.298200 5.633300 0.00 0.00 1620
id05598 125.265200 5.700000 0.01 0.00 877
id05599 125.200000 5.746100 0.00 0.00 786
id05600 125.191100 5.833300 -1.00 -1.00 -1
id05601 125.228100 5.900000 -1.00 -1.00 -1
id05602 125.266700 5.942500 0.00 0.00 2940
id05603 125.274695 6.033612 0.00 0.00 3209
id05604 125.233300 6.090200 0.00 0.00 2665
id05605 125.159981 6.064485 0.00 0.00 2827
id05606 125.133300 5.993100 0.00 0.00 2287
id05607 125.099900 5.933300 -1.00 -1.00 -1
id05608 125.070953 5.852560 -1.00 -1.00 -1
id05609 124.966700 5.852700 -1.00 -1.00 -1
id05610 124.894300 5.866700 0.01 0.00 727
id05611 124.801100 5.900000 0.01 0.00 570
id05612 124.733300 5.928800 0.01 0.00 630
id05613 124.666700 5.956900 0.01 0.00 689
id05614 124.596949 5.987971 0.00 0.00 1113
id05615 124.530382 6.015326 -1.00 -1.00 -1
id05616 124.462714 6.053046 0.01 0.00 516
id05617 124.402482 6.087666 0.00 0.00 1076
id05618 124.334679 6.110814 -1.00 -1.00 -1
id05619 124.266700 6.150100 -1.00 -1.00 -1
id05620 124.200000 6.185200 0.00 0.00 1973
id05621 124.161600 6.233300 0.00 0.00 2392
id05622 124.113200 6.300000 0.00 0.00 1379
id05623 124.066700 6.356900 0.00 0.00 2246
id05624 124.033300 6.422700 0.00 0.00 1755
id05625 124.016800 6.500000 0.00 0.00 1049
id05626 124.030300 6.600000 0.00 0.00 2526
id05627 124.022600 6.700000 0.00 0.00 1301
id05628 123.969100 6.766700 0.00 0.00 2332
id05629 123.950200 6.833300 -1.00 -1.00 -1
id05630 123.965800 6.933300 0.00 0.00 1312
id05631 123.991200 7.000000 -1.00 -1.00 -1
id05632 124.014350 7.068253 -1.00 -1.00 -1
id05633 124.055213 7.138800 -1.00 -1.00 -1
id05634 124.124100 7.166700 -1.00 -1.00 -1
id05635 124.162200 7.233300 0.00 0.00 2842
id05636 124.200000 7.283800 0.00 0.00 3656
id05637 124.198000 7.333300 0.00 0.00 2872
id05638 124.133300 7.395100 0.00 0.00 2788
id05639 124.073568 7.352117 -1.00 -1.00 -1
id05640 124.033300 7.296100 0.00 0.00 2924
id05641 124.023400 7.366700 0.00 0.00 2464
id05642 124.066700 7.430700 0.00 0.00 2662
id05643 124.049800 7.466700 0.00 0.00 2122
id05644 124.031600 7.533300 0.00 0.00 2811
id05645 124.033300 7.584400 0.00 0.00 3000
id05646 123.995800 7.633300 0.00 0.00 2766
id05647 123.929489 7.679554 -1.00 -1.00 -1
id05648 123.833300 7.695200 0.00 0.00 2817
id05649 123.766700 7.722100 0.00 0.00 2526
id05650 123.722800 7.766700 0.00 0.00 3029
id05651 123.666700 7.802900 0.00 0.00 3329
id05652 123.578300 7.833300 0.00 0.00 2746
id05653 123.532200 7.833300 0.00 0.00 3040
id05654 123.500000 7.785300 0.00 0.00 2657
id05655 123.503900 7.700000 0.00 0.00 2448
id05656 123.485500 7.633300 0.00 0.00 3206
id05657 123.433300 7.585100 0.00 0.00 2215
id05658 123.408000 7.500000 0.00 0.00 2499
id05659 123.454100 7.433300 0.00 0.00 2775
id05660 123.433300 7.364000 0.00 0.00 3258
id05661 123.366700 7.394400 0.00 0.00 2686
id05662 123.314200 7.433300 0.00 0.00 2568
id05663 123.266700 7.481400 0.00 0.00 2722
id05664 123.200000 7.465700 0.00 0.00 1853
id05665 123.125000 7.433300 0.00 0.00 2358
id05666 123.055600 7.400000 0.00 0.00 3251
id05667 123.038200 7.300000 0.00 0.00 2014
id05668 123.000000 7.264000 0.00 0.00 3235
id05669 122.933300 7.278400 0.01 0.00 2301
id05670 122.866700 7.265500 0.01 0.00 2582
id05671 122.785900 7.266700 0.01 0.00 2579
id05672 122.733300 7.315400 0.01 0.00 5067
id05673 122.633300 7.331600 0.01 0.00 4514
id05674 122.533300 7.300000 0.01 0.00 5456
id05675 122.472200 7.266700 0.01 0.00 5492
id05676 122.428900 7.233300 0.00 0.00 5461
id05677 122.387300 7.166700 0.01 0.00 5493
id05678 122.374100 7.066700 0.01 0.00 5494
id05679 122.384100 6.966700 0.01 0.00 3168
id05680 122.370100 6.866700 0.01 0.00 2744
id05681 122.400000 6.774300 0.00 0.00 2579
id05682 122.400000 6.726700 0.01 0.00 2572
id05683 122.342300 6.666700 0.01 0.00 2622
id05684 122.317100 6.600000 0.01 0.00 3037
id05685 122.233300 6.578600 -1.00 -1.00 -1
id05686 122.203600 6.500000 -1.00 -1.00 -1
id05687 122.166700 6.452400 -1.00 -1.00 -1
id05688 122.100000 6.432600 0.01 0.00 1370
id05689 122.036500 6.366700 0.01 0.00 1275
id05690 122.003400 6.300000 -1.00 -1.00 -1
id05691 121.933300 6.293700 0.01 0.00 1814
id05692 121.881700 6.233300 0.01 0.00 2448
id05693 121.866700 6.134200 0.00 0.00 2636
id05694 121.866700 6.075000 0.00 0.00 2755
id05695 121.909077 6.043231 0.01 0.00 1268
id05696 121.827487 6.013199 -1.00 -1.00 -1
id05697 121.766700 6.048500 0.01 0.00 1844
id05698 121.700000 6.005600 0.00 0.00 2490
id05699 121.633300 5.999500 0.00 0.00 2224
id05700 121.568000 5.930189 0.01 0.00 1178
id05701 121.533300 5.965000 0.01 0.00 1078
id05702 121.526000 6.033300 0.00 0.00 2130
id05703 121.566700 6.099100 0.00 0.00 1695
id05704 121.586200 6.166700 0.00 0.00 2746
id05705 121.548500 6.233300 0.00 0.00 1773
id05706 121.525000 6.300000 0.00 0.00 2436
id05707 121.497000 6.366700 0.00 0.00 3071
id05708 121.433300 6.430000 0.00 0.00 2348
id05709 121.366700 6.463900 0.00 0.00 2152
id05710 121.300000 6.486700 0.00 0.00 2035
id05711 121.200000 6.496300 0.00 0.00 1826
id05712 121.123800 6.466700 0.00 0.00 1785
id05713 121.040000 6.433300 0.00 0.00 2460
id05714 120.971700 6.400000 0.00 0.00 2737
id05715 120.931600 6.366700 0.00 0.00 2629
id05716 120.868200 6.300000 0.00 0.00 2305
id05717 120.831700 6.300000 0.00 0.00 1522
id05718 120.733300 6.310700 0.00 0.00 2395
id05719 120.689300 6.266700 0.00 0.00 2234
id05720 120.613400 6.266700 0.00 0.00 1171
id05721 120.661900 6.333300 0.00 0.00 1361
id05722 120.666700 6.372900 0.00 0.00 686
id05723 120.695500 6.433300 0.00 0.00 742
id05724 120.733300 6.425900 0.00 0.00 919
id05725 120.766700 6.474400 0.00 0.00 826
id05726 120.833300 6.509700 0.00 0.00 1030
id05727 120.898300 6.566700 0.00 0.00 1214
id05728 120.966700 6.576400 0.00 0.00 545
id05729 121.033300 6.604800 0.00 0.00 1687
id05730 121.100000 6.588200 0.00 0.00 1923
id05731 121.200000 6.581000 0.00 0.00 2280
id05732 121.233300 6.650000 0.00 0.00 1849
id05733 121.266700 6.727100 0.00 0.00 1436
id05734 121.333300 6.737500 0.00 0.00 1574
id05735 121.417400 6.766700 0.00 0.00 1914
id05736 121.487400 6.800000 0.00 0.00 2080
id05737 121.533300 6.839700 0.00 0.00 1444
id05738 121.586500 6.900000 0.00 0.00 879
id05739 121.633300 6.948600 0.01 0.00 847
id05740 121.722200 6.933300 0.00 0.00 1608
id05741 121.800000 6.928300 0.00 0.00 1716
id05742 121.855600 6.966700 0.00 0.00 1709
id05743 121.881500 7.033300 0.00 0.00 1243
id05744 121.893500 7.133300 0.01 0.00 443
id05745 121.928600 7.200000 0.00 0.00 443
id05746 121.966700 7.242900 0.01 0.00 962
id05747 122.031200 7.300000 0.01 0.00 562
id05748 122.033300 7.383600 0.01 0.00 1012
id05749 122.058800 7.466700 0.00 0.00 551
id05750 122.082300 7.533300 -1.00 -1.00 -1
id05751 122.100000 7.615600 0.01 0.00 719
id05752 122.108200 7.700000 0.01 0.00 805
id05753 122.097800 7.766700 0.00 0.00 461
id05754 122.133300 7.831800 0.01 0.00 405
id05755 122.166700 7.897200 0.01 0.00 676
id05756 122.200000 7.944700 0.01 0.00 559
id05757 122.233300 8.001300 0.01 0.00 600
id05758 122.300000 8.039800 0.00 0.00 878
id05759 122.380200 8.066700 0.00 0.00 846
id05760 122.433300 8.109000 0.01 0.00 795
id05761 122.533300 8.102700 0.00 0.00 918
id05762 122.621100 8.133300 0.01 0.00 623
id05763 122.700000 8.135600 0.00 0.00 817
id05764 122.735900 8.133300 0.00 0.00 870
id05765 122.833300 8.137700 -1.00 -1.00 -1
id05766 122.918500 8.166700 0.00 0.00 791
id05767 122.966700 8.200500 0.00 0.00 1205
id05768 122.950100 8.266700 0.00 0.00 997
id05769 122.933300 8.320400 0.01 0.00 896
id05770 122.964500 8.400000 0.01 0.00 870
id05771 123.000000 8.455400 0.00 0.00 776
id05772 123.033300 8.503800 0.00 0.00 769
id05773 123.100000 8.540100 0.00 0.00 873
id05774 123.200000 8.542400 0.00 0.00 1498
id05775 123.300000 8.544800 0.00 0.00 1822
id05776 123.333300 8.625800 0.00 0.00 1701
id05777 123.366700 8.687000 0.00 0.00 1113
id05778 123.400000 8.739200 -1.00 -1.00 -1
id05779 123.466700 8.712500 0.00 0.00 1544
id05780 123.533300 8.682600 0.00 0.00 1814
id05781 123.633300 8.671700 0.00 0.00 1252
id05782 123.700000 8.649000 0.00 0.00 1421
id05783 123.766700 8.600600 0.00 0.00 772
id05784 123.786500 8.533300 0.00 0.00 892
id05785 123.830900 8.466700 0.00 0.00 696
id05786 123.843700 8.400000 0.00 0.00 786
id05787 123.868500 8.333300 0.00 0.00 736
id05788 123.865700 8.266700 0.00 0.00 810
id05789 123.879400 8.200000 0.00 0.00 1153
id05790 123.966700 8.182600 0.00 0.00 1492
id05791 124.033300 8.204500 -1.00 -1.00 -1
id05792 124.108300 8.200000 0.00 0.00 985
id05793 124.166700 8.204600 0.00 0.00 1500
id05794 124.233300 8.245300 0.00 0.00 1841
id05795 124.245396 8.335967 -1.00 -1.00 -1
id05796 124.280500 8.400000 -1.00 -1.00 -1
id05797 124.297600 8.500000 0.00 0.00 576
id05798 124.333300 8.552500 0.00 0.00 731
id05799 124.390800 8.600000 0.00 0.00 759
id05800 124.466700 8.622400 0.00 0.00 828
id05801 124.532200 8.566700 0.00 0.00 922
id05802 124.589700 8.533300 0.00 0.00 2084
id05803 124.666700 8.504100 0.00 0.00 1747
id05804 124.733300 8.496200 0.00 0.00 1859
id05805 124.743443 8.571061 -1.00 -1.00 -1
id05806 124.734100 8.666700 0.00 0.00 2111
id05807 124.763300 8.766700 0.00 0.00 840
id05808 124.778700 8.833300 -1.00 -1.00 -1
id05809 124.774900 8.933300 0.00 0.00 1477
id05810 124.800000 9.002400 0.00 0.00 637
id05811 124.897000 9.000000 -1.00 -1.00 -1
id05812 124.947700 8.966700 -1.00 -1.00 -1
id05813 125.001600 8.933300 -1.00 -1.00 -1
id05814 125.066700 8.870100 0.00 0.00 959
id05815 125.133300 8.844500 0.00 0.00 1829
id05816 125.168500 8.900000 0.00 0.00 1604
id05817 125.163651 8.999089 0.00 0.00 1040
id05818 125.194224 9.094269 0.01 0.00 879
id05819 125.253300 9.033300 0.01 0.00 565
id05820 125.322500 9.000000 0.00 0.00 1290
id05821 125.401420 8.989883 0.00 0.00 1097
id05822 125.468500 9.000000 0.00 0.00 863
id05823 125.525200 9.066700 0.00 0.00 807
id05824 125.515252 9.169932 -1.00 -1.00 -1
id05825 125.500000 9.251100 0.01 0.00 2005
id05826 125.483400 9.333300 -1.00 -1.00 -1
id05827 125.461300 9.400000 0.01 0.00 638
id05828 125.433300 9.475600 0.01 0.00 768
id05829 125.413800 9.566700 -1.00 -1.00 -1
id05830 125.394743 9.633452 0.01 0.00 771
id05831 125.396000 9.733300 -1.00 -1.00 -1
id05832 125.425300 9.800000 0.00 0.00 765
id05833 125.436500 9.866700 0.01 0.00 1569
id05834 125.433300 9.910300 0.01 0.00 1057
id05835 125.467400 9.966700 0.00 0.00 1622
id05836 125.466700 10.062900 0.01 0.00 1368
id05837 125.446400 10.133300 0.00 0.00 1041
id05838 125.466700 10.223200 0.00 0.00 3508
id05839 125.481500 10.300000 0.00 0.00 1660
id05840 125.466700 10.370800 0.00 0.00 4091
id05841 125.412800 10.433300 0.00 0.00 4141
id05842 125.333300 10.452400 0.00 0.00 3974
id05843 125.292800 10.400000 0.00 0.00 2497
id05844 125.281600 10.300000 0.00 0.00 1687
id05845 125.233300 10.244700 -1.00 -1.00 -1
id05846 125.133300 10.251000 -1.00 -1.00 -1
id05847 125.135200 10.200000 -1.00 -1.00 -1
id05848 125.187900 10.133300 -1.00 -1.00 -1
id05849 125.236439 10.082350 -1.00 -1.00 -1
id05850 125.266700 10.013800 -1.00 -1.00 -1
id05851 125.300192 9.933394 0.00 0.00 1043
id05852 125.233300 9.953600 0.01 0.00 558
id05853 125.199000 10.000000 0.01 0.00 1141
id05854 125.133300 10.064300 0.01 0.00 1200
id05855 125.115983 10.134986 -1.00 -1.00 -1
id05856 125.091700 10.200000 0.00 0.00 2843
id05857 125.060800 10.266700 0.00 0.00 3140
id05858 125.027300 10.333300 0.00 0.00 1998
id05859 124.982500 10.366700 0.01 0.00 1724
id05860 124.990500 10.266700 0.00 0.00 2686
id05861 125.000000 10.168600 -1.00 -1.00 -1
id05862 125.016821 10.104299 0.00 0.00 1342
id05863 125.000000 10.026800 0.01 0.00 896
id05864 124.940000 10.066700 0.01 0.00 723
id05865 124.886300 10.100000 0.01 0.00 509
id05866 124.800000 10.127400 0.00 0.00 1035
id05867 124.733300 10.161200 0.00 0.00 1199
id05868 124.681800 10.166700 0.00 0.00 1582
id05869 124.645300 10.100000 0.00 0.00 809
id05870 124.641400 10.000000 0.00 0.00 967
id05871 124.610700 9.933300 0.00 0.00 937
id05872 124.584300 9.866700 0.00 0.00 1800
id05873 124.598000 9.766700 0.00 0.00 517
id05874 124.535200 9.723065 -1.00 -1.00 -1
id05875 124.472062 9.742273 -1.00 -1.00 -1
id05876 124.406500 9.700000 -1.00 -1.00 -1
id05877 124.369078 9.638453 0.01 0.00 711
id05878 124.302136 9.610652 -1.00 -1.00 -1
id05879 124.233300 9.597900 0.01 0.00 594
id05880 124.194700 9.600000 0.01 0.00 612
id05881 124.100000 9.588100 -1.00 -1.00 -1
id05882 124.000000 9.596800 0.00 0.00 854
id05883 123.900000 9.595600 0.01 0.00 1019
id05884 123.833300 9.557000 0.01 0.00 727
id05885 123.733300 9.558100 0.00 0.00 717
id05886 123.740800 9.600000 0.00 0.00 1709
id05887 123.800000 9.636000 0.00 0.00 1235
id05888 123.848400 9.700000 -1.00 -1.00 -1
id05889 123.788100 9.733300 0.00 0.00 1739
id05890 123.787400 9.833300 0.00 0.00 901
id05891 123.766300 9.900000 0.01 0.00 810
id05892 123.833300 9.916000 0.01 0.00 1235
id05893 123.866700 9.987500 0.00 0.00 1758
id05894 123.901398 10.056656 0.00 0.00 2740
id05895 123.951600 10.100000 0.00 0.00 1736
id05896 123.989800 10.166700 0.00 0.00 3156
id05897 124.022200 10.233300 0.00 0.00 1819
id05898 124.073251 10.272870 0.00 0.00 2137
id05899 124.043500 10.233300 0.00 0.00 1792
id05900 124.081000 10.200000 0.00 0.00 2134
id05901 124.133100 10.266700 0.00 0.00 2028
id05902 124.200000 10.286100 0.00 0.00 1012
id05903 124.266700 10.301400 0.00 0.00 2467
id05904 124.354500 10.333300 0.00 0.00 892
id05905 124.400000 10.320700 0.00 0.00 1033
id05906 124.466700 10.281200 0.00 0.00 1079
id05907 124.533300 10.250400 0.00 0.00 1848
id05908 124.600000 10.228000 0.00 0.00 2201
id05909 124.672900 10.233300 0.00 0.00 1941
id05910 124.706900 10.300000 0.00 0.00 1958
id05911 124.697400 10.366700 0.00 0.00 2346
id05912 124.698700 10.466700 0.00 0.00 1776
id05913 124.733300 10.513300 0.01 0.00 712
id05914 124.760200 10.600000 0.00 0.00 723
id05915 124.788500 10.666700 0.00 0.00 1032
id05916 124.779700 10.766700 -1.00 -1.00 -1
id05917 124.745000 10.833300 0.00 0.00 1229
id05918 124.700000 10.882600 0.00 0.00 1294
id05919 124.655400 10.933300 0.00 0.00 1969
id05920 124.566700 10.934300 0.00 0.00 1553
id05921 124.533300 10.888200 -1.00 -1.00 -1
id05922 124.466700 10.865700 0.01 0.00 922
id05923 124.415800 10.900000 0.00 0.00 760
id05924 124.365200 10.933300 0.01 0.00 547
id05925 124.365100 11.033300 0.01 0.00 1142
id05926 124.381100 11.100000 -1.00 -1.00 -1
id05927 124.372800 11.200000 0.01 0.00 1136
id05928 124.353800 11.266700 0.01 0.00 583
id05929 124.326900 11.333300 0.01 0.00 1066
id05930 124.300000 11.415900 0.01 0.00 934
id05931 124.271400 11.500000 0.01 0.00 1484
id05932 124.256900 11.566700 0.01 0.00 926
id05933 124.300000 11.612000 0.01 0.00 1518
id05934 124.324100 11.700000 0.01 0.00 1399
id05935 124.266700 11.759400 0.01 0.00 622
id05936 124.278000 11.800000 0.01 0.00 795
id05937 124.274900 11.900000 0.01 0.00 1016
id05938 124.320200 11.966700 0.01 0.00 1222
id05939 124.366700 12.027100 0.01 0.00 2489
id05940 124.365500 12.066700 0.01 0.00 2661
id05941 124.300000 12.117800 0.01 0.00 2123
id05942 124.259000 12.066700 0.01 0.00 1439
id05943 124.184300 12.033300 0.01 0.00 645
id05944 124.140900 12.066700 0.01 0.00 2602
id05945 124.199000 12.133300 0.01 0.00 1717
id05946 124.264400 12.166700 0.01 0.00 1571
id05947 124.277800 12.233300 0.01 0.00 3856
id05948 124.261800 12.300000 0.01 0.00 4042
id05949 124.200000 12.355800 0.01 0.00 3840
id05950 124.133300 12.384800 0.01 0.00 1799
id05951 124.066700 12.354900 -1.00 -1.00 -1
id05952 124.030300 12.333300 0.01 0.00 4005
id05953 123.966700 12.332400 0.01 0.00 1630
id05954 123.931300 12.266700 0.01 0.00 1569
id05955 123.945400 12.200000 0.01 0.00 3469
id05956 123.973500 12.133300 0.01 0.00 1064
id05957 124.007900 12.066700 -1.00 -1.00 -1
id05958 124.048700 12.000000 0.01 0.00 780
id05959 124.066700 11.930900 0.01 0.00 1150
id05960 124.102500 11.866700 0.01 0.00 2762
id05961 124.094000 11.800000 0.01 0.00 1732
id05962 124.066700 11.708900 -1.00 -1.00 -1
id05963 124.016100 11.666700 0.01 0.00 1015
id05964 124.053000 11.600000 0.01 0.00 1032
id05965 124.100000 11.541100 0.01 0.00 1208
id05966 124.118200 11.466700 0.01 0.00 1593
id05967 124.120800 11.366700 0.01 0.00 1886
id05968 124.100000 11.293000 0.01 0.00 913
id05969 124.066700 11.222100 -1.00 -1.00 -1
id05970 124.037300 11.133300 0.00 0.00 858
id05971 124.033300 11.095100 0.00 0.00 926
id05972 124.047700 11.000000 0.01 0.00 868
id05973 124.051868 10.901389 0.01 0.00 702
id05974 124.036097 10.810912 -1.00 -1.00 -1
id05975 124.013900 10.733300 0.01 0.00 750
id05976 124.030180 10.633840 0.00 0.00 734
id05977 124.034100 10.566700 0.00 0.00 910
id05978 124.033300 10.499100 0.00 0.00 884
id05979 124.006400 10.400000 -1.00 -1.00 -1
id05980 124.040000 10.333300 0.00 0.00 1860
id05981 124.004977 10.284570 -1.00 -1.00 -1
id05982 123.933300 10.255600 0.00 0.00 2344
id05983 123.856000 10.233300 0.00 0.00 1994
id05984 123.766700 10.209600 -1.00 -1.00 -1
id05985 123.720400 10.166700 0.01 0.00 1044
id05986 123.684264 10.099809 0.00 0.00 1826
id05987 123.638400 10.033300 0.00 0.00 898
id05988 123.630600 9.966700 0.00 0.00 1185
id05989 123.602300 9.866700 0.00 0.00 1582
id05990 123.566700 9.816200 0.00 0.00 1132
id05991 123.533300 9.752700 -1.00 -1.00 -1
id05992 123.503100 9.666700 -1.00 -1.00 -1
id05993 123.483100 9.600000 0.01 0.00 1013
id05994 123.445200 9.533300 0.01 0.00 907
id05995 123.400000 9.477600 -1.00 -1.00 -1
id05996 123.366700 9.425700 0.00 0.00 659
id05997 123.305500 9.366700 0.00 0.00 666
id05998 123.307600 9.266700 -1.00 -1.00 -1
id05999 123.278900 9.200000 0.01 0.00 944
id06000 123.233300 9.138900 0.00 0.00 1087
id06001 123.200000 9.093400 0.00 0.00 892
id06002 123.136902 9.053131 -1.00 -1.00 -1
id06003 123.034813 9.046179 -1.00 -1.00 -1
id06004 122.946500 9.066700 0.01 0.00 596
id06005 122.900000 9.131800 0.01 0.00 791
id06006 122.867200 9.200000 0.01 0.00 858
id06007 122.861800 9.266700 0.01 0.00 918
id06008 122.821900 9.333300 0.00 0.00 1032
id06009 122.733300 9.362800 0.00 0.00 892
id06010 122.666700 9.381500 -1.00 -1.00 -1
id06011 122.600000 9.427600 0.01 0.00 731
id06012 122.561300 9.466700 0.00 0.00 784
id06013 122.500000 9.533300 0.01 0.00 757
id06014 122.464500 9.566700 0.01 0.00 1008
id06015 122.425300 9.633300 0.01 0.00 491
id06016 122.366700 9.696400 0.01 0.00 779
id06017 122.371500 9.733300 0.01 0.00 682
id06018 122.353600 9.800000 0.01 0.00 896
id06019 122.366700 9.884100 0.01 0.00 1298
id06020 122.400000 9.951200 0.00 0.00 1109
id06021 122.466700 9.989200 0.00 0.00 2369
id06022 122.533300 10.000800 0.00 0.00 1282
id06023 122.627300 10.033300 0.00 0.00 2654
id06024 122.666700 10.084600 0.00 0.00 982
id06025 122.695000 10.166700 0.00 0.00 1971
id06026 122.666700 10.252800 0.00 0.00 2415
id06027 122.600000 10.299300 0.00 0.00 1602
id06028 122.554000 10.333300 0.00 0.00 945
id06029 122.500000 10.393900 0.00 0.00 1484
id06030 122.470800 10.466700 0.00 0.00 2359
id06031 122.466700 10.527800 0.00 0.00 1688
id06032 122.466700 10.592300 0.00 0.00 2236
id06033 122.431300 10.633300 0.00 0.00 2733
id06034 122.333300 10.661300 0.00 0.00 1042
id06035 122.241100 10.633300 0.00 0.00 1525
id06036 122.166700 10.600000 0.00 0.00 1666
id06037 122.100000 10.572600 0.00 0.00 1484
id06038 122.075296 10.519244 0.01 0.00 1209
id06039 122.029178 10.458254 0.00 0.00 562
id06040 121.966700 10.409400 -1.00 -1.00 -1
id06041 121.904700 10.466700 0.01 0.00 655
id06042 121.934400 10.533300 0.01 0.00 1326
id06043 121.954200 10.633300 0.00 0.00 1199
id06044 121.933300 10.725900 0.00 0.00 1383
id06045 121.933200 10.800000 0.01 0.00 617
id06046 121.959000 10.866700 0.00 0.00 720
id06047 121.983721 10.937074 -1.00 -1.00 -1
id06048 122.027800 11.000000 0.00 0.00 987
id06049 122.037870 11.063680 0.01 0.00 1784
id06050 122.029600 11.133300 0.00 0.00 1695
id06051 122.033300 11.213200 0.01 0.00 791
id06052 122.030700 11.266700 0.00 0.00 1417
id06053 122.033300 11.358900 0.01 0.00 1131
id06054 122.025100 11.400000 0.01 0.00 1391
id06055 122.041400 11.466700 0.01 0.00 866
id06056 122.068000 11.533300 0.01 0.00 1360
id06057 122.079100 11.633300 0.01 0.00 981
id06058 122.066700 11.718100 0.01 0.00 1448
id06059 121.992300 11.733300 0.01 0.00 2048
id06060 121.902227 11.752696 0.01 0.00 1111
id06061 121.861300 11.800000 0.01 0.00 1016
id06062 121.870392 11.866920 0.01 0.00 858
id06063 121.898100 11.966700 0.01 0.00 1290
id06064 121.925700 12.033300 0.01 0.00 1060
id06065 121.965921 12.074547 -1.00 -1.00 -1
id06066 121.946600 11.966700 0.01 0.00 1303
id06067 122.000000 11.910600 0.01 0.00 1421
id06068 122.059200 11.866700 0.01 0.00 1345
id06069 122.133300 11.837800 0.00 0.00 1521
id06070 122.233300 11.861100 0.01 0.00 998
id06071 122.269700 11.800000 0.00 0.00 1117
id06072 122.333300 11.743300 0.01 0.00 903
id06073 122.400000 11.707700 -1.00 -1.00 -1
id06074 122.466700 11.667300 0.01 0.00 1897
id06075 122.533300 11.707500 0.01 0.00 1038
id06076 122.608500 11.700000 0.01 0.00 1191
id06077 122.693900 11.700000 0.01 0.00 1447
id06078 122.733300 11.765600 0.01 0.00 1046
id06079 122.758200 11.833300 0.01 0.00 359
id06080 122.790600 11.900000 0.01 0.00 471
id06081 122.833300 11.947400 0.01 0.00 1051
id06082 122.900000 11.974100 0.01 0.00 766
id06083 122.966700 12.000000 0.01 0.00 659
id06084 123.033300 12.038500 0.01 0.00 1650
id06085 123.092900 12.100000 0.01 0.00 1248
id06086 123.126300 12.166700 0.01 0.00 1443
id06087 123.147200 12.233300 0.01 0.00 1266
id06088 123.166700 12.300000 0.01 0.00 2284
id06089 123.191300 12.400000 0.01 0.00 1758
id06090 123.185200 12.500000 0.01 0.00 518
id06091 123.213400 12.566700 0.01 0.00 1121
id06092 123.250400 12.600000 -1.00 -1.00 -1
id06093 123.332500 12.566700 -1.00 -1.00 -1
id06094 123.369000 12.533300 0.00 0.00 1222
id06095 123.466700 12.502700 -1.00 -1.00 -1
id06096 123.519900 12.466700 0.01 0.00 1322
id06097 123.571700 12.433300 -1.00 -1.00 -1
id06098 123.639118 12.376603 0.01 0.00 3629
id06099 123.698200 12.333300 -1.00 -1.00 -1
id06100 123.733300 12.278800 0.01 0.00 2817
id06101 123.800000 12.259500 0.01 0.00 2426
id06102 123.800000 12.315400 0.01 0.00 2703
id06103 123.765100 12.366700 0.01 0.00 1535
id06104 123.711963 12.430503 -1.00 -1.00 -1
id06105 123.666700 12.492000 0.01 0.00 868
id06106 123.633300 12.545200 -1.00 -1.00 -1
id06107 123.598200 12.600000 0.01 0.00 812
id06108 123.593400 12.700000 0.01 0.00 1594
id06109 123.643100 12.700000 0.01 0.00 3382
id06110 123.700000 12.651000 0.01 0.00 2664
id06111 123.743400 12.600000 0.01 0.00 1057
id06112 123.775400 12.533300 0.01 0.00 2017
id06113 123.833300 12.487000 0.01 0.00 1459
id06114 123.886700 12.533300 0.01 0.00 2250
id06115 123.868200 12.633300 0.01 0.00 3029
id06116 123.838800 12.700000 0.01 0.00 1837
id06117 123.814400 12.766700 0.00 0.00 9521
id06118 123.766700 12.811100 0.00 0.00 4207
id06119 123.700000 12.846000 0.00 0.00 6818
id06120 123.630200 12.866700 0.01 0.00 2247
id06121 123.566700 12.913800 0.01 0.00 806
id06122 123.500000 12.963300 0.01 0.00 713
id06123 123.445700 13.000000 0.01 0.00 1108
id06124 123.366700 13.011900 -1.00 -1.00 -1
id06125 123.279900 13.033300 0.01 0.00 1154
id06126 123.233300 13.075000 0.01 0.00 1641
id06127 123.169800 13.033300 0.01 0.00 1571
id06128 123.200000 12.936700 0.01 0.00 1823
id06129 123.266700 12.906200 -1.00 -1.00 -1
id06130 123.296500 12.833300 0.01 0.00 584
id06131 123.300000 12.777000 0.02 0.00 438
id06132 123.233300 12.832800 0.01 0.00 559
id06133 123.171000 12.866700 0.01 0.00 642
id06134 123.128500 12.900000 0.01 0.00 648
id06135 123.066700 12.960000 0.01 0.00 584
id06136 123.000000 12.997500 0.01 0.00 812
id06137 122.938600 13.033300 0.01 0.00 1166
id06138 122.900800 13.100000 0.00 0.00 1268
id06139 122.833300 13.125900 0.01 0.00 1057
id06140 122.756800 13.133300 0.00 0.00 1531
id06141 122.700000 13.170900 0.01 0.00 906
id06142 122.628700 13.166700 0.01 0.00 773
id06143 122.566700 13.175400 -1.00 -1.00 -1
id06144 122.519000 13.233300 0.01 0.00 571
id06145 122.485100 13.300000 0.01 0.00 711
id06146 122.481900 13.400000 -1.00 -1.00 -1
id06147 122.433300 13.444700 0.00 0.00 1470
id06148 122.376600 13.500000 0.00 0.00 1901
id06149 122.333300 13.546800 0.00 0.00 1129
id06150 122.233300 13.546200 0.00 0.00 3570
id06151 122.200000 13.475800 0.01 0.00 705
id06152 122.168900 13.400000 0.00 0.00 1612
id06153 122.133300 13.352600 -1.00 -1.00 -1
id06154 122.072600 13.300000 -1.00 -1.00 -1
id06155 122.054600 13.233300 0.01 0.00 1002
id06156 122.000000 13.197000 0.01 0.00 1038
id06157 121.938900 13.233300 0.00 0.00 3262
id06158 121.866700 13.243300 0.00 0.00 1045
id06159 121.822500 13.300000 0.01 0.00 1312
id06160 121.806600 13.400000 0.00 0.00 1555
id06161 121.825300 13.500000 0.00 0.00 1264
id06162 121.836100 13.566700 0.00 0.00 3481
id06163 121.900000 13.546500 0.00 0.00 3641
id06164 121.966700 13.578700 0.00 0.00 4065
id06165 122.016700 13.633300 0.00 0.00 3986
id06166 122.000000 13.716700 0.00 0.00 4935
id06167 121.950700 13.766700 0.00 0.00 4608
id06168 121.900000 13.807100 0.00 0.00 4240
id06169 121.833300 13.838900 0.00 0.00 2239
id06170 121.733300 13.861100 0.00 0.00 1165
id06171 121.666700 13.887000 0.00 0.00 2442
id06172 121.577500 13.866700 0.00 0.00 3017
id06173 121.509700 13.833300 0.00 0.00 5292
id06174 121.466700 13.787600 0.00 0.00 1202
id06175 121.466700 13.703800 -1.00 -1.00 -1
id06176 121.443100 13.666700 0.00 0.00 4086
id06177 121.366700 13.647600 -1.00 -1.00 -1
id06178 121.300000 13.600600 0.00 0.00 3667
id06179 121.252900 13.600000 0.00 0.00 3123
id06180 121.166700 13.627300 0.00 0.00 1540
id06181 121.066700 13.609800 0.01 0.00 668
id06182 121.025100 13.666700 0.00 0.00 4302
id06183 121.000000 13.756200 0.00 0.00 1872
id06184 120.933300 13.713000 -1.00 -1.00 -1
id06185 120.933300 13.658400 -1.00 -1.00 -1
id06186 120.966700 13.632200 0.00 0.00 4401
id06187 120.869200 13.633300 0.01 0.00 1248
id06188 120.832300 13.666700 0.01 0.00 1095
id06189 120.866700 13.715600 0.00 0.00 3281
id06190 120.905500 13.766700 0.00 0.00 2034
id06191 120.891000 13.833300 0.00 0.00 2809
id06192 120.833300 13.897900 0.00 0.00 2951
id06193 120.766700 13.914700 0.00 0.00 3363
id06194 120.725200 13.866700 0.00 0.00 2077
id06195 120.666200 13.833300 0.00 0.00 1154
id06196 120.677991 13.779586 0.00 0.00 1867
id06197 120.613503 13.831022 -1.00 -1.00 -1
id06198 120.600000 13.908300 0.00 0.00 1649
id06199 120.566700 13.981200 0.00 0.00 1360
id06200 120.500000 14.027400 0.01 0.00 663
id06201 120.460900 14.066700 0.01 0.00 641
id06202 120.487900 14.133300 0.01 0.00 907
id06203 120.522200 14.200000 0.00 0.00 2872
id06204 120.557400 14.266700 0.00 0.00 2276
id06205 120.533300 14.348000 0.00 0.00 2582
id06206 120.466700 14.391400 0.00 0.00 2238
id06207 120.400000 14.420100 0.00 0.00 1128
id06208 120.333300 14.433300 0.01 0.00 1117
id06209 120.296800 14.500000 0.01 0.00 697
id06210 120.240000 14.566700 0.01 0.00 885
id06211 120.238300 14.666700 0.01 0.00 681
id06212 120.200000 14.706300 0.00 0.00 931
id06213 120.133300 14.699700 0.01 0.00 764
id06214 120.073600 14.733300 0.01 0.00 817
id06215 120.061800 14.800000 0.01 0.00 544
id06216 120.033300 14.883100 0.00 0.00 2081
id06217 119.990900 14.933300 0.00 0.00 2757
id06218 119.966700 15.001000 0.00 0.00 2089
id06219 119.958500 15.100000 0.00 0.00 4596
id06220 119.977100 15.166700 0.01 0.00 798
id06221 119.964300 15.233300 0.01 0.00 817
id06222 119.930400 15.300000 0.01 0.00 1109
id06223 119.896600 15.366700 0.01 0.00 601
id06224 119.892600 15.466700 0.00 0.00 963
id06225 119.894400 15.566700 0.00 0.00 1039
id06226 119.866700 15.643300 0.01 0.00 430
id06227 119.826700 15.700000 0.00 0.00 1420
id06228 119.787500 15.766700 0.01 0.00 858
id06229 119.780600 15.866700 0.00 0.00 1051
id06230 119.757990 15.933198 0.01 0.00 829
id06231 119.761400 16.033300 0.00 0.00 2119
id06232 119.765700 16.133300 0.01 0.00 734
id06233 119.766700 16.220400 0.00 0.00 2091
id06234 119.775300 16.300000 -1.00 -1.00 -1
id06235 119.826800 16.366700 0.00 0.00 577
id06236 119.860000 16.433300 0.01 0.00 409
id06237 119.900000 16.470700 0.01 0.00 813
id06238 120.000000 16.478600 0.00 0.00 1548
id06239 120.070400 16.500000 0.00 0.00 1129
id06240 120.133300 16.537200 0.00 0.00 1569
id06241 120.200000 16.570900 0.01 0.00 1189
id06242 120.263600 16.633300 0.00 0.00 1266
id06243 120.300000 16.690600 0.01 0.00 742
id06244 120.321400 16.766700 0.00 0.00 1341
id06245 120.333300 16.847200 0.00 0.00 1912
id06246 120.384900 16.900000 0.00 0.00 1083
id06247 120.422900 16.966700 0.00 0.00 1267
id06248 120.431700 17.066700 0.00 0.00 2198
id06249 120.424600 17.166700 0.00 0.00 1384
id06250 120.416700 17.266700 -1.00 -1.00 -1
id06251 120.433300 17.356300 0.01 0.00 1005
id06252 120.435700 17.433300 0.01 0.00 1151
id06253 120.400000 17.480500 0.00 0.00 1307
id06254 120.333300 17.518800 0.00 0.00 1515
id06255 120.333300 17.595900 0.01 0.00 765
id06256 120.348700 17.666700 0.00 0.00 786
id06257 120.385400 17.733300 0.00 0.00 1297
id06258 120.390000 17.833300 0.00 0.00 926
id06259 120.409100 17.900000 0.00 0.00 2017
id06260 120.433300 17.972000 0.00 0.00 1518
id06261 120.446600 18.066700 0.00 0.00 1740
id06262 120.466700 18.133300 0.01 0.00 694
id06263 120.500000 18.214200 0.01 0.00 744
id06264 120.539400 18.266700 0.00 0.00 937
id06265 120.560600 18.366700 0.01 0.00 476
id06266 120.548100 18.466700 0.01 0.00 910
id06267 120.572000 18.533300 0.01 0.00 636
id06268 120.666700 18.549600 0.01 0.00 745
id06269 120.756800 18.566700 0.00 0.00 1095
id06270 120.774100 18.633300 0.01 0.00 1019
id06271 120.433300 13.535000 -1.00 -1.00 -1
id06272 120.437800 13.533300 -1.00 -1.00 -1
id06273 120.466700 13.514300 0.01 0.00 834
id06274 120.500000 13.512200 0.01 0.00 1976
id06275 120.533300 13.509900 0.01 0.00 2632
id06276 120.566700 13.506400 -1.00 -1.00 -1
id06277 120.600000 13.503500 -1.00 -1.00 -1
id06278 120.617500 13.500000 0.01 0.00 546
id06279 120.633300 13.496200 0.01 0.00 546
id06280 120.666700 13.497300 -1.00 -1.00 -1
id06281 120.700000 13.493900 0.01 0.00 2043
id06282 120.733300 13.478100 0.01 0.00 4597
id06283 120.766700 13.474300 -1.00 -1.00 -1
id06284 120.800000 13.479800 0.01 0.00 2460
id06285 120.833300 13.484800 0.01 0.00 1496
id06286 120.854600 13.500000 -1.00 -1.00 -1
id06287 120.866700 13.505800 -1.00 -1.00 -1
id06288 120.900000 13.510900 0.01 0.00 1120
id06289 120.933300 13.517900 0.01 0.00 1146
id06290 120.965200 13.533300 0.01 0.00 896
id06291 120.966700 13.533900 0.01 0.00 896
id06292 120.967800 13.533300 0.01 0.00 896
id06293 120.975800 13.500000 0.01 0.00 1565
id06294 121.000000 13.475000 0.01 0.00 1565
id06295 121.010300 13.466700 0.01 0.00 2296
id06296 121.033300 13.443400 0.01 0.00 2296
id06297 121.046100 13.433300 0.01 0.00 1319
id06298 121.066700 13.414900 0.01 0.00 1319
id06299 121.100000 13.417500 0.01 0.00 1582
id06300 121.132000 13.433300 0.01 0.00 1353
id06301 121.133300 13.433900 0.01 0.00 1353
id06302 121.155591 13.465878 0.01 0.00 2711
id06303 121.165591 13.477134 0.01 0.00 3109
id06304 121.200000 13.472900 0.01 0.00 3224
id06305 121.214800 13.466700 0.01 0.00 3101
id06306 121.228700 13.433300 0.01 0.00 2063
id06307 121.233300 13.427400 0.01 0.00 2063
id06308 121.249600 13.400000 0.01 0.00 1844
id06309 121.266700 13.384900 0.01 0.00 1844
id06310 121.298000 13.366700 0.01 0.00 1095
id06311 121.300000 13.364800 0.01 0.00 1095
id06312 121.333300 13.335100 0.01 0.00 988
id06313 121.335500 13.333300 0.01 0.00 988
id06314 121.366700 13.302100 0.01 0.00 1289
id06315 121.368900 13.300000 0.01 0.00 1289
id06316 121.400000 13.269800 0.01 0.00 1001
id06317 121.403400 13.266700 0.01 0.00 1001
id06318 121.433300 13.245800 0.01 0.00 1169
id06319 121.444200 13.233300 0.01 0.00 1597
id06320 121.466200 13.200000 0.01 0.00 1669
id06321 121.466700 13.197000 0.01 0.00 1669
id06322 121.500000 13.168600 0.01 0.00 1231
id06323 121.502200 13.166700 0.01 0.00 1231
id06324 121.533300 13.152600 0.01 0.00 2502
id06325 121.546500 13.133300 0.01 0.00 3235
id06326 121.562300 13.100000 0.00 0.00 3288
id06327 121.538100 13.066700 0.01 0.00 1739
id06328 121.533300 13.060200 0.01 0.00 1739
id06329 121.507900 13.033300 0.01 0.00 1328
id06330 121.500900 13.000000 0.01 0.00 1755
id06331 121.505100 12.966700 -1.00 -1.00 -1
id06332 121.507200 12.933300 0.01 0.00 1282
id06333 121.500500 12.900000 0.01 0.00 1938
id06334 121.501200 12.866700 0.01 0.00 1462
id06335 121.500000 12.848100 0.01 0.00 1462
id06336 121.498200 12.833300 0.01 0.00 1274
id06337 121.492100 12.800000 0.01 0.00 1383
id06338 121.498600 12.766700 0.01 0.00 1177
id06339 121.500000 12.764900 0.01 0.00 1177
id06340 121.515100 12.733300 0.01 0.00 835
id06341 121.533300 12.714500 0.01 0.00 835
id06342 121.542200 12.700000 0.01 0.00 1770
id06343 121.549900 12.666700 0.01 0.00 1166
id06344 121.551400 12.633300 0.01 0.00 930
id06345 121.547400 12.600000 0.01 0.00 1439
id06346 121.536000 12.566700 0.01 0.00 981
id06347 121.533300 12.560000 0.01 0.00 981
id06348 121.514300 12.533300 0.01 0.00 1523
id06349 121.500000 12.514200 0.01 0.00 1174
id06350 121.486700 12.500000 0.01 0.00 1460
id06351 121.468500 12.466700 0.01 0.00 1344
id06352 121.466700 12.461900 0.01 0.00 1344
id06353 121.452900 12.433300 0.01 0.00 1294
id06354 121.450200 12.400000 0.01 0.00 1261
id06355 121.464500 12.366700 0.01 0.00 1319
id06356 121.437600 12.333300 0.01 0.00 1213
id06357 121.433300 12.305300 0.01 0.00 1149
id06358 121.431500 12.300000 0.01 0.00 1149
id06359 121.433300 12.290000 0.01 0.00 1149
id06360 121.436700 12.266700 0.01 0.00 1452
id06361 121.448500 12.233300 0.01 0.00 1210
id06362 121.452500 12.200000 0.01 0.00 1111
id06363 121.433300 12.169600 0.01 0.00 1433
id06364 121.430600 12.166700 0.01 0.00 1433
id06365 121.408100 12.133300 0.01 0.00 952
id06366 121.405500 12.100000 -1.00 -1.00 -1
id06367 121.409100 12.066700 0.01 0.00 907
id06368 121.429327 12.035964 0.01 0.00 1565
id06369 121.416800 12.000000 0.01 0.00 1802
id06370 121.400000 11.984200 -1.00 -1.00 -1
id06371 121.366700 11.998900 0.01 0.00 1527
id06372 121.365300 12.000000 0.01 0.00 1527
id06373 121.348700 12.033300 0.01 0.00 1913
id06374 121.333300 12.063100 0.01 0.00 1605
id06375 121.331700 12.066700 0.01 0.00 1605
id06376 121.327600 12.100000 0.01 0.00 1679
id06377 121.327500 12.133300 0.01 0.00 1990
id06378 121.313500 12.166700 0.01 0.00 2006
id06379 121.300000 12.178000 0.01 0.00 1965
id06380 121.266700 12.189000 0.01 0.00 3215
id06381 121.233300 12.191300 0.01 0.00 2174
id06382 121.200000 12.190700 0.01 0.00 2534
id06383 121.166700 12.183900 0.01 0.00 2266
id06384 121.157400 12.166700 0.01 0.00 2316
id06385 121.133300 12.155600 -1.00 -1.00 -1
id06386 121.100000 12.155500 0.01 0.00 2142
id06387 121.066700 12.162000 0.01 0.00 2617
id06388 121.051300 12.166700 0.01 0.00 2617
id06389 121.033300 12.178500 -1.00 -1.00 -1
id06390 121.010419 12.197091 -1.00 -1.00 -1
id06391 121.017967 12.236289 -1.00 -1.00 -1
id06392 121.019000 12.266700 0.01 0.00 1459
id06393 121.007000 12.300000 0.01 0.00 4795
id06394 121.000000 12.316700 0.01 0.00 4803
id06395 120.999100 12.333300 0.01 0.00 4803
id06396 121.000000 12.341500 0.01 0.00 4803
id06397 121.015200 12.366700 0.01 0.00 746
id06398 121.000000 12.392300 0.01 0.00 1089
id06399 120.998100 12.400000 0.01 0.00 1089
id06400 120.966700 12.430200 0.01 0.00 1140
id06401 120.964700 12.433300 0.01 0.00 1140
id06402 120.943600 12.466700 0.01 0.00 2207
id06403 120.933300 12.477900 0.01 0.00 2098
id06404 120.923900 12.500000 0.01 0.00 2098
id06405 120.914100 12.533300 -1.00 -1.00 -1
id06406 120.919600 12.566700 0.01 0.00 960
id06407 120.919100 12.600000 0.01 0.00 909
id06408 120.900000 12.628900 0.01 0.00 967
id06409 120.898300 12.633300 0.01 0.00 967
id06410 120.868000 12.666700 0.01 0.00 963
id06411 120.866700 12.667500 0.01 0.00 963
id06412 120.833300 12.696200 0.01 0.00 1866
id06413 120.826800 12.700000 0.01 0.00 1866
id06414 120.798144 12.719777 0.01 0.00 2828
id06415 120.788589 12.731519 0.01 0.00 2828
id06416 120.783500 12.766700 -1.00 -1.00 -1
id06417 120.766700 12.790500 0.01 0.00 1638
id06418 120.759100 12.800000 0.01 0.00 1638
id06419 120.745600 12.833300 0.01 0.00 413
id06420 120.736400 12.866700 0.01 0.00 1628
id06421 120.737900 12.900000 0.01 0.00 702
id06422 120.733300 12.909700 0.01 0.00 472
id06423 120.728600 12.933300 0.01 0.00 472
id06424 120.706000 12.966700 0.01 0.00 520
id06425 120.700000 12.974800 0.01 0.00 520
id06426 120.694100 13.000000 0.01 0.00 816
id06427 120.688300 13.033300 0.01 0.00 515
id06428 120.681800 13.066700 0.01 0.00 764
id06429 120.672500 13.100000 0.01 0.00 566
id06430 120.666700 13.110500 0.01 0.00 772
id06431 120.653900 13.133300 0.01 0.00 772
id06432 120.633300 13.155600 0.01 0.00 1304
id06433 120.623200 13.166700 0.01 0.00 1304
id06434 120.600000 13.185900 0.01 0.00 1286
id06435 120.585400 13.200000 0.01 0.00 1286
id06436 120.566700 13.210600 -1.00 -1.00 -1
id06437 120.533300 13.224300 0.01 0.00 574
id06438 120.522000 13.233300 0.01 0.00 574
id06439 120.500000 13.258000 0.01 0.00 445
id06440 120.491000 13.266700 0.01 0.00 445
id06441 120.466700 13.296600 0.02 0.00 435
id06442 120.463000 13.300000 0.02 0.00 435
id06443 120.433300 13.333100 0.02 0.00 427
id06444 120.433000 13.333300 0.02 0.00 427
id06445 120.400000 13.362200 0.01 0.00 389
id06446 120.391700 13.366700 0.01 0.00 389
id06447 120.366700 13.371900 0.02 0.00 386
id06448 120.333300 13.390600 0.01 0.00 505
id06449 120.323400 13.400000 0.01 0.00 505
id06450 120.300000 13.433200 0.02 0.00 661
id06451 120.300000 13.433300 0.02 0.00 661
id06452 120.300000 13.434100 0.02 0.00 661
id06453 120.304900 13.466700 0.01 0.00 5237
id06454 120.331893 13.495711 0.01 0.00 321
id06455 120.338200 13.500000 0.01 0.00 321
id06456 120.364795 13.517005 0.01 0.00 773
id06457 120.400000 13.526300 -1.00 -1.00 -1
id06458 120.426800 13.533300 -1.00 -1.00 -1
id06459 119.006700 5.000000 0.00 0.00 2391
id06460 119.100000 5.040700 0.00 0.00 2319
id06461 119.200000 5.092900 0.00 0.00 1739
id06462 119.266700 5.158100 0.00 0.00 940
id06463 119.299200 5.266700 0.00 0.00 1834
id06464 119.271500 5.400000 0.00 0.00 1876
id06465 119.202000 5.466700 0.00 0.00 2005
id06466 119.133300 5.505700 0.00 0.00 1623
id06467 119.033300 5.560900 0.00 0.00 1469
id06468 118.966700 5.602500 0.00 0.00 2115
id06469 118.872200 5.666700 0.00 0.00 1248
id06470 118.800000 5.716700 0.00 0.00 1589
id06471 118.800000 5.800000 0.00 0.00 982
id06472 118.766700 5.900000 0.00 0.00 1059
id06473 118.633300 5.895200 0.00 0.00 1809
id06474 118.566700 5.966700 0.00 0.00 1087
id06475 118.533300 6.033300 0.00 0.00 1091
id06476 118.500000 6.103000 0.00 0.00 1297
id06477 118.500000 6.200000 0.00 0.00 1973
id06478 118.433300 6.200000 0.00 0.00 2437
id06479 118.366700 6.280000 0.00 0.00 1656
id06480 118.266700 6.328600 0.00 0.00 1503
id06481 118.227800 6.400000 0.00 0.00 1098
id06482 118.193300 6.500000 0.00 0.00 1857
id06483 118.166700 6.600000 0.00 0.00 2253
id06484 118.200000 6.700000 0.00 0.00 1556
id06485 118.272200 6.733300 0.00 0.00 1769
id06486 118.283300 6.800000 0.00 0.00 2266
id06487 118.225000 6.866700 0.01 0.00 757
id06488 118.133300 6.920000 0.00 0.00 1574
id06489 118.070000 7.000000 0.00 0.00 1681
id06490 118.000000 7.055600 0.00 0.00 2625
id06491 117.933300 7.133300 0.00 0.00 2328
id06492 117.933300 7.233300 0.00 0.00 2906
id06493 117.866700 7.333300 0.00 0.00 3839
id06494 117.800000 7.377800 0.00 0.00 4166
id06495 117.711100 7.433300 0.01 0.00 5389
id06496 117.633300 7.500000 0.01 0.00 3309
id06497 117.566700 7.566700 0.01 0.00 4743
id06498 117.508300 7.633300 0.01 0.00 10342
id06499 117.446700 7.700000 0.01 0.00 8567
id06500 117.396500 7.766700 0.01 0.00 8301
id06501 117.354900 7.866700 0.01 0.00 10458
id06502 117.320400 7.966700 0.01 0.00 7501
id06503 117.300000 8.066700 0.01 0.00 7635
id06504 117.333300 8.133300 0.01 0.00 8298
id06505 117.400000 8.216700 0.01 0.00 7251
id06506 117.466700 8.287000 0.01 0.00 7815
id06507 117.566700 8.329200 0.01 0.00 8253
id06508 117.612300 8.400000 0.01 0.00 4733
id06509 117.643900 8.500000 0.00 0.00 7488
id06510 117.700000 8.597900 0.00 0.00 2963
id06511 117.766700 8.654100 0.01 0.00 2426
id06512 117.833300 8.717100 0.00 0.00 4301
id06513 117.900000 8.798500 0.00 0.00 3840
id06514 117.966700 8.854000 0.00 0.00 4843
id06515 118.054400 8.900000 0.01 0.00 4598
id06516 118.151900 8.933300 0.01 0.00 5522
id06517 118.200000 9.023100 0.00 0.00 5339
id06518 118.300000 8.981200 0.01 0.00 1718
id06519 118.382600 9.033300 0.01 0.00 493
id06520 118.366700 9.107100 0.00 0.00 1425
id06521 118.466700 9.139400 0.00 0.00 982
id06522 118.501600 9.100000 0.00 0.00 809
id06523 118.574500 9.166700 0.00 0.00 1738
id06524 118.689400 9.200000 0.00 0.00 1552
id06525 118.700000 9.272700 0.00 0.00 1011
id06526 118.660000 9.366700 0.00 0.00 1740
id06527 118.676200 9.466700 0.00 0.00 693
id06528 118.703900 9.566700 0.00 0.00 1214
id06529 118.761300 9.666700 0.00 0.00 1117
id06530 118.803600 9.733300 0.00 0.00 1743
id06531 118.890500 9.800000 0.00 0.00 2100
id06532 118.945800 9.766700 0.00 0.00 1600
id06533 119.033300 9.731300 0.00 0.00 659
id06534 119.033300 9.810300 0.00 0.00 1654
id06535 118.944400 9.866700 0.00 0.00 810
id06536 118.978000 9.966700 0.00 0.00 1019
id06537 119.066700 10.005800 0.00 0.00 1214
id06538 119.200000 10.005900 0.01 0.00 618
id06539 119.253858 10.098071 0.00 0.00 2999
id06540 119.333300 10.166700 0.01 0.00 4162
id06541 119.433300 10.174600 0.01 0.00 4949
id06542 119.566700 10.166700 0.00 0.00 6195
id06543 119.666700 10.135600 0.00 0.00 2051
id06544 119.766700 10.130600 0.01 0.00 1005
id06545 119.800000 10.214600 0.00 0.00 2026
id06546 119.866700 10.298400 0.00 0.00 1257
id06547 119.933300 10.353300 0.00 0.00 1755
id06548 119.966700 10.440400 0.00 0.00 2272
id06549 120.066700 10.485700 0.00 0.00 1875
id06550 120.166700 10.513600 0.00 0.00 2065
id06551 120.266700 10.480000 0.00 0.00 1548
id06552 120.333300 10.422900 0.01 0.00 2293
id06553 120.466700 10.423100 0.01 0.00 1091
id06554 120.566700 10.462400 0.01 0.00 1064
id06555 120.647900 10.500000 0.01 0.00 672
id06556 120.766700 10.523600 0.00 0.00 1039
id06557 120.900000 10.517500 0.01 0.00 978
id06558 120.966700 10.464100 0.01 0.00 1023
id06559 121.089400 10.466700 0.01 0.00 1349
id06560 121.166700 10.524800 0.01 0.00 1237
id06561 121.200000 10.633300 0.01 0.00 979
id06562 121.215000 10.733300 0.00 0.00 1054
id06563 121.256100 10.833300 0.00 0.00 1181
id06564 121.298600 10.933300 0.00 0.00 1319
id06565 121.300000 11.033300 0.00 0.00 1544
id06566 121.266700 11.127800 0.01 0.00 1724
id06567 121.200000 11.200000 0.01 0.00 2174
id06568 121.133300 11.247000 0.01 0.00 1473
id06569 121.033300 11.287100 0.01 0.00 1627
id06570 120.940900 11.333300 0.01 0.00 1417
id06571 120.897600 11.400000 0.01 0.00 1837
id06572 120.833300 11.481400 0.01 0.00 2879
id06573 120.721200 11.466700 0.01 0.00 2047
id06574 120.633300 11.405000 0.01 0.00 3160
id06575 120.533300 11.382100 0.01 0.00 3016
id06576 120.433300 11.422200 0.01 0.00 1868
id06577 120.366700 11.500000 0.01 0.00 2924
id06578 120.338500 11.600000 0.01 0.00 3402
id06579 120.358300 11.733300 0.01 0.00 1878
id06580 120.389400 11.833300 0.01 0.00 4504
id06581 120.406700 11.933300 0.01 0.00 2682
id06582 120.412000 12.066700 0.01 0.00 1687
id06583 120.420600 12.200000 0.01 0.00 1664
id06584 120.381500 12.300000 0.01 0.00 1214
id06585 120.333300 12.379200 0.01 0.00 1679
id06586 120.298000 12.433300 0.01 0.00 2894
id06587 120.224400 12.366700 0.01 0.00 808
id06588 120.133300 12.400000 0.01 0.00 538
id06589 120.066700 12.444400 0.01 0.00 1298
id06590 119.966700 12.472000 0.01 0.00 1421
id06591 119.863000 12.500000 0.01 0.00 1317
id06592 119.799700 12.533300 0.01 0.00 1019
id06593 119.733300 12.439900 0.01 0.00 930
id06594 119.666700 12.378900 0.01 0.00 1747
id06595 119.600000 12.308800 0.01 0.00 614
id06596 119.549100 12.233300 0.01 0.00 749
id06597 119.533300 12.122700 0.01 0.00 3219
id06598 119.471900 12.033300 0.01 0.00 1004
id06599 119.466700 11.936400 0.01 0.00 2483
id06600 119.500000 11.858300 0.01 0.00 2693
id06601 119.515200 11.733300 0.01 0.00 2399
id06602 119.484800 11.633300 0.01 0.00 1698
id06603 119.433300 11.555600 0.01 0.00 2081
id06604 119.366700 11.484800 0.01 0.00 2944
id06605 119.300000 11.421200 0.01 0.00 2550
id06606 119.229200 11.366700 0.01 0.00 2984
id06607 119.145800 11.300000 0.01 0.00 1807
id06608 119.103000 11.200000 0.01 0.00 9037
id06609 119.102600 11.066700 0.01 0.00 11404
id06610 119.100000 10.966700 0.01 0.00 11556
id06611 119.083300 10.833300 0.01 0.00 9836
id06612 119.047200 10.733300 0.01 0.00 12147
id06613 119.000000 10.654200 0.01 0.00 6554
id06614 118.933300 10.576700 0.01 0.00 9657
id06615 118.866700 10.518200 0.01 0.00 9518
id06616 118.766700 10.469400 0.01 0.00 9486
id06617 118.666700 10.451500 0.01 0.00 9431
id06618 118.558300 10.433300 0.01 0.00 12989
id06619 118.466700 10.375000 0.01 0.00 3772
id06620 118.400000 10.303700 0.01 0.00 2669
id06621 118.300000 10.274800 0.01 0.00 2063
id06622 118.221600 10.233300 0.02 0.00 857
id06623 118.200000 10.133300 0.01 0.00 3251
id06624 118.192900 10.066700 0.01 0.00 1544
id06625 118.233300 9.990500 0.01 0.00 850
id06626 118.288900 9.900000 0.01 0.00 9669
id06627 118.266700 9.791700 0.01 0.00 4458
id06628 118.200000 9.725000 0.01 0.00 1844
id06629 118.125900 9.666700 0.01 0.00 990
id06630 118.043600 9.600000 0.01 0.00 1961
id06631 117.966700 9.534900 0.01 0.00 2508
id06632 117.900000 9.473300 0.01 0.00 1727
id06633 117.833300 9.409500 0.01 0.00 705
id06634 117.771400 9.333300 0.01 0.00 2294
id06635 117.716700 9.266700 0.01 0.00 3498
id06636 117.657900 9.200000 0.01 0.00 5085
id06637 117.597800 9.133300 0.01 0.00 1724
id06638 117.533300 9.064100 0.01 0.00 9629
id06639 117.466700 8.991700 0.00 0.00 7391
id06640 117.400000 8.924200 0.00 0.00 5523
id06641 117.333300 8.862500 0.00 0.00 6345
id06642 117.233300 8.800000 0.01 0.00 3634
id06643 117.166700 8.822200 0.01 0.00 703
id06644 117.090100 8.766700 0.01 0.00 990
id06645 117.056100 8.666700 0.01 0.00 1336
id06646 117.100000 8.600000 0.01 0.00 1285
id06647 117.083300 8.500000 0.01 0.00 1590
id06648 117.043300 8.400000 0.01 0.00 1035
id06649 117.000000 8.300000 0.01 0.00 989
id06650 116.960000 8.233300 0.01 0.00 867
id06651 116.900000 8.141700 0.02 0.00 469
id06652 116.866700 8.061900 0.01 0.00 1064
id06653 116.833300 7.962700 0.01 0.00 739
id06654 116.796400 7.866700 0.01 0.00 981
id06655 116.866700 7.827500 0.01 0.00 727
id06656 116.966700 7.781700 0.01 0.00 719
id06657 117.066700 7.827900 0.01 0.00 4418
id06658 117.105800 7.900000 0.01 0.00 2827
id06659 117.166700 7.967600 0.01 0.00 4314
id06660 117.208000 7.900000 0.01 0.00 4642
id06661 117.200000 7.822200 0.01 0.00 4729
id06662 117.200000 7.720000 0.00 0.00 3749
id06663 117.147200 7.633300 0.01 0.00 3869
id06664 117.100000 7.563900 0.01 0.00 3194
id06665 117.000000 7.504600 0.01 0.00 1174
id06666 116.933300 7.447600 0.02 0.00 584
id06667 116.868800 7.366700 0.01 0.00 694
id06668 116.831100 7.300000 0.01 0.00 656
id06669 116.774100 7.200000 0.01 0.00 923
id06670 116.726700 7.133300 0.01 0.00 1372
id06671 116.633300 7.090500 0.01 0.00 1683
id06672 116.533300 7.066700 0.01 0.00 2483
id06673 116.466700 6.983300 0.01 0.00 6952
id06674 116.400000 6.933300 0.01 0.00 6166
id06675 116.300000 6.866700 0.01 0.00 5591
id06676 116.258300 6.900000 0.01 0.00 4900
id06677 116.250000 6.966700 0.01 0.00 3109
id06678 116.333300 7.000000 0.01 0.00 2965
id06679 116.400000 7.066700 0.01 0.00 1732
id06680 116.500000 7.133300 0.01 0.00 2639
id06681 116.383300 7.133300 0.01 0.00 2588
id06682 116.300000 7.100000 0.01 0.00 981
id06683 116.200000 7.058300 0.01 0.00 2066
id06684 116.100000 7.014600 0.02 0.00 442
id06685 116.018300 6.966700 0.01 0.00 2135
id06686 115.963800 6.900000 0.01 0.00 1112
id06687 115.943600 6.766700 0.01 0.00 1061
id06688 115.952400 6.633300 0.01 0.00 5474
id06689 115.900000 6.544400 0.01 0.00 2463
id06690 115.833300 6.500000 0.01 0.00 4345
id06691 115.758300 6.433300 0.01 0.00 4812
id06692 115.700000 6.355600 0.01 0.00 1931
id06693 115.616700 6.300000 0.01 0.00 3578
id06694 115.500000 6.273300 0.01 0.00 1311
id06695 115.433300 6.283300 0.02 0.00 633
id06696 115.385200 6.200000 0.01 0.00 4281
id06697 115.300000 6.133300 0.01 0.00 1387
id06698 115.233300 6.066700 0.01 0.00 2192
id06699 115.366700 6.050000 0.01 0.00 1102
id06700 115.433300 6.000000 0.01 0.00 1531
id06701 115.366700 5.933300 0.01 0.00 4927
id06702 115.300000 5.900000 0.01 0.00 2185
id06703 106.933300 0.000000 0.01 0.00 1781
id06704 106.800000 0.166700 0.01 0.00 3165
id06705 106.700000 0.366700 0.01 0.00 1701
id06706 106.633300 0.611100 0.01 0.00 1366
id06707 106.566700 0.366700 0.01 0.00 2800
id06708 106.566700 0.133300 0.01 0.00 14812
id06709 106.400000 0.033300 0.01 0.00 947
id06710 106.266700 0.166700 0.01 0.00 689
id06711 106.366700 0.333300 0.01 0.00 8118
id06712 106.300000 0.566700 0.01 0.00 1071
id06713 106.166700 0.733300 0.00 0.00 0
id06714 105.966700 0.833300 0.01 0.00 658
id06715 105.833300 0.700000 0.00 0.00 0
id06716 105.700000 0.766700 0.00 0.00 0
id06717 105.566700 0.933300 0.00 0.00 0
id06718 105.416700 1.066700 0.00 0.00 0
id06719 105.466700 1.266700 0.01 0.00 6522
id06720 105.566700 1.366700 0.01 0.00 12480
id06721 105.333300 1.366700 0.00 0.00 0
id06722 105.100000 1.416700 0.01 0.00 12179
id06723 105.033300 1.633300 0.00 0.00 0
id06724 104.800000 1.600000 0.02 0.00 338
id06725 104.733300 1.666700 0.00 0.00 0
id06726 104.700000 1.933300 0.00 0.00 0
id06727 104.666700 2.166700 0.02 0.00 210
id06728 104.579200 2.366700 0.02 0.00 427
id06729 104.441700 2.533300 0.02 0.00 241
id06730 104.395800 2.766700 0.00 0.00 0
id06731 104.293300 2.966700 0.02 0.00 8093
id06732 104.208300 3.200000 0.00 0.00 0
id06733 104.144400 3.433300 0.02 0.00 15813
id06734 104.066700 3.633300 0.02 0.00 5089
id06735 104.166700 3.800000 0.02 0.00 1049
id06736 104.000000 3.900000 0.00 0.00 0
id06737 103.883300 4.100000 0.00 0.00 0
id06738 103.833300 4.300000 0.02 0.00 2370
id06739 103.900000 4.566700 0.02 0.00 11513
id06740 103.800000 4.766700 0.02 0.00 8099
id06741 103.692600 4.966700 0.02 0.00 11368
id06742 103.550000 5.133300 0.02 0.00 11745
id06743 103.444400 5.333300 0.03 0.01 12135
id06744 103.333300 5.500000 0.03 0.01 10995
id06745 103.200000 5.666700 0.03 0.01 10275
id06746 103.066700 5.843300 0.03 0.01 8524
id06747 103.133300 5.983300 0.03 0.01 10867
id06748 103.266700 6.166700 0.03 0.01 7148
id06749 103.233300 6.433300 0.03 0.01 6763
id06750 103.000000 6.533300 0.03 0.01 5246
id06751 102.733300 6.500000 0.03 0.01 5827
id06752 102.533300 6.566700 0.03 0.01 9262
id06753 102.300000 6.666700 0.03 0.01 5527
id06754 102.366700 6.866700 0.03 0.01 3180
id06755 102.333300 7.133300 0.03 0.01 4968
id06756 102.233300 7.333300 0.03 0.01 5305
id06757 102.000000 7.426700 0.03 0.01 5357
id06758 101.733300 7.466700 0.03 0.01 6585
id06759 101.466700 7.483300 0.04 0.01 1417
id06760 101.333300 7.666700 0.04 0.01 6460
id06761 101.200000 7.800000 0.04 0.01 3293
id06762 101.100000 8.033300 0.00 0.00 0
id06763 101.133300 8.266700 0.03 0.01 3021
id06764 101.150000 8.533300 0.03 0.01 2297
id06765 101.100000 8.766700 0.00 0.00 0
id06766 101.066700 9.066700 0.03 0.01 10432
id06767 101.000000 9.300000 0.03 0.01 10830
id06768 100.900000 9.466700 0.03 0.01 7075
id06769 100.733300 9.600000 0.00 0.00 0
id06770 100.533300 9.733300 0.04 0.01 1873
id06771 100.333300 9.833300 0.03 0.01 5917
id06772 100.266700 10.033300 0.03 0.01 1069
id06773 100.066700 10.166700 0.03 0.01 2235
id06774 99.866700 10.187500 0.03 0.01 1905
id06775 99.700000 10.300000 0.03 0.01 8943
id06776 99.730800 10.566700 0.03 0.01 4053
id06777 99.883300 10.666700 0.03 0.01 4260
id06778 100.166700 10.633300 0.03 0.01 6657
id06779 100.316700 10.800000 0.03 0.01 2353
id06780 100.400000 11.033300 0.03 0.01 5031
id06781 100.633300 11.077800 0.03 0.01 7687
id06782 100.883300 11.133300 0.03 0.01 2047
id06783 101.066700 11.266700 0.03 0.01 2686
id06784 101.200000 11.400000 0.03 0.01 1908
id06785 101.350000 11.566700 0.03 0.01 5846
id06786 101.466700 11.733300 0.03 0.01 4536
id06787 101.633300 11.900000 0.03 0.01 3638
id06788 101.783300 11.866700 0.03 0.01 2766
id06789 101.933300 11.700000 0.03 0.01 4746
id06790 102.077800 11.566700 0.03 0.01 11673
id06791 102.233300 11.400000 0.03 0.01 21060
id06792 102.411100 11.300000 0.03 0.01 21044
id06793 102.533300 11.133300 0.00 0.00 0
id06794 102.544400 10.833300 0.00 0.00 0
id06795 102.641700 10.633300 0.00 0.00 0
id06796 102.700000 10.383300 0.00 0.00 0
id06797 102.769400 10.166700 0.03 0.01 5093
id06798 102.733300 9.916700 0.03 0.01 7589
id06799 102.683300 9.666700 0.03 0.01 9012
id06800 102.766700 9.466700 0.03 0.01 9255
id06801 102.900000 9.300000 0.03 0.01 9375
id06802 103.000000 9.100000 0.03 0.01 12566
id06803 103.100000 8.900000 0.03 0.01 13822
id06804 103.100000 8.600000 0.03 0.01 10454
id06805 103.200000 8.366700 0.04 0.01 5358
id06806 103.266700 8.166700 0.04 0.01 1279
id06807 103.400000 7.966700 0.03 0.01 3615
id06808 103.500000 7.766700 0.04 0.01 4268
id06809 103.666700 7.666700 0.04 0.01 4192
id06810 103.866700 7.533300 0.04 0.01 2763
id06811 104.133300 7.533300 0.03 0.01 6535
id06812 104.200000 7.300000 0.03 0.01 6655
id06813 104.400000 7.166700 0.03 0.01 4971
id06814 104.633300 7.100000 0.03 0.01 3883
id06815 104.866700 7.033300 0.03 0.01 4163
id06816 105.033300 6.900000 0.03 0.01 4580
id06817 105.133300 6.733300 0.03 0.01 16965
id06818 105.266700 6.533300 0.03 0.01 17661
id06819 105.500000 6.466700 0.03 0.01 2831
id06820 105.666700 6.600000 0.03 0.01 3118
id06821 105.900000 6.666700 0.03 0.01 3187
id06822 106.166700 6.633300 0.03 0.01 4454
id06823 106.333300 6.500000 0.03 0.01 1810
id06824 106.633300 6.500000 0.03 0.00 1559
id06825 106.866700 6.600000 0.02 0.00 4916
id06826 106.933300 6.833300 0.02 0.00 4605
id06827 106.900000 7.100000 0.02 0.01 3476
id06828 107.000000 7.266700 0.02 0.00 13440
id06829 107.200000 7.400000 0.03 0.01 1816
id06830 107.233300 7.600000 0.03 0.01 1176
id06831 107.333300 7.800000 0.02 0.01 10995
id06832 107.500000 7.933300 0.02 0.01 9097
id06833 107.533300 8.133300 0.03 0.00 1373
id06834 107.500000 8.400000 0.02 0.00 2057
id06835 107.666700 8.366700 0.03 0.00 1735
id06836 107.800000 8.366700 0.03 0.00 1497
id06837 107.866700 8.600000 0.03 0.01 1323
id06838 107.800000 8.766700 0.02 0.01 2965
id06839 107.933300 8.933300 0.02 0.01 2974
id06840 107.866700 9.133300 0.02 0.00 1957
id06841 107.966700 9.300000 0.03 0.01 550
id06842 108.066700 9.500000 0.02 0.00 3791
id06843 108.200000 9.666700 0.02 0.00 2001
id06844 108.133300 9.833300 0.02 0.00 1942
id06845 108.266700 10.000000 0.02 0.00 4163
id06846 108.400000 10.133300 0.02 0.00 4728
id06847 108.566700 10.277800 0.02 0.00 1965
id06848 108.800000 10.333300 0.02 0.00 2606
id06849 108.950000 10.200000 0.02 0.00 1679
id06850 108.847600 10.000000 0.02 0.00 2035
id06851 109.041700 9.933300 0.02 0.00 1049
id06852 109.200000 9.933300 0.03 0.00 486
id06853 109.166700 10.103600 0.03 0.01 1109
id06854 109.066700 10.326700 0.02 0.00 1874
id06855 108.995500 10.533300 0.02 0.00 2311
id06856 108.985200 10.833300 0.02 0.00 3986
id06857 108.933300 11.022200 0.02 0.00 1683
id06858 109.000000 11.200000 0.02 0.00 623
id06859 109.095600 11.433300 0.01 0.00 3716
id06860 109.200000 11.605300 0.02 0.00 968
id06861 109.298300 11.833300 0.02 0.00 1432
id06862 109.346900 12.066700 0.02 0.00 611
id06863 109.394900 12.266700 0.01 0.00 1106
id06864 109.448500 12.500000 0.02 0.00 640
id06865 109.472400 12.700000 0.01 0.00 1950
id06866 109.462600 12.966700 0.01 0.00 1035
id06867 109.386500 13.200000 0.01 0.00 2396
id06868 109.360900 13.466700 0.01 0.00 862
id06869 109.366700 13.663300 0.01 0.00 1304
id06870 109.369300 13.900000 0.01 0.00 1726
id06871 109.321100 14.133300 0.01 0.00 4815
id06872 109.225900 14.333300 0.01 0.00 1649
id06873 109.160000 14.566700 0.01 0.00 2415
id06874 109.090500 14.800000 0.01 0.00 2489
id06875 109.052400 15.066700 0.01 0.00 7552
id06876 108.966700 15.266700 0.01 0.00 7051
id06877 108.861900 15.466700 0.01 0.00 1556
id06878 108.730300 15.633300 0.01 0.00 2286
id06879 108.800000 15.804800 0.01 0.00 3921
id06880 108.600000 15.902600 0.01 0.00 1740
id06881 108.470000 16.100000 0.01 0.00 1218
id06882 108.360000 16.266700 0.01 0.00 1866
id06883 108.200000 16.400000 0.01 0.00 7045
id06884 108.066700 16.600000 0.01 0.00 7120
id06885 107.944400 16.766700 0.01 0.00 570
id06886 107.816700 16.933300 0.01 0.00 7064
id06887 107.700000 17.066700 0.01 0.00 7387
id06888 107.500000 17.000000 0.01 0.00 7202
id06889 107.366700 17.189600 0.01 0.00 7099
id06890 107.166700 17.291700 0.01 0.00 7206
id06891 107.100000 17.400000 0.01 0.00 4445
id06892 107.233300 17.533300 0.01 0.00 7402
id06893 107.066700 17.700000 0.01 0.00 3487
id06894 106.966700 17.866700 0.01 0.00 3553
id06895 106.866700 18.100000 0.01 0.00 6360
id06896 106.800000 18.266700 0.01 0.00 5224
id06897 106.866700 18.500000 0.01 0.00 4754
id06898 106.900000 18.733300 0.01 0.00 5565
id06899 106.900000 18.966700 0.01 0.00 708
id06900 106.800000 19.166700 0.01 0.00 2989
id06901 106.866700 19.366700 0.01 0.00 4664
id06902 107.000000 19.566700 0.01 0.00 4467
id06903 107.100000 19.733300 0.01 0.00 6331
id06904 107.266700 19.633300 0.01 0.00 6659
id06905 107.466700 19.500000 0.01 0.00 6779
id06906 107.633300 19.633300 0.01 0.00 6764
id06907 107.800000 19.766700 0.01 0.00 14611
id06908 107.866700 19.966700 0.01 0.00 14256
id06909 108.000000 20.100000 0.01 0.00 12768
id06910 108.233300 20.200000 0.01 0.00 9828
id06911 108.400000 20.333300 0.01 0.00 14869
id06912 108.233300 20.500000 0.01 0.00 13170
id06913 108.100000 20.633300 0.01 0.00 6321
id06914 108.333300 20.666700 0.01 0.00 6061
id06915 108.566700 20.600000 0.01 0.00 1634
id06916 108.466700 20.433300 0.01 0.00 8388
id06917 108.533300 20.266700 0.01 0.00 14583
id06918 108.766700 20.200000 0.01 0.00 14174
id06919 108.900000 20.033300 0.01 0.00 10684
id06920 108.846700 19.800000 0.01 0.00 10956
id06921 108.700000 19.650000 0.01 0.00 10695
id06922 108.566700 19.466700 0.01 0.00 10631
id06923 108.400000 19.355600 0.01 0.00 10645
id06924 108.233300 19.233300 0.01 0.00 10725
id06925 108.066700 19.066700 0.01 0.00 9258
id06926 108.166700 18.866700 0.01 0.00 2737
id06927 108.200000 18.600000 0.01 0.00 11475
id06928 108.366700 18.461900 0.01 0.00 11088
id06929 108.525000 18.300000 0.01 0.00 11048
id06930 108.644400 18.133300 0.01 0.00 7470
id06931 108.833300 18.033300 0.01 0.00 3495
id06932 109.133300 18.016700 0.01 0.00 4053
id06933 109.355600 18.100000 0.01 0.00 3983
id06934 109.633300 18.133300 0.01 0.00 1628
id06935 109.828600 18.233300 0.01 0.00 1081
id06936 110.026700 18.333300 0.01 0.00 2779
id06937 110.212100 18.433300 0.01 0.00 3384
id06938 110.385700 18.566700 0.01 0.00 6671
id06939 110.542400 18.700000 0.01 0.00 2228
id06940 110.700000 18.833300 0.01 0.00 3485
id06941 110.711100 19.066700 0.01 0.00 1900
id06942 110.800000 19.200000 0.01 0.00 4810
id06943 110.966700 19.366700 0.01 0.00 6158
id06944 111.066700 19.533300 0.01 0.00 3592
id06945 111.188900 19.733300 0.01 0.00 5391
id06946 111.311100 19.900000 0.01 0.00 6329
id06947 111.200000 20.030600 0.01 0.00 4136
id06948 111.233300 20.266700 0.01 0.00 2149
id06949 111.266700 20.500000 0.01 0.00 3145
id06950 111.266700 20.700000 0.01 0.00 1771
id06951 111.466700 20.633300 0.01 0.00 3972
id06952 111.700000 20.733300 0.01 0.00 3412
id06953 111.900000 20.833300 0.01 0.00 3416
id06954 112.133300 20.866700 0.01 0.00 3168
id06955 112.333300 21.000000 0.01 0.00 3164
id06956 112.466700 21.150000 0.01 0.00 3175
id06957 112.700000 21.133300 0.01 0.00 4349
id06958 112.966700 21.166700 0.01 0.00 2528
id06959 113.233300 21.216700 0.01 0.00 3776
id06960 113.500000 21.266700 0.01 0.00 8684
id06961 113.733300 21.316700 0.01 0.00 2916
id06962 113.966700 21.400000 0.01 0.00 2699
id06963 114.066700 21.566700 0.01 0.00 2220
id06964 114.155600 21.800000 0.02 0.00 577
id06965 114.300000 21.800000 0.02 0.00 592
id06966 114.466700 21.933300 0.00 0.00 0
id06967 114.666700 21.966700 0.00 0.00 0
id06968 114.866700 22.083300 0.01 0.00 7440
id06969 115.133300 22.133300 0.01 0.00 10671
id06970 115.300000 22.250000 0.01 0.00 4890
id06971 115.566700 22.266700 0.02 0.00 2178
id06972 115.633300 22.233300 0.02 0.00 2243
id06973 115.700000 22.166700 0.01 0.00 1297
id06974 115.833300 22.166700 0.01 0.00 1515
id06975 116.066700 22.244400 0.01 0.00 1890
id06976 116.266700 22.233300 0.01 0.00 1761
id06977 116.500000 22.266700 0.00 0.00 0
id06978 116.766700 22.300000 0.01 0.00 2796
id06979 117.000000 22.366700 0.01 0.00 11452
id06980 117.233300 22.322200 0.01 0.00 1556
id06981 117.433300 22.400000 0.01 0.00 2166
id06982 117.566700 22.300000 0.01 0.00 2279
id06983 117.766700 22.300000 0.01 0.00 1552
id06984 117.966700 22.400000 0.01 0.00 6952
id06985 118.166700 22.485200 0.01 0.00 521
id06986 118.433300 22.516700 0.01 0.00 2864
id06987 118.666700 22.583300 0.01 0.00 7424
id06988 118.933300 22.633300 0.01 0.00 6082
id06989 119.094400 22.766700 0.01 0.00 1795
id06990 119.239400 22.900000 0.01 0.00 2782
id06991 119.266700 23.141700 0.01 0.00 7064
id06992 119.304200 23.133300 0.01 0.00 5849
id06993 119.466700 23.122200 0.01 0.00 2069
id06994 119.666700 23.206500 0.01 0.00 2032
id06995 119.633300 23.316700 0.01 0.00 3807
id06996 119.566700 23.333300 0.01 0.00 7522
id06997 119.577800 23.466700 0.01 0.00 4573
id06998 119.766700 23.531800 0.01 0.00 12209
id06999 119.703300 23.733300 0.01 0.00 11668
id07000 119.533300 23.840000 0.01 0.00 12383
id07001 119.406700 23.666700 0.01 0.00 7035
id07002 119.466700 23.492600 0.01 0.00 5130
id07003 119.371800 23.433300 0.01 0.00 3162
id07004 119.200000 23.500000 0.01 0.00 10593
id07005 119.000000 23.416700 0.01 0.00 9758
id07006 118.800000 23.433300 0.01 0.00 3625
id07007 118.600000 23.566700 0.01 0.00 8965
id07008 118.366700 23.566700 0.01 0.00 3914
id07009 118.333300 23.633300 0.01 0.00 3225
id07010 118.333300 23.833300 0.01 0.00 1383
id07011 118.533300 23.900000 0.01 0.00 7964
id07012 118.600000 24.100000 0.01 0.00 9712
id07013 118.733300 24.266700 0.01 0.00 3285
id07014 118.866700 24.400000 0.01 0.00 4500
id07015 118.900000 24.566700 0.01 0.00 9345
id07016 119.133300 24.633300 0.01 0.00 6865
id07017 119.300000 24.733300 0.01 0.00 7332
id07018 119.494400 24.866700 0.01 0.00 7352
id07019 107.233300 0.000000 0.01 0.00 1819
id07020 107.175200 0.133300 0.01 0.00 1777
id07021 107.316700 0.200000 0.01 0.00 2142
id07022 107.466700 0.233300 0.01 0.00 4163
id07023 107.333300 0.266700 0.01 0.00 2379
id07024 107.216700 0.366700 0.01 0.00 8032
id07025 107.333300 0.466700 0.01 0.00 1765
id07026 107.266700 0.488900 0.01 0.00 10342
id07027 107.117600 0.533300 0.01 0.00 772
id07028 107.000000 0.541700 0.01 0.00 1395
id07029 106.883300 0.566700 0.01 0.00 8101
id07030 106.966700 0.682600 0.01 0.00 4259
id07031 107.133300 0.651900 0.01 0.00 640
id07032 107.266700 0.700000 0.01 0.00 788
id07033 107.341000 0.833300 0.01 0.00 1628
id07034 107.337700 1.033300 0.01 0.00 877
id07035 107.266700 1.161900 0.01 0.00 3052
id07036 107.233300 1.233300 0.01 0.00 1637
id07037 107.366700 1.277800 0.01 0.00 4155
id07038 107.466700 1.383300 0.01 0.00 3765
id07039 107.566700 1.500000 0.01 0.00 8224
id07040 107.633300 1.633300 0.01 0.00 4179
id07041 107.800000 1.566700 0.01 0.00 3188
id07042 107.933300 1.500000 0.01 0.00 9651
id07043 108.066700 1.466700 0.01 0.00 8986
id07044 108.200000 1.500000 0.01 0.00 4540
id07045 108.300000 1.633300 0.01 0.00 4575
id07046 108.266700 1.766700 0.01 0.00 4205
id07047 108.233300 1.933300 0.01 0.00 2722
id07048 108.300000 2.066700 0.01 0.00 4182
id07049 108.400000 2.183300 0.01 0.00 5902
id07050 108.475000 2.300000 0.01 0.00 4931
id07051 108.483300 2.500000 0.01 0.00 2812
id07052 108.572200 2.600000 0.01 0.00 6408
id07053 108.566700 2.740700 0.01 0.00 7321
id07054 108.640500 2.866700 0.01 0.00 8380
id07055 108.722200 3.000000 0.01 0.00 4251
id07056 108.833300 3.068500 0.01 0.00 2784
id07057 108.966700 3.100000 0.01 0.00 2525
id07058 109.077800 3.000000 0.01 0.00 1125
id07059 109.200000 2.916700 0.01 0.00 3396
id07060 109.196300 2.766700 0.01 0.00 956
id07061 109.300000 2.744400 0.01 0.00 2842
id07062 109.450000 2.700000 0.02 0.00 489
id07063 109.566700 2.616700 0.01 0.00 6494
id07064 109.733300 2.583300 0.02 0.00 1140
id07065 109.866700 2.533300 0.02 0.00 1146
id07066 109.966700 2.466700 0.01 0.00 2603
id07067 110.100000 2.533300 0.02 0.00 1057
id07068 110.266700 2.566700 0.02 0.00 1403
id07069 110.400000 2.633300 0.02 0.00 2774
id07070 110.500000 2.766700 0.02 0.00 1935
id07071 110.566700 2.833300 0.01 0.00 1987
id07072 110.500000 2.966700 0.02 0.00 1915
id07073 110.566700 3.066700 0.02 0.00 1517
id07074 110.600000 3.233300 0.02 0.00 1755
id07075 110.666700 3.366700 0.02 0.00 2216
id07076 110.833300 3.433300 0.01 0.00 2335
id07077 111.000000 3.366700 0.01 0.00 3104
id07078 111.066700 3.233300 0.01 0.00 3120
id07079 111.133300 3.233300 0.01 0.00 3118
id07080 111.200000 3.400000 0.01 0.00 7182
id07081 111.300000 3.466700 0.01 0.00 5195
id07082 111.433300 3.533300 0.01 0.00 3772
id07083 111.533300 3.633300 0.02 0.00 983
id07084 111.700000 3.700000 0.01 0.00 4463
id07085 111.866700 3.650000 0.01 0.00 3159
id07086 111.933300 3.766700 0.02 0.00 2159
id07087 111.933300 3.933300 0.02 0.00 862
id07088 112.100000 3.966700 0.02 0.00 1313
id07089 112.166700 3.900000 0.02 0.00 656
id07090 112.200000 3.766700 0.01 0.00 2299
id07091 112.333300 3.800000 0.01 0.00 1679
id07092 112.466700 3.833300 0.01 0.00 3761
id07093 112.600000 3.933300 0.01 0.00 8512
id07094 112.800000 3.933300 0.01 0.00 3821
id07095 112.900000 4.000000 0.01 0.00 10818
id07096 113.066700 4.066700 0.01 0.00 4521
id07097 113.183300 4.133300 0.01 0.00 11190
id07098 113.233300 4.266700 0.01 0.00 7633
id07099 113.333300 4.333300 0.01 0.00 6457
id07100 113.433300 4.200000 0.01 0.00 11242
id07101 113.533300 4.166700 0.02 0.00 11077
id07102 113.650000 4.266700 0.01 0.00 7678
id07103 113.691700 4.433300 0.01 0.00 7732
id07104 113.773300 4.533300 0.01 0.00 6303
id07105 113.873300 4.633300 0.01 0.00 6389
id07106 113.966700 4.744400 0.02 0.00 593
id07107 114.066700 4.837000 0.01 0.00 5520
id07108 114.200000 4.916700 0.01 0.00 4133
id07109 114.316700 5.000000 0.01 0.00 3404
id07110 114.433300 5.100000 0.01 0.00 3885
id07111 114.566700 5.141700 0.01 0.00 4193
id07112 114.700000 5.222200 0.01 0.00 6959
id07113 114.800000 5.300000 0.01 0.00 12464
id07114 114.700000 5.400000 0.01 0.00 5054
id07115 114.700000 5.500000 0.02 0.00 3884
id07116 114.833300 5.566700 0.01 0.00 5524
id07117 114.916700 5.666700 0.01 0.00 4304
id07118 114.993300 5.800000 0.01 0.00 2913
id07119 115.133300 5.866700 0.01 0.00 2159
id07190 123.350000 33.166700 0.00 0.00 0
id07191 123.716700 33.083300 0.00 0.00 0
id07192 123.950000 32.900000 0.00 0.00 0
id07193 124.200000 32.700000 0.01 0.00 1179
id07194 124.516700 32.666700 0.01 0.00 851
id07195 124.783300 32.483300 0.01 0.00 423
id07196 124.900000 32.166700 0.00 0.00 0
id07197 125.100000 31.950000 0.00 0.00 17760
id07198 125.366700 31.766700 0.01 0.00 1020
id07199 125.400000 31.483300 0.00 0.00 3134
id07200 125.100000 31.350000 0.01 0.00 923
id07201 124.783300 31.233300 0.00 0.00 13102
id07202 124.416700 31.233300 0.00 0.00 15415
id07203 124.133300 31.383300 0.00 0.00 3254
id07204 123.800000 31.283300 0.00 0.00 2062
id07205 123.566700 31.116700 0.00 0.00 2232
id07206 123.300000 31.283300 0.00 0.00 1934
id07207 123.016700 31.350000 0.00 0.00 1814
id07208 122.733300 31.300000 0.00 0.00 2597
id07209 122.950000 31.100000 0.00 0.00 2848
id07210 123.000000 30.733300 0.00 0.00 4934
id07211 122.956700 30.400000 0.00 0.00 6029
id07293 124.316700 24.617400 0.00 0.00 937
id07294 124.359500 24.583300 0.00 0.00 1365
id07295 124.330600 24.533300 0.00 0.00 1470
id07296 124.306900 24.466700 0.00 0.00 1403
id07297 124.291400 24.400000 0.00 0.00 1064
id07298 124.266700 24.341200 0.01 0.00 611
id07299 124.214700 24.316700 0.00 0.00 1020
id07300 124.168100 24.266700 0.00 0.00 986
id07301 124.116700 24.248100 0.00 0.00 1293
id07302 124.066700 24.267300 0.00 0.00 1193
id07303 124.033300 24.217500 0.00 0.00 436
id07304 123.991300 24.233300 0.01 0.00 501
id07305 123.950000 24.214900 0.01 0.00 820
id07306 123.892100 24.233300 0.01 0.00 686
id07307 123.833300 24.233300 0.00 0.00 825
id07308 123.783300 24.250800 0.00 0.00 1226
id07309 123.700000 24.263700 0.00 0.00 1789
id07310 123.661400 24.300000 0.00 0.00 1067
id07311 123.695500 24.350000 0.00 0.00 941
id07312 123.733300 24.389400 0.00 0.00 836
id07313 123.766700 24.443200 0.00 0.00 681
id07314 123.816700 24.477800 0.00 0.00 2005
id07315 123.866700 24.438800 0.00 0.00 1670
id07316 123.910400 24.400000 0.00 0.00 1703
id07317 123.966700 24.381900 0.00 0.00 2626
id07318 124.050000 24.370000 0.00 0.00 3092
id07319 124.088500 24.383300 0.00 0.00 2721
id07320 124.066700 24.432200 0.00 0.00 1978
id07321 124.100000 24.469300 0.00 0.00 1421
id07322 124.166700 24.489300 0.00 0.00 1590
id07323 124.216700 24.494600 -1.00 -1.00 -1
id07324 124.266700 24.531100 0.00 0.00 1383
id07599 125.250000 25.074700 0.00 0.00 1267
id07600 125.350000 24.987200 0.00 0.00 2280
id07601 125.354700 24.916700 0.00 0.00 3457
id07602 125.416700 24.821400 0.00 0.00 3075
id07603 125.496200 24.716700 0.00 0.00 1288
id07604 125.350000 24.706100 0.01 0.00 1461
id07605 125.199000 24.683300 0.00 0.00 1267
id07606 125.161100 24.716700 0.00 0.00 1455
id07607 125.131400 24.833300 0.00 0.00 1242
id07608 125.223400 24.916700 0.00 0.00 2202
id07672 121.865100 24.483300 0.00 0.00 714
id07673 121.821600 24.450000 -1.00 -1.00 -1
id07674 121.800000 24.400000 -1.00 -1.00 -1
id07675 121.788334 24.365783 0.00 0.00 1635
id07676 121.767400 24.300000 0.00 0.00 997
id07677 121.746517 24.267010 0.01 0.00 1574
id07678 121.710300 24.233300 0.01 0.00 982
id07679 121.672200 24.200000 -1.00 -1.00 -1
id07680 121.667706 24.150829 -1.00 -1.00 -1
id07681 121.636735 24.107300 0.00 0.00 870
id07682 121.620899 24.066951 0.00 0.00 874
id07683 121.638300 24.033300 -1.00 -1.00 -1
id07684 121.647700 24.000000 0.00 0.00 1802
id07685 121.616700 23.950400 0.00 0.00 547
id07686 121.607600 23.900000 -1.00 -1.00 -1
id07687 121.600000 23.846500 -1.00 -1.00 -1
id07688 121.578800 23.800000 0.00 0.00 470
id07689 121.566700 23.736700 -1.00 -1.00 -1
id07690 121.557900 23.683300 0.00 0.00 841
id07691 121.550000 23.629000 0.00 0.00 681
id07692 121.534600 23.566700 -1.00 -1.00 -1
id07693 121.533300 25.321400 0.00 0.00 1882
id07694 121.646400 25.266700 0.00 0.00 2156
id07695 121.730200 25.183300 0.00 0.00 2603
id07696 121.850000 25.147800 0.00 0.00 2392
id07697 121.933300 25.096700 0.00 0.00 1350
id07698 121.965900 24.966700 0.00 0.00 2005
id07699 121.883300 24.880000 0.00 0.00 2418
id07700 121.843800 24.750000 0.00 0.00 3060
id07701 121.916700 24.675800 0.00 0.00 2347
id07702 121.904500 24.583300 0.00 0.00 1766
id07703 120.550000 24.517100 0.01 0.00 11286
id07704 120.633300 24.600000 0.01 0.00 7469
id07705 120.716700 24.693000 0.01 0.00 6419
id07706 120.800000 24.778200 0.01 0.00 401
id07707 120.868400 24.866700 0.01 0.00 2669
id07708 120.941000 24.966700 0.01 0.00 8388
id07709 121.000000 25.078800 0.01 0.00 6637
id07710 121.116700 25.128900 0.01 0.00 5556
id07711 121.249000 25.166700 0.01 0.00 5273
id07712 121.366700 25.209500 0.00 0.00 2542
id07713 121.529084 23.482861 0.00 0.00 672
id07714 121.438100 23.283300 -1.00 -1.00 -1
id07715 121.403600 23.083300 0.00 0.00 792
id07716 121.316700 22.936000 0.00 0.00 964
id07717 121.212501 22.799686 0.01 0.00 1226
id07718 121.050000 22.672800 0.01 0.00 1293
id07719 120.966700 22.499800 0.00 0.00 716
id07720 120.903500 22.283300 -1.00 -1.00 -1
id07721 120.910235 22.030245 0.01 0.00 1349
id07722 120.833300 21.889500 0.01 0.00 846
id07723 120.692900 21.983300 0.01 0.00 1146
id07724 120.655800 22.183300 0.01 0.00 1075
id07725 120.516700 22.282900 0.01 0.00 656
id07726 120.383300 22.316700 0.00 0.00 2108
id07727 120.433300 22.386100 0.01 0.00 1365
id07728 120.297000 22.450000 0.01 0.00 854
id07729 120.200000 22.618700 0.00 0.00 2662
id07730 120.113200 22.800000 0.00 0.00 2905
id07731 120.038900 22.966700 0.01 0.00 795
id07732 119.979400 23.166700 0.00 0.00 2363
id07733 119.970800 23.516700 0.01 0.00 7470
id07734 119.983300 23.644400 0.01 0.00 7146
id07735 119.970500 23.750000 0.01 0.00 7043
id07736 119.961100 23.866700 0.01 0.00 14367
id07737 120.007300 23.950000 0.01 0.00 14239
id07738 119.916700 23.995100 0.01 0.00 6924
id07739 119.800000 24.016000 0.01 0.00 13080
id07740 119.700000 24.038100 0.01 0.00 3384
id07741 119.593800 24.066700 0.01 0.00 8677
id07742 119.550000 24.160400 0.01 0.00 11497
id07743 119.504200 24.250000 0.01 0.00 6967
id07744 119.568700 24.316700 0.01 0.00 7045
id07745 119.683300 24.303000 0.01 0.00 4073
id07746 119.766700 24.255600 0.01 0.00 13064
id07747 119.865600 24.266700 0.01 0.00 6971
id07748 119.966700 24.300000 0.01 0.00 2647
id07749 120.083300 24.312500 0.01 0.00 4702
id07750 120.200000 24.285600 0.01 0.00 8008
id07751 120.283300 24.248500 0.01 0.00 8605
id07752 120.364500 24.300000 0.00 0.00 0
id07753 120.412700 24.383300 0.01 0.00 6187
id07754 124.733300 24.805800 0.00 0.00 1290
id07755 124.784200 24.800000 0.00 0.00 1319
id07756 124.750000 24.779400 0.00 0.00 1353
id07757 124.746500 24.750000 0.00 0.00 1342
id07758 124.750000 24.688900 0.00 0.00 1170
id07759 124.757900 24.633300 0.00 0.00 2106
id07760 124.716700 24.607900 0.00 0.00 1753
id07761 124.676500 24.633300 0.00 0.00 1085
id07762 124.667300 24.666700 0.00 0.00 1260
id07763 124.675600 24.733300 0.00 0.00 1441
id07764 124.666700 24.768500 0.00 0.00 1672
id07785 122.850000 29.983300 0.00 0.00 4149
id07786 122.866700 29.500000 0.00 0.00 6536
id07787 122.600000 29.200000 0.00 0.00 7454
id07788 122.366700 28.866700 0.00 0.00 6599
id07789 122.233300 28.433300 0.00 0.00 5171
id07790 122.083300 28.016700 0.00 0.00 8072
id07791 121.800000 27.733300 0.00 0.00 5575
id07792 121.566700 27.400000 0.00 0.00 4391
id07793 121.266700 27.116700 0.01 0.00 5043
id07794 120.983300 26.850000 0.01 0.00 5563
id07795 120.783300 26.500000 0.01 0.00 3318
id07796 120.450000 26.266700 0.01 0.00 3127
id07797 120.566700 26.000000 0.01 0.00 1864
id07798 120.333300 26.150000 0.01 0.00 3010
id07799 120.266700 25.800000 0.01 0.00 3577
id07800 120.200000 25.366700 0.01 0.00 2444
id07801 119.861100 25.233300 0.01 0.00 12230
id11957 113.466667 -26.619444 1.48 0.45 1312
id11958 113.273529 -26.500000 1.27 0.32 734
id11959 113.200000 -26.273333 2.02 0.46 516
id11960 113.100926 -26.066667 1.57 0.48 1307
id11961 112.969136 -25.900000 1.27 0.36 1095
id11962 112.866667 -25.706667 0.84 0.30 1935
id11963 112.880000 -25.466667 1.11 0.32 1150
id11964 112.919048 -25.200000 1.08 0.32 1161
id11965 112.912500 -24.900000 1.07 0.25 600
id11966 113.004762 -24.700000 0.90 0.25 951
id11967 113.133333 -24.511111 1.02 0.26 723
id11968 113.240000 -24.400000 0.81 0.25 1312
id11969 113.255556 -24.166667 0.83 0.22 854
id11970 113.266667 -24.000000 0.93 0.22 562
id11971 113.366667 -23.800000 0.74 0.20 946
id11972 113.466667 -23.633333 0.71 0.21 1129
id11973 113.588889 -23.433333 0.72 0.23 1436
id11974 113.700000 -23.366667 0.70 0.19 967
id11975 113.613333 -23.133333 0.64 0.18 1027
id11976 113.588889 -22.866667 0.56 0.17 1218
id11977 113.633333 -22.607778 0.59 0.18 1353
id11978 113.729680 -22.400000 0.57 0.21 1992
id11979 113.820000 -22.200000 0.79 0.20 781
id11980 113.900000 -21.989583 0.89 0.19 169
id11981 114.033333 -21.805747 0.63 0.23 2051
id11982 114.200000 -21.700000 0.69 0.25 1999
id11983 114.400000 -21.588194 1.91 0.39 251
id11984 114.633333 -21.531481 2.60 0.61 569
id11985 114.861905 -21.433333 1.07 0.38 1892
id11986 115.003333 -21.366667 1.68 0.29 845
id11987 115.000000 -21.175000 2.02 0.35 753
id11988 115.128571 -21.000000 1.70 0.32 1753
id11989 115.181481 -20.766667 1.49 0.27 1155
id11990 115.262500 -20.533333 1.43 0.25 742
id11991 115.347619 -20.333333 1.18 0.21 956
id11992 115.533333 -20.208333 1.10 0.20 1062
id11993 115.766667 -20.283333 1.13 0.20 1109
id11994 116.000000 -20.277778 1.36 0.24 943
id11995 116.200000 -20.188889 1.08 0.20 1282
id11996 116.433333 -20.116667 1.37 0.24 1037
id11997 116.666667 -20.126667 1.69 0.30 989
id11998 116.833333 -20.000000 1.75 0.33 239
id11999 117.100000 -19.950000 0.98 0.18 1147
id12000 117.400000 -19.950000 0.85 0.15 1041
id12001 117.600000 -20.000000 0.75 0.13 997
id12002 117.733333 -19.866667 0.73 0.13 1057
id12003 117.933333 -19.766667 0.62 0.11 1523
id12004 118.133333 -19.677778 0.56 0.10 1053
id12005 118.316667 -19.566667 0.52 0.09 1086
id12006 118.533333 -19.500000 0.49 0.09 1000
id12007 118.766667 -19.408333 0.50 0.09 1094
id12008 118.966667 -19.316667 0.47 0.08 1044
id12009 119.233333 -19.291667 0.43 0.08 1127
id12010 119.500000 -19.322222 0.44 0.07 596
id12011 119.800000 -19.316667 0.41 0.07 1297
id12012 120.033333 -19.266667 0.44 0.08 235
id12013 120.266667 -19.183333 0.48 0.09 1161
id12014 120.466667 -19.066667 0.47 0.08 989
id12015 120.633333 -18.933333 0.42 0.08 1035
id12016 120.783333 -18.800000 0.38 0.07 1099
id12017 120.933333 -18.633333 0.40 0.07 753
id12018 121.066667 -18.466667 0.42 0.08 1070
id12019 121.200000 -18.333333 0.46 0.08 1125
id12020 121.366667 -18.166667 0.36 0.06 1199
id12021 121.500000 -18.016667 0.37 0.07 108
id12022 121.633333 -17.833333 0.39 0.07 1001
id12023 121.716667 -17.633333 0.30 0.06 1410
id12024 121.788889 -17.400000 0.29 0.05 1031
id12025 121.744444 -17.133333 0.31 0.05 638
id12026 121.700000 -16.866667 0.43 0.08 1224
id12027 121.766667 -16.633333 0.61 0.11 1138
id12028 121.916667 -16.466667 0.49 0.09 1147
id12029 122.083333 -16.333333 0.42 0.07 659
id12030 122.266667 -16.216667 0.52 0.09 1309
id12031 122.500000 -16.133333 0.53 0.09 651
id12032 122.666667 -16.033333 0.52 0.09 1229
id12033 122.733333 -15.800000 0.40 0.07 913
id12034 122.825000 -15.566667 0.37 0.07 1023
id12035 122.933333 -15.400000 0.37 0.07 1150
id12036 123.133333 -15.273333 0.38 0.07 1136
id12037 123.400000 -15.241667 0.40 0.07 1514
id12038 123.700000 -15.233333 0.37 0.07 2087
id12039 123.900000 -15.166667 0.45 0.08 1312
id12040 124.075000 -15.033333 0.48 0.09 1414
id12041 124.225000 -14.866667 0.41 0.07 1148
id12042 124.388889 -14.733333 0.41 0.07 1128
id12043 124.600000 -14.633333 0.41 0.07 1098
id12044 124.704762 -14.466667 0.40 0.07 1087
id12045 124.791667 -14.233333 0.40 0.07 1076
id12046 124.950000 -14.100000 0.44 0.07 558
id12047 125.166667 -14.000000 0.51 0.09 371
id12048 125.366667 -13.916667 0.34 0.06 377
id12049 125.522222 -13.766667 0.30 0.06 1784
id12050 125.733333 -13.677778 0.35 0.06 956
id14380 121.500000 22.088155 0.01 0.00 441
id14381 121.595455 22.016667 -1.00 -1.00 -1
id14382 121.576875 21.983333 0.01 0.00 517
id14383 121.497487 22.066667 0.01 0.00 674
id14480 121.950000 21.120360 0.01 0.00 2639
id14506 121.907059 20.900000 0.01 0.00 629
id14507 121.883333 20.800000 0.01 0.00 764
id14508 121.816667 20.693207 0.01 0.00 581
id14509 121.815449 20.783333 -1.00 -1.00 -1
id14511 121.933333 20.719540 0.01 0.00 711
id14516 122.034978 20.466667 -1.00 -1.00 -1
id14517 121.973140 20.366667 -1.00 -1.00 -1
id14518 121.885959 20.283333 0.00 0.00 577
id14519 121.800000 20.302339 0.01 0.00 813
id14520 121.865123 20.350000 0.01 0.00 629
id14521 121.933333 20.416667 0.01 0.00 809
id14556 122.150000 19.926232 0.01 0.00 450
id14565 121.999590 19.550000 -1.00 -1.00 -1
id14566 121.938333 19.483333 0.00 0.00 603
id14567 121.928153 19.566667 0.00 0.00 653
id14568 121.527126 19.366667 -1.00 -1.00 -1
id14569 121.516667 19.242667 -1.00 -1.00 -1
id14570 121.400000 19.286022 0.01 0.00 816
id14571 121.350000 19.390789 0.01 0.00 401
id14572 121.487607 19.383333 0.01 0.00 967
id14822 93.633333 14.734848 1.05 0.27 2250
id14823 93.546429 14.816667 0.72 0.20 2632
id14824 93.591026 14.933333 0.53 0.10 598
id14825 93.692901 14.966667 0.73 0.16 1488
id14832 93.350000 14.266667 0.77 0.18 1455
id14835 93.383333 14.196839 1.26 0.23 666
id14836 93.433333 14.100000 0.79 0.26 3104
id14837 93.383333 13.973333 1.08 0.23 1023
id14838 93.353659 14.116667 -1.00 -1.00 -1
id14842 93.450000 14.166667 0.74 0.25 3253
id14844 93.250000 14.024123 0.67 0.25 3741
id14845 93.283333 13.962500 1.07 0.30 2398
id14846 93.201587 13.966667 0.76 0.29 3622
id14848 120.066667 13.885911 0.01 0.00 607
id14849 120.200000 13.860256 0.01 0.00 2429
id14850 120.333333 13.883810 0.01 0.00 1431
id14851 120.364943 13.783333 0.01 0.00 795
id14852 120.414855 13.666667 0.01 0.00 960
id14853 120.350000 13.650370 -1.00 -1.00 -1
id14854 120.222727 13.700000 0.01 0.00 453
id14855 120.123725 13.766667 0.01 0.00 502
id14856 120.033333 13.846569 0.01 0.00 2449
id15038 72.700000 11.700123 0.34 0.07 964
id15050 72.185870 11.550000 0.55 0.10 735
id15051 72.131929 11.533333 0.69 0.14 1139
id15059 72.999448 11.483333 0.39 0.08 888
id15090 72.800000 11.273307 0.46 0.08 533
id15091 72.751190 11.183333 0.47 0.09 593
id15092 72.083333 11.234912 1.00 0.18 606
id15093 72.072115 11.133333 0.75 0.15 1124
id15094 71.994805 11.166667 0.58 0.11 930
id15102 72.717921 11.050000 0.91 0.17 824
id15108 72.666667 11.051944 0.29 0.05 381
id15114 72.283333 10.954971 0.49 0.10 960
id15115 72.250000 10.911838 0.60 0.12 874
id15116 72.174473 10.816667 0.42 0.07 340
id15117 72.170447 10.866667 0.53 0.10 763
id15118 72.250000 10.957602 0.45 0.09 834
id15119 73.739815 10.916667 0.43 0.09 1187
id15120 73.754682 10.850000 0.35 0.07 874
id15121 73.666667 10.805782 0.47 0.09 882
id15122 73.614362 10.916667 0.52 0.10 920
id15123 72.589542 10.533333 0.62 0.13 824
id15132 73.668462 10.150000 0.43 0.08 917
id15133 73.623050 10.050000 0.40 0.07 741
id15194 92.815152 9.283333 2.20 0.50 1386
id15195 92.860088 9.166667 2.16 0.49 1349
id15196 92.766667 9.085256 2.88 0.60 1289
id15197 92.693137 9.150000 2.34 0.50 1001
id15198 92.733333 9.272222 2.18 0.45 1231
id15242 92.850000 8.809204 1.36 0.24 411
id15268 93.619318 8.550000 2.07 0.41 708
id15269 93.616667 8.428519 2.34 0.43 464
id15270 93.581019 8.516667 1.98 0.42 942
id15273 92.950000 8.517308 2.38 0.50 938
id15274 93.066667 8.481667 2.37 0.55 1416
id15275 93.100000 8.372619 2.92 0.68 1461
id15276 93.140143 8.283333 -1.00 -1.00 -1
id15277 93.254225 8.266667 2.61 0.67 2250
id15278 93.200000 8.183636 -1.00 -1.00 -1
id15279 93.100000 8.195556 4.23 0.93 1165
id15280 93.016667 8.278571 3.57 0.81 1338
id15281 93.033333 8.366667 3.27 0.74 1295
id15282 92.950000 8.447436 2.48 0.58 1439
id15291 93.651688 8.383333 3.07 0.63 852
id15292 93.633333 8.357812 1.69 0.34 730
id15293 93.610526 8.266667 2.52 0.50 659
id15294 93.633333 8.161538 2.04 0.47 1408
id15295 93.707062 8.066667 3.25 0.60 476
id15296 93.615104 8.000000 2.51 0.59 1552
id15297 93.583333 7.916959 2.82 0.54 562
id15298 93.483333 7.995833 3.42 0.80 1855
id15299 93.429487 8.100000 4.28 0.98 1755
id15300 93.430952 8.266667 3.00 0.61 808
id15301 93.533333 8.319697 2.90 0.63 1099
id15306 73.066667 8.325090 0.25 0.05 1087
id15307 73.023127 8.266667 0.00 0.00 989
id15334 93.383333 8.039535 4.44 0.87 950
id15335 93.450000 7.944231 3.91 0.84 1470
id15336 93.433333 7.873333 3.12 0.72 1396
id15337 93.316667 7.893798 2.87 0.70 1696
id15338 93.231111 7.933333 3.75 0.83 1154
id15339 93.300000 8.028333 2.28 0.51 1198
id15345 93.483333 7.773684 4.43 0.92 871
id15501 108.133333 4.775000 0.01 0.00 3513
id15502 108.116667 4.633333 0.01 0.00 1953
id15503 108.016667 4.570833 0.01 0.00 2415
id15504 107.916667 4.516667 0.01 0.00 4357
id15505 107.886667 4.616667 0.01 0.00 4252
id15506 107.880952 4.733333 0.01 0.00 3037
id15507 107.981481 4.800000 0.01 0.00 3502
id15513 107.811111 4.533333 0.01 0.00 7349
id15514 107.733333 4.433333 0.01 0.00 11032
id15515 107.666667 4.366667 0.01 0.00 7046
id15516 107.683333 4.466667 0.01 0.00 9516
id15517 108.100000 4.483333 0.01 0.00 2087
id15518 108.183333 4.400000 0.01 0.00 3892
id15519 108.250000 4.312963 0.01 0.00 2707
id15520 108.304167 4.200000 0.01 0.00 1039
id15521 108.400000 4.122222 0.01 0.00 1007
id15522 108.516667 4.083333 0.01 0.00 1710
id15523 108.566667 3.983333 0.01 0.00 999
id15524 108.530000 3.850000 0.01 0.00 1596
id15525 108.500000 3.716667 0.01 0.00 3173
id15526 108.405556 3.633333 0.01 0.00 2856
id15527 108.283333 3.591667 0.01 0.00 4155
id15528 108.132609 3.583333 0.01 0.00 1832
id15529 108.058333 3.483333 0.01 0.00 4256
id15530 108.000000 3.533333 0.00 0.00 3682
id15531 108.011111 3.650000 0.00 0.00 4174
id15532 107.916667 3.683333 0.01 0.00 10011
id15533 107.883333 3.819444 0.01 0.00 2895
id15534 107.791667 3.900000 0.01 0.00 3761
id15547 107.833333 4.000000 0.01 0.00 5580
id15548 107.786667 4.133333 0.01 0.00 5258
id15549 107.862500 4.233333 0.01 0.00 10768
id15550 107.916667 4.350000 0.01 0.00 2502
id15551 108.016667 4.400000 0.01 0.00 2406
id15552 108.066667 4.277778 0.01 0.00 2380
id15573 106.283333 3.450000 0.01 0.00 5918
id15574 106.362500 3.466667 0.01 0.00 6055
id15575 106.410000 3.350000 0.01 0.00 5962
id15576 106.482051 3.250000 0.01 0.00 2028
id15577 106.500000 3.165000 0.01 0.00 2707
id15578 106.433333 3.075000 0.01 0.00 2982
id15579 106.450000 2.937500 0.01 0.00 1619
id15580 106.333333 2.951852 0.01 0.00 1252
id15581 106.216667 2.908333 0.01 0.00 2921
id15582 106.200000 2.850000 0.01 0.00 1391
id15583 106.300000 2.783333 0.01 0.00 1759
id15584 106.335417 2.650000 0.01 0.00 1639
id15585 106.250000 2.570833 0.00 0.00 0
id15586 106.200000 2.655556 0.00 0.00 0
id15587 106.083333 2.650000 0.01 0.00 4479
id15588 106.114286 2.766667 0.01 0.00 989
id15589 106.050000 2.783333 0.01 0.00 1705
id15590 105.933333 2.800000 0.00 0.00 0
id15591 105.800000 2.800000 0.00 0.00 0
id15592 105.666667 2.750000 0.00 0.00 0
id15593 105.583333 2.666667 0.01 0.00 3949
id15594 105.500000 2.591667 0.01 0.00 9180
id15595 105.366667 2.566667 0.01 0.00 2004
id15596 105.266667 2.625000 0.01 0.00 2107
id15597 105.205556 2.733333 0.00 0.00 0
id15598 105.216667 2.866667 0.01 0.00 3608
id15599 105.300000 2.933333 0.01 0.00 9299
id15600 105.416667 2.933333 0.01 0.00 3073
id15601 105.533333 2.866667 0.00 0.00 0
id15602 105.600000 2.800000 0.01 0.00 9353
id15603 105.595833 2.916667 0.01 0.00 8993
id15604 105.600000 3.030556 0.01 0.00 4236
id15605 105.583333 3.127778 0.01 0.00 1264
id15606 105.633333 3.233333 0.01 0.00 3356
id15607 105.718750 3.166667 0.01 0.00 7132
id15608 105.783333 3.056250 0.01 0.00 5986
id15609 105.883333 3.092424 0.01 0.00 3021
id15610 105.983333 3.118519 0.01 0.00 5162
id15611 106.033333 3.008333 0.01 0.00 3127
id15612 106.069697 3.066667 0.01 0.00 8871
id15613 106.006250 3.166667 0.01 0.00 6383
id15614 106.100000 3.205556 0.01 0.00 4672
id15615 106.133333 3.326190 0.01 0.00 8537
id15616 106.003704 3.333333 0.01 0.00 5311
id15617 106.100000 3.402083 0.01 0.00 1813
id15618 106.179167 3.416667 0.01 0.00 8208
id15619 106.235714 3.466667 0.01 0.00 3588
id15622 106.483333 3.414103 0.01 0.00 1584
id15623 106.416667 3.383333 0.00 0.00 5399
id15624 105.980303 3.316667 0.01 0.00 5311
id15625 105.933333 3.349275 0.01 0.00 9540
id15626 107.614815 3.300000 0.00 0.00 4672
id15627 107.533333 3.236111 0.01 0.00 7642
id15628 107.500000 3.283333 0.01 0.00 5519
id15639 107.811111 3.083333 0.01 0.00 3029
id15640 107.873333 2.983333 0.01 0.00 3718
id15641 107.783333 2.912500 0.01 0.00 2148
id15642 107.720370 3.016667 0.00 0.00 4107
id15645 105.950000 2.975000 0.01 0.00 1349
id15647 106.066667 2.559091 0.00 0.00 3528
id15648 106.073333 2.466667 0.00 0.00 11485
id15649 106.000000 2.516667 0.01 0.00 9780
id15650 105.766667 2.466667 0.01 0.00 11310
id15651 105.866667 2.383333 0.01 0.00 10333
id15652 105.841667 2.333333 0.01 0.00 4694
id15653 105.750000 2.383333 0.01 0.00 8597
id16551 71.783333 -5.247545 1.61 0.29 517
id16552 71.880645 -5.266667 2.66 0.62 1860
id16553 71.968642 -5.283333 2.31 0.54 1867
id16554 71.921212 -5.400000 0.76 0.14 554
id16555 71.821839 -5.466667 0.94 0.18 810
id16556 71.747081 -5.400000 -1.00 -1.00 -1
id16557 71.746061 -5.266667 1.75 0.40 45
id16558 102.216667 -5.286000 0.81 0.19 1356
id16559 102.333333 -5.349663 0.74 0.17 1489
id16560 102.419487 -5.416667 0.93 0.18 702
id16561 102.433333 -5.517593 0.93 0.20 978
id16562 102.300000 -5.552778 0.74 0.22 2751
id16563 102.190909 -5.500000 1.32 0.29 1493
id16564 102.109028 -5.416667 2.57 0.49 554
id16565 102.100000 -5.302874 1.06 0.25 1598
id16569 72.233333 -5.350684 1.01 0.24 1912
id16570 72.250000 -5.298494 2.52 0.58 1803
id16626 72.335507 -5.700000 1.57 0.29 589
id16657 71.573684 -6.066667 0.48 0.11 45
id16665 71.383333 -6.231061 1.07 0.19 408
id16666 71.339583 -6.316667 0.54 0.12 1786
id16667 71.298428 -6.433333 0.17 0.05 2420
id16668 71.299107 -6.483333 0.47 0.11 1912
id16669 71.265972 -6.383333 0.48 0.12 1935
id16670 71.306202 -6.266667 0.59 0.13 1301
id16671 71.524020 -6.200000 0.77 0.15 1013
id16672 71.566667 -6.273611 0.52 0.13 2044
id16673 71.464444 -6.250000 0.91 0.23 1927
id16763 71.366667 -6.728091 1.61 0.35 1530
id16792 72.466667 -7.266667 2.64 0.58 1129
id16793 72.466667 -7.395181 3.48 0.60 315
id16794 72.416667 -7.420833 0.00 0.00 593
id16795 72.400000 -7.318370 2.05 0.41 1064
id16796 72.387798 -7.233333 1.56 0.31 644
id17241 105.700000 -10.411546 0.98 0.18 229
id17242 105.706931 -10.533333 1.46 0.29 693
id17243 105.624145 -10.533333 1.49 0.28 542
id17244 105.548998 -10.483333 -1.00 -1.00 -1
id17245 105.645011 -10.450000 -1.00 -1.00 -1
id17394 96.883333 -12.096920 1.80 0.35 573
id17395 96.913406 -12.200000 1.70 0.33 588
id17396 96.808953 -12.150000 -1.00 -1.00 -1
