ID lon lat depth max_ssh min_ssh period polarity return_code
    1	+120.8333	+18.6672	 47	0.121	-0.155	 1357	 1	3
    2	+120.8721	+18.6333	-54	54.499	54.499	    0	 0	1
    3	+120.9333	+18.5795	123	0.149	-0.212	 1868	 1	3
    4	+121.0000	+18.6215	199	0.154	-0.183	 1197	 1	3
    5	+121.0667	+18.6484	105	0.221	-0.194	 1308	 1	3
    6	+121.1667	+18.6492	 91	0.276	-0.262	 2367	 1	3
    7	+121.2333	+18.6119	 50	0.293	-0.308	 2055	 1	3
    8	+121.2878	+18.5667	 26	0.503	-0.342	 2243	-1	3
    9	+121.3347	+18.5333	 10	0.594	-0.478	 2261	 1	3
   10	+121.4067	+18.5000	  7	0.418	-0.318	 2148	-1	3
   11	+121.4680	+18.4667	 15	0.315	-0.438	 1650	 1	3
   12	+121.5333	+18.4172	 30	0.295	-0.294	 1463	 1	3
   13	+121.6000	+18.3811	 25	0.415	-0.355	 2145	 1	3
   14	+121.7000	+18.3790	 33	0.258	-0.222	 1857	-1	3
   15	+121.8000	+18.3699	 18	0.386	-0.440	 2950	 1	3
   16	+121.8667	+18.3611	 25	0.432	-0.380	 2530	-1	3
   17	+121.9667	+18.3483	 28	0.359	-0.401	 4394	-1	3
   18	+122.0333	+18.3687	 23	0.379	-0.439	 3874	-1	3
   19	+122.0967	+18.4333	 34	0.386	-0.314	 2194	-1	3
   20	+122.1037	+18.5000	 97	0.191	-0.183	 1698	 1	3
   21	+122.1297	+18.6000	 85	0.216	-0.173	 1098	 1	3
   22	+122.1744	+18.6000	 28	0.337	-0.214	 1023	 1	3
   23	+122.2216	+18.5333	-12	11.686	11.686	    0	 0	1
   24	+122.2625	+18.4667	 32	0.577	-0.425	 1184	 1	3
   25	+122.3000	+18.4125	 29	0.379	-0.370	 1193	 1	3
   26	+122.3333	+18.3417	-53	53.311	53.311	    0	 0	1
   27	+122.3480	+18.2667	-30	30.186	30.186	    0	 0	1
   28	+122.3000	+18.2103	-102	101.874	101.874	    0	 0	1
   29	+122.2667	+18.1641	  5	0.266	-0.261	 1219	 1	3
   30	+122.2000	+18.1045	 63	0.310	-0.276	 1053	 1	3
   31	+122.1820	+18.0333	-290	290.311	290.311	    0	 0	1
   32	+122.1912	+17.9333	 41	0.253	-0.194	  940	 1	3
   33	+122.1676	+17.8333	  4	0.420	-0.381	 1593	 1	3
   34	+122.1639	+17.7667	 29	0.411	-0.386	 1191	 1	3
   35	+122.1775	+17.7000	-86	85.999	85.999	    0	 0	1
   36	+122.2000	+17.6200	 58	0.372	-0.346	 1162	 1	3
   37	+122.2210	+17.5333	 47	0.357	-0.345	 1548	 1	3
   38	+122.2667	+17.4857	 47	0.289	-0.408	 1735	 1	3
   39	+122.3415	+17.4667	115	0.234	-0.201	 1218	 1	3
   40	+122.4000	+17.4053	 30	0.221	-0.184	 1297	 1	3
   41	+122.4327	+17.3333	  9	0.231	-0.182	 1323	 1	3
   42	+122.4388	+17.2667	-18	17.936	17.936	    0	 0	1
   43	+122.4333	+17.1908	 -5	4.936	4.936	    0	 0	1
   44	+122.4667	+17.1347	 18	0.412	-0.399	 1578	 1	3
   45	+122.5398	+17.1333	  9	0.206	-0.239	 1330	 1	3
   46	+122.5350	+17.0333	 71	0.421	-0.336	 1098	 1	3
   47	+122.5060	+16.9667	 44	0.438	-0.405	 1162	 1	3
   48	+122.4825	+16.9000	-107	106.749	106.749	    0	 0	1
   49	+122.4585	+16.8333	 51	0.282	-0.374	 1384	 1	3
   50	+122.4333	+16.7596	 42	0.220	-0.208	 1395	 1	3
   51	+122.3912	+16.7000	 88	0.198	-0.188	 1151	 1	3
   52	+122.3500	+16.6333	230	0.164	-0.171	 1181	 1	3
   53	+122.3203	+16.5667	117	0.202	-0.198	  885	 1	3
   54	+122.2948	+16.5000	119	0.283	-0.247	  989	 1	3
   55	+122.2693	+16.4000	 58	0.278	-0.231	 1067	 1	3
   56	+122.2421	+16.3333	 22	0.294	-0.327	 1474	 1	3
   57	+122.2209	+16.2667	 54	0.181	-0.167	 1155	 1	3
   58	+122.1685	+16.2000	 -9	8.999	8.999	    0	 0	1
   59	+122.1333	+16.1658	 20	0.190	-0.161	 1188	 1	3
   60	+122.0801	+16.1000	-246	245.936	245.936	    0	 0	1
   61	+122.0333	+16.0497	-140	139.811	139.811	    0	 0	1
   62	+121.9681	+16.0000	164	0.165	-0.129	 1192	 1	3
   63	+121.9619	+16.0333	115	0.175	-0.150	 1290	 1	3
   64	+121.9333	+16.1007	 86	0.226	-0.183	 1938	-1	3
   65	+121.8667	+16.0932	 41	0.233	-0.250	 1543	 1	3
   66	+121.8000	+16.0586	 29	0.252	-0.179	 1387	 1	3
   67	+121.7333	+16.0244	 50	0.307	-0.233	 1499	-1	3
   68	+121.6772	+15.9667	 54	0.282	-0.224	 1320	 1	3
   69	+121.6408	+15.9000	 77	0.288	-0.188	 1106	-1	3
   70	+121.6333	+15.8667	 71	0.281	-0.192	 1526	 1	3
   71	+121.6608	+15.7667	 62	0.247	-0.222	 1125	 1	3
   72	+121.6333	+15.6695	 33	0.236	-0.213	 1069	 1	3
   73	+121.6000	+15.6024	106	0.238	-0.171	 1261	 1	3
   74	+121.5667	+15.5577	 53	0.304	-0.259	 1218	-1	3
   75	+121.5107	+15.5000	 -3	3.311	3.311	    0	 0	1
   76	+121.4984	+15.4333	 75	0.312	-0.253	  944	 1	3
   77	+121.4667	+15.3594	 84	0.391	-0.397	 2261	-1	3
   78	+121.4484	+15.2667	 24	0.662	-0.532	 1765	-1	3
   79	+121.4871	+15.2000	 43	0.348	-0.399	 2189	 1	3
   80	+121.5120	+15.1333	-102	102.186	102.186	    0	 0	1
   81	+121.5333	+15.0577	 44	0.373	-0.340	 1181	 1	3
   82	+121.5978	+15.0000	 80	0.352	-0.270	 1507	 1	3
   83	+121.6446	+14.9667	103	0.297	-0.200	 1454	 1	3
   84	+121.6527	+14.8667	 81	0.394	-0.316	 1620	 1	3
   85	+121.6914	+14.8000	 71	0.371	-0.334	 1668	 1	3
   86	+121.7333	+14.7615	 72	0.289	-0.265	  888	 1	3
   87	+121.8333	+14.7633	147	0.270	-0.228	 1993	 1	3
   88	+121.8577	+14.8333	114	0.308	-0.224	 3246	 1	3
   89	+121.8333	+14.9029	187	0.270	-0.189	 1575	 1	3
   90	+121.8000	+14.9520	184	0.253	-0.177	 1252	 1	3
   91	+121.8214	+15.0333	 12	0.274	-0.236	 2130	 1	3
   92	+121.9000	+15.0497	134	0.249	-0.167	 1195	 1	3
   93	+121.9473	+15.0667	 44	0.251	-0.187	 1183	 1	3
   94	+122.0098	+15.0333	-35	35.311	35.311	    0	 0	1
   95	+122.0533	+14.9667	 24	0.339	-0.241	 2111	-1	3
   96	+122.1000	+14.9000	 43	0.385	-0.276	 2048	 1	3
   97	+122.1333	+14.9189	164	0.297	-0.194	 2145	-1	3
   98	+122.1762	+14.9333	  8	0.275	-0.215	 2070	 1	3
   99	+122.2333	+14.8691	 25	0.315	-0.350	 2107	-1	3
  100	+122.3333	+14.8739	 19	0.249	-0.282	 1316	 1	3
  101	+122.4000	+14.8365	 31	0.222	-0.164	 1564	 1	3
  102	+122.4667	+14.8154	 42	0.225	-0.204	 1216	 1	3
  103	+122.5333	+14.7907	 53	0.228	-0.185	 1534	 1	3
  104	+122.6000	+14.7667	 60	0.254	-0.183	 1211	-1	3
  105	+122.6667	+14.7288	 52	0.269	-0.194	 1286	-1	3
  106	+122.7667	+14.7086	 60	0.226	-0.181	 1364	-1	3
  107	+122.8333	+14.7342	 62	0.229	-0.185	 1650	-1	3
  108	+122.9229	+14.7333	 55	0.234	-0.191	 1905	-1	3
  109	+122.9667	+14.6825	 51	0.245	-0.232	 1650	-1	3
  110	+123.0250	+14.6333	 57	0.224	-0.289	 2172	 1	3
  111	+123.1000	+14.6029	 31	0.269	-0.337	 1349	 1	3
  112	+123.1667	+14.5917	 55	0.251	-0.315	 1770	 1	3
  113	+123.2524	+14.5667	 71	0.347	-0.273	 1773	 1	3
  114	+123.3333	+14.5426	 62	0.316	-0.357	 2055	 1	3
  115	+123.4000	+14.5333	 52	0.264	-0.361	 1766	 1	3
  116	+123.4667	+14.4667	 49	0.269	-0.241	  952	 1	3
  117	+123.5222	+14.4333	 46	0.250	-0.294	 1949	 1	3
  118	+123.6000	+14.4095	 64	0.285	-0.268	 1887	 1	3
  119	+123.7000	+14.4111	 45	0.241	-0.321	 2182	 1	3
  120	+123.8000	+14.4333	 58	0.239	-0.320	 1577	 1	3
  121	+123.8667	+14.4452	 60	0.242	-0.253	 1830	-1	3
  122	+123.9667	+14.4350	 43	0.255	-0.199	 2070	-1	3
  123	+123.9667	+14.3949	 48	0.235	-0.207	 2021	-1	3
  124	+123.9556	+14.3000	 54	0.199	-0.243	 1324	 1	3
  125	+124.0000	+14.2540	 47	0.195	-0.252	 1417	 1	3
  126	+124.1000	+14.2440	 76	0.190	-0.221	 1598	-1	3
  127	+124.1667	+14.2254	 33	0.190	-0.196	 1469	-1	3
  128	+124.2333	+14.1924	 75	0.183	-0.172	 1203	 1	3
  129	+124.3333	+14.1774	 72	0.194	-0.187	 1349	-1	3
  130	+124.3738	+14.1333	 76	0.234	-0.282	 1552	-1	3
  131	+124.4157	+14.0667	 89	0.259	-0.288	 2239	-1	3
  132	+124.4486	+14.0000	100	0.248	-0.289	 1950	-1	3
  133	+124.4969	+13.9333	 73	0.183	-0.190	 1210	 1	3
  134	+124.5000	+13.8877	 59	0.222	-0.189	 1021	 1	3
  135	+124.4658	+13.8333	 83	0.338	-0.353	 1379	-1	3
  136	+124.4667	+13.7667	 79	0.335	-0.308	 1816	-1	3
  137	+124.4667	+13.6667	 71	0.317	-0.427	 1154	 1	3
  138	+124.4667	+13.6167	 73	0.268	-0.333	  795	-1	3
  139	+124.4635	+13.5667	 74	0.224	-0.177	 1042	 1	3
  140	+124.4000	+13.5323	 78	0.260	-0.219	  903	 1	3
  141	+124.3251	+13.5000	 98	0.185	-0.184	 1897	 1	3
  142	+124.2667	+13.4610	 44	0.166	-0.176	 1275	 1	3
  143	+124.2000	+13.4861	 34	0.249	-0.257	 1087	 1	3
  144	+124.1348	+13.5333	 27	0.210	-0.221	 1192	 1	3
  145	+124.1000	+13.5715	 23	0.180	-0.206	 2121	 1	3
  146	+124.0333	+13.6290	 97	0.164	-0.226	  858	 1	3
  147	+124.0225	+13.7000	 96	0.233	-0.279	 1143	 1	3
  148	+123.9333	+13.7262	-69	68.749	68.749	    0	 0	1
  149	+123.8462	+13.7000	 -7	7.436	7.436	    0	 0	1
  150	+123.7667	+13.6975	 70	0.188	-0.242	 3143	-1	3
  151	+123.7000	+13.7053	160	0.197	-0.230	 3134	-1	3
  152	+123.6333	+13.6996	143	0.233	-0.241	 2937	-1	3
  153	+123.5901	+13.7000	 77	0.252	-0.249	 3025	-1	3
  154	+123.5485	+13.6333	 -9	9.311	9.311	    0	 0	1
  155	+123.5767	+13.5667	-52	51.624	51.624	    0	 0	1
  156	+123.6327	+13.5000	-31	30.936	30.936	    0	 0	1
  157	+123.7000	+13.4672	  7	0.222	-0.273	 1972	-1	3
  158	+123.7333	+13.4219	 42	0.212	-0.239	 3663	-1	3
  159	+123.8147	+13.4000	-29	29.311	29.311	    0	 0	1
  160	+123.9000	+13.3689	 22	0.189	-0.225	 1110	 1	3
  161	+123.9472	+13.3333	-11	11.186	11.186	    0	 0	1
  162	+124.0080	+13.3000	  9	0.233	-0.258	 1748	 1	3
  163	+124.1000	+13.2689	 13	0.233	-0.172	 1099	 1	3
  164	+124.1667	+13.2441	 46	0.199	-0.190	  767	 1	3
  165	+124.2215	+13.2000	 66	0.163	-0.142	  971	 1	3
  166	+124.1333	+13.1715	153	0.182	-0.191	 2145	-1	3
  167	+124.0667	+13.2025	177	0.231	-0.202	 3841	-1	3
  168	+123.9667	+13.2213	 58	0.244	-0.226	 3810	-1	3
  169	+123.9298	+13.2333	 75	0.249	-0.219	 3825	-1	3
  170	+123.8333	+13.2169	 55	0.249	-0.304	 1289	 1	3
  171	+123.7835	+13.1667	 56	0.256	-0.312	 2535	 1	3
  172	+123.8667	+13.1417	 89	0.252	-0.247	 1263	-1	3
  173	+123.9333	+13.1305	  3	0.256	-0.217	 3795	-1	3
  174	+124.0000	+13.0992	-51	51.436	51.436	    0	 0	1
  175	+124.0667	+13.0432	123	0.238	-0.208	 2564	-1	3
  176	+124.1333	+13.0777	229	0.173	-0.182	 2542	-1	3
  177	+124.2000	+13.0519	  3	0.216	-0.173	  989	 1	3
  178	+124.2000	+12.9963	 14	0.172	-0.206	 2144	 1	3
  179	+124.1732	+12.9000	 19	0.224	-0.186	 2168	 1	3
  180	+124.2000	+12.8190	 73	0.204	-0.167	 2081	-1	3
  181	+124.2667	+12.7774	 87	0.163	-0.153	 1210	 1	3
  182	+124.3333	+12.7428	 60	0.171	-0.168	  959	 1	3
  183	+124.4000	+12.7237	 51	0.194	-0.163	 2043	-1	3
  184	+124.5000	+12.7013	 38	0.218	-0.228	 1163	 1	3
  185	+124.5667	+12.6963	 59	0.185	-0.183	 1146	 1	3
  186	+124.6167	+12.6333	 66	0.202	-0.170	 1136	 1	3
  187	+124.7000	+12.6235	 73	0.185	-0.129	 1219	 1	3
  188	+124.7667	+12.6551	104	0.169	-0.130	  978	 1	3
  189	+124.8667	+12.6502	 77	0.173	-0.114	 1031	 1	3
  190	+124.9667	+12.6547	 45	0.192	-0.159	 1064	 1	3
  191	+125.0333	+12.6712	 14	0.185	-0.156	 1395	 1	3
  192	+125.1000	+12.6389	 12	0.242	-0.252	  959	 1	3
  193	+125.1519	+12.6000	 15	0.272	-0.264	 1155	 1	3
  194	+125.2000	+12.5545	 15	0.364	-0.453	 1192	 1	3
  195	+125.2617	+12.5000	-31	30.748	30.748	    0	 0	1
  196	+125.3000	+12.4496	 -5	5.311	5.311	    0	 0	1
  197	+125.3456	+12.4000	  5	0.210	-0.186	 1083	 1	3
  198	+125.3866	+12.3333	 64	0.212	-0.253	 1121	 1	3
  199	+125.4333	+12.2824	 17	0.262	-0.200	 1133	 1	3
  200	+125.4741	+12.2333	-39	38.873	38.873	    0	 0	1
  201	+125.5190	+12.1667	 54	0.221	-0.151	  765	 1	3
  202	+125.5525	+12.1000	 27	0.236	-0.150	  974	 1	3
  203	+125.5675	+12.0333	  4	0.246	-0.212	 1102	 1	3
  204	+125.5597	+11.9667	 95	0.155	-0.153	  697	 1	3
  205	+125.4955	+11.9333	 56	0.250	-0.182	 1076	 1	3
  206	+125.4769	+11.8333	  4	0.234	-0.184	 1504	 1	3
  207	+125.4751	+11.7333	-16	16.498	16.498	    0	 0	1
  208	+125.4833	+11.6333	  9	0.373	-0.361	 2519	 1	3
  209	+125.5012	+11.5667	 40	0.214	-0.226	 1076	 1	3
  210	+125.5000	+11.5282	  2	0.229	-0.179	 1214	 1	3
  211	+125.5333	+11.4548	 54	0.379	-0.277	 1035	 1	3
  212	+125.5762	+11.4000	-24	24.061	24.061	    0	 0	1
  213	+125.6280	+11.3333	 41	0.192	-0.206	 1106	 1	3
  214	+125.5799	+11.2667	 -1	0.998	0.998	    0	 0	1
  215	+125.6333	+11.2152	 61	0.224	-0.209	 1095	 1	3
  216	+125.6918	+11.1667	 64	0.217	-0.127	 1148	 1	3
  217	+125.7218	+11.1000	-10	9.748	9.748	    0	 0	1
  218	+125.7667	+11.0407	-11	11.436	11.436	    0	 0	1
  219	+125.8040	+11.0000	  1	0.117	-0.095	 1158	 1	3
  220	+125.8405	+10.9333	  2	0.104	-0.103	 2962	 1	3
  221	+125.8552	+10.8333	 36	0.187	-0.198	  925	 1	3
  222	+125.9056	+10.8000	 31	0.169	-0.148	 1042	 1	3
  223	+125.9679	+10.7667	-10	9.686	9.686	    0	 0	1
  224	+125.9365	+10.7000	 24	0.146	-0.146	 1086	 1	3
  225	+125.8947	+10.6667	 37	0.153	-0.205	 1144	 1	3
  226	+125.8551	+10.6000	 39	0.144	-0.128	 1042	 1	3
  227	+125.8687	+10.5333	 44	0.142	-0.099	  994	 1	3
  228	+125.9000	+10.4354	 56	0.115	-0.178	 1191	 1	3
  229	+125.9333	+10.3899	 35	0.131	-0.174	 1073	 1	3
  230	+125.9686	+10.3333	 72	0.111	-0.197	 1109	 1	3
  231	+125.9719	+10.2333	 78	0.134	-0.127	  771	 1	3
  232	+125.9945	+10.1333	 41	0.117	-0.123	  906	 1	3
  233	+126.0371	+10.1000	 13	0.156	-0.143	  959	 1	3
  234	+126.0722	+10.0333	-100	100.499	100.499	    0	 0	1
  235	+126.1010	 +9.9667	-26	26.186	26.186	    0	 0	1
  236	+126.1097	 +9.8667	 -6	5.936	5.936	    0	 0	1
  237	+126.1667	 +9.8042	 -5	5.311	5.311	    0	 0	1
  238	+126.1726	 +9.7333	 38	0.170	-0.185	 1069	 1	3
  239	+126.1640	 +9.6667	 37	0.159	-0.116	 1008	-1	3
  240	+126.2006	 +9.6333	 12	0.171	-0.113	 1033	 1	3
  241	+126.2070	 +9.5333	103	0.120	-0.141	  854	 1	3
  242	+126.1667	 +9.4696	 91	0.128	-0.125	  828	 1	3
  243	+126.1333	 +9.4238	 75	0.148	-0.121	  698	 1	3
  244	+126.1333	 +9.3538	 86	0.143	-0.130	 1131	 1	3
  245	+126.2000	 +9.3105	153	0.140	-0.125	  773	 1	3
  246	+126.2256	 +9.2333	 59	0.285	-0.336	 2226	-1	3
  247	+126.2667	 +9.1852	 89	0.267	-0.281	 2185	-1	3
  248	+126.2890	 +9.1000	 63	0.190	-0.200	 2133	-1	3
  249	+126.2849	 +9.0000	 44	0.228	-0.244	 1113	 1	3
  250	+126.3167	 +8.9333	 22	0.207	-0.170	  773	 1	3
  251	+126.3453	 +8.8667	-26	26.436	26.436	    0	 0	1
  252	+126.3429	 +8.7667	 64	0.145	-0.150	 1095	 1	3
  253	+126.3333	 +8.6889	 95	0.139	-0.151	 2054	 1	3
  254	+126.3341	 +8.6333	114	0.137	-0.155	 1972	-1	3
  255	+126.3810	 +8.5667	 72	0.148	-0.205	  959	 1	3
  256	+126.4131	 +8.5000	 -5	4.874	4.874	    0	 0	1
  257	+126.4137	 +8.4000	  1	0.121	-0.124	 2744	-1	3
  258	+126.4333	 +8.3020	-9999	-9999.000	-9999.000	    0	 0	1
  259	+122.9333	 +8.3204	-9999	-9999.000	-9999.000	    0	 0	1
  260	+122.9645	 +8.4000	183	0.002	-0.002	 2302	 1	2
  261	+123.0000	 +8.4554	155	0.002	-0.002	 1373	 1	2
  262	+123.0333	 +8.5038	 45	0.002	-0.002	 1116	 1	2
  263	+123.1000	 +8.5401	 10	0.002	-0.004	  919	-1	2
  264	+123.2000	 +8.5424	119	0.003	-0.004	 2258	-1	2
  265	+123.3000	 +8.5448	120	0.003	-0.005	 1747	-1	2
  266	+123.3333	 +8.6258	 73	0.003	-0.006	  929	 1	2
  267	+123.3667	 +8.6870	 91	0.004	-0.007	 1023	 1	2
  268	+123.4000	 +8.7392	-27	27.249	27.249	    0	 0	1
  269	+123.4667	 +8.7125	125	0.007	-0.011	 1586	-1	2
  270	+123.5333	 +8.6826	 87	0.007	-0.012	 1575	 1	2
  271	+123.6333	 +8.6717	 43	0.008	-0.013	 1192	 1	2
  272	+123.7000	 +8.6490	123	0.008	-0.012	 1312	 1	2
  273	+123.7667	 +8.6006	 36	0.008	-0.013	  783	 1	2
  274	+123.7865	 +8.5333	 51	0.009	-0.013	  854	 1	2
  275	+123.8309	 +8.4667	 55	0.009	-0.012	 1388	 1	2
  276	+123.8437	 +8.4000	-38	37.999	37.999	    0	 0	1
  277	+123.8685	 +8.3333	  4	0.009	-0.012	  952	 1	2
  278	+124.2495	 +8.3333	264	0.008	-0.011	 1178	 1	2
  279	+124.2805	 +8.4000	121	0.008	-0.011	 1002	 1	2
  280	+124.2976	 +8.5000	 84	0.008	-0.012	 1028	 1	2
  281	+124.3333	 +8.5525	107	0.008	-0.012	  934	 1	2
  282	+124.3908	 +8.6000	  9	0.008	-0.012	  782	 1	2
  283	+124.4667	 +8.6224	 27	0.008	-0.012	  869	 1	2
  284	+124.5322	 +8.5667	  1	0.009	-0.016	  978	 1	2
  285	+124.5897	 +8.5333	 53	0.008	-0.016	 1049	 1	2
  286	+124.6667	 +8.5041	 15	0.009	-0.016	  974	 1	2
  287	+124.7333	 +8.4962	106	0.009	-0.015	  974	 1	2
  288	+124.7484	 +8.5667	229	0.008	-0.014	 1934	 1	2
  289	+124.7341	 +8.6667	210	0.008	-0.015	  937	 1	2
  290	+124.7633	 +8.7667	 31	0.008	-0.013	  937	 1	2
  291	+124.7787	 +8.8333	178	0.008	-0.012	  918	 1	2
  292	+124.7749	 +8.9333	199	0.007	-0.012	  876	-1	2
  293	+124.8000	 +9.0024	  2	0.007	-0.013	  802	 1	2
  294	+124.8970	 +9.0000	-15	15.499	15.499	    0	 0	1
  295	+124.9477	 +8.9667	-186	185.686	185.686	    0	 0	1
  296	+125.0016	 +8.9333	-85	84.811	84.811	    0	 0	1
  297	+125.0667	 +8.8701	 10	0.011	-0.019	  719	 1	3
  298	+125.1333	 +8.8445	202	0.011	-0.017	 1568	 1	2
  299	+125.1685	 +8.9000	144	0.010	-0.016	 1515	 1	2
  300	+125.1744	 +9.0000	145	0.010	-0.015	  915	 1	2
  301	+125.2000	 +9.0841	 98	0.010	-0.015	  657	 1	2
  302	+125.2533	 +9.0333	 74	0.011	-0.017	  577	-1	3
  303	+125.3225	 +9.0000	 11	0.012	-0.021	 1020	 1	2
  304	+125.4000	 +8.9751	 71	0.012	-0.020	  967	 1	2
  305	+125.4685	 +9.0000	 20	0.012	-0.021	  866	 1	2
  306	+125.5252	 +9.0667	 12	0.012	-0.018	  828	 1	2
  307	+125.5247	 +9.1667	-14	14.499	14.499	    0	 0	1
  308	+125.5000	 +9.2511	240	0.011	-0.017	  959	 1	2
  309	+125.4834	 +9.3333	-21	21.311	21.311	    0	 0	1
  310	+125.4613	 +9.4000	128	0.010	-0.018	  922	 1	2
  311	+125.4333	 +9.4756	257	0.009	-0.017	  871	 1	2
  312	+125.4138	 +9.5667	655	0.009	-0.016	  900	 1	2
  313	+125.3967	 +9.6333	165	0.009	-0.017	 1053	 1	2
  314	+125.3960	 +9.7333	 -9	9.124	9.124	    0	 0	1
  315	+125.4253	 +9.8000	 18	0.021	-0.033	 2092	 1	3
  316	+125.4365	 +9.8667	231	0.012	-0.025	 1020	 1	2
  317	+125.4333	 +9.9103	 98	0.016	-0.030	  701	 1	2
  318	+125.4674	 +9.9667	137	0.022	-0.032	 2805	-1	3
  319	+125.4667	+10.0629	128	0.035	-0.037	 2827	-1	3
  320	+125.4464	+10.1333	132	0.026	-0.051	 2974	 1	3
  321	+125.4667	+10.2232	106	0.034	-0.067	 3034	 1	3
  322	+125.4815	+10.3000	 97	0.037	-0.054	 1057	 1	3
  323	+125.4667	+10.3708	 94	0.047	-0.053	 1829	-1	3
  324	+125.4128	+10.4333	180	0.044	-0.050	 1473	-1	3
  325	+125.3333	+10.4524	109	0.048	-0.056	 1702	 1	3
  326	+125.2928	+10.4000	104	0.052	-0.056	 3124	-1	3
  327	+125.2816	+10.3000	-50	49.749	49.749	    0	 0	1
  328	+125.2333	+10.2447	-153	152.561	152.561	    0	 0	1
  329	+125.1333	+10.2510	-18	18.249	18.249	    0	 0	1
  330	+125.1352	+10.2000	-79	78.749	78.749	    0	 0	1
  331	+125.1879	+10.1333	-110	110.249	110.249	    0	 0	1
  332	+125.2333	+10.0810	-17	16.624	16.624	    0	 0	1
  333	+125.2667	+10.0138	 -5	5.186	5.186	    0	 0	1
  334	+125.2957	 +9.9333	 17	0.011	-0.026	  712	 1	2
  335	+125.2333	 +9.9536	 71	0.009	-0.018	  899	 1	2
  336	+125.1990	+10.0000	247	0.009	-0.017	 1053	 1	2
  337	+125.1333	+10.0643	135	0.012	-0.021	  997	 1	2
  338	+125.1231	+10.1333	-102	101.999	101.999	    0	 0	1
  339	+125.0917	+10.2000	 86	0.016	-0.028	 2242	 1	3
  340	+125.0608	+10.2667	 68	0.024	-0.037	 4328	 1	3
  341	+125.0273	+10.3333	120	0.026	-0.038	 3891	-1	2
  342	+124.9825	+10.3667	-44	43.811	43.811	    0	 0	1
  343	+124.9905	+10.2667	 55	0.025	-0.038	 4379	 1	3
  344	+125.0000	+10.1686	-34	34.249	34.249	    0	 0	1
  345	+125.0130	+10.1000	-253	252.749	252.749	    0	 0	1
  346	+125.0000	+10.0268	 85	0.012	-0.016	  944	 1	2
  347	+124.9400	+10.0667	219	0.012	-0.018	 1120	 1	2
  348	+124.8863	+10.1000	101	0.012	-0.019	  952	 1	2
  349	+124.8000	+10.1274	 13	0.014	-0.019	 1042	 1	2
  350	+124.7333	+10.1612	 54	0.019	-0.019	 2444	 1	3
  351	+124.6818	+10.1667	 49	0.021	-0.025	 1315	 1	2
  352	+124.6453	+10.1000	 27	0.019	-0.025	 1080	 1	2
  353	+124.6414	+10.0000	 37	0.014	-0.026	  937	-1	3
  354	+124.6107	 +9.9333	 21	0.014	-0.024	 1165	 1	2
  355	+124.5843	 +9.8667	 31	0.012	-0.022	 1001	 1	2
  356	+124.5980	 +9.7667	  5	0.010	-0.014	  619	 1	2
  357	+124.5333	 +9.7302	-22	22.061	22.061	    0	 0	1
  358	+124.4667	 +9.7479	-112	111.749	111.749	    0	 0	1
  359	+124.4065	 +9.7000	-32	31.874	31.874	    0	 0	1
  360	+124.3667	 +9.6407	106	0.008	-0.012	  855	 1	2
  361	+124.3000	 +9.6152	-157	156.874	156.874	    0	 0	1
  362	+124.2333	 +9.5979	 69	0.007	-0.012	  876	 1	2
  363	+124.1947	 +9.6000	 83	0.007	-0.013	  852	 1	2
  364	+124.1000	 +9.5881	-48	48.186	48.186	    0	 0	1
  365	+124.0000	 +9.5968	 37	0.008	-0.012	  814	 1	2
  366	+123.9000	 +9.5956	 95	0.008	-0.011	  889	 1	2
  367	+123.8333	 +9.5570	 99	0.008	-0.013	  852	 1	2
  368	+123.7333	 +9.5581	  2	0.008	-0.008	  795	 1	2
  369	+123.7408	 +9.6000	 68	0.009	-0.008	 1352	 1	2
  370	+123.8000	 +9.6360	 43	0.009	-0.009	 2051	 1	2
  371	+123.8484	 +9.7000	152	0.010	-0.009	 1908	 1	2
  372	+123.7881	 +9.7333	120	0.010	-0.009	 2163	 1	2
  373	+123.7874	 +9.8333	 42	0.012	-0.010	 1913	 1	2
  374	+123.7663	 +9.9000	107	0.013	-0.010	 3078	 1	2
  375	+123.8333	 +9.9160	180	0.015	-0.011	 1679	 1	2
  376	+123.8667	 +9.9875	 31	0.017	-0.011	 7286	 1	2
  377	+123.9000	+10.0551	127	0.018	-0.012	 7533	 1	2
  378	+123.9516	+10.1000	 40	0.020	-0.013	 6938	 1	2
  379	+123.9898	+10.1667	138	0.020	-0.013	 5621	 1	2
  380	+124.0222	+10.2333	  2	0.021	-0.011	 2272	 1	2
  381	+124.0667	+10.2742	 10	0.021	-0.009	 1934	 1	2
  382	+124.0435	+10.2333	  2	0.021	-0.011	 2272	 1	2
  383	+124.0810	+10.2000	 57	0.022	-0.013	 5133	 1	2
  384	+124.1331	+10.2667	  7	0.022	-0.010	 2303	 1	2
  385	+124.2000	+10.2861	 19	0.019	-0.010	 1582	 1	2
  386	+124.2667	+10.3014	  4	0.019	-0.011	 2595	 1	2
  387	+124.3545	+10.3333	  3	0.017	-0.011	 2272	 1	2
  388	+124.4000	+10.3207	  6	0.016	-0.012	 2257	 1	2
  389	+124.4667	+10.2812	 17	0.017	-0.015	 2167	 1	2
  390	+124.5333	+10.2504	 19	0.016	-0.014	 1223	 1	2
  391	+124.6000	+10.2280	 29	0.021	-0.024	 1788	 1	2
  392	+124.6729	+10.2333	 22	0.021	-0.024	 1335	 1	2
  393	+124.7069	+10.3000	 63	0.020	-0.021	 1672	 1	2
  394	+124.6974	+10.3667	 59	0.019	-0.018	 1954	 1	2
  395	+124.6987	+10.4667	 97	0.019	-0.014	 1791	 1	2
  396	+124.7333	+10.5133	128	0.019	-0.013	 1492	 1	2
  397	+124.7602	+10.6000	 27	0.019	-0.013	 2329	 1	2
  398	+124.7885	+10.6667	 23	0.019	-0.012	 2785	 1	2
  399	+124.7797	+10.7667	194	0.018	-0.011	 3926	 1	2
  400	+124.7450	+10.8333	215	0.018	-0.011	 4117	 1	2
  401	+124.7000	+10.8826	 63	0.017	-0.011	 3783	 1	2
  402	+124.6554	+10.9333	 97	0.019	-0.012	 3296	 1	2
  403	+124.5667	+10.9343	 30	0.021	-0.014	 3131	 1	2
  404	+124.5333	+10.8882	-40	40.061	40.061	    0	 0	1
  405	+124.4667	+10.8657	145	0.016	-0.013	 2628	 1	2
  406	+124.4158	+10.9000	218	0.015	-0.012	 2219	 1	2
  407	+124.3652	+10.9333	134	0.013	-0.011	 2137	 1	2
  408	+124.3651	+11.0333	164	0.012	-0.009	 1420	 1	2
  409	+124.3811	+11.1000	241	0.014	-0.010	 1590	 1	2
  410	+124.3728	+11.2000	283	0.017	-0.013	 1626	 1	2
  411	+124.3538	+11.2667	 85	0.018	-0.015	 1278	 1	2
  412	+124.3269	+11.3333	 63	0.021	-0.017	 1920	 1	3
  413	+124.3000	+11.4159	 93	0.026	-0.024	 1560	-1	2
  414	+124.2714	+11.5000	149	0.031	-0.030	 1838	-1	2
  415	+124.2569	+11.5667	 71	0.038	-0.035	 1643	-1	2
  416	+124.3000	+11.6120	 96	0.041	-0.037	 1908	-1	3
  417	+124.3241	+11.7000	 84	0.038	-0.035	 2579	-1	2
  418	+124.2667	+11.7594	 95	0.037	-0.034	 1976	-1	2
  419	+124.2780	+11.8000	188	0.037	-0.035	 2264	-1	2
  420	+124.2749	+11.9000	220	0.038	-0.039	 2711	-1	2
  421	+124.3202	+11.9667	 23	0.044	-0.045	 2414	 1	3
  422	+124.3667	+12.0271	109	0.045	-0.042	 2301	 1	3
  423	+124.3655	+12.0667	104	0.045	-0.044	 2489	 1	3
  424	+124.3000	+12.1178	114	0.045	-0.041	 2452	 1	3
  425	+124.2590	+12.0667	145	0.044	-0.042	 1555	 1	2
  426	+124.1843	+12.0333	165	0.042	-0.044	 2043	 1	2
  427	+124.1409	+12.0667	166	0.044	-0.043	 2043	-1	2
  428	+124.1990	+12.1333	140	0.046	-0.039	  604	 1	3
  429	+124.2644	+12.1667	117	0.044	-0.040	 3161	 1	3
  430	+124.2778	+12.2333	124	0.044	-0.037	 2489	 1	3
  431	+124.2618	+12.3000	139	0.045	-0.043	 2340	 1	3
  432	+124.2000	+12.3558	 88	0.050	-0.049	 1927	-1	3
  433	+124.1333	+12.3848	141	0.054	-0.051	 2043	-1	3
  434	+124.0667	+12.3549	-45	45.499	45.499	    0	 0	1
  435	+124.0303	+12.3333	172	0.048	-0.040	 2389	-1	3
  436	+123.9667	+12.3324	168	0.054	-0.048	 3565	-1	3
  437	+123.9313	+12.2667	129	0.062	-0.050	 2366	-1	3
  438	+123.9454	+12.2000	 63	0.068	-0.051	 1080	-1	3
  439	+123.9735	+12.1333	 49	0.063	-0.045	 1927	-1	3
  440	+124.0079	+12.0667	-13	13.374	13.374	    0	 0	1
  441	+124.0487	+12.0000	-24	24.436	24.436	    0	 0	1
  442	+124.0667	+11.9309	 45	0.040	-0.044	 1979	 1	3
  443	+124.1025	+11.8667	 32	0.040	-0.041	 1822	-1	2
  444	+124.0940	+11.8000	107	0.040	-0.034	 1815	-1	3
  445	+124.0667	+11.7089	-15	14.686	14.686	    0	 0	1
  446	+124.0161	+11.6667	158	0.032	-0.035	 2546	-1	2
  447	+124.0530	+11.6000	 45	0.036	-0.033	 2104	-1	2
  448	+124.1000	+11.5411	 16	0.035	-0.034	 1949	-1	2
  449	+124.1182	+11.4667	 35	0.030	-0.030	 1866	-1	2
  450	+124.1208	+11.3667	 59	0.024	-0.021	 4838	-1	3
  451	+124.1000	+11.2930	 21	0.023	-0.022	 4244	-1	3
  452	+124.0667	+11.2221	 -1	0.874	0.874	    0	 0	1
  453	+124.0373	+11.1333	 25	0.019	-0.015	 2624	 1	3
  454	+124.0333	+11.0951	 33	0.018	-0.014	 1672	-1	2
  455	+124.0477	+11.0000	-49	49.186	49.186	    0	 0	1
  456	+124.0455	+10.9000	-104	103.874	103.874	    0	 0	1
  457	+124.0333	+10.8101	-36	35.874	35.874	    0	 0	1
  458	+124.0139	+10.7333	-107	107.499	107.499	    0	 0	1
  459	+124.0284	+10.6333	  4	0.016	-0.013	 2067	 1	2
  460	+124.0341	+10.5667	  7	0.017	-0.013	 2631	 1	2
  461	+124.0333	+10.4991	  9	0.018	-0.011	 2013	 1	2
  462	+124.0064	+10.4000	-10	10.374	10.374	    0	 0	1
  463	+124.0400	+10.3333	 41	0.020	-0.010	 2677	 1	2
  464	+124.0000	+10.2907	 -6	6.061	6.061	    0	 0	1
  465	+123.9333	+10.2556	  1	0.020	-0.014	 3904	 1	2
  466	+123.8560	+10.2333	 62	0.018	-0.012	 3329	 1	2
  467	+123.7667	+10.2096	-86	85.624	85.624	    0	 0	1
  468	+123.7204	+10.1667	115	0.017	-0.012	 4147	 1	2
  469	+123.6786	+10.1000	 -6	6.436	6.436	    0	 0	1
  470	+123.6384	+10.0333	 29	0.015	-0.011	 2025	 1	2
  471	+123.6306	 +9.9667	 33	0.014	-0.011	 1859	 1	2
  472	+123.6023	 +9.8667	 93	0.011	-0.010	 1866	 1	2
  473	+123.5667	 +9.8162	  0	0.010	-0.010	  989	 1	2
  474	+123.5333	 +9.7527	-47	46.936	46.936	    0	 0	1
  475	+123.5031	 +9.6667	-43	43.311	43.311	    0	 0	1
  476	+123.4831	 +9.6000	-219	218.686	218.686	    0	 0	1
  477	+123.4452	 +9.5333	-88	88.499	88.499	    0	 0	1
  478	+123.4000	 +9.4776	-126	125.936	125.936	    0	 0	1
  479	+123.3667	 +9.4257	 10	0.009	-0.007	 1043	 1	2
  480	+123.3055	 +9.3667	 42	0.011	-0.007	  741	 1	2
  481	+123.3076	 +9.2667	-10	10.374	10.374	    0	 0	1
  482	+123.2789	 +9.2000	-46	46.499	46.499	    0	 0	1
  483	+123.2333	 +9.1389	 60	0.006	-0.008	  846	 1	2
  484	+123.2000	 +9.0934	 21	0.005	-0.008	  928	 1	2
  485	+123.1333	 +9.0560	-20	19.874	19.874	    0	 0	1
  486	+123.0333	 +9.0559	-19	19.499	19.499	    0	 0	1
  487	+122.9465	 +9.0667	220	0.002	-0.002	 1870	 1	2
  488	+122.9000	 +9.1318	141	0.002	-0.002	 2036	 1	2
  489	+122.8672	 +9.2000	206	0.002	-0.002	 1411	 1	2
  490	+122.8618	 +9.2667	137	0.002	-0.002	 1200	 1	2
  491	+122.8219	 +9.3333	 50	0.002	-0.003	 1230	 1	2
  492	+122.7333	 +9.3628	 59	0.002	-0.002	 1296	 1	2
  493	+122.6667	 +9.3815	 -8	7.999	7.999	    0	 0	1
  494	+122.6000	 +9.4276	 96	0.002	-0.002	  934	 1	2
  495	+122.5613	 +9.4667	 47	0.002	-0.002	 1095	 1	2
  496	+122.5000	 +9.5333	185	0.002	-0.002	 1049	 1	2
  497	+122.4645	 +9.5667	167	0.002	-0.002	 1241	 1	2
  498	+122.4253	 +9.6333	 92	0.002	-0.002	 1185	 1	2
  499	+122.3667	 +9.6964	186	0.002	-0.002	 1206	 1	2
  500	+122.3715	 +9.7333	146	0.003	-0.002	 1140	 1	2
  501	+122.3536	 +9.8000	104	0.003	-0.001	 1069	 1	2
  502	+122.3667	 +9.8841	137	0.003	-0.002	 1530	 1	2
  503	+122.4000	 +9.9512	 57	0.003	-0.002	 1484	 1	2
  504	+122.4667	 +9.9892	103	0.003	-0.002	 1851	-1	2
  505	+122.5333	+10.0008	 46	0.003	-0.003	 2932	-1	2
  506	+122.6273	+10.0333	 87	0.004	-0.004	 2468	 1	2
  507	+122.6667	+10.0846	 63	0.004	-0.004	 6202	-1	2
  508	+122.6950	+10.1667	 46	0.004	-0.004	 3678	-1	2
  509	+122.6667	+10.2528	 21	0.004	-0.003	 3938	-1	2
  510	+122.6000	+10.2993	 55	0.004	-0.003	 3830	-1	2
  511	+122.5540	+10.3333	 66	0.004	-0.003	 3854	-1	2
  512	+122.5000	+10.3939	 87	0.004	-0.004	 3990	-1	2
  513	+122.4708	+10.4667	176	0.004	-0.004	 3660	-1	2
  514	+122.4667	+10.5278	124	0.005	-0.005	 2471	 1	2
  515	+122.4667	+10.5923	 56	0.005	-0.005	 3424	 1	2
  516	+122.4313	+10.6333	111	0.005	-0.005	 2816	 1	2
  517	+122.3333	+10.6613	 29	0.005	-0.004	 2726	 1	2
  518	+122.2411	+10.6333	 83	0.004	-0.004	 3056	-1	2
  519	+122.1667	+10.6000	 60	0.004	-0.003	 3089	-1	2
  520	+122.1000	+10.5726	 49	0.004	-0.003	 3075	-1	2
  521	+122.0667	+10.5285	-148	147.686	147.686	    0	 0	1
  522	+122.0194	+10.4667	  9	0.004	-0.002	 2354	-1	2
  523	+121.9667	+10.4094	-86	86.499	86.499	    0	 0	1
  524	+121.9047	+10.4667	125	0.004	-0.004	 4087	-1	2
  525	+121.9344	+10.5333	124	0.006	-0.005	 3056	-1	2
  526	+121.9542	+10.6333	 46	0.007	-0.006	 2550	-1	2
  527	+121.9333	+10.7259	104	0.007	-0.007	 2039	-1	2
  528	+121.9332	+10.8000	 95	0.008	-0.007	  854	-1	2
  529	+121.9590	+10.8667	 36	0.009	-0.008	 1267	 1	2
  530	+121.9910	+10.9333	-10	10.249	10.249	    0	 0	1
  531	+122.0278	+11.0000	 59	0.011	-0.009	 2246	 1	2
  532	+122.0510	+11.0667	 -7	6.936	6.936	    0	 0	1
  533	+122.0296	+11.1333	132	0.011	-0.010	 4860	 1	2
  534	+122.0333	+11.2132	 87	0.012	-0.011	 2700	 1	2
  535	+122.0307	+11.2667	107	0.012	-0.011	 2490	 1	2
  536	+122.0333	+11.3589	143	0.013	-0.013	 2415	 1	2
  537	+122.0251	+11.4000	 53	0.013	-0.014	 2496	 1	2
  538	+122.0414	+11.4667	118	0.014	-0.016	 2086	 1	2
  539	+122.0680	+11.5333	186	0.014	-0.017	 1968	 1	2
  540	+122.0791	+11.6333	242	0.015	-0.019	 2160	 1	2
  541	+122.0667	+11.7181	 46	0.015	-0.019	 2028	 1	2
  542	+121.9923	+11.7333	163	0.014	-0.017	 1942	 1	2
  543	+121.9000	+11.7609	 23	0.014	-0.015	 3037	 1	2
  544	+121.8613	+11.8000	 91	0.014	-0.012	 2293	 1	2
  545	+121.8789	+11.8667	249	0.014	-0.012	 2609	 1	2
  546	+121.8981	+11.9667	172	0.014	-0.011	 1102	 1	2
  547	+121.9257	+12.0333	 89	0.012	-0.009	 1030	 1	2
  548	+121.9503	+12.0667	 -2	1.561	1.561	    0	 0	1
  549	+121.9466	+11.9667	 -6	5.686	5.686	    0	 0	1
  550	+122.0000	+11.9106	 76	0.013	-0.008	 1840	 1	2
  551	+122.0592	+11.8667	 42	0.014	-0.008	 1469	 1	2
  552	+122.1333	+11.8378	  3	0.015	-0.009	 1352	 1	2
  553	+122.2333	+11.8611	 86	0.014	-0.006	 1065	 1	2
  554	+122.2697	+11.8000	  0	0.015	-0.005	 1935	 1	2
  555	+122.3333	+11.7433	123	0.015	-0.005	 1065	 1	2
  556	+122.4000	+11.7077	 -4	4.249	4.249	    0	 0	1
  557	+122.4667	+11.6673	 50	0.016	-0.005	 1792	 1	2
  558	+122.5333	+11.7075	163	0.016	-0.005	 1552	 1	2
  559	+122.6085	+11.7000	 61	0.016	-0.005	 3318	 1	2
  560	+122.6939	+11.7000	 33	0.017	-0.005	 3982	 1	2
  561	+122.7333	+11.7656	 60	0.016	-0.004	 2096	 1	2
  562	+122.7582	+11.8333	101	0.015	-0.004	  574	 1	2
  563	+122.7906	+11.9000	 77	0.015	-0.004	 1773	 1	2
  564	+122.8333	+11.9474	 61	0.016	-0.003	 2205	 1	2
  565	+122.9000	+11.9741	 56	0.015	-0.002	 3359	 1	2
  566	+122.9667	+12.0000	 54	0.015	-0.003	 2526	 1	2
  567	+123.0333	+12.0385	 44	0.016	-0.005	 1960	 1	2
  568	+123.0929	+12.1000	 42	0.019	-0.012	 4117	 1	2
  569	+123.1263	+12.1667	 46	0.020	-0.015	 1987	 1	2
  570	+123.1472	+12.2333	 29	0.018	-0.011	 1525	 1	2
  571	+123.1667	+12.3000	 44	0.021	-0.014	 2602	 1	2
  572	+123.1913	+12.4000	 30	0.021	-0.011	 2302	 1	2
  573	+123.1852	+12.5000	 52	0.013	-0.004	  863	 1	2
  574	+123.2134	+12.5667	 98	0.014	-0.006	  959	 1	2
  575	+123.2504	+12.6000	-15	15.249	15.249	    0	 0	1
  576	+123.3325	+12.5667	-22	21.936	21.936	    0	 0	1
  577	+123.3690	+12.5333	  3	0.026	-0.023	 1559	 1	2
  578	+123.4667	+12.5027	-54	53.561	53.561	    0	 0	1
  579	+123.5199	+12.4667	 19	0.029	-0.022	 1503	-1	3
  580	+123.5717	+12.4333	-58	57.999	57.999	    0	 0	1
  581	+123.6333	+12.3724	-23	23.124	23.124	    0	 0	1
  582	+123.6982	+12.3333	 -2	1.936	1.936	    0	 0	1
  583	+123.7333	+12.2788	 59	0.049	-0.043	 1942	 1	2
  584	+123.8000	+12.2595	 52	0.051	-0.046	 2437	 1	3
  585	+123.8000	+12.3154	 62	0.048	-0.044	 2423	 1	3
  586	+123.7651	+12.3667	138	0.050	-0.041	 2433	 1	2
  587	+123.7174	+12.4333	-41	40.811	40.811	    0	 0	1
  588	+123.6667	+12.4920	 37	0.048	-0.039	 2335	 1	3
  589	+123.6333	+12.5452	-39	38.874	38.874	    0	 0	1
  590	+123.5982	+12.6000	137	0.024	-0.020	  408	-1	3
  591	+123.5934	+12.7000	 61	0.023	-0.017	 1447	-1	3
  592	+123.6431	+12.7000	-27	26.811	26.811	    0	 0	1
  593	+123.7000	+12.6510	 86	0.037	-0.038	  900	-1	3
  594	+123.7434	+12.6000	-27	26.686	26.686	    0	 0	1
  595	+123.7754	+12.5333	 22	0.068	-0.049	 2190	 1	3
  596	+123.8333	+12.4870	164	0.061	-0.052	 2189	 1	3
  597	+123.8867	+12.5333	145	0.060	-0.046	 2107	 1	3
  598	+123.8682	+12.6333	 83	0.053	-0.041	 2163	 1	3
  599	+123.8388	+12.7000	 61	0.042	-0.042	 2310	 1	3
  600	+123.8144	+12.7667	 29	0.053	-0.054	 5366	-1	3
  601	+123.7667	+12.8111	  9	0.085	-0.094	 1744	-1	3
  602	+123.7000	+12.8460	  8	0.045	-0.043	 2731	-1	3
  603	+123.6302	+12.8667	 49	0.027	-0.020	 2252	-1	3
  604	+123.5667	+12.9138	 18	0.028	-0.019	 2302	-1	3
  605	+123.5000	+12.9633	 97	0.028	-0.019	 2273	-1	3
  606	+123.4457	+13.0000	112	0.029	-0.022	 2071	 1	2
  607	+123.3667	+13.0119	-21	21.374	21.374	    0	 0	1
  608	+123.2799	+13.0333	113	0.023	-0.016	 1094	 1	3
  609	+123.2333	+13.0750	118	0.026	-0.015	 2006	-1	2
  610	+123.1698	+13.0333	113	0.026	-0.016	 1877	-1	2
  611	+123.2000	+12.9367	 22	0.026	-0.021	 2504	 1	3
  612	+123.2667	+12.9062	-53	53.499	53.499	    0	 0	1
  613	+123.2965	+12.8333	 32	0.023	-0.015	 1394	 1	3
  614	+123.3000	+12.7770	486	0.021	-0.014	 2077	 1	2
  615	+123.2333	+12.8328	 89	0.015	-0.008	 1060	 1	2
  616	+123.1710	+12.8667	 41	0.014	-0.006	 1009	 1	2
  617	+123.1285	+12.9000	 64	0.014	-0.005	 1065	 1	3
  618	+123.0667	+12.9600	 67	0.014	-0.004	  651	 1	2
  619	+123.0000	+12.9975	 73	0.014	-0.003	 1635	 1	2
  620	+122.9386	+13.0333	204	0.013	-0.003	 1972	 1	2
  621	+122.9008	+13.1000	 70	0.014	-0.004	 1365	 1	2
  622	+122.8333	+13.1259	100	0.014	-0.004	 1324	 1	2
  623	+122.7568	+13.1333	130	0.013	-0.003	 1327	 1	2
  624	+122.7000	+13.1709	145	0.013	-0.003	 2013	 1	2
  625	+122.6287	+13.1667	 96	0.012	-0.002	 1601	 1	2
  626	+122.5667	+13.1754	-18	17.749	17.749	    0	 0	1
  627	+122.5190	+13.2333	 59	0.012	-0.003	 1013	 1	2
  628	+122.4851	+13.3000	 52	0.012	-0.004	  963	 1	2
  629	+122.4819	+13.4000	105	0.012	-0.005	  889	 1	2
  630	+122.4333	+13.4447	 25	0.013	-0.006	 1054	 1	2
  631	+122.3766	+13.5000	123	0.013	-0.005	 2319	 1	2
  632	+122.3333	+13.5468	 11	0.014	-0.005	 1256	 1	3
  633	+122.2333	+13.5462	 54	0.017	-0.004	 1964	 1	2
  634	+122.2000	+13.4758	 75	0.014	-0.005	 2347	 1	2
  635	+122.1689	+13.4000	 48	0.012	-0.005	 1087	 1	2
  636	+122.1333	+13.3526	-61	61.186	61.186	    0	 0	1
  637	+122.0726	+13.3000	-10	10.249	10.249	    0	 0	1
  638	+122.0546	+13.2333	175	0.011	-0.002	 1859	 1	2
  639	+122.0000	+13.1970	136	0.012	-0.003	 1305	 1	2
  640	+121.9389	+13.2333	353	0.012	-0.004	 1743	 1	2
  641	+121.8667	+13.2433	 21	0.012	-0.005	 1069	 1	2
  642	+121.8225	+13.3000	184	0.012	-0.005	 1822	-1	2
  643	+121.8066	+13.4000	206	0.013	-0.006	 1582	 1	2
  644	+121.8253	+13.5000	 28	0.016	-0.008	 1077	 1	2
  645	+121.8361	+13.5667	151	0.017	-0.009	 2261	 1	2
  646	+121.9000	+13.5465	 26	0.021	-0.010	 1646	 1	2
  647	+121.9667	+13.5787	 71	0.024	-0.010	 4035	-1	2
  648	+122.0167	+13.6333	 73	0.030	-0.014	 4815	-1	2
  649	+122.0000	+13.7167	 58	0.027	-0.017	 3360	 1	2
  650	+121.9507	+13.7667	 54	0.027	-0.018	 3142	 1	2
  651	+121.9000	+13.8071	 55	0.026	-0.017	 2783	 1	2
  652	+121.8333	+13.8389	 26	0.024	-0.016	 2498	 1	2
  653	+121.7333	+13.8611	 28	0.021	-0.016	 1432	 1	2
  654	+121.6667	+13.8870	  9	0.020	-0.015	 2226	 1	2
  655	+121.5775	+13.8667	 51	0.018	-0.012	 1852	 1	2
  656	+121.5097	+13.8333	 47	0.018	-0.012	 1222	 1	2
  657	+121.4667	+13.7876	 36	0.018	-0.012	 1003	 1	2
  658	+121.4667	+13.7038	-26	26.499	26.499	    0	 0	1
  659	+121.4431	+13.6667	  0	0.013	-0.008	  787	 1	2
  660	+121.3667	+13.6476	-120	119.936	119.936	    0	 0	1
  661	+121.3000	+13.6006	205	0.014	-0.008	  839	 1	2
  662	+121.2529	+13.6000	193	0.015	-0.008	 1422	 1	2
  663	+121.1667	+13.6273	185	0.019	-0.008	 1458	 1	2
  664	+121.0667	+13.6098	 69	0.030	-0.012	 1845	 1	3
  665	+121.0251	+13.6667	340	0.032	-0.014	 2812	 1	2
  666	+121.0000	+13.7562	126	0.035	-0.017	 1868	 1	3
  667	+120.9333	+13.7130	-35	35.499	35.499	    0	 0	1
  668	+120.9333	+13.6584	-27	26.936	26.936	    0	 0	1
  669	+120.9667	+13.6322	116	0.031	-0.013	 3161	 1	2
  670	+120.8692	+13.6333	255	0.030	-0.014	 2055	 1	3
  671	+120.8323	+13.6667	120	0.032	-0.014	 2123	 1	3
  672	+120.8667	+13.7156	261	0.039	-0.016	 2227	 1	3
  673	+120.9055	+13.7667	216	0.042	-0.018	 3397	 1	3
  674	+120.8910	+13.8333	176	0.043	-0.019	 3375	 1	3
  675	+120.8333	+13.8979	180	0.045	-0.019	 3390	 1	3
  676	+120.7667	+13.9147	 26	0.048	-0.023	 3375	 1	3
  677	+120.7252	+13.8667	 32	0.044	-0.019	 3476	 1	3
  678	+120.6662	+13.8333	  2	0.039	-0.018	 1060	 1	3
  679	+120.6667	+13.7854	-44	44.186	44.186	    0	 0	1
  680	+120.6229	+13.8333	 -5	5.249	5.249	    0	 0	1
  681	+120.6000	+13.9083	 10	0.035	-0.019	 1616	 1	3
  682	+120.5667	+13.9812	119	0.034	-0.021	 2749	 1	3
  683	+120.5000	+14.0274	123	0.029	-0.022	 1803	 1	3
  684	+120.4609	+14.0667	105	0.028	-0.017	 1116	 1	3
  685	+120.4879	+14.1333	 90	0.026	-0.021	 2336	 1	3
  686	+120.5222	+14.2000	 78	0.029	-0.028	 2464	 1	3
  687	+120.5574	+14.2667	 60	0.035	-0.035	 2280	-1	3
  688	+120.5333	+14.3480	 31	0.040	-0.050	 2359	 1	3
  689	+120.4667	+14.3914	 52	0.045	-0.045	 2310	 1	3
  690	+120.4000	+14.4201	 62	0.042	-0.026	 2145	 1	3
  691	+120.3333	+14.4333	 98	0.036	-0.034	 2183	 1	3
  692	+120.2968	+14.5000	 90	0.043	-0.050	 2236	 1	3
  693	+120.2400	+14.5667	197	0.029	-0.026	 2264	 1	3
  694	+120.2383	+14.6667	 48	0.046	-0.041	 2287	 1	3
  695	+120.2000	+14.7063	 63	0.034	-0.034	 2301	-1	3
  696	+120.1333	+14.6997	 79	0.025	-0.024	 1154	 1	3
  697	+120.0736	+14.7333	103	0.030	-0.016	 1109	 1	3
  698	+120.0618	+14.8000	 65	0.037	-0.014	  997	 1	3
  699	+120.0333	+14.8831	  9	0.046	-0.026	 2212	 1	3
  700	+119.9909	+14.9333	121	0.034	-0.015	 1182	 1	3
  701	+119.9667	+15.0010	124	0.027	-0.015	 1148	 1	3
  702	+119.9585	+15.1000	235	0.032	-0.014	 1920	 1	3
  703	+119.9771	+15.1667	368	0.032	-0.016	 2331	 1	3
  704	+119.9643	+15.2333	 64	0.040	-0.023	 1199	 1	3
  705	+119.9304	+15.3000	111	0.035	-0.020	  915	 1	3
  706	+119.8966	+15.3667	116	0.042	-0.021	 1410	 1	3
  707	+119.8926	+15.4667	  3	0.039	-0.021	 1237	 1	3
  708	+119.8944	+15.5667	 67	0.039	-0.018	 1214	 1	3
  709	+119.8667	+15.6433	 78	0.043	-0.019	 1159	 1	3
  710	+119.8267	+15.7000	 84	0.042	-0.018	 1020	 1	3
  711	+119.7875	+15.7667	 64	0.035	-0.019	 1042	 1	3
  712	+119.7806	+15.8667	228	0.031	-0.015	 1267	 1	3
  713	+119.7630	+15.9333	136	0.033	-0.013	 1057	 1	3
  714	+119.7614	+16.0333	 69	0.037	-0.018	 1057	 1	3
  715	+119.7657	+16.1333	105	0.039	-0.016	  873	-1	3
  716	+119.7667	+16.2204	389	0.039	-0.016	 1084	 1	3
  717	+119.7753	+16.3000	519	0.039	-0.016	 1154	 1	3
  718	+119.8268	+16.3667	  3	0.052	-0.034	 1223	 1	3
  719	+119.8600	+16.4333	217	0.051	-0.031	 1244	 1	3
  720	+119.9000	+16.4707	198	0.054	-0.039	 1231	 1	3
  721	+120.0000	+16.4786	 46	0.067	-0.066	 1410	-1	3
  722	+120.0704	+16.5000	 38	0.072	-0.070	 2189	 1	3
  723	+120.1333	+16.5372	 79	0.064	-0.044	 2280	 1	3
  724	+120.2000	+16.5709	121	0.064	-0.049	 2325	 1	3
  725	+120.2636	+16.6333	 34	0.077	-0.064	 2316	 1	3
  726	+120.3000	+16.6906	106	0.084	-0.066	 2325	 1	3
  727	+120.3214	+16.7667	 23	0.087	-0.073	 2325	 1	3
  728	+120.3333	+16.8472	217	0.071	-0.043	 1394	 1	3
  729	+120.3849	+16.9000	 15	0.093	-0.073	 1417	 1	3
  730	+120.4229	+16.9667	 19	0.104	-0.119	 2301	 1	3
  731	+120.4317	+17.0667	 82	0.076	-0.040	 1155	 1	3
  732	+120.4246	+17.1667	 27	0.068	-0.041	 1206	 1	3
  733	+120.4167	+17.2667	-32	31.749	31.749	    0	 0	1
  734	+120.4333	+17.3563	101	0.059	-0.031	 1133	 1	3
  735	+120.4357	+17.4333	160	0.060	-0.034	 1118	 1	3
  736	+120.4000	+17.4805	 45	0.060	-0.032	 2498	 1	3
  737	+120.3333	+17.5188	194	0.050	-0.029	 1450	 1	3
  738	+120.3333	+17.5959	 49	0.058	-0.040	 1267	 1	3
  739	+120.3487	+17.6667	186	0.059	-0.044	 1162	 1	3
  740	+120.3854	+17.7333	 12	0.179	-0.186	 2058	 1	3
  741	+120.3900	+17.8333	 27	0.178	-0.157	 2133	-1	3
  742	+120.4091	+17.9000	 30	0.109	-0.101	 2145	-1	3
  743	+120.4333	+17.9720	 45	0.130	-0.167	 1579	-1	3
  744	+120.4466	+18.0667	 87	0.120	-0.154	 1477	-1	3
  745	+120.4667	+18.1333	 39	0.117	-0.126	 1732	 1	3
  746	+120.5000	+18.2142	 54	0.120	-0.118	 1503	 1	3
  747	+120.5394	+18.2667	 36	0.096	-0.104	 1200	 1	3
  748	+120.5606	+18.3667	 91	0.086	-0.086	 1211	 1	3
  749	+120.5481	+18.4667	362	0.074	-0.053	 1486	 1	3
  750	+120.5720	+18.5333	186	0.090	-0.064	 1095	 1	3
  751	+120.6667	+18.5496	109	0.128	-0.133	 1069	 1	3
  752	+120.7568	+18.5667	 23	0.421	-0.298	 1027	 1	3
  753	+120.7741	+18.6333	107	0.129	-0.100	 1170	 1	3
  754	+120.4333	+13.5350	-41	41.249	41.249	    0	 0	1
  755	+120.4378	+13.5333	-41	41.249	41.249	    0	 0	1
  756	+120.4667	+13.5143	237	0.025	-0.014	  878	 1	2
  757	+120.5000	+13.5122	571	0.025	-0.014	  896	 1	3
  758	+120.5333	+13.5099	559	0.026	-0.013	  753	 1	2
  759	+120.5667	+13.5064	-162	162.249	162.249	    0	 0	1
  760	+120.6000	+13.5035	-114	114.124	114.124	    0	 0	1
  761	+120.6175	+13.5000	 41	0.029	-0.012	  870	-1	3
  762	+120.6333	+13.4962	 41	0.029	-0.012	  870	-1	3
  763	+120.6667	+13.4973	-71	70.999	70.999	    0	 0	1
  764	+120.7000	+13.4939	 64	0.029	-0.012	  506	 1	2
  765	+120.7333	+13.4781	142	0.030	-0.012	  993	-1	3
  766	+120.7667	+13.4743	-27	26.686	26.686	    0	 0	1
  767	+120.8000	+13.4798	220	0.031	-0.013	 1001	-1	3
  768	+120.8333	+13.4848	147	0.031	-0.014	 3022	 1	3
  769	+120.8546	+13.5000	 -1	1.436	1.436	    0	 0	1
  770	+120.8667	+13.5058	 -1	1.436	1.436	    0	 0	1
  771	+120.9000	+13.5109	255	0.031	-0.014	 1042	 1	3
  772	+120.9333	+13.5179	106	0.031	-0.014	 1042	 1	3
  773	+120.9652	+13.5333	 11	0.031	-0.013	 2903	 1	3
  774	+120.9667	+13.5339	 11	0.031	-0.013	 2903	 1	3
  775	+120.9678	+13.5333	 11	0.031	-0.013	 2903	 1	3
  776	+120.9758	+13.5000	-44	44.311	44.311	    0	 0	1
  777	+121.0000	+13.4750	-115	114.874	114.874	    0	 0	1
  778	+121.0103	+13.4667	-115	114.874	114.874	    0	 0	1
  779	+121.0333	+13.4434	145	0.026	-0.011	 1023	 1	3
  780	+121.0461	+13.4333	 -6	6.061	6.061	    0	 0	1
  781	+121.0667	+13.4149	 36	0.025	-0.011	 1815	 1	3
  782	+121.1000	+13.4175	 96	0.024	-0.011	 1046	-1	3
  783	+121.1320	+13.4333	 61	0.023	-0.012	 1238	 1	2
  784	+121.1333	+13.4339	 61	0.023	-0.012	 1238	 1	2
  785	+121.1570	+13.4667	 78	0.020	-0.012	 1178	 1	2
  786	+121.1667	+13.4761	148	0.020	-0.010	 2125	 1	2
  787	+121.2000	+13.4729	139	0.019	-0.011	 1065	 1	2
  788	+121.2148	+13.4667	139	0.019	-0.011	 1065	 1	2
  789	+121.2287	+13.4333	 32	0.017	-0.011	  963	 1	2
  790	+121.2333	+13.4274	 32	0.017	-0.011	  963	 1	2
  791	+121.2496	+13.4000	 -5	4.936	4.936	    0	 0	1
  792	+121.2667	+13.3849	 48	0.016	-0.009	  914	 1	2
  793	+121.2980	+13.3667	 19	0.017	-0.008	 1080	 1	2
  794	+121.3000	+13.3648	 19	0.017	-0.008	 1080	 1	2
  795	+121.3333	+13.3351	 21	0.016	-0.007	  967	 1	2
  796	+121.3355	+13.3333	 21	0.016	-0.007	  967	 1	2
  797	+121.3667	+13.3021	 31	0.014	-0.009	 1433	 1	2
  798	+121.3689	+13.3000	 31	0.014	-0.009	 1433	 1	2
  799	+121.4000	+13.2698	 71	0.015	-0.009	 1139	 1	2
  800	+121.4034	+13.2667	 71	0.015	-0.009	 1139	 1	2
  801	+121.4333	+13.2458	 96	0.014	-0.008	 1217	 1	2
  802	+121.4442	+13.2333	-78	78.124	78.124	    0	 0	1
  803	+121.4662	+13.2000	 42	0.015	-0.006	 1373	 1	2
  804	+121.4667	+13.1970	 42	0.015	-0.006	 1373	 1	2
  805	+121.5000	+13.1686	 29	0.015	-0.006	 1267	 1	2
  806	+121.5022	+13.1667	 29	0.015	-0.006	 1267	 1	2
  807	+121.5333	+13.1526	 91	0.012	-0.004	 1593	 1	2
  808	+121.5465	+13.1333	-308	307.874	307.874	    0	 0	1
  809	+121.5623	+13.1000	 13	0.012	-0.005	 1732	 1	2
  810	+121.5381	+13.0667	 48	0.013	-0.006	  891	 1	2
  811	+121.5333	+13.0602	 48	0.013	-0.006	  891	 1	2
  812	+121.5079	+13.0333	  9	0.014	-0.006	 1217	 1	2
  813	+121.5009	+13.0000	 17	0.014	-0.006	 1182	 1	2
  814	+121.5051	+12.9667	 -1	1.186	1.186	    0	 0	1
  815	+121.5072	+12.9333	 20	0.013	-0.008	 1384	 1	2
  816	+121.5005	+12.9000	 40	0.012	-0.008	 1641	 1	2
  817	+121.5012	+12.8667	 19	0.012	-0.008	 1754	 1	2
  818	+121.5000	+12.8481	 19	0.012	-0.008	 1754	 1	2
  819	+121.4982	+12.8333	 35	0.012	-0.008	 2031	 1	2
  820	+121.4921	+12.8000	 39	0.013	-0.008	 1934	 1	2
  821	+121.4986	+12.7667	 11	0.014	-0.009	 1178	 1	2
  822	+121.5000	+12.7649	 11	0.014	-0.009	 1178	 1	2
  823	+121.5151	+12.7333	 -8	8.124	8.124	    0	 0	1
  824	+121.5333	+12.7145	  8	0.013	-0.007	 1132	 1	2
  825	+121.5422	+12.7000	 -6	5.624	5.624	    0	 0	1
  826	+121.5499	+12.6667	-14	13.811	13.811	    0	 0	1
  827	+121.5514	+12.6333	 13	0.015	-0.008	 1118	 1	2
  828	+121.5474	+12.6000	  2	0.016	-0.009	 1008	 1	2
  829	+121.5360	+12.5667	 72	0.016	-0.008	 2366	 1	2
  830	+121.5333	+12.5600	 72	0.016	-0.008	 2366	 1	2
  831	+121.5143	+12.5333	 16	0.017	-0.010	 1281	 1	2
  832	+121.5000	+12.5142	 16	0.017	-0.010	 1281	 1	2
  833	+121.4867	+12.5000	 64	0.016	-0.009	 1432	 1	2
  834	+121.4685	+12.4667	 68	0.016	-0.009	 1634	 1	2
  835	+121.4667	+12.4619	 68	0.016	-0.009	 1634	 1	2
  836	+121.4529	+12.4333	116	0.016	-0.009	 2433	 1	2
  837	+121.4502	+12.4000	 96	0.016	-0.008	 4075	 1	2
  838	+121.4645	+12.3667	 66	0.016	-0.008	 3834	 1	2
  839	+121.4376	+12.3333	 56	0.017	-0.010	 2204	 1	2
  840	+121.4333	+12.3053	 72	0.017	-0.011	 2231	 1	2
  841	+121.4315	+12.3000	 72	0.017	-0.011	 2231	 1	2
  842	+121.4333	+12.2900	 72	0.017	-0.011	 2231	 1	2
  843	+121.4367	+12.2667	 95	0.019	-0.012	 2129	 1	2
  844	+121.4485	+12.2333	105	0.019	-0.011	 1901	 1	2
  845	+121.4525	+12.2000	 95	0.018	-0.009	 2099	 1	2
  846	+121.4333	+12.1696	 44	0.019	-0.010	 2482	 1	2
  847	+121.4306	+12.1667	 44	0.019	-0.010	 2482	 1	2
  848	+121.4081	+12.1333	 19	0.019	-0.010	 1994	 1	2
  849	+121.4055	+12.1000	-16	15.999	15.999	    0	 0	1
  850	+121.4091	+12.0667	-28	28.436	28.436	    0	 0	1
  851	+121.4210	+12.0333	 40	0.018	-0.011	 2046	 1	2
  852	+121.4168	+12.0000	163	0.017	-0.011	 2340	 1	2
  853	+121.4000	+11.9842	-11	11.374	11.374	    0	 0	1
  854	+121.3667	+11.9989	 66	0.013	-0.010	 1949	 1	2
  855	+121.3653	+12.0000	 66	0.013	-0.010	 1949	 1	2
  856	+121.3487	+12.0333	135	0.013	-0.009	 2204	 1	2
  857	+121.3333	+12.0631	 72	0.013	-0.009	 3232	 1	3
  858	+121.3317	+12.0667	 72	0.013	-0.009	 3232	 1	3
  859	+121.3276	+12.1000	 29	0.013	-0.009	 1210	 1	2
  860	+121.3275	+12.1333	 30	0.015	-0.011	 2347	 1	2
  861	+121.3135	+12.1667	 73	0.014	-0.011	 3066	 1	2
  862	+121.3000	+12.1780	 38	0.017	-0.014	 1514	 1	2
  863	+121.2667	+12.1890	 65	0.013	-0.011	 2246	 1	2
  864	+121.2333	+12.1913	 48	0.014	-0.010	 2257	 1	2
  865	+121.2000	+12.1907	 40	0.015	-0.009	 3158	 1	2
  866	+121.1667	+12.1839	 55	0.016	-0.008	 3116	 1	2
  867	+121.1574	+12.1667	131	0.014	-0.008	 1954	 1	2
  868	+121.1333	+12.1556	 -6	5.686	5.686	    0	 0	1
  869	+121.1000	+12.1555	133	0.014	-0.011	 1316	 1	2
  870	+121.0667	+12.1620	 87	0.014	-0.012	 1133	 1	2
  871	+121.0513	+12.1667	 87	0.014	-0.012	 1133	 1	2
  872	+121.0333	+12.1785	 -3	2.561	2.561	    0	 0	1
  873	+121.0141	+12.2000	289	0.017	-0.015	 2305	 1	2
  874	+121.0161	+12.2333	404	0.018	-0.016	 2256	 1	2
  875	+121.0190	+12.2667	 28	0.020	-0.017	 1860	 1	2
  876	+121.0070	+12.3000	393	0.020	-0.017	 2286	 1	2
  877	+121.0000	+12.3167	264	0.021	-0.017	 2256	 1	2
  878	+120.9991	+12.3333	264	0.021	-0.017	 2256	 1	2
  879	+121.0000	+12.3415	264	0.021	-0.017	 2256	 1	2
  880	+121.0152	+12.3667	220	0.021	-0.017	 2219	 1	2
  881	+121.0000	+12.3923	 99	0.021	-0.018	 2174	 1	2
  882	+120.9981	+12.4000	 99	0.021	-0.018	 2174	 1	2
  883	+120.9667	+12.4302	207	0.021	-0.017	 2104	 1	2
  884	+120.9647	+12.4333	207	0.021	-0.017	 2104	 1	2
  885	+120.9436	+12.4667	321	0.021	-0.016	 2194	 1	2
  886	+120.9333	+12.4779	150	0.022	-0.016	 1913	 1	2
  887	+120.9239	+12.5000	150	0.022	-0.016	 1913	 1	2
  888	+120.9141	+12.5333	291	0.022	-0.016	 1793	 1	2
  889	+120.9196	+12.5667	 32	0.023	-0.017	  502	 1	3
  890	+120.9191	+12.6000	 60	0.023	-0.017	 1012	 1	3
  891	+120.9000	+12.6289	137	0.021	-0.016	 2516	 1	3
  892	+120.8983	+12.6333	137	0.021	-0.016	 2516	 1	3
  893	+120.8680	+12.6667	247	0.020	-0.016	 1256	 1	2
  894	+120.8667	+12.6675	247	0.020	-0.016	 1256	 1	2
  895	+120.8333	+12.6962	268	0.020	-0.015	 1143	 1	2
  896	+120.8268	+12.7000	268	0.020	-0.015	 1143	 1	2
  897	+120.8000	+12.7223	 52	0.020	-0.015	  480	 1	3
  898	+120.7946	+12.7333	 52	0.020	-0.015	  480	 1	3
  899	+120.7835	+12.7667	 -7	7.249	7.249	    0	 0	1
  900	+120.7667	+12.7905	351	0.021	-0.016	 1027	 1	3
  901	+120.7591	+12.8000	351	0.021	-0.016	 1027	 1	3
  902	+120.7456	+12.8333	483	0.021	-0.016	 1403	 1	2
  903	+120.7364	+12.8667	174	0.022	-0.016	 2076	 1	3
  904	+120.7379	+12.9000	103	0.024	-0.018	 2213	 1	3
  905	+120.7333	+12.9097	 80	0.026	-0.020	 1653	 1	3
  906	+120.7286	+12.9333	 80	0.026	-0.020	 1653	 1	3
  907	+120.7060	+12.9667	198	0.024	-0.017	 3217	 1	3
  908	+120.7000	+12.9748	198	0.024	-0.017	 3217	 1	3
  909	+120.6941	+13.0000	151	0.025	-0.017	 2190	 1	3
  910	+120.6883	+13.0333	 96	0.026	-0.018	 2085	 1	3
  911	+120.6818	+13.0667	187	0.024	-0.017	 2168	 1	3
  912	+120.6725	+13.1000	 54	0.024	-0.019	 2182	 1	3
  913	+120.6667	+13.1105	 37	0.027	-0.020	 2662	 1	3
  914	+120.6539	+13.1333	 37	0.027	-0.020	 2662	 1	3
  915	+120.6333	+13.1556	 55	0.028	-0.021	 1883	 1	3
  916	+120.6232	+13.1667	 55	0.028	-0.021	 1883	 1	3
  917	+120.6000	+13.1859	 16	0.025	-0.019	 3172	 1	3
  918	+120.5854	+13.2000	 16	0.025	-0.019	 3172	 1	3
  919	+120.5667	+13.2106	 -2	2.436	2.436	    0	 0	1
  920	+120.5333	+13.2243	 27	0.023	-0.017	 1390	 1	3
  921	+120.5220	+13.2333	 27	0.023	-0.017	 1390	 1	3
  922	+120.5000	+13.2580	118	0.021	-0.015	 2091	 1	3
  923	+120.4910	+13.2667	118	0.021	-0.015	 2091	 1	3
  924	+120.4667	+13.2966	267	0.020	-0.014	 2085	 1	3
  925	+120.4630	+13.3000	267	0.020	-0.014	 2085	 1	3
  926	+120.4333	+13.3331	291	0.020	-0.014	 1845	 1	3
  927	+120.4330	+13.3333	291	0.020	-0.014	 1845	 1	3
  928	+120.4000	+13.3622	 62	0.020	-0.015	 2288	 1	3
  929	+120.3917	+13.3667	 62	0.020	-0.015	 2288	 1	3
  930	+120.3667	+13.3719	209	0.020	-0.014	 1619	 1	3
  931	+120.3333	+13.3906	 29	0.020	-0.014	 1211	 1	3
  932	+120.3234	+13.4000	 29	0.020	-0.014	 1211	 1	3
  933	+120.3000	+13.4332	490	0.019	-0.013	 1422	 1	3
  934	+120.3000	+13.4333	490	0.019	-0.013	 1422	 1	3
  935	+120.3000	+13.4341	490	0.019	-0.013	 1422	 1	3
  936	+120.3049	+13.4667	359	0.019	-0.012	 1189	 1	3
  937	+120.3333	+13.4921	 47	0.020	-0.013	 1204	 1	3
  938	+120.3382	+13.5000	 47	0.020	-0.013	 1204	 1	3
  939	+120.3667	+13.5127	284	0.020	-0.014	 2003	 1	3
  940	+120.4000	+13.5263	-14	13.561	13.561	    0	 0	1
  941	+120.4268	+13.5333	-41	41.249	41.249	    0	 0	1
  942	+117.5667	 +8.3292	 74	0.005	-0.004	 4849	-1	2
  943	+117.6123	 +8.4000	100	0.005	-0.003	 6546	-1	2
  944	+117.6439	 +8.5000	 32	0.005	-0.004	 7394	-1	2
  945	+117.7000	 +8.5979	 15	0.006	-0.005	 6865	-1	2
  946	+117.7667	 +8.6541	 34	0.006	-0.006	 5688	 1	2
  947	+117.8333	 +8.7171	 17	0.006	-0.007	 6149	 1	2
  948	+117.9000	 +8.7985	 13	0.007	-0.005	 5869	 1	2
  949	+117.9667	 +8.8540	  0	0.006	-0.005	 6698	-1	2
  950	+118.0544	 +8.9000	 46	0.005	-0.003	 6746	-1	2
  951	+118.1519	 +8.9333	150	0.005	-0.003	 6840	-1	2
  952	+118.2000	 +9.0231	 27	0.005	-0.004	 6547	-1	2
  953	+118.3000	 +8.9812	 52	0.003	-0.002	 6847	-1	2
  954	+118.3826	 +9.0333	 61	0.003	-0.002	 7252	-1	2
  955	+118.3667	 +9.1071	 27	0.003	-0.002	 7169	-1	2
  956	+118.4667	 +9.1394	 42	0.003	-0.002	 6840	-1	2
  957	+118.5016	 +9.1000	 43	0.003	-0.002	 5050	-1	2
  958	+118.5745	 +9.1667	 65	0.003	-0.002	 5913	-1	2
  959	+118.6894	 +9.2000	 40	0.003	-0.002	 4994	-1	2
  960	+118.7000	 +9.2727	 28	0.003	-0.002	 2700	-1	2
  961	+118.6600	 +9.3667	 31	0.004	-0.002	 6588	-1	2
  962	+118.6762	 +9.4667	 25	0.004	-0.002	 5782	-1	2
  963	+118.7039	 +9.5667	 25	0.004	-0.002	 4567	-1	2
  964	+118.7613	 +9.6667	 32	0.004	-0.002	 6036	-1	2
  965	+118.8036	 +9.7333	151	0.004	-0.002	 6700	-1	2
  966	+118.8905	 +9.8000	 48	0.004	-0.002	 6885	-1	2
  967	+118.9458	 +9.7667	 45	0.004	-0.002	 4769	-1	2
  968	+119.0333	 +9.7313	 50	0.004	-0.002	 5286	-1	2
  969	+119.0333	 +9.8103	 39	0.004	-0.002	 6419	-1	2
  970	+118.9444	 +9.8667	 38	0.004	-0.003	 7049	-1	2
  971	+118.9780	 +9.9667	 17	0.005	-0.003	 5506	-1	2
  972	+119.0667	+10.0058	 78	0.004	-0.002	 3986	-1	2
  973	+119.2000	+10.0059	133	0.004	-0.002	 2222	-1	2
  974	+119.2463	+10.1000	 -2	2.187	2.187	    0	 0	1
  975	+119.3333	+10.1667	 39	0.006	-0.004	 5448	-1	2
  976	+119.4333	+10.1746	 38	0.005	-0.004	 3404	-1	2
  977	+119.5667	+10.1667	 44	0.005	-0.005	 3494	-1	2
  978	+119.6667	+10.1356	 68	0.004	-0.002	 2088	-1	2
  979	+119.7667	+10.1306	137	0.004	-0.002	  828	-1	2
  980	+119.8000	+10.2146	 98	0.004	-0.003	 1080	-1	2
  981	+119.8667	+10.2984	 85	0.005	-0.004	  971	-1	2
  982	+119.9333	+10.3533	 74	0.006	-0.005	 1370	 1	2
  983	+119.9667	+10.4404	 49	0.009	-0.008	 2325	 1	2
  984	+120.0667	+10.4857	 83	0.012	-0.014	 1207	 1	2
  985	+120.1667	+10.5136	106	0.012	-0.015	 1185	 1	2
  986	+120.2667	+10.4800	124	0.007	-0.007	 1395	 1	2
  987	+120.3333	+10.4229	337	0.005	-0.005	  977	-1	2
  988	+120.4667	+10.4231	200	0.005	-0.005	  847	-1	2
  989	+120.5667	+10.4624	142	0.005	-0.005	  648	-1	2
  990	+120.6479	+10.5000	 72	0.006	-0.007	  949	-1	2
  991	+120.7667	+10.5236	 66	0.007	-0.009	 1199	 1	2
  992	+120.9000	+10.5175	146	0.006	-0.006	 1428	-1	2
  993	+120.9667	+10.4641	319	0.004	-0.003	 2114	-1	2
  994	+121.0894	+10.4667	245	0.004	-0.003	 2190	 1	2
  995	+121.1667	+10.5248	261	0.006	-0.003	 1680	 1	2
  996	+121.2000	+10.6333	113	0.009	-0.006	 1967	 1	2
  997	+121.2150	+10.7333	 87	0.011	-0.010	 2310	 1	2
  998	+121.2561	+10.8333	 91	0.011	-0.008	 1957	-1	2
  999	+121.2986	+10.9333	 94	0.012	-0.010	 2880	-1	2
 1000	+121.3000	+11.0333	 86	0.016	-0.013	 2408	 1	2
 1001	+121.2667	+11.1278	 70	0.017	-0.012	 2530	 1	2
 1002	+121.2000	+11.2000	 44	0.017	-0.013	 2216	 1	2
 1003	+121.1333	+11.2470	 57	0.016	-0.014	 2182	 1	2
 1004	+121.0333	+11.2871	 93	0.015	-0.012	 2227	 1	2
 1005	+120.9409	+11.3333	 55	0.013	-0.010	 2149	 1	2
 1006	+120.8976	+11.4000	 51	0.014	-0.010	 1717	 1	2
 1007	+120.8333	+11.4814	136	0.018	-0.010	 2231	 1	2
 1008	+120.7212	+11.4667	 89	0.023	-0.016	 2051	 1	2
 1009	+120.6333	+11.4050	102	0.025	-0.020	 2278	 1	2
 1010	+120.5333	+11.3821	 96	0.024	-0.020	 2347	 1	2
 1011	+120.4333	+11.4222	 12	0.025	-0.024	 1229	 1	2
 1012	+120.3667	+11.5000	 60	0.020	-0.019	 1410	 1	2
 1013	+120.3385	+11.6000	 80	0.021	-0.020	 2227	 1	2
 1014	+120.3583	+11.7333	 70	0.023	-0.017	 1785	 1	2
 1015	+120.3894	+11.8333	 89	0.026	-0.020	 1969	 1	2
 1016	+120.4067	+11.9333	 73	0.027	-0.020	 1424	 1	2
 1017	+120.4120	+12.0667	 61	0.035	-0.022	 2901	 1	3
 1018	+120.4206	+12.2000	 81	0.030	-0.022	 3814	 1	3
 1019	+120.3815	+12.3000	 -3	3.499	3.499	    0	 0	1
 1020	+120.3333	+12.3792	 96	0.024	-0.021	 1619	-1	3
 1021	+120.2980	+12.4333	 69	0.024	-0.022	 2050	 1	3
 1022	+120.2244	+12.3667	 68	0.037	-0.030	 2850	 1	3
 1023	+120.1333	+12.4000	 45	0.036	-0.029	 2978	 1	3
 1024	+120.0667	+12.4444	 97	0.027	-0.025	 2070	 1	3
 1025	+119.9667	+12.4720	 84	0.028	-0.030	  765	-1	3
 1026	+119.8630	+12.5000	 24	0.026	-0.033	 3591	 1	3
 1027	+119.7997	+12.5333	 80	0.021	-0.016	 1559	 1	3
 1028	+119.7333	+12.4399	 39	0.022	-0.019	 2123	 1	3
 1029	+119.6667	+12.3789	111	0.023	-0.016	 2018	 1	3
 1030	+119.6000	+12.3088	157	0.023	-0.015	 2126	 1	3
 1031	+119.5491	+12.2333	176	0.023	-0.017	 2152	 1	3
 1032	+119.5333	+12.1227	201	0.025	-0.020	 3649	 1	3
 1033	+119.4719	+12.0333	 62	0.029	-0.021	 4183	 1	3
 1034	+119.4667	+11.9364	 68	0.033	-0.027	 3059	 1	3
 1035	+119.5000	+11.8583	 34	0.045	-0.032	 2748	 1	3
 1036	+119.5152	+11.7333	 64	0.032	-0.023	 3899	 1	3
 1037	+119.4848	+11.6333	 70	0.030	-0.021	 2130	 1	3
 1038	+119.4333	+11.5556	 66	0.033	-0.025	 3872	 1	3
 1039	+119.3667	+11.4848	 54	0.030	-0.030	 2194	 1	3
 1040	+119.3000	+11.4212	 62	0.030	-0.031	 1095	 1	2
 1041	+119.2292	+11.3667	 29	0.031	-0.025	 1533	 1	3
 1042	+119.1458	+11.3000	 18	0.034	-0.024	 2321	 1	3
 1043	+119.1030	+11.2000	 26	0.029	-0.036	 1687	 1	3
 1044	+119.1026	+11.0667	 62	0.027	-0.036	 1341	 1	2
 1045	+119.1000	+10.9667	 56	0.029	-0.035	 1721	 1	2
 1046	+119.0833	+10.8333	 34	0.044	-0.039	 1453	 1	2
 1047	+119.0472	+10.7333	 35	0.044	-0.041	 1297	 1	2
 1048	+119.0000	+10.6542	 47	0.039	-0.045	 1709	 1	3
 1049	+118.9333	+10.5767	 41	0.038	-0.044	  600	 1	2
 1050	+118.8667	+10.5182	 21	0.037	-0.050	 2096	 1	2
 1051	+118.7667	+10.4694	 40	0.038	-0.055	 3261	 1	2
 1052	+118.6667	+10.4515	 20	0.044	-0.060	 4072	 1	2
 1053	+118.5583	+10.4333	  9	0.045	-0.065	 3888	 1	2
 1054	+118.4667	+10.3750	  9	0.033	-0.054	 2925	 1	2
 1055	+118.4000	+10.3037	  9	0.035	-0.041	 2540	 1	2
 1056	+118.3000	+10.2748	 40	0.023	-0.020	 2054	 1	3
 1057	+118.2216	+10.2333	152	0.019	-0.014	 2171	 1	3
 1058	+118.2000	+10.1333	 51	0.021	-0.018	 2074	 1	3
 1059	+118.1929	+10.0667	 67	0.027	-0.020	 2133	 1	3
 1060	+118.2333	 +9.9905	 27	0.031	-0.021	 2648	 1	3
 1061	+118.2889	 +9.9000	 61	0.033	-0.024	  846	-1	3
 1062	+118.2667	 +9.7917	 61	0.030	-0.021	  791	 1	2
 1063	+118.2000	 +9.7250	 30	0.030	-0.025	  457	 1	3
 1064	+118.1259	 +9.6667	 53	0.028	-0.023	 1344	 1	2
 1065	+118.0436	 +9.6000	 58	0.028	-0.020	 1042	 1	2
 1066	+117.9667	 +9.5349	 46	0.029	-0.022	  880	 1	2
 1067	+117.9000	 +9.4733	 23	0.026	-0.020	 2485	 1	3
 1068	+117.8333	 +9.4095	 38	0.024	-0.021	  672	 1	2
 1069	+117.7714	 +9.3333	 55	0.026	-0.020	 1055	 1	2
 1070	+117.7167	 +9.2667	 25	0.030	-0.021	 1540	 1	2
 1071	+117.6579	 +9.2000	 31	0.035	-0.022	 1290	 1	2
 1072	+117.5978	 +9.1333	 28	0.038	-0.023	 2302	 1	2
 1073	+117.5333	 +9.0641	  8	0.038	-0.024	 7855	 1	2
 1074	+117.4667	 +8.9917	  7	0.031	-0.032	 2362	 1	2
 1075	+117.4000	 +8.9242	  7	0.027	-0.034	 1874	 1	2
 1076	+117.3333	 +8.8625	  4	0.028	-0.031	 3807	 1	2
 1077	+117.2333	 +8.8000	 19	0.023	-0.023	 1365	 1	2
 1078	+117.1667	 +8.8222	 37	0.020	-0.014	  828	 1	2
 1079	+117.0901	 +8.7667	 24	0.018	-0.010	  840	 1	3
 1080	+117.0561	 +8.6667	 46	0.017	-0.009	 1195	 1	2
 1081	+117.1000	 +8.6000	 32	0.022	-0.011	  974	 1	3
 1082	+117.0833	 +8.5000	 23	0.022	-0.009	 1252	 1	2
 1083	+117.0433	 +8.4000	 66	0.021	-0.008	 1074	 1	2
 1084	+117.0000	 +8.3000	-9999	-9999.000	-9999.000	    0	 0	1
 1085	+112.4667	+21.1500	 45	0.050	-0.022	 1526	 1	3
 1086	+112.7000	+21.1333	 49	0.043	-0.013	 1461	 1	3
 1087	+112.9667	+21.1667	 49	0.039	-0.011	 2209	 1	3
 1088	+113.2333	+21.2167	 50	0.038	-0.016	 2411	 1	3
 1089	+113.5000	+21.2667	 58	0.040	-0.015	 2133	 1	3
 1090	+113.7333	+21.3167	 49	0.059	-0.024	 2242	 1	3
 1091	+113.9667	+21.4000	 59	0.068	-0.031	 1162	 1	3
 1092	+114.0667	+21.5667	 56	0.056	-0.031	 2032	 1	3
 1093	+114.1556	+21.8000	 52	0.085	-0.061	 1552	 1	3
 1094	+114.3000	+21.8000	 51	0.077	-0.039	 1237	 1	3
 1095	+114.4667	+21.9333	 51	0.084	-0.031	 1229	 1	3
 1096	+114.6667	+21.9667	 52	0.071	-0.036	 2685	 1	3
 1097	+114.8667	+22.0833	 54	0.081	-0.059	 1665	 1	3
 1098	+115.1333	+22.1333	 60	0.091	-0.057	 2763	 1	3
 1099	+115.3000	+22.2500	 54	0.083	-0.082	 2951	 1	3
 1100	+115.5667	+22.2667	 59	0.070	-0.071	 3097	 1	3
 1101	+115.6333	+22.2333	 63	0.069	-0.063	 1094	 1	3
 1102	+115.7000	+22.1667	 70	0.067	-0.065	 1224	 1	3
 1103	+115.8333	+22.1667	 65	0.067	-0.060	 1064	 1	3
 1104	+116.0667	+22.2444	 47	0.059	-0.049	 2290	 1	3
 1105	+116.2667	+22.2333	 50	0.062	-0.050	 1000	 1	3
 1106	+116.5000	+22.2667	 51	0.067	-0.058	 1917	 1	3
 1107	+116.7667	+22.3000	 47	0.073	-0.066	 1957	 1	3
 1108	+117.0000	+22.3667	 45	0.073	-0.054	 1984	 1	3
 1109	+117.2333	+22.3222	 49	0.079	-0.070	 1589	 1	3
 1110	+117.4333	+22.4000	 40	0.084	-0.046	 1714	 1	3
 1111	+117.5667	+22.3000	 64	0.079	-0.042	 1661	 1	3
 1112	+117.7667	+22.3000	 54	0.080	-0.052	 2040	 1	3
 1113	+117.9667	+22.4000	 54	0.067	-0.042	 1560	 1	3
 1114	+118.1667	+22.4852	 50	0.065	-0.040	 1252	 1	3
 1115	+118.4333	+22.5167	 53	0.070	-0.043	 1683	 1	3
 1116	+118.6667	+22.5833	 43	0.088	-0.060	 1264	 1	3
 1117	+118.9333	+22.6333	 49	0.077	-0.054	 1211	 1	3
 1118	+119.0944	+22.7667	 52	0.080	-0.057	 1290	 1	3
 1119	+119.2394	+22.9000	 28	0.077	-0.059	 2251	 1	3
 1120	+119.2667	+23.1417	 25	0.063	-0.054	 2257	 1	3
 1121	+119.3042	+23.1333	 24	0.074	-0.053	 1575	 1	3
 1122	+119.4667	+23.1222	 38	0.073	-0.055	 1582	 1	3
 1123	+119.6667	+23.2065	 44	0.068	-0.051	 2170	 1	3
 1124	+119.6333	+23.3167	 33	0.059	-0.036	 1129	 1	2
 1125	+119.5667	+23.3333	 25	0.069	-0.045	 2204	 1	2
 1126	+119.5778	+23.4667	 46	0.071	-0.031	 1482	 1	3
 1127	+119.7667	+23.5318	 14	0.049	-0.032	 1155	 1	2
 1128	+119.7033	+23.7333	 10	0.035	-0.031	 2442	-1	2
 1129	+119.5333	+23.8400	 53	0.037	-0.020	 2305	 1	2
 1130	+119.4067	+23.6667	 49	0.038	-0.027	 2159	 1	2
 1131	+119.4667	+23.4926	 47	0.061	-0.028	 2736	 1	2
 1132	+119.3718	+23.4333	 30	0.059	-0.032	 1863	 1	2
 1133	+119.2000	+23.5000	 42	0.047	-0.027	 1574	-1	3
 1134	+119.0000	+23.4167	 44	0.051	-0.039	 1177	 1	3
 1135	+118.8000	+23.4333	 46	0.051	-0.033	 1796	 1	3
 1136	+118.6000	+23.5667	 49	0.073	-0.033	 2984	-1	3
 1137	+118.3667	+23.5667	 38	0.098	-0.039	 1244	 1	2
 1138	+118.3333	+23.6333	 38	0.076	-0.034	 1185	 1	2
 1139	+118.3333	+23.8333	 41	0.056	-0.024	 1001	 1	2
 1140	+118.5333	+23.9000	 44	0.059	-0.019	 2594	-1	3
 1141	+118.6000	+24.1000	 40	0.045	-0.012	 2227	 1	2
 1142	+118.7333	+24.2667	 43	0.033	-0.009	 2053	 1	2
 1143	+118.8667	+24.4000	 42	0.038	-0.009	 1185	 1	2
 1144	+118.9000	+24.5667	 39	0.060	-0.037	 1950	 1	2
 1145	+119.1333	+24.6333	 50	0.045	-0.018	 1312	 1	2
 1146	+119.3000	+24.7333	 51	0.051	-0.011	 2590	 1	2
 1147	+119.4944	+24.8667	 45	0.048	-0.011	 2096	 1	2
 1148	+127.4944	+34.0000	 76	0.041	-0.024	 4274	-1	3
 1149	+127.3017	+34.0000	 69	0.049	-0.032	 1518	 1	3
 1150	+127.0083	+34.0667	 51	0.049	-0.038	 2055	 1	3
 1151	+126.6667	+34.0167	 50	0.053	-0.052	 3330	 1	3
 1152	+126.5167	+33.9167	 56	0.040	-0.039	 1808	 1	3
 1153	+126.2333	+33.8900	 75	0.046	-0.030	 3090	 1	3
 1154	+125.9667	+34.0633	 73	0.045	-0.036	  963	 1	2
 1155	+125.7000	+34.2333	 52	0.043	-0.036	  449	 1	3
 1156	+125.7333	+34.4000	 47	0.042	-0.029	 3547	 1	3
 1157	+125.5000	+34.4833	 50	0.038	-0.025	  993	 1	2
 1158	+125.7167	+34.5619	 43	0.045	-0.032	 1162	 1	2
 1159	+125.7333	+34.6500	 39	0.041	-0.033	 2032	 1	3
 1160	+125.5750	+34.9333	 54	0.031	-0.018	 1693	 1	2
 1161	+125.6889	+35.2500	 38	0.026	-0.012	 2002	 1	2
 1162	+125.8500	+35.5333	 40	0.022	-0.007	 1905	 1	2
 1163	+125.7833	+35.8167	 53	0.020	-0.003	 2272	 1	2
 1164	+125.7833	+36.1833	 55	0.018	-0.003	 2001	 1	2
 1165	+125.6500	+36.4333	 46	0.015	-0.003	  656	 1	2
 1166	+125.4667	+36.5667	 38	0.015	-0.003	  678	 1	2
 1167	+125.5667	+36.7833	 46	0.014	-0.003	    0	 0	1
 1168	+125.3833	+36.9833	 50	0.011	-0.003	    0	 0	1
 1169	+125.4167	+37.2000	 38	0.006	-0.003	    0	 0	1
 1170	+125.0500	+37.2833	 57	0.006	-0.003	    0	 0	1
 1171	+124.7833	+37.4500	 50	0.006	-0.003	    0	 0	1
 1172	+124.5833	+37.6667	 73	0.006	-0.002	    0	 0	1
 1173	+124.5958	+38.0500	 52	0.006	-0.001	    0	 0	1
 1174	+124.6833	+38.4000	 48	0.006	0.000	    0	 0	1
 1175	+124.5667	+38.4167	 55	0.006	0.000	    0	 0	1
 1176	+124.5000	+38.6167	 39	0.006	0.000	    0	 0	1
 1177	+124.2833	+38.8000	 45	0.006	0.001	    0	 0	1
 1178	+123.9167	+38.8333	 47	0.006	0.001	    0	 0	1
 1179	+123.6333	+38.9500	 46	0.006	0.001	    0	 0	1
 1180	+123.3500	+38.9333	 49	0.006	0.001	    0	 0	1
 1181	+123.0167	+38.8333	 48	0.005	0.001	    0	 0	1
 1182	+122.6500	+38.7667	 47	0.005	0.001	 3205	 1	2
 1183	+122.2667	+38.7167	 48	0.005	0.001	    0	 0	1
 1184	+121.8833	+38.7083	 49	0.005	0.002	    0	 0	1
 1185	+121.5167	+38.7437	 57	0.005	0.002	    0	 0	1
 1186	+121.1667	+38.6639	 54	0.005	0.003	 3190	 1	2
 1187	+120.9333	+38.8583	 59	0.005	0.003	 1219	 1	2
 1188	+120.8167	+38.8833	 52	0.005	0.003	 1420	 1	2
 1189	+120.7833	+38.5333	 32	0.005	0.003	  937	 1	2
 1190	+120.8389	+38.5000	 37	0.005	0.003	 1432	 1	2
 1191	+121.0833	+38.5167	 51	0.005	0.003	  929	 1	2
 1192	+120.9056	+38.3167	 34	0.005	0.003	    0	 0	1
 1193	+121.2333	+38.3333	 44	0.005	0.002	 2992	 1	2
 1194	+121.5167	+38.2000	 42	0.005	0.002	    0	 0	1
 1195	+121.8000	+38.2167	 50	0.005	0.002	 3420	 1	2
 1196	+122.0500	+38.0333	 48	0.005	0.001	    0	 0	1
 1197	+122.4000	+37.9333	 42	0.005	0.001	    0	 0	1
 1198	+122.6500	+37.7667	 40	0.005	0.000	    0	 0	1
 1199	+122.8833	+37.5667	 31	0.005	-0.001	    0	 0	1
 1200	+123.0333	+37.2667	 30	0.005	-0.003	    0	 0	1
 1201	+123.1000	+36.9333	 34	0.005	-0.003	    0	 0	1
 1202	+123.1167	+36.6000	 64	0.015	-0.004	 2449	 1	2
 1203	+122.9000	+36.3833	 55	0.019	-0.004	  961	 1	2
 1204	+122.6333	+36.2333	 53	0.021	-0.004	 1582	 1	2
 1205	+122.4333	+35.9833	 63	0.024	-0.004	 3143	 1	2
 1206	+122.3167	+35.7833	 51	0.023	-0.004	 2211	 1	2
 1207	+122.1667	+35.5000	 54	0.025	-0.004	 8771	 1	2
 1208	+122.0500	+35.2000	 48	0.025	-0.005	 3885	 1	2
 1209	+121.7167	+35.1333	 28	0.020	-0.005	 8407	 1	2
 1210	+121.7167	+34.9500	 44	0.032	-0.005	14403	 1	2
 1211	+121.9333	+34.7333	 57	0.028	-0.005	 6573	 1	2
 1212	+122.1333	+34.5000	 53	0.032	-0.005	 1703	 1	2
 1213	+122.3667	+34.3000	 56	0.035	-0.006	 1133	 1	3
 1214	+122.5167	+34.0667	 49	0.042	-0.007	 1162	 1	3
 1215	+122.7333	+33.8333	 49	0.046	-0.007	 1084	 1	3
 1216	+122.9500	+33.6333	 48	0.043	-0.012	 2125	 1	3
 1217	+123.1333	+33.3667	 36	0.060	-0.057	 2366	 1	3
 1218	+123.3500	+33.1667	 45	0.066	-0.055	 2126	 1	3
 1219	+123.7167	+33.0833	 43	0.063	-0.047	 2212	 1	3
 1220	+123.9500	+32.9000	 42	0.093	-0.081	 1920	 1	3
 1221	+124.2000	+32.7000	 42	0.098	-0.059	 1560	 1	3
 1222	+124.5167	+32.6667	 58	0.103	-0.075	 1398	 1	3
 1223	+124.7833	+32.4833	 51	0.104	-0.090	 1297	 1	3
 1224	+124.9000	+32.1667	 42	0.167	-0.120	 2272	 1	3
 1225	+125.1000	+31.9500	 50	0.193	-0.112	 2062	 1	3
 1226	+125.3667	+31.7667	 53	0.167	-0.107	 1957	 1	3
 1227	+125.4000	+31.4833	 58	0.161	-0.122	 2140	 1	3
 1228	+125.1000	+31.3500	 49	0.212	-0.125	 2141	 1	3
 1229	+124.7833	+31.2333	 56	0.172	-0.133	 1871	 1	3
 1230	+124.4167	+31.2333	 52	0.166	-0.131	 2130	-1	3
 1231	+124.1333	+31.3833	 44	0.150	-0.115	 1365	 1	3
 1232	+123.8000	+31.2833	 38	0.157	-0.129	 2992	-1	3
 1233	+123.5667	+31.1167	 34	0.316	-0.175	 2189	 1	3
 1234	+123.3000	+31.2833	 36	0.229	-0.203	 2137	 1	3
 1235	+123.0167	+31.3500	 38	0.249	-0.276	 2122	 1	3
 1236	+122.7333	+31.3000	 43	0.204	-0.160	 2444	-1	3
 1237	+122.9500	+31.1000	 54	0.241	-0.195	 2130	 1	3
 1238	+123.0000	+30.7333	 44	0.226	-0.147	 2118	 1	3
 1239	+122.9567	+30.4000	 54	0.171	-0.069	 1664	-1	3
 1240	+141.9833	+45.6667	 47	0.192	-0.179	 1097	 1	2
 1241	+142.1667	+45.5500	 42	0.245	-0.173	 1994	-1	3
 1242	+142.3833	+45.3667	 46	0.232	-0.169	 2188	 1	3
 1243	+142.5500	+45.1333	 50	0.185	-0.156	 1961	 1	3
 1244	+142.7500	+44.9167	 56	0.179	-0.187	 1581	 1	3
 1245	+142.9333	+44.7119	 50	0.215	-0.182	 1781	 1	3
 1246	+143.1667	+44.5500	 49	0.203	-0.250	 4424	-1	3
 1247	+143.4389	+44.4167	 50	0.235	-0.186	 4365	-1	3
 1248	+143.7042	+44.2833	 53	0.184	-0.160	 2351	-1	3
 1249	+144.0083	+44.1833	 51	0.164	-0.159	 2123	 1	3
 1250	+144.3333	+44.1167	 69	0.124	-0.137	 3224	-1	3
 1251	+144.5833	+43.9595	 40	0.238	-0.236	 3435	-1	3
 1252	+144.9000	+44.0352	 37	0.181	-0.131	 2250	 1	3
 1253	+145.1500	+44.1849	 44	0.115	-0.079	 2148	 1	3
 1254	+145.3601	+44.3333	 64	0.100	-0.082	 1418	 1	3
 1255	+145.2505	+44.0667	182	0.133	-0.136	 2213	 1	3
 1256	+145.2500	+43.8190	 39	0.195	-0.172	 2422	-1	3
 1257	+145.5167	+43.9500	 34	0.143	-0.168	 2209	 1	3
 1258	+145.7500	+44.1254	-17	17.263	17.263	    0	 0	1
 1259	+145.9667	+44.3145	 37	0.110	-0.095	 1060	 1	3
 1260	+146.1500	+44.5234	 50	0.158	-0.126	 1935	 1	3
 1261	+146.4500	+44.4591	 56	0.283	-0.363	 2006	-1	3
 1262	+146.5537	+44.3667	 90	0.700	-0.575	 1334	 1	3
 1263	+146.3167	+44.2076	 55	0.723	-0.535	 1761	 1	3
 1264	+146.0889	+44.0667	 61	0.796	-0.658	 1717	 1	3
 1265	+146.2500	+43.8333	 16	0.805	-0.993	 1724	-1	3
 1266	+146.5667	+43.8167	 49	0.617	-0.631	 2246	-1	3
 1267	+146.8833	+43.8964	 35	1.371	-1.303	 1931	 1	3
 1268	+146.7833	+43.7108	 71	1.960	-1.234	 1462	 1	3
 1269	+146.4796	+43.6500	 47	1.172	-0.803	 1384	 1	3
 1270	+146.2867	+43.4667	 57	1.376	-0.791	 1406	 1	3
 1271	+146.0500	+43.3158	 69	1.433	-0.999	 1102	 1	3
 1272	+145.7500	+43.2030	 62	1.337	-0.956	  796	 1	3
 1273	+145.5167	+43.0487	 51	1.473	-1.106	 1833	 1	3
 1274	+145.2167	+42.9833	 54	1.412	-1.290	 1038	-1	3
 1275	+144.8833	+42.9050	 64	1.645	-1.800	 1556	-1	3
 1276	+144.5000	+42.8893	 62	1.807	-1.492	 2059	 1	3
 1277	+144.1667	+42.8667	 62	1.772	-1.108	 2006	-1	3
 1278	+143.9167	+42.7019	 66	1.534	-1.489	 1796	-1	3
 1279	+143.7000	+42.5267	 54	1.745	-1.651	 1822	 1	3
 1280	+143.5167	+42.3111	 64	1.775	-1.327	 1356	 1	3
 1281	+143.3889	+42.0333	 63	2.728	-2.517	 2114	-1	3
 1282	+143.2000	+41.8283	 64	2.843	-2.616	 1140	 1	3
 1283	+143.0050	+42.0333	 60	3.121	-2.487	 1778	-1	3
 1284	+142.7167	+42.1432	 33	3.891	-3.709	 1694	 1	3
 1285	+142.4333	+42.2500	 58	2.897	-2.714	 1832	 1	3
 1286	+142.1333	+42.3633	 61	2.250	-2.384	 1800	 1	3
 1287	+141.8167	+42.4439	 43	2.428	-2.959	 1727	 1	3
 1288	+141.5333	+42.5532	 52	2.655	-3.892	 2531	-1	3
 1289	+141.2667	+42.4325	 66	2.635	-2.886	 2498	 1	3
 1290	+141.0167	+42.2725	 71	2.268	-3.125	 2084	 1	3
 1291	+140.7833	+42.4361	 53	2.592	-2.030	 2134	 1	3
 1292	+140.4944	+42.5333	 55	2.716	-2.644	 2190	 1	3
 1293	+140.4111	+42.2833	 50	2.711	-1.807	 1631	 1	3
 1294	+140.6667	+42.1431	 67	2.262	-1.941	 1462	 1	3
 1295	+140.9218	+42.0000	 50	2.856	-2.887	 1540	 1	3
 1296	+141.1663	+41.8333	-135	134.896	134.896	    0	 0	1
 1297	+141.0000	+41.6847	 62	2.133	-1.936	 1481	 1	3
 1298	+140.6667	+41.7205	 64	2.364	-2.444	 1643	 1	3
 1299	+140.4545	+41.5333	 96	1.723	-1.824	 2043	-1	3
 1300	+140.2167	+41.3802	 65	1.299	-1.064	 2002	-1	3
 1301	+139.9810	+41.5333	105	0.123	-0.101	 2388	-1	3
 1302	+140.0816	+41.8333	 60	0.111	-0.099	 2636	-1	3
 1303	+140.0043	+42.1000	 88	0.123	-0.085	 2482	-1	3
 1304	+139.7674	+42.2667	 60	0.071	-0.063	 1484	-1	3
 1305	+139.8167	+42.5784	-57	56.914	56.914	    0	 0	1
 1306	+140.0500	+42.7193	 23	0.064	-0.062	 1135	 1	3
 1307	+140.2833	+42.8317	 40	0.128	-0.143	 1818	-1	3
 1308	+140.4738	+43.0333	 52	0.071	-0.094	 2227	 1	3
 1309	+140.3163	+43.2667	 98	0.055	-0.049	 1473	 1	3
 1310	+140.5500	+43.3635	 76	0.051	-0.064	  292	-1	3
 1311	+140.8000	+43.2484	 51	0.115	-0.104	 3048	 1	2
 1312	+141.0833	+43.3611	 47	0.139	-0.108	 2190	-1	3
 1313	+141.2500	+43.5542	 44	0.111	-0.140	 1991	-1	3
 1314	+141.3833	+43.8282	 58	0.069	-0.073	 1698	-1	3
 1315	+141.5500	+44.0222	 49	0.128	-0.141	 2977	-1	2
 1316	+141.5611	+44.3167	 48	0.084	-0.159	 3242	 1	3
 1317	+141.6611	+44.5833	 53	0.146	-0.197	 2590	-1	2
 1318	+141.6500	+44.8667	 40	0.212	-0.204	 3063	-1	2
 1319	+141.5067	+45.1333	 51	0.263	-0.192	 2830	-1	2
 1320	+141.5643	+45.3833	 46	0.196	-0.234	 2197	-1	3
 1321	+124.3167	+24.6174	 46	0.105	-0.090	 2180	-1	3
 1322	+124.3595	+24.5833	 36	0.186	-0.146	 2085	-1	3
 1323	+124.3306	+24.5333	 66	0.346	-0.258	 2055	-1	3
 1324	+124.3069	+24.4667	 54	0.380	-0.325	 2266	-1	3
 1325	+124.2914	+24.4000	 91	0.244	-0.247	 2143	-1	3
 1326	+124.2667	+24.3412	129	0.139	-0.144	 2141	 1	3
 1327	+124.2147	+24.3167	 28	0.181	-0.149	 2098	-1	3
 1328	+124.1681	+24.2667	 73	0.121	-0.120	 2189	 1	3
 1329	+124.1167	+24.2481	  6	0.128	-0.143	 2203	 1	3
 1330	+124.0667	+24.2673	 69	0.133	-0.161	 2226	 1	3
 1331	+124.0333	+24.2175	 11	0.124	-0.144	 2192	 1	3
 1332	+123.9913	+24.2333	119	0.138	-0.160	 1739	 1	3
 1333	+123.9500	+24.2149	140	0.146	-0.174	 1720	 1	3
 1334	+123.8921	+24.2333	119	0.150	-0.202	 2257	-1	3
 1335	+123.8333	+24.2333	 66	0.225	-0.238	 2145	 1	3
 1336	+123.7833	+24.2508	 80	0.235	-0.270	 2189	 1	3
 1337	+123.7000	+24.2637	157	0.150	-0.197	 1668	-1	3
 1338	+123.6614	+24.3000	140	0.130	-0.130	 1294	 1	3
 1339	+123.6955	+24.3500	 55	0.129	-0.124	  798	 1	3
 1340	+123.7333	+24.3894	 51	0.163	-0.135	 1154	 1	3
 1341	+123.7667	+24.4432	 58	0.111	-0.104	  986	 1	3
 1342	+123.8167	+24.4778	 63	0.108	-0.092	 2058	 1	3
 1343	+123.8667	+24.4388	 22	0.152	-0.162	 2295	 1	3
 1344	+123.9104	+24.4000	 -1	1.186	1.186	    0	 0	1
 1345	+123.9667	+24.3819	 77	0.137	-0.114	 2055	 1	3
 1346	+124.0500	+24.3700	 29	0.182	-0.143	 2196	 1	3
 1347	+124.0885	+24.3833	 49	0.221	-0.149	 2121	 1	3
 1348	+124.0667	+24.4322	 70	0.114	-0.102	 2102	 1	3
 1349	+124.1000	+24.4693	 12	0.154	-0.132	 1919	 1	3
 1350	+124.1667	+24.4893	 75	0.183	-0.147	 1878	 1	3
 1351	+124.2167	+24.4946	 -5	4.749	4.749	    0	 0	1
 1352	+124.2667	+24.5311	  4	0.208	-0.179	 1788	 1	3
 1353	+140.8833	+41.5543	 79	1.863	-1.691	 1631	 1	3
 1354	+141.2500	+41.4051	 34	2.392	-2.892	 1446	 1	3
 1355	+141.5000	+41.3896	 61	3.276	-3.651	  893	 1	3
 1356	+141.4167	+41.0111	 88	5.428	-4.074	 2118	-1	3
 1357	+141.5667	+40.6375	 50	8.153	-5.729	 2768	-1	3
 1358	+141.8333	+40.3879	 55	7.510	-4.272	 2268	-1	3
 1359	+141.9618	+40.0000	 32	8.821	-6.309	 3146	 1	3
 1360	+142.0532	+39.6167	106	6.513	-3.411	  978	 1	3
 1361	+141.9705	+39.2833	 85	6.619	-5.802	 1192	 1	3
 1362	+141.7861	+38.9833	 90	6.223	-5.152	 1401	 1	3
 1363	+141.5833	+38.6667	 61	7.960	-7.366	 3340	 1	3
 1364	+141.5667	+38.3319	 46	7.296	-7.145	 2025	-1	3
 1365	+141.3222	+38.1000	 55	3.814	-3.725	 1934	-1	3
 1366	+141.2250	+37.6833	 52	4.510	-3.076	 1297	 1	3
 1367	+141.1317	+37.2667	 59	6.057	-3.476	 1065	 1	3
 1368	+140.9833	+36.8900	 49	5.991	-3.016	  734	 1	3
 1369	+140.7833	+36.5833	 50	6.085	-3.506	 1754	-1	3
 1370	+140.7833	+36.1667	 45	5.733	-3.070	 1706	 1	3
 1371	+140.9333	+35.8153	 43	4.636	-2.514	  888	 1	3
 1372	+140.8111	+35.5000	 54	2.591	-2.450	 1491	 1	3
 1373	+140.5833	+35.2145	 39	3.284	-2.572	 1109	 1	3
 1374	+140.2000	+35.0798	 86	2.231	-1.440	  619	 1	3
 1375	+139.9667	+34.8972	 80	1.561	-0.943	  918	-1	3
 1376	+139.8020	+34.9833	 88	1.501	-1.425	 1268	 1	3
 1377	+139.6907	+35.1667	 27	1.088	-1.230	 1468	-1	3
 1378	+139.4500	+35.2845	 49	1.442	-1.083	 2189	-1	3
 1379	+139.1500	+35.1418	 92	1.168	-0.753	 1106	-1	3
 1380	+139.0943	+34.8500	-17	16.625	16.625	    0	 0	1
 1381	+138.9000	+34.5653	 95	0.747	-0.682	 1260	-1	3
 1382	+138.7451	+34.8167	216	0.715	-0.544	 1084	 1	3
 1383	+138.8167	+35.1041	 84	1.239	-0.701	 1994	 1	3
 1384	+138.5229	+34.9833	 15	0.876	-0.518	 2021	 1	3
 1385	+138.2833	+34.7062	 27	0.911	-0.903	 1709	 1	3
 1386	+138.1000	+34.5791	 46	0.871	-0.700	 2092	 1	3
 1387	+137.6733	+34.6333	 59	0.759	-0.740	 2197	 1	3
 1388	+137.3167	+34.5333	 58	0.663	-0.577	 1305	 1	3
 1389	+137.0000	+34.3303	 69	0.500	-0.693	 1466	 1	3
 1390	+136.6667	+34.2500	 54	1.039	-1.067	 2137	-1	3
 1391	+136.3370	+34.1167	 40	1.141	-1.370	 1787	 1	3
 1392	+136.1350	+33.8333	 75	0.817	-0.700	 1372	 1	3
 1393	+135.9479	+33.5500	 15	1.009	-1.034	  832	 1	3
 1394	+135.6167	+33.4863	 37	0.960	-0.947	  907	 1	3
 1395	+135.3046	+33.7000	 61	0.518	-0.546	 1159	 1	3
 1396	+135.0303	+33.9333	 50	0.456	-0.430	 1897	 1	3
 1397	+134.9750	+34.2500	 47	0.441	-0.262	 1782	-1	3
 1398	+134.7833	+33.9417	 47	0.425	-0.381	 1657	-1	3
 1399	+134.6483	+33.7500	 52	1.003	-1.126	 1841	-1	3
 1400	+134.3569	+33.5500	 69	0.916	-0.822	 1616	 1	3
 1401	+134.1667	+33.2274	 68	0.681	-0.406	  993	 1	3
 1402	+133.8667	+33.4370	 65	0.609	-0.959	 2133	 1	3
 1403	+133.4500	+33.3806	 37	0.893	-0.805	 2343	-1	3
 1404	+133.2000	+33.1072	 76	0.856	-0.788	 1825	-1	3
 1405	+133.0157	+32.8167	 46	0.815	-0.604	 1537	 1	3
 1406	+132.7167	+32.7588	 71	0.573	-0.611	 1361	 1	3
 1407	+132.5462	+32.7667	137	0.364	-0.334	 1881	 1	3
 1408	+132.4333	+32.9157	110	0.356	-0.414	 2441	 1	3
 1409	+132.3000	+33.0903	 85	0.292	-0.266	 2013	 1	3
 1410	+132.4000	+33.2794	 70	0.383	-0.508	 2954	 1	3
 1411	+132.1333	+33.3190	 61	0.302	-0.341	 1729	 1	3
 1412	+132.1833	+33.4725	 65	0.132	-0.095	 1623	 1	3
 1413	+132.4167	+33.6958	 43	0.210	-0.200	  955	 1	2
 1414	+132.5542	+33.8833	 53	0.244	-0.278	 2306	-1	3
 1415	+132.4273	+33.8000	 61	0.204	-0.222	 2152	-1	3
 1416	+132.1500	+33.6894	 55	0.134	-0.156	 1004	 1	3
 1417	+131.9167	+33.7500	 46	0.129	-0.107	 1087	 1	3
 1418	+131.8333	+33.4667	 50	0.275	-0.231	 1365	-1	3
 1419	+131.9333	+33.2563	102	0.268	-0.250	  776	-1	3
 1420	+131.9988	+33.1500	 59	0.263	-0.232	 1204	 1	3
 1421	+132.0333	+32.8560	 77	0.473	-0.458	 1901	-1	3
 1422	+131.8095	+32.6000	 42	0.517	-0.571	 2168	 1	3
 1423	+131.6606	+32.2333	 56	0.412	-0.396	 1338	 1	3
 1424	+131.6167	+31.8722	 61	0.398	-0.399	 1289	 1	3
 1425	+131.4532	+31.5333	 84	0.497	-0.515	 2163	 1	3
 1426	+131.2006	+31.4167	 44	0.624	-0.694	 1540	-1	3
 1427	+131.0119	+31.1500	 49	0.714	-0.734	 1454	 1	3
 1428	+130.6667	+30.9741	107	0.216	-0.288	 1699	 1	3
 1429	+130.7775	+31.3333	 75	0.233	-0.194	 2141	 1	3
 1430	+130.5667	+31.4630	 48	0.192	-0.174	 2088	 1	3
 1431	+130.6500	+31.1701	 97	0.232	-0.236	 2332	-1	3
 1432	+130.2667	+31.2404	109	0.233	-0.315	 1556	 1	3
 1433	+130.1833	+31.4889	 57	0.161	-0.164	 1279	 1	3
 1434	+130.0778	+31.8167	 50	0.187	-0.168	 1661	 1	3
 1435	+130.0583	+32.1333	 58	0.214	-0.152	 2548	 1	3
 1436	+129.9758	+32.4167	 70	0.125	-0.125	 1184	 1	3
 1437	+130.0833	+32.6423	 29	0.190	-0.222	 1829	-1	3
 1438	+129.8000	+32.5398	 76	0.117	-0.148	 2231	 1	3
 1439	+129.7000	+32.8000	 67	0.163	-0.181	 2239	 1	3
 1440	+129.5167	+32.9850	 52	0.169	-0.189	 3622	-1	3
 1441	+129.2167	+32.8750	 51	0.135	-0.129	 1954	 1	3
 1442	+128.9500	+32.7212	 84	0.131	-0.116	 1972	 1	3
 1443	+128.7667	+32.5579	 81	0.107	-0.089	 1571	-1	3
 1444	+128.6323	+32.8000	 46	0.059	-0.058	 1122	 1	3
 1445	+128.9076	+32.9000	 63	0.062	-0.078	 2257	 1	3
 1446	+129.0000	+33.1439	 38	0.061	-0.086	 1290	 1	3
 1447	+129.0667	+33.2819	 55	0.062	-0.061	 2539	 1	3
 1448	+129.1833	+33.0500	 46	0.124	-0.184	 2054	-1	3
 1449	+129.3667	+33.1513	 43	0.190	-0.198	 2055	-1	3
 1450	+129.3817	+33.3500	 70	0.095	-0.066	 2122	-1	3
 1451	+129.5167	+33.5175	 55	0.076	-0.068	 1572	 1	2
 1452	+129.7333	+33.5951	 59	0.063	-0.051	 2118	 1	2
 1453	+129.8167	+33.7167	 42	0.084	-0.068	 2407	-1	3
 1454	+129.6500	+33.8714	 39	0.069	-0.060	 2771	 1	3
 1455	+129.9796	+33.8667	 58	0.090	-0.072	 3858	 1	2
 1456	+130.1500	+33.8000	 39	0.121	-0.082	 3547	 1	2
 1457	+130.5000	+33.9447	 58	0.098	-0.081	 2879	 1	3
 1458	+130.7667	+34.1273	 57	0.066	-0.065	 4042	-1	2
 1459	+130.9077	+34.4000	 50	0.094	-0.086	 2886	 1	2
 1460	+131.2500	+34.5167	 76	0.147	-0.154	 2077	-1	3
 1461	+131.5370	+34.6000	 57	0.187	-0.131	 2219	-1	3
 1462	+131.8667	+34.7907	 54	0.146	-0.133	 2415	-1	3
 1463	+132.1723	+35.0000	 27	0.116	-0.113	 2542	-1	3
 1464	+132.4622	+35.2333	 31	0.079	-0.071	 1795	 1	2
 1465	+132.7078	+35.4667	 21	0.069	-0.086	 2782	-1	3
 1466	+133.0714	+35.6167	 64	0.111	-0.071	 2969	-1	3
 1467	+133.3833	+35.5958	 43	0.121	-0.088	 1511	 1	2
 1468	+133.8667	+35.5514	 47	0.125	-0.067	 4125	-1	3
 1469	+134.2875	+35.6167	 67	0.065	-0.045	 2763	-1	3
 1470	+134.7405	+35.6833	 77	0.080	-0.045	 4110	-1	3
 1471	+135.1333	+35.7725	  9	0.061	-0.050	 2505	-1	3
 1472	+135.3167	+35.5741	 39	0.114	-0.109	 4556	-1	3
 1473	+135.6667	+35.5707	 39	0.065	-0.122	 4440	-1	3
 1474	+135.9500	+35.7415	 70	0.082	-0.074	 2182	 1	2
 1475	+136.0000	+36.0452	 65	0.067	-0.026	 2977	 1	3
 1476	+136.2333	+36.3302	 40	0.079	-0.063	 2444	 1	3
 1477	+136.5000	+36.5833	 45	0.087	-0.088	 3612	-1	3
 1478	+136.6667	+36.9167	 52	0.079	-0.085	 1590	 1	2
 1479	+136.7000	+37.2719	 44	0.089	-0.067	 2441	-1	3
 1480	+137.0167	+37.4495	 32	0.135	-0.177	 3911	-1	3
 1481	+137.3844	+37.5333	 72	0.099	-0.096	 1863	-1	3
 1482	+137.1667	+37.2774	 24	0.182	-0.154	 1815	-1	3
 1483	+137.0582	+36.9333	122	0.190	-0.156	 6570	-1	2
 1484	+137.3167	+36.7669	 18	0.190	-0.158	 1796	-1	3
 1485	+137.6167	+36.9845	 32	0.164	-0.139	 1796	-1	3
 1486	+138.0000	+37.1283	 51	0.139	-0.122	 1837	-1	3
 1487	+138.3500	+37.2917	 51	0.139	-0.139	 1938	-1	3
 1488	+138.6280	+37.5333	 32	0.097	-0.116	 2070	-1	3
 1489	+138.8333	+37.8333	 19	0.110	-0.125	 2759	-1	3
 1490	+139.1708	+38.0167	 45	0.251	-0.281	 1421	-1	3
 1491	+139.3889	+38.3167	 40	0.199	-0.210	 1619	-1	3
 1492	+139.5731	+38.6500	 61	0.131	-0.121	 2047	-1	3
 1493	+139.7556	+38.9833	 51	0.145	-0.161	 4019	-1	3
 1494	+139.9373	+39.3167	 37	0.142	-0.160	 1968	 1	3
 1495	+139.9167	+39.7500	 42	0.203	-0.142	 4169	-1	3
 1496	+139.6810	+40.0167	 96	0.063	-0.077	 1920	-1	3
 1497	+139.9361	+40.2667	 49	0.240	-0.213	 3187	-1	3
 1498	+139.8667	+40.6283	 38	0.105	-0.098	 1727	-1	3
 1499	+140.1741	+40.8000	 40	0.548	-0.654	 2474	-1	3
 1500	+140.2833	+41.1769	 66	0.950	-0.831	 1807	-1	3
 1501	+140.5833	+41.2318	-36	35.580	35.580	    0	 0	1
 1502	+140.8000	+40.9500	 50	1.355	-1.743	 1699	-1	3
 1503	+140.8056	+41.1000	 62	0.965	-1.295	 4740	-1	3
 1504	+129.7167	+28.5566	 91	0.396	-0.252	 1290	 1	3
 1505	+129.7298	+28.5167	 59	0.617	-0.458	 1238	 1	3
 1506	+129.7500	+28.4906	 43	0.497	-0.520	 1136	 1	3
 1507	+129.7737	+28.4667	 41	0.476	-0.595	  888	 1	3
 1508	+129.7565	+28.4333	 66	0.615	-0.531	 1012	 1	3
 1509	+129.7389	+28.4000	 66	0.692	-0.524	 1219	 1	3
 1510	+129.7000	+28.3837	 39	0.709	-0.620	 1739	 1	3
 1511	+129.6667	+28.3667	 88	0.748	-0.688	 2208	 1	3
 1512	+129.6333	+28.3604	 61	0.871	-0.869	 1650	 1	3
 1513	+129.6043	+28.3333	 41	0.842	-0.696	 1754	 1	3
 1514	+129.5929	+28.3000	 92	0.661	-0.461	 1776	 1	3
 1515	+129.5500	+28.2896	 58	0.768	-0.525	 1095	 1	3
 1516	+129.5078	+28.2833	-89	88.622	88.622	    0	 0	1
 1517	+129.4833	+28.2630	-11	11.247	11.247	    0	 0	1
 1518	+129.4839	+28.2333	 99	0.640	-0.446	 1541	 1	3
 1519	+129.4818	+28.2000	 55	0.662	-0.389	 1192	 1	3
 1520	+129.4455	+28.1833	-83	82.622	82.622	    0	 0	1
 1521	+129.4167	+28.1604	117	0.646	-0.446	  881	 1	3
 1522	+129.3911	+28.1333	 82	0.686	-0.383	 1158	 1	3
 1523	+129.3824	+28.1000	 55	0.711	-0.353	 1117	 1	3
 1524	+129.3524	+28.0667	122	0.553	-0.332	 1169	 1	3
 1525	+129.3333	+28.0449	 34	0.652	-0.348	 1452	 1	3
 1526	+129.3020	+28.0167	 36	0.631	-0.376	 1482	 1	3
 1527	+129.2833	+27.9990	 65	0.523	-0.321	 1695	 1	3
 1528	+129.2390	+28.0000	 97	0.506	-0.302	 1391	 1	3
 1529	+129.2000	+28.0092	 40	0.514	-0.664	 1802	 1	3
 1530	+129.1667	+27.9981	102	0.445	-0.314	 1763	 1	3
 1531	+129.1385	+28.0167	 74	0.309	-0.226	 1229	 1	3
 1532	+129.1466	+28.0667	 77	0.225	-0.225	 1163	 1	3
 1533	+129.1807	+28.0833	106	0.315	-0.322	 1226	 1	3
 1534	+129.2055	+28.1000	102	0.367	-0.433	 2110	 1	3
 1535	+129.1667	+28.1051	106	0.315	-0.322	 1226	 1	3
 1536	+129.1458	+28.1333	139	0.233	-0.222	 1364	 1	3
 1537	+129.1726	+28.1500	152	0.313	-0.205	 1357	 1	3
 1538	+129.1612	+28.1833	 79	0.332	-0.195	 1075	 1	3
 1539	+129.1398	+28.2167	133	0.276	-0.159	 1068	 1	3
 1540	+129.1329	+28.2500	120	0.238	-0.132	 1072	 1	3
 1541	+129.1500	+28.2706	-96	96.060	96.060	    0	 0	1
 1542	+129.1783	+28.3000	120	0.186	-0.134	  937	 1	3
 1543	+129.2167	+28.3097	116	0.198	-0.137	 1169	 1	3
 1544	+129.2500	+28.3218	  0	0.231	-0.228	 1435	 1	3
 1545	+129.2833	+28.3382	  0	0.231	-0.228	 1435	 1	3
 1546	+129.3167	+28.3584	-13	13.309	13.309	    0	 0	1
 1547	+129.3500	+28.3762	172	0.213	-0.132	 1154	 1	3
 1548	+129.3833	+28.3846	142	0.245	-0.162	 1163	 1	3
 1549	+129.4333	+28.3932	 35	0.348	-0.289	 1215	 1	3
 1550	+129.4500	+28.4214	 98	0.275	-0.193	 1163	 1	3
 1551	+129.5000	+28.4295	 50	0.353	-0.278	 1184	 1	3
 1552	+129.5167	+28.4515	 42	0.313	-0.247	 1335	 1	3
 1553	+129.5500	+28.4733	-31	30.559	30.559	    0	 0	1
 1554	+129.5900	+28.4833	 53	0.386	-0.325	 1507	 1	3
 1555	+129.6333	+28.4885	 46	0.471	-0.393	 1631	 1	3
 1556	+129.6504	+28.5167	 37	0.401	-0.264	 1214	 1	3
 1557	+129.6833	+28.5404	 37	0.401	-0.264	 1214	 1	3
 1558	+130.0167	+28.3857	112	0.332	-0.207	 1139	 1	3
 1559	+130.0384	+28.3667	 -6	5.746	5.746	    0	 0	1
 1560	+130.0167	+28.3337	119	0.414	-0.367	  971	 1	3
 1561	+130.0036	+28.3000	 60	0.457	-0.512	  978	 1	3
 1562	+129.9833	+28.2830	-64	63.871	63.871	    0	 0	1
 1563	+129.9500	+28.2636	133	0.458	-0.383	 1042	 1	3
 1564	+129.9167	+28.2778	 -4	4.121	4.121	    0	 0	1
 1565	+129.9081	+28.3167	107	0.425	-0.285	 1027	 1	3
 1566	+129.9333	+28.3373	  8	0.420	-0.349	 1155	 1	3
 1567	+129.9690	+28.3500	105	0.358	-0.202	 1203	 1	3
 1568	+138.5370	+46.6500	 84	0.049	-0.071	 4990	 1	3
 1569	+138.3000	+46.3667	 87	0.060	-0.075	 3022	 1	3
 1570	+138.0625	+46.0667	 54	0.095	-0.102	 2378	-1	3
 1571	+137.7958	+45.8000	 66	0.063	-0.059	  469	 1	3
 1572	+137.4625	+45.6000	 64	0.069	-0.062	 2246	-1	3
 1573	+137.1833	+45.3333	 47	0.120	-0.102	 3048	-1	3
 1574	+136.8583	+45.1667	 57	0.129	-0.095	 2699	-1	3
 1575	+136.5833	+44.9000	 36	0.091	-0.093	 2489	-1	3
 1576	+136.3167	+44.6667	 63	0.097	-0.110	 2325	-1	3
 1577	+136.0333	+44.4184	 49	0.098	-0.116	 3611	-1	3
 1578	+135.7444	+44.1833	 50	0.105	-0.077	 2302	-1	3
 1579	+135.5457	+43.8500	 40	0.071	-0.064	 2228	-1	3
 1580	+135.2667	+43.6333	 50	0.097	-0.087	 2418	-1	3
 1581	+135.0315	+43.4333	 53	0.102	-0.092	 2444	-1	3
 1582	+134.7500	+43.2676	 74	0.103	-0.086	 1795	-1	3
 1583	+134.4143	+43.1167	 63	0.101	-0.120	 3060	-1	3
 1584	+134.0500	+42.9381	156	0.100	-0.077	 3086	-1	3
 1585	+133.6833	+42.8013	 45	0.078	-0.098	 1529	-1	3
 1586	+133.2833	+42.7156	 44	0.074	-0.058	 1080	-1	3
 1587	+132.9167	+42.7042	 57	0.066	-0.067	 2159	-1	3
 1588	+132.6056	+42.8000	 56	0.061	-0.056	 1575	 1	3
 1589	+132.3167	+42.7083	 75	0.043	-0.025	 2681	-1	3
 1590	+132.1500	+42.9333	 53	0.078	-0.081	 1889	 1	2
 1591	+131.8333	+42.8667	 53	0.054	-0.056	 1623	 1	3
 1592	+131.5833	+42.8007	 48	0.056	-0.064	 4703	-1	3
 1593	+131.4333	+42.5500	 55	0.043	-0.038	 5077	-1	3
 1594	+131.0735	+42.3833	 97	0.040	-0.037	 1417	 1	3
 1595	+130.6833	+42.2720	 78	0.038	-0.033	 1795	 1	3
 1596	+130.3333	+42.1552	 51	0.074	-0.037	 1741	 1	3
 1597	+130.0117	+41.9500	  0	0.097	-0.051	 2894	-1	3
 1598	+129.7561	+41.6667	 72	0.064	-0.045	 1571	 1	3
 1599	+129.8114	+41.3833	 -6	5.761	5.761	    0	 0	1
 1600	+129.7585	+40.9667	 26	0.033	-0.031	 1582	 1	3
 1601	+129.5000	+40.7529	 62	0.042	-0.034	 1816	-1	3
 1602	+129.2080	+40.6167	  5	0.051	-0.034	 2362	-1	3
 1603	+128.9167	+40.3800	 46	0.060	-0.032	 2663	-1	3
 1604	+128.6167	+40.1383	105	0.056	-0.030	 3060	 1	3
 1605	+128.2833	+39.9333	 85	0.061	-0.060	 4440	-1	3
 1606	+127.9333	+39.7500	 49	0.123	-0.088	 1439	-1	2
 1607	+127.8333	+39.4333	 25	0.073	-0.068	 2021	-1	3
 1608	+128.0000	+39.0750	 37	0.096	-0.067	 3487	-1	3
 1609	+128.2233	+38.8000	 44	0.057	-0.049	 1925	 1	3
 1610	+128.4667	+38.5077	 28	0.040	-0.037	 1421	-1	3
 1611	+128.6500	+38.1542	 69	0.043	-0.034	 1222	 1	3
 1612	+128.9000	+37.8825	 59	0.038	-0.037	 2167	 1	3
 1613	+129.1478	+37.5833	 34	0.042	-0.036	 3131	-1	3
 1614	+129.3657	+37.2667	 48	0.057	-0.058	 3075	-1	3
 1615	+129.4500	+36.8587	-40	39.820	39.820	    0	 0	1
 1616	+129.4684	+36.5167	 48	0.068	-0.055	 3340	-1	3
 1617	+129.5148	+36.1500	 45	0.066	-0.073	 2276	 1	2
 1618	+129.5427	+35.7833	 42	0.052	-0.068	 1676	 1	2
 1619	+129.4000	+35.3854	 38	0.080	-0.078	 2444	-1	2
 1620	+129.1833	+35.0821	 46	0.046	-0.060	 1942	 1	3
 1621	+128.9806	+34.8500	 85	0.049	-0.044	 1617	 1	2
 1622	+128.7833	+34.8000	 58	0.050	-0.055	 2249	 1	3
 1623	+128.7167	+34.4750	 86	0.043	-0.060	 3030	 1	3
 1624	+128.5333	+34.5217	 56	0.046	-0.064	 5141	-1	3
 1625	+128.1167	+34.4033	 53	0.045	-0.063	 1560	 1	2
 1626	+127.8000	+34.2000	 55	0.041	-0.030	 1259	 1	2
 1627	+125.2500	+25.0747	 14	0.187	-0.140	 2070	-1	3
 1628	+125.3500	+24.9872	 15	0.247	-0.188	 2286	-1	3
 1629	+125.3547	+24.9167	 27	0.299	-0.252	 2364	-1	3
 1630	+125.4167	+24.8214	 30	0.264	-0.237	 1845	-1	3
 1631	+125.4962	+24.7167	 33	0.210	-0.199	 1406	-1	3
 1632	+125.3500	+24.7061	330	0.186	-0.158	 1941	-1	3
 1633	+125.1990	+24.6833	 29	0.257	-0.196	 1351	-1	3
 1634	+125.1611	+24.7167	 29	0.183	-0.228	 2063	-1	3
 1635	+125.1314	+24.8333	 35	0.176	-0.116	 1673	 1	3
 1636	+125.2234	+24.9167	 17	0.234	-0.197	 1969	-1	3
 1637	+128.2500	+26.8692	-90	89.872	89.872	    0	 0	1
 1638	+128.3073	+26.8500	 40	0.282	-0.203	  818	 1	3
 1639	+128.3400	+26.8000	 -3	2.685	2.685	    0	 0	1
 1640	+128.3337	+26.7167	 37	0.573	-0.374	 1065	 1	3
 1641	+128.2996	+26.6833	  7	0.639	-0.593	 1193	 1	3
 1642	+128.2542	+26.6333	 96	0.428	-0.257	  896	 1	3
 1643	+128.2167	+26.5973	108	0.364	-0.268	 1182	 1	3
 1644	+128.1757	+26.5500	 54	0.477	-0.382	 1226	 1	3
 1645	+128.1170	+26.5167	 75	0.391	-0.394	 1785	 1	3
 1646	+128.0667	+26.4933	 60	0.403	-0.430	 1785	 1	3
 1647	+128.0246	+26.4500	 30	0.374	-0.342	 1935	 1	3
 1648	+128.0333	+26.3965	 63	0.332	-0.308	 2163	 1	3
 1649	+128.0329	+26.3167	 38	0.325	-0.315	 1724	 1	3
 1650	+128.0167	+26.2818	 65	0.303	-0.267	 1905	 1	3
 1651	+127.9711	+26.2333	 60	0.295	-0.267	 1215	 1	3
 1652	+127.9667	+26.1979	 27	0.299	-0.291	 1035	 1	3
 1653	+127.9333	+26.1465	 41	0.282	-0.239	 1241	 1	3
 1654	+127.8759	+26.1167	 42	0.270	-0.191	 1026	 1	3
 1655	+127.8079	+26.1000	177	0.255	-0.147	 1115	 1	3
 1656	+127.7383	+26.0833	-15	15.060	15.060	    0	 0	1
 1657	+127.6833	+26.0538	101	0.228	-0.141	 1057	 1	3
 1658	+127.6333	+26.0526	 61	0.213	-0.161	 1102	 1	3
 1659	+127.6119	+26.1167	 56	0.231	-0.253	 2415	 1	3
 1660	+127.5907	+26.1833	 45	0.249	-0.294	 2043	-1	3
 1661	+127.5667	+26.2083	 52	0.219	-0.219	 1259	 1	3
 1662	+127.5000	+26.2333	 45	0.273	-0.301	 2121	 1	3
 1663	+127.5000	+26.2167	 45	0.273	-0.301	 2121	 1	3
 1664	+127.4500	+26.1798	 51	0.245	-0.206	 1454	 1	3
 1665	+127.4148	+26.2167	 61	0.252	-0.257	 1710	 1	3
 1666	+127.4500	+26.2589	 53	0.160	-0.157	 1629	 1	3
 1667	+127.5167	+26.2693	 19	0.181	-0.250	 1533	-1	3
 1668	+127.6000	+26.2783	 87	0.125	-0.228	 1530	 1	3
 1669	+127.6375	+26.2500	 56	0.242	-0.294	 2077	-1	3
 1670	+127.6889	+26.2833	 44	0.244	-0.334	 1845	 1	3
 1671	+127.7268	+26.3333	 42	0.274	-0.364	 1630	-1	3
 1672	+127.7056	+26.4000	 47	0.173	-0.220	 2093	 1	3
 1673	+127.7500	+26.4368	-59	58.747	58.747	    0	 0	1
 1674	+127.8137	+26.4667	 46	0.140	-0.133	  458	 1	3
 1675	+127.8500	+26.5141	178	0.169	-0.145	 2053	 1	3
 1676	+127.9167	+26.5322	-19	18.560	18.560	    0	 0	1
 1677	+127.9382	+26.5833	 54	0.172	-0.207	 1870	-1	3
 1678	+127.8833	+26.6137	 54	0.184	-0.195	 1703	 1	3
 1679	+127.8423	+26.6500	 31	0.236	-0.191	 2085	 1	3
 1680	+127.8000	+26.6928	 52	0.228	-0.246	 1638	 1	3
 1681	+127.7448	+26.7167	210	0.131	-0.142	 1945	 1	3
 1682	+127.8000	+26.7372	-55	54.560	54.560	    0	 0	1
 1683	+127.8500	+26.7034	 32	0.242	-0.253	 2013	 1	3
 1684	+127.8833	+26.7168	110	0.219	-0.179	 2114	 1	3
 1685	+127.9500	+26.7109	 76	0.278	-0.223	 2156	-1	3
 1686	+128.0167	+26.7272	 23	0.311	-0.281	 2036	 1	3
 1687	+128.0833	+26.7433	 53	0.237	-0.204	 1207	 1	3
 1688	+128.1333	+26.7697	 20	0.317	-0.254	 1563	 1	3
 1689	+128.2000	+26.7887	 58	0.320	-0.224	 1868	 1	3
 1690	+128.6833	+27.4350	 19	0.219	-0.155	  930	 1	3
 1691	+128.7189	+27.4167	105	0.301	-0.151	  945	 1	3
 1692	+128.6833	+27.3936	-14	13.997	13.997	    0	 0	1
 1693	+128.6500	+27.3649	144	0.385	-0.206	  986	 1	3
 1694	+128.6053	+27.3333	 88	0.383	-0.210	  997	 1	3
 1695	+128.5500	+27.3215	 -8	7.685	7.685	    0	 0	1
 1696	+128.5167	+27.3662	-13	13.497	13.497	    0	 0	1
 1697	+128.5322	+27.4000	  9	0.210	-0.133	 1241	 1	3
 1698	+128.5600	+27.4000	-72	72.435	72.435	    0	 0	1
 1699	+128.6167	+27.4051	-81	81.310	81.310	    0	 0	1
 1700	+121.8651	+24.4833	 28	0.130	-0.143	 2287	 1	3
 1701	+121.8216	+24.4500	-44	44.374	44.374	    0	 0	1
 1702	+121.8000	+24.4000	-73	72.562	72.562	    0	 0	1
 1703	+121.7833	+24.3667	-836	835.562	835.562	    0	 0	1
 1704	+121.7674	+24.3000	 47	0.109	-0.114	 2257	 1	3
 1705	+121.7436	+24.2667	-459	458.999	458.999	    0	 0	1
 1706	+121.7103	+24.2333	-339	339.312	339.312	    0	 0	1
 1707	+121.6722	+24.2000	-578	577.624	577.624	    0	 0	1
 1708	+121.6577	+24.1500	-14	14.499	14.499	    0	 0	1
 1709	+121.6333	+24.1113	-217	217.437	217.437	    0	 0	1
 1710	+121.6145	+24.0667	-237	237.124	237.124	    0	 0	1
 1711	+121.6383	+24.0333	 -5	4.562	4.562	    0	 0	1
 1712	+121.6477	+24.0000	-28	28.187	28.187	    0	 0	1
 1713	+121.6167	+23.9504	 62	0.118	-0.132	 1571	 1	3
 1714	+121.6076	+23.9000	-214	213.749	213.749	    0	 0	1
 1715	+121.6000	+23.8465	-140	139.812	139.812	    0	 0	1
 1716	+121.5788	+23.8000	-91	90.999	90.999	    0	 0	1
 1717	+121.5667	+23.7367	-26	26.374	26.374	    0	 0	1
 1718	+121.5579	+23.6833	 20	0.120	-0.108	 2190	 1	3
 1719	+121.5500	+23.6290	 42	0.116	-0.109	 1575	 1	3
 1720	+121.5346	+23.5667	 -1	0.812	0.812	    0	 0	1
 1721	+121.5333	+25.3214	 51	0.118	-0.110	 2114	 1	3
 1722	+121.6464	+25.2667	-148	148.374	148.374	    0	 0	1
 1723	+121.7302	+25.1833	 46	0.192	-0.171	 1830	 1	2
 1724	+121.8500	+25.1478	 73	0.151	-0.123	 2055	 1	3
 1725	+121.9333	+25.0967	 21	0.171	-0.217	 2231	 1	3
 1726	+121.9659	+24.9667	 48	0.181	-0.164	 2099	 1	3
 1727	+121.8833	+24.8800	-15	14.937	14.937	    0	 0	1
 1728	+121.8438	+24.7500	  4	0.243	-0.357	 2104	-1	3
 1729	+121.9167	+24.6758	 65	0.134	-0.150	 1455	-1	3
 1730	+121.9045	+24.5833	 28	0.184	-0.154	  986	-1	3
 1731	+120.5500	+24.5171	 52	0.050	-0.015	 2355	 1	2
 1732	+120.6333	+24.6000	 45	0.052	-0.023	 2756	 1	2
 1733	+120.7167	+24.6930	 51	0.063	-0.056	 2205	 1	2
 1734	+120.8000	+24.7782	 48	0.059	-0.047	 2819	 1	2
 1735	+120.8684	+24.8667	 42	0.068	-0.045	 2204	 1	2
 1736	+120.9410	+24.9667	 49	0.065	-0.043	 2092	 1	2
 1737	+121.0000	+25.0788	 80	0.073	-0.051	 1793	 1	2
 1738	+121.1167	+25.1289	 40	0.099	-0.062	 2182	 1	2
 1739	+121.2490	+25.1667	 30	0.106	-0.068	 2025	 1	2
 1740	+121.3667	+25.2095	 47	0.100	-0.071	 2550	 1	3
 1741	+121.5076	+23.4833	-356	356.124	356.124	    0	 0	1
 1742	+121.4381	+23.2833	-77	77.249	77.249	    0	 0	1
 1743	+121.4036	+23.0833	 24	0.158	-0.161	 1481	-1	3
 1744	+121.3167	+22.9360	 88	0.160	-0.176	 2085	-1	3
 1745	+121.2000	+22.7988	 11	0.215	-0.184	 2056	-1	3
 1746	+121.0500	+22.6728	338	0.227	-0.241	 2100	-1	3
 1747	+120.9667	+22.4998	  7	0.187	-0.230	 2121	-1	3
 1748	+120.9035	+22.2833	-19	19.374	19.374	    0	 0	1
 1749	+120.8977	+22.0333	 -4	3.999	3.999	    0	 0	1
 1750	+120.8333	+21.8895	 29	0.145	-0.171	 1628	-1	3
 1751	+120.6929	+21.9833	 19	0.163	-0.206	 1335	 1	3
 1752	+120.6558	+22.1833	 41	0.132	-0.170	 2096	-1	3
 1753	+120.5167	+22.2829	 41	0.131	-0.129	 2047	-1	3
 1754	+120.3833	+22.3167	 -3	2.687	2.687	    0	 0	1
 1755	+120.4333	+22.3861	 33	0.085	-0.091	 1001	 1	3
 1756	+120.2970	+22.4500	 42	0.094	-0.109	 1230	 1	3
 1757	+120.2000	+22.6187	 58	0.072	-0.057	 1238	 1	3
 1758	+120.1132	+22.8000	 64	0.071	-0.054	 1312	 1	3
 1759	+120.0389	+22.9667	 63	0.074	-0.048	 1259	 1	3
 1760	+119.9794	+23.1667	 54	0.059	-0.040	 2163	 1	3
 1761	+119.9708	+23.5167	 48	0.045	-0.041	 2895	 1	3
 1762	+119.9833	+23.6444	 59	0.036	-0.031	  555	 1	2
 1763	+119.9705	+23.7500	 51	0.032	-0.028	  577	 1	2
 1764	+119.9611	+23.8667	 43	0.027	-0.017	  644	 1	2
 1765	+120.0073	+23.9500	 36	0.025	-0.009	  831	 1	3
 1766	+119.9167	+23.9951	 44	0.024	-0.010	 1409	 1	2
 1767	+119.8000	+24.0160	 20	0.032	-0.009	 1256	 1	2
 1768	+119.7000	+24.0381	 38	0.028	-0.008	 2992	 1	3
 1769	+119.5938	+24.0667	 33	0.030	-0.010	 2928	 1	3
 1770	+119.5500	+24.1604	 21	0.030	-0.006	 2460	 1	2
 1771	+119.5042	+24.2500	 30	0.035	-0.007	 2406	 1	2
 1772	+119.5687	+24.3167	 37	0.047	-0.009	 2902	 1	2
 1773	+119.6833	+24.3030	 25	0.054	-0.019	 3698	-1	2
 1774	+119.7667	+24.2556	 25	0.055	-0.022	 2534	 1	2
 1775	+119.8656	+24.2667	 30	0.055	-0.025	 4646	 1	2
 1776	+119.9667	+24.3000	 40	0.051	-0.032	 6930	 1	2
 1777	+120.0833	+24.3125	 45	0.051	-0.032	 3540	 1	2
 1778	+120.2000	+24.2856	 48	0.057	-0.024	14122	 1	2
 1779	+120.2833	+24.2485	 54	0.061	-0.023	 2025	 1	2
 1780	+120.3645	+24.3000	 45	0.061	-0.018	 2691	 1	2
 1781	+120.4127	+24.3833	 50	0.050	-0.012	 2883	 1	2
 1782	+124.7333	+24.8058	 55	0.193	-0.204	 1065	 1	3
 1783	+124.7842	+24.8000	 32	0.222	-0.149	  982	 1	3
 1784	+124.7500	+24.7794	  9	0.286	-0.235	 1099	 1	3
 1785	+124.7465	+24.7500	 38	0.199	-0.231	 1271	 1	3
 1786	+124.7500	+24.6889	 59	0.150	-0.176	 1578	 1	3
 1787	+124.7579	+24.6333	 68	0.157	-0.233	 1057	 1	3
 1788	+124.7167	+24.6079	 88	0.218	-0.160	  895	-1	3
 1789	+124.6765	+24.6333	173	0.219	-0.161	 2155	-1	3
 1790	+124.6673	+24.6667	 29	0.207	-0.171	 1637	-1	3
 1791	+124.6756	+24.7333	 77	0.149	-0.165	 1256	-1	3
 1792	+124.6667	+24.7685	 65	0.145	-0.157	 1237	 1	3
 1793	+128.9833	+27.9256	151	0.215	-0.141	 1609	 1	3
 1794	+129.0000	+27.9136	 94	0.310	-0.185	 1195	 1	3
 1795	+128.9942	+27.8667	 40	0.591	-0.600	 1379	 1	3
 1796	+129.0045	+27.8333	 17	0.797	-0.928	 1653	 1	3
 1797	+129.0333	+27.8000	  5	0.691	-0.598	 1515	 1	3
 1798	+129.0500	+27.7811	 56	0.485	-0.330	 1503	 1	3
 1799	+129.0500	+27.7474	 28	0.562	-0.289	 1589	 1	3
 1800	+129.0357	+27.7000	 65	0.545	-0.271	 1361	 1	3
 1801	+129.0167	+27.6821	 65	0.545	-0.271	 1361	 1	3
 1802	+129.0000	+27.6495	 38	0.514	-0.330	  831	 1	3
 1803	+128.9589	+27.6500	 30	0.458	-0.436	 1031	 1	3
 1804	+128.9242	+27.6667	136	0.335	-0.159	  711	 1	3
 1805	+128.9010	+27.7000	284	0.277	-0.127	  836	 1	3
 1806	+128.8825	+27.7167	458	0.232	-0.125	 1072	 1	3
 1807	+128.8921	+27.7500	 47	0.305	-0.158	 1256	 1	3
 1808	+128.8857	+27.8000	-28	28.497	28.497	    0	 0	1
 1809	+128.8790	+27.8333	439	0.237	-0.143	 1305	 1	3
 1810	+128.8852	+27.8667	  2	0.298	-0.156	 1200	 1	3
 1811	+128.9167	+27.8967	 -9	8.747	8.747	    0	 0	1
 1812	+128.9500	+27.9011	 -9	8.747	8.747	    0	 0	1
 1813	+122.8500	+29.9833	 48	0.229	-0.167	 2204	 1	3
 1814	+122.8667	+29.5000	 55	0.227	-0.141	 2295	 1	3
 1815	+122.6000	+29.2000	 46	0.219	-0.184	 2055	 1	3
 1816	+122.3667	+28.8667	 38	0.241	-0.203	 2178	 1	3
 1817	+122.2333	+28.4333	 46	0.178	-0.133	 3075	 1	3
 1818	+122.0833	+28.0167	 57	0.162	-0.118	 2231	 1	3
 1819	+121.8000	+27.7333	 47	0.139	-0.158	 2065	-1	3
 1820	+121.5667	+27.4000	 50	0.134	-0.147	 1823	 1	2
 1821	+121.2667	+27.1167	 47	0.112	-0.141	 2291	 1	3
 1822	+120.9833	+26.8500	 49	0.119	-0.105	 1972	 1	2
 1823	+120.7833	+26.5000	 60	0.098	-0.079	 2077	 1	3
 1824	+120.4500	+26.2667	 46	0.086	-0.104	 2070	 1	2
 1825	+120.5667	+26.0000	 65	0.087	-0.060	 2077	 1	2
 1826	+120.3333	+26.1500	 45	0.090	-0.100	 2179	 1	2
 1827	+120.2667	+25.8000	 50	0.081	-0.051	 2102	 1	2
 1828	+120.2000	+25.3667	 51	0.064	-0.047	 2286	 1	2
 1829	+119.8611	+25.2333	 55	0.071	-0.033	 4305	-1	2
 1830	+128.4333	+27.0683	-10	10.060	10.060	    0	 0	1
 1831	+128.4500	+27.0594	-10	10.060	10.060	    0	 0	1
 1832	+128.4731	+27.0500	 28	0.293	-0.152	  756	 1	3
 1833	+128.4833	+27.0293	 -1	0.622	0.622	    0	 0	1
 1834	+128.4838	+27.0000	282	0.260	-0.165	 1274	 1	3
 1835	+128.4667	+26.9995	330	0.247	-0.168	 1101	 1	3
 1836	+128.4500	+27.0110	-10	10.497	10.497	    0	 0	1
 1837	+128.4272	+27.0167	-10	10.497	10.497	    0	 0	1
 1838	+128.4000	+27.0307	328	0.195	-0.129	  914	 1	3
 1839	+128.3995	+27.0500	134	0.197	-0.125	  997	 1	3
 1840	+138.6333	+46.8625	 84	0.071	-0.066	 2125	-1	3
 1841	+138.7333	+46.9972	 57	0.083	-0.076	 2070	-1	3
 1842	+138.8667	+47.0973	 42	0.075	-0.071	  828	-1	3
 1843	+138.9941	+47.2000	 51	0.068	-0.057	  843	-1	3
 1844	+139.1000	+47.3200	 67	0.048	-0.050	  989	 1	3
 1845	+139.2026	+47.4333	 87	0.056	-0.057	 1766	 1	3
 1846	+139.3000	+47.5857	 53	0.065	-0.069	 1785	-1	3
 1847	+139.4056	+47.7000	 61	0.067	-0.074	 1807	-1	3
 1848	+139.5417	+47.8000	 53	0.070	-0.079	 2107	 1	2
 1849	+139.6800	+47.9000	 54	0.086	-0.084	 1866	 1	2
 1850	+139.8167	+48.0000	 70	0.077	-0.065	 1436	-1	2
 1851	+139.9389	+48.1000	 82	0.069	-0.062	 2100	-1	2
 1852	+140.0778	+48.2000	 56	0.067	-0.053	 1956	-1	2
 1853	+140.2333	+48.2667	 80	0.051	-0.042	 1893	 1	2
 1854	+140.3667	+48.3857	 69	0.045	-0.031	 2066	 1	2
 1855	+140.4267	+48.5667	 85	0.045	-0.031	 1718	 1	2
 1856	+140.4810	+48.7333	 85	0.042	-0.028	 1761	 1	2
 1857	+140.5667	+48.9000	 84	0.043	-0.028	 2602	 1	2
 1858	+140.6333	+49.0667	 64	0.046	-0.029	 2344	 1	2
 1859	+140.5375	+49.1667	 39	0.048	-0.030	 2404	 1	2
 1860	+140.6333	+49.3286	 55	0.048	-0.029	 1860	 1	2
 1861	+140.6852	+49.5000	 76	0.046	-0.025	 5408	 1	2
 1862	+140.6667	+49.7111	 74	0.052	-0.029	 3198	 1	2
 1863	+140.6833	+49.9000	 69	0.049	-0.030	 7124	 1	2
 1864	+140.8381	+49.9667	 69	0.046	-0.023	 7350	-1	2
 1865	+140.9061	+50.1333	 76	0.045	-0.020	 4930	 1	2
 1866	+140.7667	+50.1625	 71	0.047	-0.020	 7176	-1	2
 1867	+140.7429	+50.3000	 65	0.050	-0.021	 7394	-1	2
 1868	+140.7000	+50.4667	 62	0.054	-0.023	 7305	 1	2
 1869	+140.7000	+50.6667	 58	0.062	-0.039	12726	 1	2
 1870	+140.7667	+50.8333	 64	0.067	-0.047	12862	 1	2
 1871	+140.8667	+50.9667	 63	0.069	-0.045	 8610	 1	2
 1872	+140.8667	+51.1333	 52	0.076	-0.035	 8340	 1	2
 1873	+140.9889	+51.2667	 48	0.081	-0.021	 8415	 1	2
 1874	+141.0606	+51.4333	 35	0.090	-0.035	 8717	 1	2
 1875	+141.2000	+51.4000	 39	0.087	-0.031	 9037	 1	2
 1876	+141.3667	+51.4556	 34	0.091	-0.041	 4732	 1	2
 1877	+141.5000	+51.5375	 26	0.097	-0.055	 4822	 1	2
 1878	+141.5944	+51.4000	 34	0.086	-0.040	 5088	 1	2
 1879	+141.7333	+51.3067	 40	0.079	-0.031	 8235	 1	2
 1880	+141.9000	+51.2417	 35	0.077	-0.024	 6202	 1	2
 1881	+142.0389	+51.1667	 38	0.074	-0.017	 6472	 1	2
 1882	+141.9800	+51.0000	 57	0.065	-0.023	 3663	 1	2
 1883	+141.9333	+50.8000	 67	0.056	-0.016	 3783	 1	2
 1884	+141.9507	+50.5667	 46	0.050	-0.016	 3292	 1	2
 1885	+142.0303	+50.4000	 55	0.048	-0.019	 7706	-1	2
 1886	+142.0797	+50.2333	 84	0.047	-0.024	 4386	-1	2
 1887	+142.0719	+50.0000	 86	0.044	-0.027	 3179	-1	2
 1888	+142.0759	+49.8333	 73	0.043	-0.026	 3138	-1	2
 1889	+142.0790	+49.6000	 47	0.044	-0.025	 5313	-1	2
 1890	+142.0333	+49.4250	 39	0.045	-0.030	 3487	-1	2
 1891	+141.9583	+49.2667	 62	0.046	-0.033	 3922	 1	2
 1892	+141.9154	+49.0667	 72	0.047	-0.033	 4121	 1	2
 1893	+141.8333	+48.9167	 64	0.045	-0.035	 2977	 1	2
 1894	+141.7385	+48.7667	 80	0.048	-0.039	 2631	 1	2
 1895	+141.7148	+48.5667	 96	0.046	-0.045	 1954	 1	2
 1896	+141.7333	+48.3500	 56	0.052	-0.056	 5095	-1	2
 1897	+141.7259	+48.1667	 59	0.057	-0.056	 3653	-1	2
 1898	+141.6949	+47.9667	 55	0.065	-0.044	 1687	 1	2
 1899	+141.7667	+47.8111	 48	0.071	-0.042	 1788	 1	2
 1900	+141.8357	+47.6667	 26	0.053	-0.049	 2014	-1	2
 1901	+141.8690	+47.4667	 42	0.048	-0.045	 2092	-1	2
 1902	+141.9333	+47.2733	118	0.040	-0.042	 1893	-1	2
 1903	+141.9533	+47.0667	 97	0.061	-0.054	 3326	-1	3
 1904	+141.8952	+46.9000	 76	0.067	-0.064	 2692	 1	3
 1905	+141.8067	+46.7333	 71	0.057	-0.061	 2688	 1	3
 1906	+141.7458	+46.5667	 82	0.075	-0.055	 3149	-1	3
 1907	+141.7667	+46.3667	 60	0.102	-0.089	 2707	 1	3
 1908	+141.8000	+46.1500	 49	0.191	-0.102	 1178	 1	2
 1909	+141.8333	+45.9500	 56	0.189	-0.134	 1729	-1	3
 1910	+141.9000	+45.8000	 55	0.209	-0.161	 1181	-1	2
 1911	+142.0000	+45.6667	 50	0.188	-0.184	 1488	 1	3
 1912	+142.2000	+45.6722	 62	0.219	-0.173	 2369	 1	3
 1913	+142.4333	+45.7000	 65	0.253	-0.150	 1898	 1	3
 1914	+142.3333	+45.8533	 51	0.159	-0.184	 1507	 1	2
 1915	+142.3778	+46.0333	 53	0.193	-0.217	 3060	 1	3
 1916	+142.4667	+46.2083	 46	0.212	-0.221	 2564	-1	3
 1917	+142.6333	+46.3222	 50	0.222	-0.305	 2325	 1	3
 1918	+142.8333	+46.3833	 56	0.197	-0.274	 2385	-1	3
 1919	+143.0000	+46.4667	 52	0.212	-0.279	 1896	 1	2
 1920	+143.1889	+46.4000	 54	0.258	-0.295	 2865	 1	3
 1921	+143.2667	+46.2333	 72	0.235	-0.198	 3160	 1	3
 1922	+143.3489	+46.0333	 56	0.171	-0.175	 2793	-1	3
 1923	+143.4741	+45.9333	 79	0.100	-0.128	 1736	 1	3
 1924	+143.5097	+46.1000	 59	0.118	-0.151	 2343	-1	3
 1925	+143.6012	+46.2667	 57	0.167	-0.144	 2396	-1	3
 1926	+143.6333	+46.4667	 62	0.148	-0.100	 1660	 1	3
 1927	+143.5778	+46.7000	 79	0.136	-0.156	 1752	-1	3
 1928	+143.4825	+46.8667	 21	0.125	-0.152	 1695	 1	3
 1929	+143.2815	+46.9333	 55	0.171	-0.187	 2422	-1	3
 1930	+143.1462	+47.0667	 42	0.160	-0.178	 3183	 1	3
 1931	+143.0917	+47.2667	 56	0.121	-0.149	 2121	 1	3
 1932	+142.9667	+47.4111	 46	0.106	-0.151	 2347	 1	3
 1933	+142.8454	+47.5667	 44	0.128	-0.186	 5494	-1	3
 1934	+142.7400	+47.7333	 61	0.144	-0.174	  678	 1	2
 1935	+142.6667	+47.9111	 53	0.164	-0.186	  765	 1	2
 1936	+142.7032	+48.1000	 50	0.168	-0.168	  949	 1	2
 1937	+142.7778	+48.3000	 48	0.182	-0.147	 3352	 1	3
 1938	+142.8667	+48.4848	 46	0.192	-0.152	 2654	 1	3
 1939	+142.9650	+48.6667	 38	0.219	-0.154	 1373	-1	3
 1940	+143.1000	+48.7903	 34	0.232	-0.226	 1976	 1	3
 1941	+143.3667	+48.7667	 48	0.145	-0.228	 2812	 1	3
 1942	+143.5667	+48.7244	 40	0.158	-0.266	 2208	-1	3
 1943	+143.7778	+48.7667	 40	0.150	-0.235	 2317	 1	3
 1944	+143.8933	+48.9333	 44	0.148	-0.209	 4548	 1	3
 1945	+144.0667	+49.0074	 49	0.147	-0.213	 3232	 1	3
 1946	+144.2333	+48.9273	 50	0.143	-0.157	 3315	 1	3
 1947	+144.4000	+48.8167	 55	0.126	-0.169	 3704	 1	3
 1948	+144.4444	+48.6667	 60	0.123	-0.142	 2400	 1	3
 1949	+144.4949	+48.4333	 54	0.183	-0.138	 2212	-1	3
 1950	+144.6231	+48.3000	 54	0.174	-0.232	 1693	 1	3
 1951	+144.8000	+48.2719	 46	0.228	-0.177	 1930	 1	3
 1952	+144.8701	+48.4667	 49	0.155	-0.212	 1972	 1	3
 1953	+144.8333	+48.6810	 65	0.175	-0.302	 2391	-1	3
 1954	+144.7372	+48.8667	 32	0.182	-0.248	 1824	 1	3
 1955	+144.6000	+48.9895	 34	0.188	-0.240	 2449	 1	3
 1956	+144.4810	+49.1333	 39	0.233	-0.343	 2988	-1	3
 1957	+144.4000	+49.3000	 46	0.274	-0.296	 3405	-1	3
 1958	+144.3333	+49.5333	 98	0.212	-0.251	 2148	-1	3
 1959	+144.2333	+49.6867	 67	0.297	-0.258	 2663	-1	3
 1960	+144.1667	+49.8833	 68	0.216	-0.231	 1530	 1	3
 1961	+144.0967	+50.0667	 70	0.211	-0.188	 1462	 1	3
 1962	+144.0119	+50.2667	 63	0.184	-0.218	 2231	 1	3
 1963	+143.9359	+50.4667	 71	0.207	-0.284	 1342	-1	3
 1964	+143.8833	+50.6667	 71	0.210	-0.245	 2151	-1	3
 1965	+143.8417	+50.9000	 73	0.185	-0.202	 3149	 1	3
 1966	+143.8190	+51.1333	 82	0.221	-0.210	 1889	 1	3
 1967	+143.7810	+51.3667	 77	0.174	-0.264	 2047	 1	3
 1968	+143.7611	+51.6000	 59	0.153	-0.179	 2382	 1	3
 1969	+143.7000	+51.8083	 49	0.130	-0.140	 2613	 1	3
 1970	+143.7000	+51.9222	 50	0.127	-0.112	 2546	 1	3
 1971	+143.7667	+52.1000	 70	0.123	-0.119	 2415	 1	3
 1972	+143.8333	+52.3333	 49	0.151	-0.132	 4023	 1	3
 1973	+143.7810	+52.5667	 33	0.155	-0.182	 2235	 1	3
 1974	+143.7000	+52.7333	 43	0.126	-0.186	 2062	 1	3
 1975	+143.5667	+52.8833	 32	0.126	-0.178	 2148	 1	3
 1976	+143.6143	+53.0667	 42	0.113	-0.122	 2118	 1	3
 1977	+143.5667	+53.2667	 56	0.101	-0.075	 1917	 1	3
 1978	+143.4733	+53.4667	 64	0.098	-0.102	 2005	 1	3
 1979	+143.3667	+53.5667	 46	0.106	-0.120	 1139	 1	2
 1980	+143.3667	+53.7333	 72	0.146	-0.158	 1507	 1	2
 1981	+143.2667	+53.9333	 75	0.123	-0.109	 1732	 1	2
 1982	+143.1667	+54.0667	 71	0.129	-0.117	  453	-1	3
 1983	+143.0905	+54.2667	 78	0.123	-0.087	 1987	 1	3
 1984	+143.0083	+54.4667	 98	0.098	-0.109	 3442	 1	3
 1985	+142.9000	+54.6133	 93	0.082	-0.061	 1409	 1	3
 1986	+142.6333	+54.6083	 65	0.084	-0.066	 1445	 1	3
 1987	+142.4000	+54.6000	 78	0.075	-0.066	 2766	 1	3
 1988	+142.1333	+54.5778	 51	0.073	-0.068	 1758	 1	2
 1989	+141.9000	+54.5333	 51	0.068	-0.058	 1901	 1	2
 1990	+141.7167	+54.4667	 46	0.068	-0.057	 1428	-1	3
 1991	+141.8000	+54.3000	 52	0.056	-0.034	 2462	 1	2
 1992	+141.6000	+54.3333	 41	0.064	-0.058	 1885	 1	2
 1993	+141.3667	+54.3500	 55	0.067	-0.064	 2080	 1	2
 1994	+141.1000	+54.3400	 38	0.064	-0.042	 1859	 1	2
 1995	+140.8667	+54.3333	 48	0.065	-0.024	 2309	 1	2
 1996	+140.6333	+54.3417	 52	0.055	-0.022	 2043	-1	2
 1997	+140.4000	+54.3778	 66	0.051	-0.022	 1207	 1	2
 1998	+140.1667	+54.4333	 73	0.054	-0.016	 2504	 1	3
 1999	+139.9833	+54.5000	 77	0.051	-0.015	 2407	 1	2
 2000	+139.7333	+54.5133	 68	0.051	-0.012	 2167	 1	2
 2001	+139.5333	+54.4583	 58	0.049	-0.012	  622	 1	3
 2002	+139.3667	+54.3667	 45	0.060	-0.013	 2168	 1	2
 2003	+139.1778	+54.3667	 45	0.059	-0.015	 2910	 1	2
 2004	+139.0667	+54.5000	 55	0.048	-0.013	 2189	 1	2
 2005	+138.8333	+54.5500	 57	0.044	-0.013	 2160	 1	2
 2006	+138.5667	+54.5333	 57	0.038	-0.013	 2009	-1	2
 2007	+138.4000	+54.4556	 58	0.045	-0.013	 1913	 1	2
 2008	+138.4667	+54.6333	 55	0.043	-0.013	 2018	 1	2
 2009	+138.5167	+54.8333	 55	0.035	-0.013	 2189	 1	2
 2010	+138.6667	+54.9556	 69	0.043	-0.012	 2207	 1	2
 2011	+138.5833	+55.1000	 71	0.046	-0.015	 1890	 1	3
 2012	+138.4000	+55.1872	 67	0.054	-0.024	 2186	 1	2
 2013	+138.2333	+55.3000	 72	0.059	-0.016	 2249	 1	2
 2014	+138.0000	+55.3292	 67	0.069	-0.020	 2043	 1	2
 2015	+137.8000	+55.3333	 60	0.065	-0.020	 1908	 1	2
 2016	+137.5667	+55.2980	 55	0.055	-0.014	 3959	 1	2
 2017	+137.3667	+55.2933	 51	0.052	-0.014	 2732	 1	2
 2018	+137.2000	+55.3917	 54	0.048	-0.015	 2035	 1	2
 2019	+137.0333	+55.4333	 57	0.049	-0.016	 1900	-1	2
 2020	+137.1467	+55.6000	 54	0.059	-0.016	 2111	 1	2
 2021	+137.3000	+55.7111	 53	0.056	-0.023	 2482	 1	2
 2022	+137.5000	+55.7778	 57	0.053	-0.029	 1822	-1	2
 2023	+137.6889	+55.8667	 65	0.050	-0.031	 1140	-1	2
 2024	+137.8556	+55.9667	 69	0.050	-0.029	 2076	-1	2
 2025	+138.0000	+56.0667	 68	0.048	-0.015	 2369	-1	2
 2026	+138.2000	+56.1583	 76	0.049	-0.015	 1522	-1	2
 2027	+138.4000	+56.2333	 78	0.051	-0.014	 2553	 1	2
 2028	+138.5667	+56.3067	 89	0.049	-0.014	 2359	 1	2
 2029	+138.6667	+56.4467	 88	0.062	-0.017	 2800	 1	2
 2030	+138.4889	+56.5333	 64	0.072	-0.020	 1675	 1	2
 2031	+138.6667	+56.6167	 78	0.073	-0.022	 2106	 1	2
 2032	+138.8000	+56.7667	 78	0.074	-0.028	 1197	 1	2
 2033	+138.9667	+56.8444	 75	0.075	-0.040	 2043	 1	2
 2034	+139.1333	+56.9333	 80	0.076	-0.046	 1937	 1	2
 2035	+139.3000	+57.0500	 76	0.081	-0.047	 1905	 1	2
 2036	+139.4667	+57.1458	 70	0.084	-0.058	 2797	 1	3
 2037	+139.6667	+57.1389	 87	0.071	-0.039	 1972	 1	2
 2038	+139.8667	+57.2000	 93	0.065	-0.042	 1991	 1	2
 2039	+140.0333	+57.3278	 86	0.071	-0.037	 2164	 1	2
 2040	+140.1750	+57.4333	 86	0.075	-0.040	 2535	 1	3
 2041	+140.3333	+57.5400	 87	0.074	-0.030	 2361	 1	3
 2042	+140.5222	+57.6333	 93	0.067	-0.016	 1957	 1	2
 2043	+140.7000	+57.7133	 94	0.067	-0.016	 2216	 1	2
 2044	+140.8222	+57.8667	 96	0.069	-0.017	 2238	 1	2
 2045	+140.9000	+58.0400	 83	0.079	-0.025	 1489	 1	2
 2046	+141.0667	+58.1571	 80	0.111	-0.041	 2999	 1	3
 2047	+141.2333	+58.2444	 76	0.125	-0.069	 2033	 1	2
 2048	+141.4222	+58.3333	 79	0.104	-0.047	 2055	 1	2
 2049	+141.6333	+58.3857	 80	0.089	-0.035	  780	 1	3
 2050	+141.8333	+58.4556	 86	0.085	-0.041	 2144	 1	2
 2051	+142.0000	+58.5417	 86	0.082	-0.044	 1125	 1	3
 2052	+142.1667	+58.6444	 72	0.086	-0.055	 1837	 1	3
 2053	+142.3000	+58.7778	 68	0.094	-0.056	 2018	 1	2
 2054	+142.4556	+58.9000	 70	0.096	-0.069	 1575	 1	3
 2055	+142.6333	+58.9867	 62	0.105	-0.099	 2449	 1	2
 2056	+142.8333	+59.0600	 54	0.101	-0.079	 2918	 1	2
 2057	+143.0333	+59.1111	 42	0.102	-0.062	 2103	 1	2
 2058	+143.2333	+59.0533	 58	0.115	-0.069	 2115	 1	2
 2059	+143.4667	+59.0857	 59	0.108	-0.054	 2215	 1	2
 2060	+143.6667	+59.1389	 62	0.098	-0.061	 2175	 1	2
 2061	+143.9000	+59.2000	 63	0.087	-0.060	 1998	 1	2
 2062	+144.1000	+59.1714	 65	0.074	-0.052	 1549	 1	2
 2063	+144.3333	+59.1429	 60	0.079	-0.065	 2753	 1	3
 2064	+144.5667	+59.1750	 54	0.088	-0.066	 2587	 1	3
 2065	+144.8000	+59.2121	 37	0.124	-0.071	 2894	 1	3
 2066	+145.0333	+59.2439	 34	0.137	-0.087	 2924	 1	3
 2067	+145.3000	+59.2593	 63	0.117	-0.100	 2880	 1	3
 2068	+145.5333	+59.2917	 63	0.125	-0.064	 2684	 1	3
 2069	+145.5667	+59.2167	 77	0.127	-0.083	 1492	 1	3
 2070	+145.6000	+59.0905	 94	0.084	-0.042	 2130	 1	2
 2071	+145.8333	+59.0417	105	0.086	-0.046	 1739	 1	3
 2072	+146.0667	+59.0683	 95	0.122	-0.067	 2680	-1	3
 2073	+146.3000	+59.1133	 86	0.132	-0.105	  776	-1	3
 2074	+146.5333	+59.1576	 84	0.145	-0.127	 1934	 1	3
 2075	+146.6733	+59.2667	 74	0.146	-0.091	 2633	 1	3
 2076	+146.9000	+59.2542	 76	0.157	-0.143	 2646	 1	3
 2077	+147.1222	+59.2000	 83	0.133	-0.068	 2092	 1	2
 2078	+147.2889	+59.1000	 94	0.134	-0.062	 1942	 1	2
 2079	+147.5000	+59.0600	 98	0.118	-0.047	 2183	 1	2
 2080	+147.7333	+59.0875	 89	0.113	-0.058	  366	 1	3
 2081	+147.9333	+59.1333	 85	0.131	-0.106	 2474	 1	2
 2082	+148.1333	+59.1500	 77	0.171	-0.104	 1526	-1	3
 2083	+148.3333	+59.2067	 69	0.166	-0.148	 1634	 1	2
 2084	+148.5000	+59.1139	 79	0.151	-0.100	 2909	 1	3
 2085	+148.7333	+59.0778	 83	0.143	-0.112	  697	 1	3
 2086	+148.9667	+59.0492	 91	0.173	-0.134	 1421	 1	3
 2087	+149.1762	+59.1000	 92	0.203	-0.126	 3158	-1	3
 2088	+149.3111	+59.2333	 61	0.256	-0.141	 4548	 1	3
 2089	+149.4000	+59.3444	 48	0.206	-0.117	 4143	-1	3
 2090	+149.6000	+59.4111	 44	0.346	-0.245	 2452	 1	3
 2091	+149.7667	+59.5333	 38	0.265	-0.154	 1855	 1	3
 2092	+149.8867	+59.5667	 35	0.300	-0.239	 2782	 1	3
 2093	+150.0667	+59.4667	 53	0.192	-0.201	 2519	-1	3
 2094	+150.2500	+59.4000	 64	0.169	-0.221	 2797	-1	3
 2095	+150.5000	+59.3667	 66	0.190	-0.208	 1868	 1	2
 2096	+150.7333	+59.3600	 63	0.210	-0.218	 2231	 1	2
 2097	+150.9333	+59.3667	 52	0.184	-0.193	 3171	 1	3
 2098	+151.1333	+59.2778	 51	0.164	-0.109	 1484	 1	3
 2099	+151.2000	+59.1800	 52	0.182	-0.094	 1469	 1	3
 2100	+151.0667	+59.0733	 61	0.293	-0.225	 1923	-1	3
 2101	+151.2000	+58.9538	 42	0.262	-0.387	 1604	-1	3
 2102	+151.3271	+58.8000	 79	0.207	-0.248	  753	-1	3
 2103	+151.5667	+58.7702	 94	0.160	-0.242	 2114	 1	2
 2104	+151.8333	+58.7889	 89	0.229	-0.176	 4705	-1	3
 2105	+152.0333	+58.8370	 66	0.241	-0.166	 4987	-1	3
 2106	+152.2333	+58.7944	 89	0.149	-0.168	 4615	 1	3
 2107	+152.4667	+58.8333	 90	0.171	-0.146	 4534	 1	3
 2108	+152.6667	+58.8200	 95	0.170	-0.137	 5047	 1	3
 2109	+152.8333	+58.8500	 84	0.145	-0.153	 1826	 1	3
 2110	+153.0667	+58.8111	 98	0.096	-0.138	 1822	 1	2
 2111	+153.2667	+58.8889	 87	0.086	-0.121	 1710	 1	2
 2112	+153.4333	+58.9917	 74	0.116	-0.182	 1668	-1	3
 2113	+153.6667	+59.0333	 63	0.116	-0.166	 1694	-1	3
 2114	+153.8667	+59.0056	 77	0.121	-0.133	 1698	 1	3
 2115	+154.0333	+58.9167	 89	0.094	-0.092	 1841	 1	2
 2116	+154.2667	+58.8800	100	0.064	-0.092	 4043	 1	3
 2117	+154.5000	+58.9333	 85	0.068	-0.080	 2035	 1	3
 2118	+154.7000	+59.0000	 71	0.097	-0.101	 4473	 1	3
 2119	+154.9000	+59.0600	 64	0.101	-0.088	 2497	 1	3
 2120	+155.1000	+59.1133	 56	0.130	-0.087	 4350	 1	3
 2121	+155.3333	+59.1410	 72	0.091	-0.062	 3277	 1	2
 2122	+155.5333	+59.1507	 65	0.077	-0.055	 1766	 1	3
 2123	+155.7667	+59.1939	 87	0.067	-0.042	 1743	-1	3
 2124	+155.8583	+59.3667	 84	0.063	-0.041	 2099	 1	2
 2125	+155.9500	+59.5333	 95	0.059	-0.028	 4065	 1	2
 2126	+155.7667	+59.5667	 91	0.060	-0.028	 3244	 1	2
 2127	+155.5667	+59.4733	 77	0.065	-0.034	 2340	 1	2
 2128	+155.4167	+59.5333	 71	0.064	-0.034	 2403	 1	2
 2129	+155.2667	+59.6333	 67	0.076	-0.031	 2163	 1	2
 2130	+155.0333	+59.7000	 64	0.072	-0.012	 4053	 1	2
 2131	+154.8000	+59.7167	 41	0.068	-0.012	 2533	 1	2
 2132	+154.8667	+59.8333	 51	0.060	-0.012	 2111	 1	2
 2133	+154.9667	+59.9833	 53	0.055	-0.013	 2302	 1	2
 2134	+155.1333	+60.1000	 61	0.058	-0.013	 1777	 1	2
 2135	+155.3333	+60.1667	 67	0.054	-0.013	 2685	 1	2
 2136	+155.5000	+60.2333	 70	0.056	-0.013	 2565	 1	2
 2137	+155.7000	+60.3000	 72	0.056	-0.013	 3316	 1	2
 2138	+155.9000	+60.3000	 84	0.053	-0.012	 2504	 1	2
 2139	+156.1000	+60.3778	 90	0.053	-0.012	 2298	 1	2
 2140	+156.3000	+60.4556	 98	0.051	-0.012	 2391	 1	2
 2141	+156.4667	+60.5333	106	0.048	-0.012	 2145	 1	2
 2142	+156.6000	+60.7000	 92	0.052	-0.012	 5384	 1	2
 2143	+156.7000	+60.8333	 85	0.060	-0.012	 4154	 1	2
 2144	+156.9000	+60.9222	 80	0.059	-0.013	 1541	-1	2
 2145	+157.1000	+61.0000	 80	0.054	-0.012	 1533	-1	2
 2146	+157.1833	+61.1667	 70	0.045	-0.013	 1477	-1	2
 2147	+157.3333	+61.2889	 72	0.037	-0.013	 1450	-1	2
 2148	+157.5333	+61.3333	 72	0.037	-0.013	    0	 0	1
 2149	+157.7333	+61.4000	 71	0.036	-0.014	    0	 0	1
 2150	+157.9333	+61.4111	 71	0.036	-0.014	    0	 0	1
 2151	+158.2000	+61.4111	 71	0.037	-0.014	    0	 0	1
 2152	+158.4333	+61.4667	 68	0.036	-0.014	    0	 0	1
 2153	+158.6333	+61.5333	 62	0.033	-0.015	    0	 0	1
 2154	+158.8333	+61.5111	 56	0.032	-0.015	    0	 0	1
 2155	+159.0333	+61.5667	 53	0.029	-0.016	    0	 0	1
 2156	+159.1000	+61.4000	 56	0.032	-0.014	    0	 0	1
 2157	+159.2333	+61.2619	 55	0.033	-0.014	    0	 0	1
 2158	+159.4667	+61.2833	 51	0.022	-0.015	 1146	-1	2
 2159	+159.6667	+61.3583	 52	0.014	-0.016	    0	 0	1
 2160	+159.8333	+61.4333	 34	0.012	-0.017	    0	 0	1
 2161	+159.8333	+61.3643	 31	0.010	-0.016	 1177	-1	2
 2162	+159.6667	+61.2444	 42	0.016	-0.015	 1263	-1	2
 2163	+159.7333	+61.1000	 50	0.023	-0.015	 1301	-1	2
 2164	+159.6111	+60.9667	 53	0.041	-0.014	17575	-1	2
 2165	+159.7000	+60.7917	 49	0.047	-0.013	17009	-1	2
 2166	+159.9333	+60.7667	 42	0.044	-0.014	    0	 0	1
 2167	+160.0111	+60.7000	 46	0.046	-0.014	 1027	-1	2
 2168	+159.9200	+60.5333	 79	0.050	-0.013	    0	 0	1
 2169	+160.0667	+60.4278	 85	0.049	-0.012	    0	 0	1
 2170	+160.3000	+60.4667	 89	0.042	-0.013	 1327	-1	2
 2171	+160.5000	+60.5278	 83	0.036	-0.013	    0	 0	1
 2172	+160.7000	+60.6000	 71	0.030	-0.013	 1353	-1	2
 2173	+160.9000	+60.6533	 70	0.024	-0.013	 7320	-1	2
 2174	+161.0667	+60.7500	 66	0.019	-0.013	 7443	-1	2
 2175	+161.2333	+60.8667	 57	0.018	-0.013	 7495	-1	2
 2176	+161.4000	+60.9667	 52	0.016	-0.013	    0	 0	1
 2177	+161.5667	+61.0333	 48	0.011	-0.014	    0	 0	1
 2178	+161.7667	+61.1111	 48	0.003	-0.014	    0	 0	1
 2179	+161.8111	+60.9667	 45	0.010	-0.014	    0	 0	1
 2180	+161.8444	+60.7333	 53	0.016	-0.014	 7680	-1	2
 2181	+161.7667	+60.5556	 51	0.018	-0.014	    0	 0	1
 2182	+161.6533	+60.4000	 47	0.023	-0.014	23883	-1	2
 2183	+161.5429	+60.2333	 44	0.026	-0.014	16635	-1	2
 2184	+161.4000	+60.1273	 41	0.022	-0.014	 1511	-1	2
 2185	+161.2333	+60.0083	 58	0.029	-0.014	 1488	-1	2
 2186	+161.0889	+59.9000	 58	0.034	-0.014	 8553	-1	2
 2187	+160.9167	+59.8000	 48	0.043	-0.014	 8523	-1	2
 2188	+160.7000	+59.7333	 55	0.052	-0.013	10549	-1	2
 2189	+160.5000	+59.6917	 64	0.056	-0.013	 1714	-1	2
 2190	+160.3000	+59.6000	 70	0.063	-0.013	  726	-1	2
 2191	+160.2000	+59.4562	 48	0.067	-0.013	 9987	-1	2
 2192	+160.0000	+59.3722	 65	0.060	-0.013	  629	-1	2
 2193	+159.8333	+59.2708	 59	0.055	-0.013	 2895	 1	2
 2194	+159.7000	+59.1619	 39	0.054	-0.013	 1567	 1	2
 2195	+159.6030	+58.9667	 24	0.053	-0.015	 8752	 1	2
 2196	+159.4000	+58.9200	 36	0.048	-0.014	 3183	 1	2
 2197	+159.2000	+58.8500	 36	0.049	-0.014	 2129	 1	2
 2198	+159.0000	+58.7800	 44	0.056	-0.014	 1991	 1	2
 2199	+158.8000	+58.7083	 44	0.063	-0.014	 2200	 1	2
 2200	+158.6333	+58.6333	 58	0.061	-0.014	 2084	 1	2
 2201	+158.4833	+58.5333	 50	0.064	-0.026	 1968	 1	2
 2202	+158.2333	+58.5417	 55	0.067	-0.028	 2107	 1	2
 2203	+158.0333	+58.4833	 59	0.070	-0.033	 2872	 1	2
 2204	+157.8333	+58.4056	 42	0.083	-0.055	 2046	 1	2
 2205	+157.6667	+58.3200	 48	0.088	-0.061	 2028	 1	2
 2206	+157.5083	+58.2000	 68	0.091	-0.072	 4620	 1	3
 2207	+157.4667	+58.0000	 49	0.114	-0.129	 3872	 1	2
 2208	+157.2667	+58.0583	 67	0.084	-0.079	 3540	 1	2
 2209	+157.0667	+58.0400	 74	0.072	-0.058	 3071	 1	2
 2210	+156.9000	+57.9556	 76	0.088	-0.052	 2310	 1	2
 2211	+156.7333	+57.8583	 76	0.109	-0.065	 2758	 1	2
 2212	+156.6333	+57.6667	 44	0.108	-0.074	 2798	 1	2
 2213	+156.4667	+57.5833	 55	0.111	-0.059	 2857	 1	2
 2214	+156.3000	+57.4889	 53	0.109	-0.068	 1057	 1	3
 2215	+156.1333	+57.3778	 60	0.121	-0.087	 2807	 1	2
 2216	+155.9667	+57.2667	 74	0.116	-0.090	 2722	 1	3
 2217	+155.8667	+57.1333	 84	0.118	-0.098	 1874	 1	3
 2218	+155.7333	+57.0533	100	0.114	-0.089	 2452	 1	3
 2219	+155.5750	+56.9333	102	0.101	-0.071	 1759	 1	2
 2220	+155.4667	+56.8000	 94	0.081	-0.085	 3398	-1	3
 2221	+155.3000	+56.7381	 79	0.087	-0.093	 2254	 1	3
 2222	+155.1000	+56.7000	101	0.097	-0.093	 1646	-1	2
 2223	+154.9667	+56.5667	 97	0.126	-0.121	 1901	-1	2
 2224	+154.8667	+56.3667	 89	0.126	-0.137	 1326	-1	2
 2225	+155.0000	+56.2917	 80	0.130	-0.133	 1140	-1	2
 2226	+155.1333	+56.3000	 79	0.129	-0.128	 1574	-1	2
 2227	+155.1250	+56.0667	 69	0.105	-0.087	 2287	-1	3
 2228	+155.2167	+55.9000	 52	0.124	-0.080	 2553	 1	3
 2229	+155.3000	+55.8167	 40	0.154	-0.125	 4757	-1	3
 2230	+155.1667	+55.6733	 52	0.135	-0.134	 1215	 1	3
 2231	+155.1667	+55.4667	 49	0.113	-0.108	 2624	 1	3
 2232	+155.0333	+55.3556	 56	0.113	-0.108	 2519	 1	3
 2233	+155.0000	+55.1625	131	0.114	-0.098	 2625	 1	3
 2234	+155.1000	+55.0167	107	0.119	-0.123	 2617	 1	3
 2235	+154.8667	+55.0362	173	0.103	-0.091	 2729	 1	3
 2236	+154.8333	+54.9256	174	0.101	-0.094	 2580	 1	3
 2237	+154.9875	+54.8000	129	0.112	-0.130	 2550	 1	3
 2238	+155.1333	+54.6667	 92	0.125	-0.161	 2422	 1	3
 2239	+155.0000	+54.5692	133	0.116	-0.121	 2497	 1	3
 2240	+154.9273	+54.4000	129	0.116	-0.114	  725	-1	3
 2241	+154.9259	+54.2000	115	0.135	-0.099	 4980	-1	3
 2242	+155.1000	+54.1317	 90	0.135	-0.139	 2385	 1	3
 2243	+155.3333	+54.1567	 89	0.155	-0.150	 1645	 1	3
 2244	+155.5333	+54.2000	 39	0.176	-0.166	 1474	 1	2
 2245	+155.6000	+54.1167	 43	0.186	-0.171	 1721	 1	2
 2246	+155.5000	+53.9417	 47	0.165	-0.189	 1170	 1	2
 2247	+155.5583	+53.7667	 67	0.166	-0.222	 2474	 1	2
 2248	+155.6583	+53.6000	 50	0.176	-0.229	 2924	 1	3
 2249	+155.7000	+53.4333	 56	0.180	-0.210	 3202	-1	3
 2250	+155.6600	+53.2000	 63	0.172	-0.162	 1346	 1	2
 2251	+155.8000	+53.1000	 51	0.182	-0.172	  933	 1	3
 2252	+155.8667	+53.0500	 37	0.220	-0.230	 3638	 1	3
 2253	+155.7333	+52.9095	 46	0.249	-0.230	 3276	-1	3
 2254	+155.7333	+52.6750	 56	0.348	-0.254	 2557	-1	3
 2255	+155.9000	+52.6630	 36	0.370	-0.324	 1935	-1	3
 2256	+155.9611	+52.4333	 49	0.285	-0.186	 1852	-1	3
 2257	+155.9963	+52.2000	 60	0.213	-0.156	 1856	 1	2
 2258	+156.1778	+52.1667	 43	0.227	-0.266	 1979	 1	2
 2259	+156.3333	+52.0778	 38	0.264	-0.360	 1957	 1	2
 2260	+156.3771	+51.8667	 38	0.260	-0.290	 2580	 1	2
 2261	+156.4056	+51.6333	 32	0.272	-0.250	 2616	 1	3
 2262	+156.4545	+51.4000	 40	0.255	-0.279	 2013	 1	2
 2263	+156.5152	+51.2000	 85	0.375	-0.462	 1444	-1	3
 2264	+156.4481	+51.0667	 37	0.452	-0.414	 4312	-1	3
 2265	+156.3000	+51.0694	 73	0.268	-0.231	 4358	-1	3
 2266	+156.2667	+50.9111	 57	0.282	-0.362	 4469	-1	3
 2267	+156.1000	+50.8306	 49	0.227	-0.199	 1387	-1	3
 2268	+155.9333	+50.7309	 46	0.169	-0.176	 2483	 1	3
 2269	+155.8000	+50.6000	 51	0.321	-0.165	 1687	 1	3
 2270	+155.6842	+50.4333	 25	0.320	-0.186	  405	-1	3
 2271	+155.4859	+50.3667	-131	130.931	130.931	    0	 0	1
 2272	+155.2667	+50.3174	221	0.162	-0.152	 2437	 1	3
 2273	+155.2391	+50.2000	 61	0.261	-0.250	 2272	-1	3
 2274	+155.2000	+50.0118	 22	0.384	-0.257	 1626	-1	3
 2275	+155.3333	+49.8945	 70	0.319	-0.314	 1937	 1	3
 2276	+155.4667	+49.8998	 99	0.343	-0.391	 2145	-1	3
 2277	+155.6667	+49.9662	 72	0.611	-0.506	 1972	-1	3
 2278	+155.7333	+50.0762	 53	0.881	-0.966	 3884	-1	3
 2279	+155.9333	+50.1333	 64	0.893	-0.749	 3371	-1	3
 2280	+156.1000	+50.2583	 58	0.640	-0.605	 1881	-1	3
 2281	+156.2286	+50.4000	 50	0.548	-0.599	 3356	-1	3
 2282	+156.3963	+50.5000	 50	0.604	-0.689	 2021	-1	3
 2283	+156.5917	+50.5667	 35	0.757	-0.699	 1859	-1	3
 2284	+156.7000	+50.7133	 39	0.928	-1.074	 4019	-1	3
 2285	+156.8333	+50.8500	 37	0.928	-0.833	 4596	-1	3
 2286	+156.9667	+50.9067	 37	0.704	-0.683	 1493	-1	3
 2287	+157.1667	+50.9917	 51	0.464	-0.596	 2104	 1	3
 2288	+157.2667	+51.1519	 49	0.647	-0.577	 2580	-1	3
 2289	+157.4000	+51.2727	 44	0.537	-0.619	 2796	-1	3
 2290	+157.5603	+51.4000	 51	0.588	-0.522	 2137	-1	3
 2291	+157.7333	+51.4667	 54	0.462	-0.450	 1807	-1	3
 2292	+157.9000	+51.5894	 55	0.391	-0.463	 1830	-1	3
 2293	+158.0333	+51.7023	 63	0.375	-0.517	 1683	-1	3
 2294	+158.1729	+51.8333	 59	0.392	-0.511	 1316	 1	3
 2295	+158.3274	+51.9667	 83	0.373	-0.329	 1979	-1	3
 2296	+158.4184	+52.1333	 84	0.396	-0.565	 1226	-1	3
 2297	+158.5484	+52.2667	 21	0.490	-0.380	 1466	-1	3
 2298	+158.5791	+52.4333	 45	0.547	-0.427	 1410	-1	3
 2299	+158.5948	+52.6333	101	0.450	-0.348	 2106	-1	3
 2300	+158.6784	+52.8000	 51	0.459	-0.442	 1462	 1	3
 2301	+158.8333	+52.9114	 43	0.541	-0.392	 1515	 1	3
 2302	+159.0000	+53.0010	 51	0.386	-0.377	 1898	-1	3
 2303	+159.2333	+53.0472	 36	0.502	-0.562	 4994	-1	3
 2304	+159.4667	+53.0963	 29	0.783	-0.847	 3081	-1	3
 2305	+159.7000	+53.1300	218	0.762	-0.738	 4725	-1	3
 2306	+159.9000	+53.1058	 40	0.514	-0.511	 4768	-1	3
 2307	+160.0667	+53.0713	 81	0.216	-0.312	 1552	-1	3
 2308	+160.0821	+53.2667	 79	0.227	-0.222	 1462	-1	3
 2309	+159.9800	+53.4333	 34	0.418	-0.386	 2213	-1	3
 2310	+160.0000	+53.6426	 46	0.261	-0.260	 1545	 1	3
 2311	+159.9619	+53.8000	 78	0.414	-0.358	 2148	 1	3
 2312	+160.0667	+53.9556	 43	0.531	-0.425	 1259	 1	3
 2313	+160.2000	+54.0875	 21	0.483	-0.437	 2002	-1	3
 2314	+160.3333	+54.2137	 98	0.466	-0.364	 2221	 1	3
 2315	+160.5167	+54.3000	106	0.382	-0.330	 1376	 1	3
 2316	+160.6667	+54.4293	 22	0.422	-0.505	 1765	 1	3
 2317	+160.8667	+54.4989	 54	0.336	-0.426	 5746	-1	3
 2318	+161.1000	+54.5211	 17	0.342	-0.400	 1735	-1	3
 2319	+161.3000	+54.4502	120	0.335	-0.428	 1807	 1	3
 2320	+161.5667	+54.4634	 68	0.292	-0.228	 1672	 1	3
 2321	+161.7667	+54.5110	228	0.249	-0.240	 1241	-1	3
 2322	+161.9333	+54.6264	 54	0.253	-0.219	 1875	 1	3
 2323	+162.1000	+54.7054	  4	0.243	-0.302	 1509	 1	3
 2324	+162.2131	+54.8667	100	0.190	-0.195	 1046	 1	3
 2325	+162.1000	+55.0000	107	0.285	-0.272	 1258	 1	3
 2326	+161.9510	+55.1333	 47	0.201	-0.210	 1109	 1	3
 2327	+161.8550	+55.3000	107	0.323	-0.226	 1631	 1	3
 2328	+161.8843	+55.5333	139	0.266	-0.477	 1118	-1	3
 2329	+161.9796	+55.7000	119	0.325	-0.320	 1626	 1	3
 2330	+162.0843	+55.8667	 90	0.335	-0.354	 2592	-1	3
 2331	+162.1854	+56.0333	 40	0.481	-0.614	 3775	-1	3
 2332	+162.3564	+56.1333	 31	0.510	-0.497	 3104	-1	3
 2333	+162.5667	+56.1912	 51	0.437	-0.523	 3303	-1	3
 2334	+162.7397	+56.1000	138	0.424	-0.327	 2646	-1	3
 2335	+162.9333	+56.0017	 31	1.113	-1.158	 1546	 1	3
 2336	+163.1092	+56.0333	 53	0.519	-0.606	 1395	-1	3
 2337	+163.2731	+56.1333	  9	0.533	-0.465	 1361	-1	3
 2338	+163.3928	+56.3000	 57	0.544	-0.617	 1718	-1	3
 2339	+163.3153	+56.5000	 28	0.328	-0.437	 1597	-1	3
 2340	+163.2971	+56.7333	 92	0.218	-0.200	 1447	 1	3
 2341	+163.1000	+56.7588	 35	0.245	-0.214	 1574	-1	3
 2342	+162.9146	+56.8333	194	0.244	-0.182	 2054	-1	3
 2343	+162.9310	+57.1000	 23	0.641	-0.571	 4193	-1	3
 2344	+162.9600	+57.3333	 63	0.654	-0.652	  581	 1	3
 2345	+163.1000	+57.4356	 42	0.414	-0.481	 3285	-1	3
 2346	+163.2529	+57.5667	 17	0.327	-0.264	 4605	-1	3
 2347	+163.3979	+57.7000	 42	0.131	-0.165	 1987	 1	3
 2348	+163.3381	+57.8667	 35	0.126	-0.156	 1466	 1	3
 2349	+163.1333	+57.9214	 39	0.088	-0.118	 2062	 1	3
 2350	+163.0000	+58.0429	 45	0.083	-0.152	 1763	-1	3
 2351	+162.8333	+58.1538	100	0.079	-0.143	 2280	 1	3
 2352	+162.6222	+58.1667	 61	0.094	-0.158	 2981	-1	3
 2353	+162.4667	+58.0667	 39	0.076	-0.104	 3029	-1	3
 2354	+162.3333	+58.0333	 31	0.075	-0.093	  502	 1	2
 2355	+162.3889	+58.2333	 28	0.083	-0.101	 1726	 1	3
 2356	+162.4667	+58.4167	 43	0.092	-0.090	 2227	 1	3
 2357	+162.6000	+58.5524	 37	0.092	-0.105	 3269	 1	3
 2358	+162.7667	+58.6444	 34	0.088	-0.103	 3135	 1	3
 2359	+163.0000	+58.6852	 42	0.065	-0.107	 3135	 1	3
 2360	+163.2333	+58.7000	 53	0.055	-0.132	 1447	 1	3
 2361	+163.2333	+58.6000	 58	0.052	-0.111	 2464	 1	3
 2362	+163.2222	+58.4333	 59	0.060	-0.127	  314	-1	3
 2363	+163.3000	+58.2333	 42	0.084	-0.104	 1508	 1	3
 2364	+163.5000	+58.2333	 32	0.141	-0.118	 1605	 1	3
 2365	+163.6667	+58.3625	 61	0.120	-0.161	 1459	-1	3
 2366	+163.7667	+58.5148	 73	0.121	-0.119	  906	-1	3
 2367	+163.9333	+58.6176	132	0.120	-0.135	 1519	 1	3
 2368	+164.1333	+58.6815	 83	0.118	-0.082	 1680	 1	3
 2369	+164.3333	+58.7487	 54	0.110	-0.123	 1301	 1	3
 2370	+164.5333	+58.8190	 42	0.101	-0.124	 1304	-1	3
 2371	+164.7333	+58.8985	  4	0.232	-0.205	 1593	 1	3
 2372	+164.9000	+58.9980	 55	0.095	-0.089	 1388	 1	3
 2373	+165.0548	+59.1000	225	0.096	-0.097	 1736	 1	3
 2374	+165.1500	+59.2667	204	0.098	-0.099	 1800	 1	3
 2375	+165.2347	+59.4333	100	0.101	-0.098	 3277	 1	3
 2376	+165.0333	+59.4815	 68	0.105	-0.140	 3247	 1	3
 2377	+164.8333	+59.4333	 55	0.099	-0.173	 3307	 1	3
 2378	+164.8667	+59.5000	 58	0.105	-0.162	 3285	 1	3
 2379	+165.0333	+59.5778	 73	0.120	-0.168	 3128	 1	3
 2380	+165.2000	+59.6952	 92	0.145	-0.178	 1727	-1	3
 2381	+165.3148	+59.8333	 88	0.155	-0.264	 1910	 1	3
 2382	+165.4333	+60.0000	 68	0.295	-0.294	 1819	-1	3
 2383	+165.6333	+60.0583	 60	0.274	-0.276	 3584	-1	3
 2384	+165.8333	+60.1048	 65	0.246	-0.179	 1612	-1	2
 2385	+166.0333	+60.1722	 51	0.203	-0.207	  955	 1	3
 2386	+166.0222	+60.1000	 21	0.276	-0.204	 2186	 1	3
 2387	+165.9611	+59.9000	 38	0.220	-0.225	 1807	 1	3
 2388	+165.9333	+59.7417	 81	0.190	-0.253	 1619	 1	3
 2389	+166.1667	+59.7235	 75	0.146	-0.200	 1920	 1	3
 2390	+166.3667	+59.7889	 32	0.204	-0.225	 1481	 1	3
 2391	+166.5467	+59.8667	 74	0.199	-0.207	 1199	-1	3
 2392	+166.7333	+59.9394	 88	0.190	-0.215	 3337	-1	3
 2393	+166.9333	+60.0167	 89	0.225	-0.266	 1972	-1	3
 2394	+167.1222	+60.1000	 89	0.288	-0.313	 4203	-1	3
 2395	+167.2333	+60.2500	 63	0.330	-0.421	 4671	-1	3
 2396	+167.4667	+60.2952	102	0.281	-0.407	 1321	-1	3
 2397	+167.6667	+60.3333	 85	0.254	-0.411	 3146	-1	3
 2398	+167.9000	+60.3778	 62	0.425	-0.434	  746	-1	3
 2399	+168.1333	+60.4250	 40	0.448	-0.431	 1413	 1	2
 2400	+168.3333	+60.4250	 35	0.345	-0.383	 1871	-1	3
 2401	+168.5333	+60.3600	 60	0.347	-0.324	 3180	-1	3
 2402	+168.7667	+60.3667	 56	0.433	-0.354	 1716	-1	3
 2403	+169.0000	+60.4200	 40	0.563	-0.432	 2002	-1	3
 2404	+169.2000	+60.3467	 44	0.446	-0.536	 1260	 1	2
 2405	+169.4333	+60.3095	 38	0.594	-0.653	 1151	-1	2
 2406	+169.6333	+60.2519	 30	0.600	-0.591	 1271	 1	2
 2407	+169.7833	+60.1333	 38	0.445	-0.590	 2362	-1	3
 2408	+169.9267	+60.0000	 52	0.428	-0.475	 1522	 1	3
 2409	+170.1000	+59.9269	 39	0.329	-0.375	 1511	-1	3
 2410	+170.3333	+59.8822	 50	0.598	-0.744	 1616	-1	3
 2411	+170.5333	+59.9000	 57	0.217	-0.265	 2609	 1	3
 2412	+170.6033	+60.0667	108	0.326	-0.377	 1879	 1	3
 2413	+170.7333	+60.2231	 63	0.464	-0.380	 1512	-1	3
 2414	+170.8375	+60.3667	 57	0.428	-0.431	 2859	-1	3
 2415	+171.0333	+60.4464	 49	0.375	-0.425	 3430	-1	3
 2416	+171.2333	+60.5278	 24	0.418	-0.409	 2002	-1	3
 2417	+171.4444	+60.5667	 42	0.478	-0.415	 4380	-1	3
 2418	+171.6667	+60.6333	107	0.455	-0.404	 2025	-1	3
 2419	+171.8333	+60.7303	 16	0.834	-0.700	 3460	-1	3
 2420	+172.0333	+60.7867	 43	0.344	-0.481	 1432	 1	2
 2421	+172.2333	+60.8636	 33	0.563	-0.569	 5250	-1	3
